customer_id,avg_session_duration,avg_feature_usage,avg_engagement_rate,avg_satisfaction,avg_nps,avg_monthly_revenue,latest_monthly_revenue,active_months,first_monthly_revenue,revenue_change,revenue_trend,cluster,customer_type,plan_type,region,industry,company_size,tenure_months
CUST_00001,36.285714285714285,3.9523809523809526,0.5714285714285714,,,49.0,49,21,49,0,Stable,1,Mid-market,Basic,Europe,Finance,171,20
CUST_00002,17.333333333333332,1.8888888888888888,,,,29.0,29,9,29,0,Stable,1,SMB,Basic,Europe,Finance,24,8
CUST_00003,27.35,2.0,0.0,7.0,29.0,299.0,299,20,299,0,Stable,1,SMB,Enterprise,Latin America,Education,2,19
CUST_00004,72.27777777777777,7.5,0.6388888888888888,,,999.0,999,18,999,0,Stable,0,Enterprise,Enterprise,Europe,Technology,3404,17
CUST_00005,15.666666666666666,1.0,,,,29.0,29,3,29,0,Stable,1,SMB,Basic,Latin America,Education,15,2
CUST_00006,22.714285714285715,1.1428571428571428,0.5,,,29.0,29,7,29,0,Stable,1,SMB,Basic,Europe,Education,3,6
CUST_00007,32.857142857142854,2.4285714285714284,0.6666666666666666,,,49.0,49,7,49,0,Stable,1,Mid-market,Basic,Latin America,Technology,365,6
CUST_00008,44.5,3.4583333333333335,0.375,9.0,33.0,49.0,49,24,49,0,Stable,1,Mid-market,Basic,North America,Finance,141,23
CUST_00009,37.083333333333336,3.75,0.75,8.0,34.0,199.0,199,12,199,0,Stable,1,Mid-market,Pro,Latin America,Healthcare,469,11
CUST_00010,28.5,3.1666666666666665,0.5,,,49.0,49,6,49,0,Stable,1,Mid-market,Basic,North America,E-commerce,309,5
CUST_00011,55.666666666666664,7.666666666666667,0.5,,,999.0,999,9,999,0,Stable,0,Enterprise,Enterprise,North America,Technology,1495,8
CUST_00012,43.375,2.875,0.75,7.5,29.5,49.0,49,16,49,0,Stable,1,Mid-market,Basic,North America,E-commerce,239,15
CUST_00013,36.6,3.6666666666666665,1.0,,,199.0,199,15,199,0,Stable,1,Mid-market,Pro,Europe,Finance,266,14
CUST_00014,21.8,1.2,0.0,7.0,18.5,29.0,29,5,29,0,Stable,1,SMB,Basic,North America,Finance,7,4
CUST_00015,34.142857142857146,1.5714285714285714,0.0,,,49.0,49,7,49,0,Stable,1,Mid-market,Basic,North America,Healthcare,441,6
CUST_00016,24.0,1.0,0.75,,,199.0,199,2,199,0,Stable,1,Mid-market,Pro,North America,Technology,90,1
CUST_00017,82.04166666666667,7.666666666666667,0.42857142857142855,7.0,3.0,999.0,999,24,999,0,Stable,0,Enterprise,Enterprise,North America,Technology,2954,23
CUST_00018,17.0,1.5,0.0,,,99.0,99,6,99,0,Stable,1,SMB,Pro,Latin America,E-commerce,1,5
CUST_00019,56.5,2.5,1.0,,,999.0,999,4,999,0,Stable,0,Enterprise,Enterprise,Europe,Finance,4993,3
CUST_00020,36.416666666666664,2.4166666666666665,0.75,,,49.0,49,12,49,0,Stable,1,Mid-market,Basic,North America,Education,112,11
CUST_00021,28.11764705882353,2.0588235294117645,0.375,8.0,23.0,29.0,29,17,29,0,Stable,1,SMB,Basic,North America,E-commerce,39,16
CUST_00022,15.0,0.6666666666666666,,,,49.0,49,3,49,0,Stable,1,Mid-market,Basic,Asia-Pacific,Healthcare,333,2
CUST_00023,31.5,1.5,,,,49.0,49,2,49,0,Stable,1,Mid-market,Basic,Latin America,Finance,77,1
CUST_00024,21.5,1.5,0.0,,,99.0,99,4,99,0,Stable,1,SMB,Pro,North America,Healthcare,28,3
CUST_00025,20.0,0.5,,,,29.0,29,4,29,0,Stable,1,SMB,Basic,Europe,Retail,13,3
CUST_00026,18.11111111111111,1.8888888888888888,0.5,,,29.0,29,9,29,0,Stable,1,SMB,Basic,Europe,Retail,33,8
CUST_00027,26.58823529411765,1.7058823529411764,0.2,,,99.0,99,17,99,0,Stable,1,SMB,Pro,North America,E-commerce,24,16
CUST_00028,24.529411764705884,1.2941176470588236,0.3333333333333333,6.666666666666667,14.333333333333334,29.0,29,17,29,0,Stable,1,SMB,Basic,Latin America,Technology,39,16
CUST_00029,38.166666666666664,2.8333333333333335,0.6666666666666666,,,49.0,49,12,49,0,Stable,1,Mid-market,Basic,North America,Retail,51,11
CUST_00030,10.666666666666666,0.6666666666666666,0.5,,,29.0,29,3,29,0,Stable,1,SMB,Basic,Europe,Retail,2,2
CUST_00031,13.5,1.25,,,,299.0,299,4,299,0,Stable,1,SMB,Enterprise,North America,Education,17,3
CUST_00032,23.266666666666666,2.0,0.0,,,29.0,29,15,29,0,Stable,1,SMB,Basic,North America,E-commerce,48,14
CUST_00033,42.55,3.2,0.8,8.0,31.0,49.0,49,20,49,0,Stable,1,Mid-market,Basic,Asia-Pacific,E-commerce,308,19
CUST_00034,11.333333333333334,0.0,,,,29.0,29,3,29,0,Stable,1,SMB,Basic,Europe,Technology,19,2
CUST_00035,40.45,3.05,,,,49.0,49,20,49,0,Stable,1,Mid-market,Basic,North America,Retail,88,19
CUST_00036,45.84615384615385,3.3846153846153846,0.3333333333333333,,,199.0,199,13,199,0,Stable,1,Mid-market,Pro,North America,Retail,200,12
CUST_00037,86.0,7.636363636363637,1.0,10.0,40.0,299.0,299,11,299,0,Stable,0,Enterprise,Pro,North America,Education,1123,10
CUST_00038,18.5,0.8333333333333334,0.3333333333333333,,,299.0,299,6,299,0,Stable,1,SMB,Enterprise,Latin America,E-commerce,37,5
CUST_00039,43.375,2.875,1.0,,,49.0,49,8,49,0,Stable,1,Mid-market,Basic,Asia-Pacific,Healthcare,257,7
CUST_00040,63.7,6.7,0.7777777777777778,,,999.0,999,20,999,0,Stable,0,Enterprise,Enterprise,Europe,Retail,2148,19
CUST_00041,73.27272727272727,6.909090909090909,1.0,,,999.0,999,11,999,0,Stable,0,Enterprise,Enterprise,North America,Healthcare,598,10
CUST_00042,25.105263157894736,1.7894736842105263,1.0,,,29.0,29,19,29,0,Stable,1,SMB,Basic,Europe,Technology,35,18
CUST_00043,49.0,7.0,,,,299.0,299,1,299,0,Stable,0,Enterprise,Pro,North America,Education,1800,0
CUST_00044,36.833333333333336,4.333333333333333,0.0,,,499.0,499,6,499,0,Stable,1,Mid-market,Enterprise,North America,Retail,225,5
CUST_00045,28.88888888888889,1.4444444444444444,0.3333333333333333,,,29.0,29,9,29,0,Stable,1,SMB,Basic,North America,E-commerce,38,8
CUST_00046,23.058823529411764,1.8823529411764706,0.4,4.0,-21.0,99.0,99,17,99,0,Stable,1,SMB,Pro,Europe,Healthcare,21,16
CUST_00047,11.25,1.0,0.0,,,29.0,29,4,29,0,Stable,1,SMB,Basic,North America,Finance,48,3
CUST_00048,8.333333333333334,0.0,0.0,,,99.0,99,3,99,0,Stable,1,SMB,Pro,Latin America,Retail,30,2
CUST_00049,23.0,1.8888888888888888,0.0,,,99.0,99,9,99,0,Stable,1,SMB,Pro,North America,Education,24,8
CUST_00050,21.76923076923077,1.2307692307692308,0.0,,,299.0,299,13,299,0,Stable,1,SMB,Enterprise,Latin America,Healthcare,21,12
CUST_00051,29.57894736842105,1.631578947368421,0.3,7.0,32.0,29.0,29,19,29,0,Stable,1,SMB,Basic,North America,Retail,3,18
CUST_00052,15.0,1.0,,,,29.0,29,2,29,0,Stable,1,SMB,Basic,North America,E-commerce,27,1
CUST_00053,45.25,6.875,1.0,,,999.0,999,8,999,0,Stable,0,Enterprise,Enterprise,North America,Retail,4841,7
CUST_00054,24.210526315789473,1.8421052631578947,0.5,5.0,-10.0,29.0,29,19,29,0,Stable,1,SMB,Basic,Asia-Pacific,Technology,25,18
CUST_00055,61.36363636363637,6.2727272727272725,1.0,,,999.0,999,11,999,0,Stable,0,Enterprise,Enterprise,Europe,Retail,4615,10
CUST_00056,20.75,1.5,,,,29.0,29,4,29,0,Stable,1,SMB,Basic,Latin America,E-commerce,23,3
CUST_00057,22.2,1.8,0.21428571428571427,6.0,12.0,29.0,29,20,29,0,Stable,1,SMB,Basic,North America,E-commerce,22,19
CUST_00058,68.71428571428571,6.5,0.6666666666666666,,,299.0,299,14,299,0,Stable,0,Enterprise,Pro,Asia-Pacific,Technology,2991,13
CUST_00059,12.25,1.75,0.5,8.0,48.0,99.0,99,4,99,0,Stable,1,SMB,Pro,Latin America,Education,39,3
CUST_00060,40.05555555555556,3.2222222222222223,0.6,,,49.0,49,18,49,0,Stable,1,Mid-market,Basic,Europe,E-commerce,360,17
CUST_00061,57.0,3.0,1.0,,,999.0,999,3,999,0,Stable,0,Enterprise,Enterprise,North America,E-commerce,619,2
CUST_00062,41.0,2.0,,,,49.0,49,5,49,0,Stable,1,Mid-market,Basic,Latin America,Technology,328,4
CUST_00063,24.0,1.5,1.0,,,199.0,199,4,199,0,Stable,1,Mid-market,Pro,Latin America,Technology,288,3
CUST_00064,26.333333333333332,1.8571428571428572,0.0,,,99.0,99,21,99,0,Stable,1,SMB,Pro,North America,Finance,16,20
CUST_00065,39.333333333333336,3.4444444444444446,0.5,,,199.0,199,18,199,0,Stable,1,Mid-market,Pro,Asia-Pacific,E-commerce,125,17
CUST_00066,26.94736842105263,1.631578947368421,0.0,7.0,11.0,99.0,99,19,99,0,Stable,1,SMB,Pro,North America,Retail,28,18
CUST_00067,21.8,1.6,,7.0,3.0,29.0,29,10,29,0,Stable,1,SMB,Basic,Asia-Pacific,E-commerce,12,9
CUST_00068,35.09090909090909,2.727272727272727,0.3333333333333333,,,499.0,499,11,499,0,Stable,1,Mid-market,Enterprise,North America,Education,271,10
CUST_00069,21.857142857142858,1.8571428571428572,1.0,,,29.0,29,7,29,0,Stable,1,SMB,Basic,Latin America,Finance,31,6
CUST_00070,18.0,0.6666666666666666,0.0,,,99.0,99,3,99,0,Stable,1,SMB,Pro,Asia-Pacific,Finance,16,2
CUST_00071,41.61538461538461,3.0,0.5,,,49.0,49,13,49,0,Stable,1,Mid-market,Basic,Asia-Pacific,Healthcare,445,12
CUST_00072,14.5,1.0,1.0,,,29.0,29,2,29,0,Stable,1,SMB,Basic,Europe,Finance,37,1
CUST_00073,28.4375,1.6875,0.25,7.0,24.0,299.0,299,16,299,0,Stable,1,SMB,Enterprise,North America,Technology,29,15
CUST_00074,22.0,1.75,,,,29.0,29,8,29,0,Stable,1,SMB,Basic,North America,Finance,35,7
CUST_00075,20.0,0.0,,,,29.0,29,1,29,0,Stable,1,SMB,Basic,Asia-Pacific,Technology,34,0
CUST_00076,27.285714285714285,1.619047619047619,0.4,6.5,14.5,29.0,29,21,29,0,Stable,1,SMB,Basic,North America,Finance,11,20
CUST_00077,21.454545454545453,1.1818181818181819,,,,29.0,29,11,29,0,Stable,1,SMB,Basic,North America,Finance,10,10
CUST_00078,25.11111111111111,1.3333333333333333,0.0,10.0,50.0,29.0,29,9,29,0,Stable,1,SMB,Basic,Europe,Healthcare,18,8
CUST_00079,26.333333333333332,1.9047619047619047,0.3333333333333333,,,99.0,99,21,99,0,Stable,1,SMB,Pro,North America,Finance,13,20
CUST_00080,42.666666666666664,3.6666666666666665,0.6,,,49.0,49,15,49,0,Stable,1,Mid-market,Basic,Europe,Retail,133,14
CUST_00081,16.0,1.0,,,,99.0,99,1,99,0,Stable,1,SMB,Pro,North America,Retail,41,0
CUST_00082,22.40909090909091,2.1363636363636362,0.625,,,299.0,299,22,299,0,Stable,1,SMB,Enterprise,Europe,Education,47,21
CUST_00083,25.4,2.25,0.25,,,29.0,29,20,29,0,Stable,1,SMB,Basic,Europe,Retail,21,19
CUST_00084,62.0,6.888888888888889,1.0,7.0,26.0,999.0,999,9,999,0,Stable,0,Enterprise,Enterprise,Latin America,Finance,3482,8
CUST_00085,20.363636363636363,1.4545454545454546,0.3333333333333333,,,29.0,29,11,29,0,Stable,1,SMB,Basic,North America,Finance,18,10
CUST_00086,27.666666666666668,2.3333333333333335,0.0,,,499.0,499,3,499,0,Stable,1,Mid-market,Enterprise,North America,Retail,56,2
CUST_00087,46.31578947368421,3.0526315789473686,1.0,9.0,52.0,49.0,49,19,49,0,Stable,0,Mid-market,Basic,Latin America,Technology,243,18
CUST_00088,21.875,1.375,,,,29.0,29,8,29,0,Stable,1,SMB,Basic,North America,Finance,17,7
CUST_00089,56.625,6.75,1.0,,,999.0,999,8,999,0,Stable,0,Enterprise,Enterprise,North America,Education,3986,7
CUST_00090,22.2,1.7,0.3333333333333333,5.0,-15.0,99.0,99,10,99,0,Stable,1,SMB,Pro,Latin America,Technology,39,9
CUST_00091,22.45,1.9,,,,29.0,29,20,29,0,Stable,1,SMB,Basic,Europe,Education,20,19
CUST_00092,32.0,4.333333333333333,,,,499.0,499,6,499,0,Stable,1,Mid-market,Enterprise,Asia-Pacific,Retail,397,5
CUST_00093,17.833333333333332,1.5,0.0,6.0,28.0,29.0,29,18,29,0,Stable,1,SMB,Basic,Latin America,Retail,38,17
CUST_00094,63.714285714285715,7.095238095238095,0.7,,,99.0,99,21,99,0,Stable,0,Enterprise,Basic,North America,Finance,4675,20
CUST_00095,72.22222222222223,6.833333333333333,0.875,,,99.0,99,18,99,0,Stable,0,Enterprise,Basic,Asia-Pacific,Healthcare,4012,17
CUST_00096,24.90909090909091,2.4545454545454546,0.0,6.0,-3.0,29.0,29,11,29,0,Stable,1,SMB,Basic,Europe,Retail,3,10
CUST_00097,27.666666666666668,1.3333333333333333,1.0,,,499.0,499,3,499,0,Stable,1,Mid-market,Enterprise,Latin America,Technology,407,2
CUST_00098,31.90909090909091,2.8181818181818183,0.5,,,49.0,49,11,49,0,Stable,1,Mid-market,Basic,Europe,Education,185,10
CUST_00099,14.0,1.0,1.0,,,29.0,29,2,29,0,Stable,1,SMB,Basic,Latin America,Finance,27,1
CUST_00100,22.875,1.75,,,,29.0,29,8,29,0,Stable,1,SMB,Basic,Asia-Pacific,Finance,28,7
CUST_00101,14.0,0.6666666666666666,,,,99.0,99,3,99,0,Stable,1,SMB,Pro,Asia-Pacific,Healthcare,47,2
CUST_00102,29.4,1.4,0.5,10.0,47.0,99.0,99,10,99,0,Stable,1,SMB,Pro,North America,Healthcare,33,9
CUST_00103,39.333333333333336,4.083333333333333,0.5,,,499.0,499,12,499,0,Stable,1,Mid-market,Enterprise,North America,Retail,331,11
CUST_00104,23.0,1.5,0.0,,,99.0,99,8,99,0,Stable,1,SMB,Pro,Asia-Pacific,Retail,34,7
CUST_00105,23.952380952380953,1.5714285714285714,0.5,5.0,-3.0,29.0,29,21,29,0,Stable,1,SMB,Basic,Asia-Pacific,E-commerce,5,20
CUST_00106,64.33333333333333,6.333333333333333,,,,999.0,999,3,999,0,Stable,0,Enterprise,Enterprise,Asia-Pacific,Finance,4678,2
CUST_00107,26.3,1.7,1.0,,,29.0,29,20,29,0,Stable,1,SMB,Basic,Latin America,Retail,13,19
CUST_00108,73.9,8.2,0.7333333333333333,,,999.0,999,10,999,0,Stable,0,Enterprise,Enterprise,North America,Technology,2074,9
CUST_00109,23.05263157894737,1.894736842105263,0.5,,,29.0,29,19,29,0,Stable,1,SMB,Basic,Europe,Healthcare,12,18
CUST_00110,72.0,6.869565217391305,0.8571428571428571,,,99.0,99,23,99,0,Stable,0,Enterprise,Basic,Europe,Healthcare,3314,22
CUST_00111,19.733333333333334,2.066666666666667,0.5,,,99.0,99,15,99,0,Stable,1,SMB,Pro,Asia-Pacific,E-commerce,39,14
CUST_00112,27.0,2.3333333333333335,,,,499.0,499,3,499,0,Stable,1,Mid-market,Enterprise,Europe,Technology,335,2
CUST_00113,21.357142857142858,2.0,0.0,8.0,19.0,99.0,99,14,99,0,Stable,1,SMB,Pro,Europe,Education,33,13
CUST_00114,24.6,1.7,0.0,7.0,23.0,29.0,29,10,29,0,Stable,1,SMB,Basic,Asia-Pacific,Healthcare,29,9
CUST_00115,72.65,7.85,0.875,,,999.0,999,20,999,0,Stable,0,Enterprise,Enterprise,North America,Education,4664,19
CUST_00116,24.25,3.5,,,,49.0,49,4,49,0,Stable,1,Mid-market,Basic,Europe,E-commerce,289,3
CUST_00117,29.666666666666668,1.6666666666666667,0.5,,,29.0,29,21,29,0,Stable,1,SMB,Basic,North America,Healthcare,8,20
CUST_00118,18.666666666666668,0.6666666666666666,0.0,,,199.0,199,3,199,0,Stable,1,Mid-market,Pro,Europe,Healthcare,209,2
CUST_00119,22.59090909090909,2.227272727272727,0.0,8.5,19.0,29.0,29,22,29,0,Stable,1,SMB,Basic,North America,Finance,42,21
CUST_00120,24.428571428571427,2.0,0.5,,,29.0,29,7,29,0,Stable,1,SMB,Basic,North America,Retail,46,6
CUST_00121,23.0,1.8571428571428572,0.0,,,29.0,29,7,29,0,Stable,1,SMB,Basic,North America,Healthcare,47,6
CUST_00122,27.0,2.0,,,,199.0,199,2,199,0,Stable,1,Mid-market,Pro,Latin America,Healthcare,110,1
CUST_00123,14.333333333333334,0.3333333333333333,0.6666666666666666,,,99.0,99,3,99,0,Stable,1,SMB,Pro,Europe,Retail,15,2
CUST_00124,27.8,1.8,0.3333333333333333,,,29.0,29,15,29,0,Stable,1,SMB,Basic,Asia-Pacific,Technology,14,14
CUST_00125,41.35294117647059,3.3529411764705883,0.75,5.0,1.0,49.0,49,17,49,0,Stable,1,Mid-market,Basic,North America,Healthcare,56,16
CUST_00126,71.70833333333333,7.583333333333333,0.8333333333333334,,,999.0,999,24,999,0,Stable,0,Enterprise,Enterprise,North America,Education,2406,23
CUST_00127,28.125,2.3333333333333335,0.2,7.0,26.0,99.0,99,24,99,0,Stable,1,SMB,Pro,North America,Education,17,23
CUST_00128,26.235294117647058,1.2941176470588236,0.5,9.0,27.0,29.0,29,17,29,0,Stable,1,SMB,Basic,Latin America,Retail,20,16
CUST_00129,42.0,4.714285714285714,,,,199.0,199,7,199,0,Stable,1,Mid-market,Pro,Europe,Finance,277,6
CUST_00130,40.80952380952381,3.238095238095238,0.7142857142857143,,,199.0,199,21,199,0,Stable,1,Mid-market,Pro,Europe,Retail,91,20
CUST_00131,24.545454545454547,1.8181818181818181,0.625,,,99.0,99,11,99,0,Stable,1,SMB,Pro,North America,Technology,45,10
CUST_00132,20.333333333333332,1.4166666666666667,0.0,,,29.0,29,12,29,0,Stable,1,SMB,Basic,North America,E-commerce,48,11
CUST_00133,62.875,7.625,1.0,,,99.0,99,8,99,0,Stable,0,Enterprise,Basic,North America,E-commerce,3370,7
CUST_00134,22.75,2.05,0.5,,,29.0,29,20,29,0,Stable,1,SMB,Basic,Latin America,Finance,31,19
CUST_00135,26.958333333333332,1.9166666666666667,0.25,,,299.0,299,24,299,0,Stable,1,SMB,Enterprise,North America,Education,49,23
CUST_00136,23.6,1.6,0.0,,,29.0,29,5,29,0,Stable,1,SMB,Basic,Asia-Pacific,Retail,11,4
CUST_00137,25.1,1.8,0.3333333333333333,,,99.0,99,10,99,0,Stable,1,SMB,Pro,North America,Finance,4,9
CUST_00138,21.0,3.0,,,,29.0,29,1,29,0,Stable,1,SMB,Basic,Europe,Retail,38,0
CUST_00139,67.55,7.4,0.85,,,299.0,299,20,299,0,Stable,0,Enterprise,Pro,North America,Healthcare,2539,19
CUST_00140,19.916666666666668,1.5833333333333333,0.3333333333333333,7.5,34.0,29.0,29,12,29,0,Stable,1,SMB,Basic,North America,Technology,2,11
CUST_00141,15.6,0.8,0.0,7.0,-6.0,29.0,29,5,29,0,Stable,1,SMB,Basic,North America,Retail,15,4
CUST_00142,22.666666666666668,0.6666666666666666,,5.0,-10.0,29.0,29,6,29,0,Stable,1,SMB,Basic,Latin America,Retail,44,5
CUST_00143,80.85714285714286,8.285714285714286,1.0,,,999.0,999,14,999,0,Stable,0,Enterprise,Enterprise,North America,Technology,2070,13
CUST_00144,40.75,3.75,0.6666666666666666,,,199.0,199,8,199,0,Stable,1,Mid-market,Pro,North America,Finance,410,7
CUST_00145,27.11764705882353,1.6470588235294117,0.625,,,29.0,29,17,29,0,Stable,1,SMB,Basic,North America,Finance,19,16
CUST_00146,39.25,3.5,0.0,,,499.0,499,12,499,0,Stable,1,Mid-market,Enterprise,Latin America,Retail,138,11
CUST_00147,44.63636363636363,3.1818181818181817,0.25,,,199.0,199,11,199,0,Stable,1,Mid-market,Pro,Latin America,E-commerce,174,10
CUST_00148,23.636363636363637,1.5454545454545454,1.0,,,29.0,29,11,29,0,Stable,1,SMB,Basic,North America,Retail,33,10
CUST_00149,22.25,0.0,1.0,,,29.0,29,4,29,0,Stable,1,SMB,Basic,Europe,Healthcare,6,3
CUST_00150,11.333333333333334,1.3333333333333333,,,,99.0,99,3,99,0,Stable,1,SMB,Pro,North America,Technology,15,2
CUST_00151,24.75,3.5,0.25,,,199.0,199,4,199,0,Stable,1,Mid-market,Pro,Asia-Pacific,Healthcare,87,3
CUST_00152,22.3,1.0,0.0,,,29.0,29,10,29,0,Stable,1,SMB,Basic,North America,Retail,22,9
CUST_00153,19.571428571428573,1.8571428571428572,,,,99.0,99,7,99,0,Stable,1,SMB,Pro,Asia-Pacific,E-commerce,31,6
CUST_00154,22.470588235294116,1.7058823529411764,0.42857142857142855,,,29.0,29,17,29,0,Stable,1,SMB,Basic,Europe,Finance,29,16
CUST_00155,27.565217391304348,1.9130434782608696,0.3333333333333333,,,99.0,99,23,99,0,Stable,1,SMB,Pro,Europe,Healthcare,36,22
CUST_00156,43.2,3.8,0.6666666666666666,9.0,34.0,199.0,199,15,199,0,Stable,0,Mid-market,Pro,North America,Education,379,14
CUST_00157,14.166666666666666,2.3333333333333335,1.0,,,29.0,29,6,29,0,Stable,1,SMB,Basic,Latin America,Technology,12,5
CUST_00158,12.0,2.0,,,,29.0,29,3,29,0,Stable,1,SMB,Basic,North America,Retail,40,2
CUST_00159,43.5,9.0,,,,999.0,999,2,999,0,Stable,0,Enterprise,Enterprise,Asia-Pacific,Education,4376,1
CUST_00160,25.818181818181817,1.8181818181818181,0.5,,,29.0,29,11,29,0,Stable,1,SMB,Basic,North America,Technology,29,10
CUST_00161,74.44444444444444,7.888888888888889,1.0,,,999.0,999,9,999,0,Stable,0,Enterprise,Enterprise,North America,Retail,3976,8
CUST_00162,43.07692307692308,3.076923076923077,0.75,,,49.0,49,13,49,0,Stable,1,Mid-market,Basic,North America,Retail,487,12
CUST_00163,20.333333333333332,0.8333333333333334,,,,29.0,29,6,29,0,Stable,1,SMB,Basic,Asia-Pacific,Retail,10,5
CUST_00164,36.9,2.6,0.3333333333333333,9.0,25.0,199.0,199,10,199,0,Stable,1,Mid-market,Pro,North America,Healthcare,74,9
CUST_00165,40.6,5.2,1.0,,,299.0,299,5,299,0,Stable,0,Enterprise,Pro,Europe,Technology,4100,4
CUST_00166,18.666666666666668,1.0,,,,29.0,29,3,29,0,Stable,1,SMB,Basic,North America,Healthcare,25,2
CUST_00167,16.5,2.0,0.0,,,99.0,99,4,99,0,Stable,1,SMB,Pro,Asia-Pacific,Retail,43,3
CUST_00168,10.333333333333334,0.3333333333333333,,,,29.0,29,3,29,0,Stable,1,SMB,Basic,North America,Retail,20,2
CUST_00169,25.46153846153846,1.6153846153846154,0.5,,,29.0,29,13,29,0,Stable,1,SMB,Basic,Europe,Education,40,12
CUST_00170,12.5,1.3333333333333333,,,,29.0,29,6,29,0,Stable,1,SMB,Basic,Asia-Pacific,E-commerce,19,5
CUST_00171,27.285714285714285,1.7142857142857142,0.75,,,29.0,29,14,29,0,Stable,1,SMB,Basic,North America,Finance,16,13
CUST_00172,20.545454545454547,1.2727272727272727,0.0,,,29.0,29,11,29,0,Stable,1,SMB,Basic,Europe,Healthcare,2,10
CUST_00173,26.75,1.75,1.0,6.0,21.0,29.0,29,4,29,0,Stable,1,SMB,Basic,Asia-Pacific,E-commerce,4,3
CUST_00174,59.5,9.0625,0.6,,,999.0,999,16,999,0,Stable,0,Enterprise,Enterprise,North America,Technology,2401,15
CUST_00175,25.57894736842105,1.5263157894736843,0.0,5.0,9.0,29.0,29,19,29,0,Stable,1,SMB,Basic,Asia-Pacific,Education,7,18
CUST_00176,19.692307692307693,2.3846153846153846,0.25,,,29.0,29,13,29,0,Stable,1,SMB,Basic,North America,Healthcare,8,12
CUST_00177,21.444444444444443,1.6666666666666667,0.0,5.0,-13.0,29.0,29,9,29,0,Stable,1,SMB,Basic,Asia-Pacific,Healthcare,47,8
CUST_00178,20.4,1.4,0.0,,,29.0,29,5,29,0,Stable,1,SMB,Basic,Europe,E-commerce,46,4
CUST_00179,52.625,6.875,0.6666666666666666,,,999.0,999,8,999,0,Stable,0,Enterprise,Enterprise,North America,E-commerce,1322,7
CUST_00180,39.9,3.3,0.6666666666666666,,,199.0,199,10,199,0,Stable,1,Mid-market,Pro,North America,Finance,430,9
CUST_00181,29.666666666666668,2.6666666666666665,1.0,9.0,17.0,199.0,199,6,199,0,Stable,1,Mid-market,Pro,Asia-Pacific,Retail,453,5
CUST_00182,18.571428571428573,0.5714285714285714,,,,29.0,29,7,29,0,Stable,1,SMB,Basic,Asia-Pacific,Education,37,6
CUST_00183,26.375,1.5,0.5,,,29.0,29,16,29,0,Stable,1,SMB,Basic,North America,Education,22,15
CUST_00184,23.076923076923077,1.9230769230769231,0.5,,,99.0,99,13,99,0,Stable,1,SMB,Pro,Latin America,Healthcare,32,12
CUST_00185,21.0,2.0,,,,29.0,29,1,29,0,Stable,1,SMB,Basic,Europe,Retail,45,0
CUST_00186,26.4,1.5333333333333334,0.3333333333333333,6.0,25.0,29.0,29,15,29,0,Stable,1,SMB,Basic,Europe,Healthcare,26,14
CUST_00187,67.4,8.0,1.0,,,999.0,999,10,999,0,Stable,0,Enterprise,Enterprise,North America,Finance,2675,9
CUST_00188,21.695652173913043,2.0434782608695654,0.42857142857142855,7.0,9.0,29.0,29,23,29,0,Stable,1,SMB,Basic,Europe,Retail,38,22
CUST_00189,35.25,3.25,0.8,,,49.0,49,12,49,0,Stable,1,Mid-market,Basic,North America,E-commerce,362,11
CUST_00190,65.7,6.7,0.75,10.0,54.0,999.0,999,10,999,0,Stable,0,Enterprise,Enterprise,Europe,Education,954,9
CUST_00191,15.0,3.5,,,,199.0,199,2,199,0,Stable,1,Mid-market,Pro,Europe,E-commerce,113,1
CUST_00192,12.0,0.5,0.0,,,99.0,99,4,99,0,Stable,1,SMB,Pro,North America,Healthcare,26,3
CUST_00193,21.181818181818183,1.4545454545454546,0.5,,,29.0,29,11,29,0,Stable,1,SMB,Basic,Asia-Pacific,Education,39,10
CUST_00194,72.17647058823529,7.882352941176471,0.8333333333333334,7.0,35.0,999.0,999,17,999,0,Stable,0,Enterprise,Enterprise,North America,E-commerce,2285,16
CUST_00195,18.0,1.0,,7.0,21.0,29.0,29,6,29,0,Stable,1,SMB,Basic,North America,Education,45,5
CUST_00196,39.333333333333336,3.5555555555555554,0.5,,,199.0,199,9,199,0,Stable,1,Mid-market,Pro,North America,Retail,66,8
CUST_00197,19.0,0.0,,,,29.0,29,1,29,0,Stable,1,SMB,Basic,Europe,Technology,35,0
CUST_00198,22.7,1.3,0.5,8.0,46.0,29.0,29,20,29,0,Stable,1,SMB,Basic,North America,Healthcare,34,19
CUST_00199,19.75,1.5,0.0,,,29.0,29,4,29,0,Stable,1,SMB,Basic,Latin America,Healthcare,17,3
CUST_00200,44.125,3.0,0.25,8.0,30.0,199.0,199,8,199,0,Stable,1,Mid-market,Pro,Europe,Education,265,7
CUST_00201,38.76923076923077,3.769230769230769,0.75,,,499.0,499,13,499,0,Stable,1,Mid-market,Enterprise,Asia-Pacific,Finance,247,12
CUST_00202,18.666666666666668,1.0,,,,29.0,29,3,29,0,Stable,1,SMB,Basic,Latin America,Healthcare,45,2
CUST_00203,21.714285714285715,2.0,1.0,,,99.0,99,7,99,0,Stable,1,SMB,Pro,North America,Retail,21,6
CUST_00204,76.18181818181819,7.363636363636363,0.9444444444444444,,,99.0,99,22,99,0,Stable,0,Enterprise,Basic,Asia-Pacific,Finance,3430,21
CUST_00205,14.5,0.5,1.0,,,29.0,29,2,29,0,Stable,1,SMB,Basic,Europe,Finance,30,1
CUST_00206,38.916666666666664,3.1666666666666665,0.0,,,49.0,49,12,49,0,Stable,1,Mid-market,Basic,Europe,Technology,63,11
CUST_00207,25.105263157894736,1.7894736842105263,0.5,,,29.0,29,19,29,0,Stable,1,SMB,Basic,North America,Finance,37,18
CUST_00208,22.714285714285715,1.5714285714285714,1.0,8.0,19.0,99.0,99,7,99,0,Stable,1,SMB,Pro,Europe,Education,49,6
CUST_00209,42.375,2.375,0.75,,,49.0,49,8,49,0,Stable,1,Mid-market,Basic,Europe,Technology,475,7
CUST_00210,16.5,1.5,,,,29.0,29,2,29,0,Stable,1,SMB,Basic,Latin America,Technology,13,1
CUST_00211,18.375,2.125,,,,99.0,99,8,99,0,Stable,1,SMB,Pro,Latin America,Healthcare,29,7
CUST_00212,21.77777777777778,1.6666666666666667,0.5,,,29.0,29,9,29,0,Stable,1,SMB,Basic,Latin America,Education,10,8
CUST_00213,29.3,2.4,0.5,,,99.0,99,10,99,0,Stable,1,SMB,Pro,North America,Retail,14,9
CUST_00214,26.166666666666668,1.8333333333333333,0.0,,,29.0,29,12,29,0,Stable,1,SMB,Basic,Europe,E-commerce,48,11
CUST_00215,22.0,4.0,0.5,,,99.0,99,1,99,0,Stable,1,Enterprise,Basic,North America,Retail,1463,0
CUST_00216,74.1,7.8,1.0,,,999.0,999,20,999,0,Stable,0,Enterprise,Enterprise,North America,Finance,1306,19
CUST_00217,72.0,7.3,0.6944444444444443,,,999.0,999,10,999,0,Stable,0,Enterprise,Enterprise,Europe,E-commerce,1384,9
CUST_00218,20.941176470588236,1.8235294117647058,0.3333333333333333,,,29.0,29,17,29,0,Stable,1,SMB,Basic,North America,Technology,41,16
CUST_00219,42.375,3.875,1.0,,,199.0,199,8,199,0,Stable,1,Mid-market,Pro,Europe,Finance,264,7
CUST_00220,9.0,0.5,,,,29.0,29,2,29,0,Stable,1,SMB,Basic,North America,Retail,42,1
CUST_00221,26.0,3.25,0.0,,,199.0,199,4,199,0,Stable,1,Mid-market,Pro,Asia-Pacific,Healthcare,318,3
CUST_00222,43.38095238095238,3.5714285714285716,0.5,,,49.0,49,21,49,0,Stable,1,Mid-market,Basic,Europe,Education,147,20
CUST_00223,61.5,5.0,1.0,,,299.0,299,4,299,0,Stable,0,Enterprise,Pro,Europe,Education,1718,3
CUST_00224,22.571428571428573,1.4285714285714286,0.375,7.0,7.0,29.0,29,14,29,0,Stable,1,SMB,Basic,Europe,Retail,34,13
CUST_00225,24.95,1.9,0.25,7.0,13.0,29.0,29,20,29,0,Stable,1,SMB,Basic,North America,Finance,18,19
CUST_00226,65.9,7.0,0.8333333333333334,,,299.0,299,10,299,0,Stable,0,Enterprise,Pro,North America,Education,3611,9
CUST_00227,23.533333333333335,1.7333333333333334,0.0,,,29.0,29,15,29,0,Stable,1,SMB,Basic,Europe,Technology,40,14
CUST_00228,23.130434782608695,1.2608695652173914,0.5,6.0,-1.0,29.0,29,23,29,0,Stable,1,SMB,Basic,Europe,E-commerce,16,22
CUST_00229,25.0,1.3636363636363635,1.0,,,29.0,29,11,29,0,Stable,1,SMB,Basic,North America,Retail,45,10
CUST_00230,66.38461538461539,6.076923076923077,0.6875,9.0,44.0,299.0,299,13,299,0,Stable,0,Enterprise,Pro,Asia-Pacific,Healthcare,1056,12
CUST_00231,47.458333333333336,4.041666666666667,0.4861111111111111,7.0,25.0,49.0,49,24,49,0,Stable,1,Mid-market,Basic,North America,Healthcare,88,23
CUST_00232,24.333333333333332,3.3333333333333335,1.0,6.0,-6.0,499.0,499,3,499,0,Stable,1,Mid-market,Enterprise,North America,Finance,499,2
CUST_00233,25.705882352941178,1.411764705882353,0.4,,,29.0,29,17,29,0,Stable,1,SMB,Basic,Europe,Retail,31,16
CUST_00234,18.5,1.5,,,,99.0,99,2,99,0,Stable,1,SMB,Pro,North America,E-commerce,7,1
CUST_00235,15.6,1.4,0.0,,,99.0,99,5,99,0,Stable,1,SMB,Pro,Europe,Education,30,4
CUST_00236,27.17391304347826,1.6956521739130435,0.42857142857142855,,,99.0,99,23,99,0,Stable,1,SMB,Pro,North America,Education,27,22
CUST_00237,45.1,2.8,0.6666666666666666,8.0,25.0,49.0,49,10,49,0,Stable,1,Mid-market,Basic,Europe,Technology,71,9
CUST_00238,19.666666666666668,2.0,0.0,9.0,37.0,99.0,99,9,99,0,Stable,1,SMB,Pro,Latin America,E-commerce,29,8
CUST_00239,14.0,2.0,,,,49.0,49,1,49,0,Stable,1,Mid-market,Basic,North America,Finance,78,0
CUST_00240,27.73913043478261,2.0,0.0,7.0,13.0,29.0,29,23,29,0,Stable,1,SMB,Basic,North America,Healthcare,23,22
CUST_00241,23.571428571428573,1.1428571428571428,0.0,5.0,7.0,29.0,29,7,29,0,Stable,1,SMB,Basic,Europe,Education,13,6
CUST_00242,13.0,2.3333333333333335,1.0,,,99.0,99,3,99,0,Stable,1,SMB,Pro,North America,Finance,32,2
CUST_00243,39.0,3.5833333333333335,0.5,,,49.0,49,12,49,0,Stable,1,Mid-market,Basic,North America,Healthcare,386,11
CUST_00244,27.25,1.75,,,,29.0,29,12,29,0,Stable,1,SMB,Basic,Latin America,Finance,37,11
CUST_00245,23.125,2.0,1.0,,,29.0,29,8,29,0,Stable,1,SMB,Basic,North America,Healthcare,38,7
CUST_00246,40.0,3.5714285714285716,1.0,,,49.0,49,7,49,0,Stable,1,Mid-market,Basic,Asia-Pacific,Retail,61,6
CUST_00247,20.8125,1.4375,0.3333333333333333,,,29.0,29,16,29,0,Stable,1,SMB,Basic,North America,Education,17,15
CUST_00248,39.8,4.2,,,,199.0,199,5,199,0,Stable,1,Mid-market,Pro,Europe,E-commerce,248,4
CUST_00249,43.0,4.083333333333333,0.5,,,49.0,49,12,49,0,Stable,1,Mid-market,Basic,Latin America,Education,453,11
CUST_00250,16.333333333333332,1.8333333333333333,0.0,,,29.0,29,6,29,0,Stable,1,SMB,Basic,Europe,Retail,20,5
CUST_00251,20.714285714285715,1.2857142857142858,1.0,,,29.0,29,7,29,0,Stable,1,SMB,Basic,Europe,E-commerce,2,6
CUST_00252,21.23076923076923,1.8461538461538463,0.5,,,299.0,299,13,299,0,Stable,1,SMB,Enterprise,North America,Retail,18,12
CUST_00253,22.285714285714285,2.0714285714285716,0.5,,,299.0,299,14,299,0,Stable,1,SMB,Enterprise,North America,E-commerce,45,13
CUST_00254,45.0,7.0,,,,999.0,999,1,999,0,Stable,0,Enterprise,Enterprise,Europe,Healthcare,2076,0
CUST_00255,19.0,1.2,1.0,,,29.0,29,5,29,0,Stable,1,SMB,Basic,Europe,E-commerce,20,4
CUST_00256,15.5,2.0,,,,29.0,29,2,29,0,Stable,1,SMB,Basic,North America,Education,33,1
CUST_00257,19.4,0.4,1.0,,,29.0,29,5,29,0,Stable,1,SMB,Basic,Latin America,Technology,26,4
CUST_00258,25.5,0.0,0.0,,,499.0,499,2,499,0,Stable,1,Mid-market,Enterprise,North America,Technology,354,1
CUST_00259,40.0,3.142857142857143,0.5,6.0,11.0,49.0,49,14,49,0,Stable,1,Mid-market,Basic,Europe,E-commerce,272,13
CUST_00260,23.454545454545453,2.3636363636363638,0.2,7.0,19.0,99.0,99,11,99,0,Stable,1,SMB,Pro,Europe,Technology,20,10
CUST_00261,40.214285714285715,3.2857142857142856,0.4166666666666667,,,199.0,199,14,199,0,Stable,1,Mid-market,Pro,Latin America,Healthcare,437,13
CUST_00262,37.583333333333336,3.6666666666666665,0.0,,,199.0,199,12,199,0,Stable,1,Mid-market,Pro,North America,Healthcare,237,11
CUST_00263,24.375,1.625,0.8,,,29.0,29,24,29,0,Stable,1,SMB,Basic,North America,Education,45,23
CUST_00264,14.5,1.0,,,,299.0,299,2,299,0,Stable,1,SMB,Enterprise,Asia-Pacific,Education,29,1
CUST_00265,25.5,2.0,,,,29.0,29,4,29,0,Stable,1,SMB,Basic,Europe,Education,18,3
CUST_00266,27.0,1.0,,,,299.0,299,1,299,0,Stable,1,SMB,Enterprise,Europe,Retail,28,0
CUST_00267,7.0,1.0,,,,29.0,29,1,29,0,Stable,1,SMB,Basic,North America,E-commerce,33,0
CUST_00268,25.5,2.0714285714285716,0.0,8.0,31.0,299.0,299,14,299,0,Stable,1,SMB,Enterprise,Asia-Pacific,Technology,20,13
CUST_00269,34.25,2.625,0.0,,,199.0,199,8,199,0,Stable,1,Mid-market,Pro,North America,Education,226,7
CUST_00270,24.6,1.4,,8.0,46.0,29.0,29,5,29,0,Stable,1,SMB,Basic,Europe,Technology,2,4
CUST_00271,71.58333333333333,6.5,0.8333333333333334,,,999.0,999,12,999,0,Stable,0,Enterprise,Enterprise,Latin America,Technology,4781,11
CUST_00272,27.0625,2.0625,0.4,,,29.0,29,16,29,0,Stable,1,SMB,Basic,Europe,Technology,15,15
CUST_00273,22.571428571428573,1.1428571428571428,1.0,,,29.0,29,7,29,0,Stable,1,SMB,Basic,North America,Technology,14,6
CUST_00274,23.166666666666668,3.0,0.3333333333333333,,,99.0,99,6,99,0,Stable,1,SMB,Pro,Europe,Finance,47,5
CUST_00275,5.0,1.0,,,,29.0,29,2,29,0,Stable,1,SMB,Basic,North America,Technology,17,1
CUST_00276,21.76923076923077,1.9230769230769231,0.3333333333333333,,,29.0,29,13,29,0,Stable,1,SMB,Basic,Asia-Pacific,Retail,36,12
CUST_00277,29.466666666666665,1.4,0.4,,,29.0,29,15,29,0,Stable,1,SMB,Basic,North America,Technology,14,14
CUST_00278,23.8,1.8,0.125,,,29.0,29,5,29,0,Stable,1,SMB,Basic,North America,E-commerce,5,4
CUST_00279,25.666666666666668,1.7777777777777777,0.0,,,99.0,99,9,99,0,Stable,1,SMB,Pro,North America,Retail,20,8
CUST_00280,21.133333333333333,1.9333333333333333,1.0,,,99.0,99,15,99,0,Stable,1,SMB,Pro,Europe,Finance,49,14
CUST_00281,29.0,3.0,1.0,,,199.0,199,2,199,0,Stable,1,Mid-market,Pro,North America,E-commerce,494,1
CUST_00282,24.0,1.2857142857142858,0.5,,,29.0,29,14,29,0,Stable,1,SMB,Basic,North America,Education,1,13
CUST_00283,24.952380952380953,2.1904761904761907,0.5,6.0,5.0,29.0,29,21,29,0,Stable,1,SMB,Basic,North America,Healthcare,49,20
CUST_00284,15.5,1.0,1.0,,,29.0,29,2,29,0,Stable,1,SMB,Basic,Europe,Finance,43,1
CUST_00285,67.2,8.15,0.8333333333333334,,,999.0,999,20,999,0,Stable,0,Enterprise,Enterprise,Europe,Retail,3749,19
CUST_00286,20.166666666666668,1.3333333333333333,1.0,,,29.0,29,6,29,0,Stable,1,SMB,Basic,North America,E-commerce,16,5
CUST_00287,19.333333333333332,1.3333333333333333,1.0,,,29.0,29,6,29,0,Stable,1,SMB,Basic,Europe,Finance,5,5
CUST_00288,27.25,1.75,,,,29.0,29,8,29,0,Stable,1,SMB,Basic,North America,Technology,30,7
CUST_00289,19.692307692307693,1.7692307692307692,0.0,,,99.0,99,13,99,0,Stable,1,SMB,Pro,North America,Retail,8,12
CUST_00290,40.38461538461539,2.6923076923076925,1.0,,,199.0,199,13,199,0,Stable,1,Mid-market,Pro,Latin America,Healthcare,191,12
CUST_00291,47.34782608695652,4.043478260869565,0.75,,,199.0,199,23,199,0,Stable,1,Mid-market,Pro,Asia-Pacific,E-commerce,241,22
CUST_00292,42.666666666666664,4.5,1.0,9.0,36.0,999.0,999,6,999,0,Stable,0,Enterprise,Enterprise,Asia-Pacific,Finance,3730,5
CUST_00293,24.0,1.125,0.0,,,29.0,29,8,29,0,Stable,1,SMB,Basic,North America,E-commerce,38,7
CUST_00294,44.708333333333336,3.6666666666666665,0.375,7.0,11.0,199.0,199,24,199,0,Stable,1,Mid-market,Pro,North America,Retail,414,23
CUST_00295,26.857142857142858,1.4285714285714286,0.3333333333333333,,,29.0,29,14,29,0,Stable,1,SMB,Basic,North America,Retail,1,13
CUST_00296,41.09090909090909,3.727272727272727,0.7142857142857143,,,199.0,199,22,199,0,Stable,1,Mid-market,Pro,North America,Healthcare,466,21
CUST_00297,21.5,1.125,0.5,,,29.0,29,8,29,0,Stable,1,SMB,Basic,North America,E-commerce,35,7
CUST_00298,36.75,2.5,1.0,,,199.0,199,4,199,0,Stable,1,Mid-market,Pro,North America,Retail,331,3
CUST_00299,24.357142857142858,1.4285714285714286,0.0,,,29.0,29,14,29,0,Stable,1,SMB,Basic,Asia-Pacific,Finance,25,13
CUST_00300,18.583333333333332,1.9166666666666667,0.5,,,29.0,29,24,29,0,Stable,1,SMB,Basic,Europe,Education,43,23
CUST_00301,41.15384615384615,3.230769230769231,0.3333333333333333,8.0,11.0,199.0,199,13,199,0,Stable,1,Mid-market,Pro,Europe,Healthcare,70,12
CUST_00302,17.333333333333332,1.6666666666666667,,,,99.0,99,6,99,0,Stable,1,SMB,Pro,Latin America,Finance,25,5
CUST_00303,19.0,1.0,,,,29.0,29,1,29,0,Stable,1,SMB,Basic,North America,Finance,34,0
CUST_00304,21.571428571428573,2.142857142857143,0.0,,,29.0,29,14,29,0,Stable,1,SMB,Basic,Asia-Pacific,Education,29,13
CUST_00305,27.736842105263158,1.3157894736842106,0.6,,,29.0,29,19,29,0,Stable,1,SMB,Basic,Asia-Pacific,Education,2,18
CUST_00306,21.6,1.0,1.0,,,29.0,29,5,29,0,Stable,1,SMB,Basic,North America,Healthcare,44,4
CUST_00307,31.8,3.2,0.0,,,49.0,49,5,49,0,Stable,1,Mid-market,Basic,Europe,Retail,347,4
CUST_00308,22.565217391304348,1.8695652173913044,0.3333333333333333,,,29.0,29,23,29,0,Stable,1,SMB,Basic,Europe,E-commerce,45,22
CUST_00309,23.307692307692307,1.3076923076923077,0.0,5.0,-8.0,29.0,29,13,29,0,Stable,1,SMB,Basic,Asia-Pacific,E-commerce,22,12
CUST_00310,22.764705882352942,1.8823529411764706,0.625,,,29.0,29,17,29,0,Stable,1,SMB,Basic,North America,Technology,42,16
CUST_00311,30.8,3.0,1.0,,,199.0,199,5,199,0,Stable,1,Mid-market,Pro,Asia-Pacific,Healthcare,99,4
CUST_00312,23.666666666666668,3.0,1.0,,,199.0,199,3,199,0,Stable,1,Mid-market,Pro,Asia-Pacific,Technology,452,2
CUST_00313,14.0,1.0,0.0,,,29.0,29,2,29,0,Stable,1,SMB,Basic,North America,Finance,35,1
CUST_00314,70.52380952380952,8.095238095238095,0.8181818181818182,7.0,28.0,299.0,299,21,299,0,Stable,0,Enterprise,Pro,North America,Retail,3352,20
CUST_00315,13.333333333333334,2.0,,,,29.0,29,3,29,0,Stable,1,SMB,Basic,North America,Healthcare,14,2
CUST_00316,17.25,1.5,1.0,,,29.0,29,8,29,0,Stable,1,SMB,Basic,North America,Technology,7,7
CUST_00317,30.8,3.4,0.0,,,199.0,199,5,199,0,Stable,1,Mid-market,Pro,Asia-Pacific,Finance,290,4
CUST_00318,58.77777777777778,7.0,0.75,,,299.0,299,9,299,0,Stable,0,Enterprise,Pro,Europe,Healthcare,1625,8
CUST_00319,73.5,6.833333333333333,0.5,9.0,41.0,999.0,999,6,999,0,Stable,0,Enterprise,Enterprise,North America,Education,4948,5
CUST_00320,8.0,1.0,0.0,,,29.0,29,2,29,0,Stable,1,SMB,Basic,North America,Healthcare,39,1
CUST_00321,18.0,1.0,0.5,,,99.0,99,1,99,0,Stable,1,SMB,Pro,Asia-Pacific,Education,27,0
CUST_00322,28.105263157894736,2.4210526315789473,0.2,7.0,24.0,99.0,99,19,99,0,Stable,1,SMB,Pro,Asia-Pacific,Technology,44,18
CUST_00323,26.083333333333332,2.1666666666666665,0.3333333333333333,,,29.0,29,12,29,0,Stable,1,SMB,Basic,Latin America,Technology,2,11
CUST_00324,18.0,0.3333333333333333,0.0,,,99.0,99,3,99,0,Stable,1,SMB,Pro,North America,E-commerce,22,2
CUST_00325,57.2,7.1,0.7857142857142857,,,299.0,299,10,299,0,Stable,0,Enterprise,Pro,North America,Retail,3165,9
CUST_00326,19.3,1.1,0.25,,,99.0,99,10,99,0,Stable,1,SMB,Pro,North America,Education,12,9
CUST_00327,25.666666666666668,1.0,,,,499.0,499,3,499,0,Stable,1,Mid-market,Enterprise,North America,Finance,164,2
CUST_00328,22.80952380952381,1.7619047619047619,0.5,4.0,-32.0,99.0,99,21,99,0,Stable,1,SMB,Pro,North America,Education,30,20
CUST_00329,20.0,0.75,1.0,,,29.0,29,4,29,0,Stable,1,SMB,Basic,Europe,Retail,12,3
CUST_00330,23.666666666666668,2.3333333333333335,,,,29.0,29,6,29,0,Stable,1,SMB,Basic,North America,Education,45,5
CUST_00331,10.333333333333334,1.3333333333333333,0.0,,,29.0,29,3,29,0,Stable,1,SMB,Basic,Europe,Retail,11,2
CUST_00332,26.736842105263158,1.4736842105263157,0.5,,,99.0,99,19,99,0,Stable,1,SMB,Pro,Europe,Technology,35,18
CUST_00333,28.636363636363637,1.5454545454545454,0.5,7.0,25.0,299.0,299,11,299,0,Stable,1,SMB,Enterprise,North America,Finance,12,10
CUST_00334,18.4,1.7,0.5,6.0,2.0,29.0,29,10,29,0,Stable,1,SMB,Basic,North America,Finance,24,9
CUST_00335,27.666666666666668,1.3333333333333333,1.0,,,49.0,49,3,49,0,Stable,1,Mid-market,Basic,Asia-Pacific,Education,448,2
CUST_00336,22.0,1.3636363636363635,0.0,,,29.0,29,11,29,0,Stable,1,SMB,Basic,North America,Healthcare,20,10
CUST_00337,34.875,3.4375,1.0,8.0,21.0,49.0,49,16,49,0,Stable,1,Mid-market,Basic,North America,E-commerce,144,15
CUST_00338,39.333333333333336,4.0,1.0,,,999.0,999,3,999,0,Stable,0,Enterprise,Enterprise,Europe,Education,2460,2
CUST_00339,45.541666666666664,3.5833333333333335,0.625,,,49.0,49,24,49,0,Stable,1,Mid-market,Basic,North America,Finance,74,23
CUST_00340,70.68181818181819,7.863636363636363,0.8888888888888888,,,999.0,999,22,999,0,Stable,0,Enterprise,Enterprise,North America,Education,1345,21
CUST_00341,22.0,1.4285714285714286,0.0,,,29.0,29,7,29,0,Stable,1,SMB,Basic,North America,E-commerce,43,6
CUST_00342,38.3125,4.25,0.5,,,199.0,199,16,199,0,Stable,1,Mid-market,Pro,Europe,Healthcare,467,15
CUST_00343,16.0,2.25,1.0,,,299.0,299,4,299,0,Stable,1,SMB,Enterprise,Europe,Finance,15,3
CUST_00344,25.666666666666668,1.3333333333333333,0.3333333333333333,7.0,20.0,29.0,29,9,29,0,Stable,1,SMB,Basic,North America,Finance,46,8
CUST_00345,40.0625,3.5,0.875,,,49.0,49,16,49,0,Stable,1,Mid-market,Basic,Europe,Education,89,15
CUST_00346,41.095238095238095,3.5714285714285716,0.0,,,49.0,49,21,49,0,Stable,1,Mid-market,Basic,Asia-Pacific,Education,471,20
CUST_00347,38.8235294117647,3.411764705882353,0.42857142857142855,,,199.0,199,17,199,0,Stable,1,Mid-market,Pro,Asia-Pacific,E-commerce,56,16
CUST_00348,19.5,2.375,,6.0,-23.0,99.0,99,8,99,0,Stable,1,SMB,Pro,North America,Finance,5,7
CUST_00349,13.0,0.6666666666666666,0.0,,,29.0,29,3,29,0,Stable,1,SMB,Basic,North America,Finance,15,2
CUST_00350,22.0,1.6666666666666667,,,,49.0,49,3,49,0,Stable,1,Mid-market,Basic,North America,Finance,262,2
CUST_00351,35.588235294117645,3.411764705882353,0.25,,,49.0,49,17,49,0,Stable,1,Mid-market,Basic,Latin America,Finance,213,16
CUST_00352,13.666666666666666,1.6666666666666667,,7.0,24.0,29.0,29,3,29,0,Stable,1,SMB,Basic,Asia-Pacific,Finance,26,2
CUST_00353,27.875,1.875,0.3333333333333333,5.0,4.0,29.0,29,8,29,0,Stable,1,SMB,Basic,Asia-Pacific,Education,35,7
CUST_00354,32.25,6.0,,8.0,40.0,999.0,999,4,999,0,Stable,0,Enterprise,Enterprise,Latin America,Technology,4700,3
CUST_00355,37.27777777777778,3.5555555555555554,0.7333333333333333,,,49.0,49,18,49,0,Stable,1,Mid-market,Basic,Asia-Pacific,Retail,97,17
CUST_00356,29.291666666666668,2.0416666666666665,0.25,5.0,15.0,99.0,99,24,99,0,Stable,1,SMB,Pro,Asia-Pacific,Education,28,23
CUST_00357,7.0,1.0,,,,29.0,29,1,29,0,Stable,1,SMB,Basic,Europe,E-commerce,15,0
CUST_00358,18.25,1.5,1.0,,,99.0,99,4,99,0,Stable,1,SMB,Pro,Europe,Retail,8,3
CUST_00359,24.833333333333332,2.0555555555555554,1.0,6.5,14.0,99.0,99,18,99,0,Stable,1,SMB,Pro,Asia-Pacific,Finance,35,17
CUST_00360,14.0,1.6666666666666667,,,,29.0,29,3,29,0,Stable,1,SMB,Basic,Europe,Technology,36,2
CUST_00361,50.0,7.0,,,,999.0,999,3,999,0,Stable,0,Enterprise,Enterprise,North America,Healthcare,4062,2
CUST_00362,25.285714285714285,0.5714285714285714,1.0,,,29.0,29,7,29,0,Stable,1,SMB,Basic,North America,Technology,32,6
CUST_00363,61.25,7.0,0.75,9.0,73.0,299.0,299,12,299,0,Stable,0,Enterprise,Pro,Latin America,Retail,3493,11
CUST_00364,17.5,0.6666666666666666,0.5,,,29.0,29,6,29,0,Stable,1,SMB,Basic,Europe,Retail,10,5
CUST_00365,26.95,1.95,1.0,,,29.0,29,20,29,0,Stable,1,SMB,Basic,Europe,Technology,32,19
CUST_00366,30.90909090909091,1.8181818181818181,0.5,,,29.0,29,11,29,0,Stable,1,SMB,Basic,North America,Technology,15,10
CUST_00367,78.5,8.1875,1.0,8.0,46.5,299.0,299,16,299,0,Stable,0,Enterprise,Pro,North America,Retail,4197,15
CUST_00368,60.54545454545455,6.7272727272727275,0.75,,,999.0,999,11,999,0,Stable,0,Enterprise,Enterprise,Latin America,Healthcare,4488,10
CUST_00369,43.0,4.3,0.6666666666666666,,,499.0,499,20,499,0,Stable,0,Mid-market,Enterprise,North America,Retail,480,19
CUST_00370,41.0,2.142857142857143,1.0,,,49.0,49,7,49,0,Stable,1,Mid-market,Basic,Asia-Pacific,E-commerce,409,6
CUST_00371,34.0,3.411764705882353,0.6666666666666666,,,199.0,199,17,199,0,Stable,1,Mid-market,Pro,North America,Healthcare,199,16
CUST_00372,23.545454545454547,2.0,0.0,8.0,55.0,29.0,29,11,29,0,Stable,1,SMB,Basic,North America,Finance,29,10
CUST_00373,38.46153846153846,4.461538461538462,0.5625,,,499.0,499,13,499,0,Stable,0,Mid-market,Enterprise,North America,Healthcare,93,12
CUST_00374,24.25,2.0,0.0,,,99.0,99,8,99,0,Stable,1,SMB,Pro,Europe,Retail,19,7
CUST_00375,42.583333333333336,4.25,0.375,7.0,19.0,499.0,499,24,499,0,Stable,0,Mid-market,Enterprise,Asia-Pacific,Retail,160,23
CUST_00376,24.4,1.35,0.0,,,29.0,29,20,29,0,Stable,1,SMB,Basic,Asia-Pacific,Retail,3,19
CUST_00377,22.8,1.4,1.0,,,29.0,29,5,29,0,Stable,1,SMB,Basic,Asia-Pacific,Technology,25,4
CUST_00378,39.36363636363637,4.363636363636363,0.75,,,499.0,499,11,499,0,Stable,0,Mid-market,Enterprise,North America,Healthcare,474,10
CUST_00379,43.38095238095238,2.9523809523809526,0.375,,,199.0,199,21,199,0,Stable,1,Mid-market,Pro,Asia-Pacific,E-commerce,363,20
CUST_00380,36.5,2.1666666666666665,0.0,,,49.0,49,6,49,0,Stable,1,Mid-market,Basic,Latin America,Retail,426,5
CUST_00381,17.5,1.25,0.5,,,29.0,29,4,29,0,Stable,1,SMB,Basic,Latin America,E-commerce,37,3
CUST_00382,19.0,1.0,,,,29.0,29,2,29,0,Stable,1,SMB,Basic,Asia-Pacific,Education,35,1
CUST_00383,24.36842105263158,1.6842105263157894,0.25,,,29.0,29,19,29,0,Stable,1,SMB,Basic,North America,Finance,46,18
CUST_00384,38.5,3.6666666666666665,0.125,,,49.0,49,18,49,0,Stable,1,Mid-market,Basic,Europe,Education,52,17
CUST_00385,11.0,0.0,,,,29.0,29,1,29,0,Stable,1,SMB,Basic,Europe,Education,24,0
CUST_00386,25.0,1.0,1.0,,,29.0,29,6,29,0,Stable,1,SMB,Basic,Asia-Pacific,Education,49,5
CUST_00387,27.5,1.2857142857142858,0.16666666666666666,6.0,13.0,29.0,29,14,29,0,Stable,1,SMB,Basic,Asia-Pacific,Finance,38,13
CUST_00388,45.0,3.1904761904761907,0.3333333333333333,,,199.0,199,21,199,0,Stable,1,Mid-market,Pro,North America,Finance,232,20
CUST_00389,26.428571428571427,2.0,0.16666666666666666,,,29.0,29,21,29,0,Stable,1,SMB,Basic,North America,Education,28,20
CUST_00390,47.5,6.75,1.0,,,999.0,999,4,999,0,Stable,0,Enterprise,Enterprise,North America,Finance,4793,3
CUST_00391,22.4375,1.5,0.0,,,29.0,29,16,29,0,Stable,1,SMB,Basic,Latin America,E-commerce,11,15
CUST_00392,70.3,6.95,0.8541666666666666,,,299.0,299,20,299,0,Stable,0,Enterprise,Pro,North America,Education,2597,19
CUST_00393,15.0,0.25,,,,99.0,99,4,99,0,Stable,1,SMB,Pro,Asia-Pacific,Finance,45,3
CUST_00394,45.0,6.5,1.0,,,299.0,299,4,299,0,Stable,0,Enterprise,Pro,North America,E-commerce,2503,3
CUST_00395,27.782608695652176,1.8695652173913044,0.5,6.5,26.0,99.0,99,23,99,0,Stable,1,SMB,Pro,North America,Education,4,22
CUST_00396,33.75,2.0,,,,199.0,199,4,199,0,Stable,1,Mid-market,Pro,Asia-Pacific,Retail,149,3
CUST_00397,23.94736842105263,2.0,0.75,,,29.0,29,19,29,0,Stable,1,SMB,Basic,Asia-Pacific,Retail,24,18
CUST_00398,15.5,1.75,,,,29.0,29,4,29,0,Stable,1,SMB,Basic,North America,Technology,28,3
CUST_00399,23.9,1.6,0.0,,,99.0,99,10,99,0,Stable,1,SMB,Pro,North America,Technology,31,9
CUST_00400,29.75,1.75,0.5,,,49.0,49,4,49,0,Stable,1,Mid-market,Basic,Europe,Retail,233,3
CUST_00401,27.0,0.25,,,,99.0,99,4,99,0,Stable,1,SMB,Pro,North America,Retail,33,3
CUST_00402,15.428571428571429,2.142857142857143,0.0,6.0,11.5,29.0,29,7,29,0,Stable,1,SMB,Basic,Latin America,Healthcare,15,6
CUST_00403,28.77777777777778,1.8333333333333333,0.0,,,99.0,99,18,99,0,Stable,1,SMB,Pro,Asia-Pacific,E-commerce,21,17
CUST_00404,13.0,1.6666666666666667,,,,99.0,99,3,99,0,Stable,1,SMB,Pro,Europe,Finance,19,2
CUST_00405,78.83333333333333,7.083333333333333,0.75,7.0,5.0,999.0,999,12,999,0,Stable,0,Enterprise,Enterprise,North America,Retail,1394,11
CUST_00406,19.375,1.625,0.0,,,29.0,29,8,29,0,Stable,1,SMB,Basic,Europe,Retail,34,7
CUST_00407,43.0,3.6666666666666665,0.875,,,49.0,49,24,49,0,Stable,1,Mid-market,Basic,Europe,E-commerce,147,23
CUST_00408,18.75,1.75,0.0,,,29.0,29,8,29,0,Stable,1,SMB,Basic,North America,Finance,22,7
CUST_00409,21.0,1.7,0.16666666666666666,7.0,26.0,29.0,29,10,29,0,Stable,1,SMB,Basic,Asia-Pacific,Healthcare,22,9
CUST_00410,10.6,2.8,,,,29.0,29,5,29,0,Stable,1,SMB,Basic,North America,Education,35,4
CUST_00411,30.0,3.0,,,,199.0,199,1,199,0,Stable,1,Mid-market,Pro,North America,Finance,432,0
CUST_00412,39.86363636363637,4.409090909090909,0.14285714285714285,8.5,34.0,199.0,199,22,199,0,Stable,1,Mid-market,Pro,Asia-Pacific,Finance,165,21
CUST_00413,18.2,1.2,0.0,,,99.0,99,5,99,0,Stable,1,SMB,Pro,Asia-Pacific,Technology,49,4
CUST_00414,28.25,1.5,0.0,,,29.0,29,4,29,0,Stable,1,SMB,Basic,Latin America,Healthcare,33,3
CUST_00415,22.666666666666668,1.3333333333333333,,8.0,36.0,29.0,29,6,29,0,Stable,1,SMB,Basic,Europe,Education,43,5
CUST_00416,28.0,2.0,,,,299.0,299,1,299,0,Stable,1,Enterprise,Pro,North America,Technology,3055,0
CUST_00417,38.55555555555556,3.3333333333333335,0.25,,,49.0,49,9,49,0,Stable,1,Mid-market,Basic,North America,Retail,481,8
CUST_00418,15.666666666666666,2.1666666666666665,,,,29.0,29,6,29,0,Stable,1,SMB,Basic,Europe,Education,2,5
CUST_00419,24.25,1.25,0.125,4.0,-21.0,99.0,99,12,99,0,Stable,1,SMB,Pro,Latin America,Healthcare,33,11
CUST_00420,26.941176470588236,1.5294117647058822,,,,29.0,29,17,29,0,Stable,1,SMB,Basic,Asia-Pacific,Finance,48,16
CUST_00421,19.75,1.25,,,,99.0,99,4,99,0,Stable,1,SMB,Pro,North America,E-commerce,32,3
CUST_00422,18.0,2.3333333333333335,0.5,,,199.0,199,3,199,0,Stable,1,Mid-market,Pro,Europe,Retail,424,2
CUST_00423,23.285714285714285,3.7142857142857144,0.6666666666666666,,,49.0,49,7,49,0,Stable,1,Mid-market,Basic,Latin America,Education,272,6
CUST_00424,20.0,2.5,,,,29.0,29,6,29,0,Stable,1,SMB,Basic,North America,Retail,4,5
CUST_00425,11.0,0.6666666666666666,0.5,,,99.0,99,3,99,0,Stable,1,SMB,Pro,North America,Finance,9,2
CUST_00426,68.33333333333333,8.416666666666666,0.75,,,299.0,299,12,299,0,Stable,0,Enterprise,Pro,North America,Education,3490,11
CUST_00427,18.53846153846154,1.3846153846153846,0.375,7.0,22.0,29.0,29,13,29,0,Stable,1,SMB,Basic,Asia-Pacific,Technology,12,12
CUST_00428,16.75,1.625,0.0,,,29.0,29,8,29,0,Stable,1,SMB,Basic,Asia-Pacific,Education,33,7
CUST_00429,4.5,1.0,,,,29.0,29,2,29,0,Stable,1,SMB,Basic,Asia-Pacific,Technology,23,1
CUST_00430,20.57894736842105,1.736842105263158,0.7,,,99.0,99,19,99,0,Stable,1,SMB,Pro,Europe,Education,15,18
CUST_00431,21.166666666666668,0.8333333333333334,,,,29.0,29,6,29,0,Stable,1,SMB,Basic,North America,Technology,28,5
CUST_00432,23.272727272727273,1.3636363636363635,1.0,,,99.0,99,11,99,0,Stable,1,SMB,Pro,Latin America,Education,23,10
CUST_00433,22.333333333333332,3.0,0.0,,,199.0,199,3,199,0,Stable,1,Mid-market,Pro,North America,Retail,192,2
CUST_00434,19.75,1.625,0.0,9.0,26.0,99.0,99,8,99,0,Stable,1,SMB,Pro,Asia-Pacific,Finance,14,7
CUST_00435,23.444444444444443,2.0,0.5,,,99.0,99,9,99,0,Stable,1,SMB,Pro,Asia-Pacific,Education,18,8
CUST_00436,68.14285714285714,8.19047619047619,0.8,8.0,25.5,999.0,999,21,999,0,Stable,0,Enterprise,Enterprise,North America,Healthcare,3097,20
CUST_00437,62.85,6.9,0.8571428571428571,,,999.0,999,20,999,0,Stable,0,Enterprise,Enterprise,Europe,Healthcare,4417,19
CUST_00438,23.625,1.375,1.0,,,29.0,29,8,29,0,Stable,1,SMB,Basic,Latin America,E-commerce,23,7
CUST_00439,31.0,4.333333333333333,,,,299.0,299,3,299,0,Stable,1,Enterprise,Pro,Asia-Pacific,Healthcare,2831,2
CUST_00440,74.47368421052632,8.105263157894736,0.5555555555555556,,,999.0,999,19,999,0,Stable,0,Enterprise,Enterprise,Europe,Healthcare,2031,18
CUST_00441,21.181818181818183,1.6363636363636365,0.0,,,29.0,29,11,29,0,Stable,1,SMB,Basic,North America,Education,30,10
CUST_00442,17.166666666666668,1.3333333333333333,,,,29.0,29,6,29,0,Stable,1,SMB,Basic,Asia-Pacific,Retail,35,5
CUST_00443,33.42857142857143,2.7142857142857144,0.6,,,49.0,49,14,49,0,Stable,1,Mid-market,Basic,Latin America,Education,51,13
CUST_00444,9.0,1.0,,,,99.0,99,2,99,0,Stable,1,SMB,Pro,Asia-Pacific,Finance,48,1
CUST_00445,6.333333333333333,1.0,,,,29.0,29,3,29,0,Stable,1,SMB,Basic,Latin America,E-commerce,21,2
CUST_00446,24.642857142857142,1.8571428571428572,1.0,,,29.0,29,14,29,0,Stable,1,SMB,Basic,North America,Education,9,13
CUST_00447,25.5,3.2,1.0,,,99.0,99,10,99,0,Stable,1,SMB,Pro,Latin America,Technology,1,9
CUST_00448,25.541666666666668,1.7916666666666667,0.6666666666666666,10.0,36.0,29.0,29,24,29,0,Stable,1,SMB,Basic,Latin America,Education,46,23
CUST_00449,24.666666666666668,0.8333333333333334,0.0,,,29.0,29,6,29,0,Stable,1,SMB,Basic,Europe,Education,40,5
CUST_00450,31.142857142857142,3.857142857142857,0.0,,,199.0,199,7,199,0,Stable,1,Mid-market,Pro,Europe,Finance,360,6
CUST_00451,20.25,1.375,1.0,,,29.0,29,8,29,0,Stable,1,SMB,Basic,Europe,Education,22,7
CUST_00452,59.375,8.25,0.5,8.0,29.0,999.0,999,8,999,0,Stable,0,Enterprise,Enterprise,Europe,Retail,1610,7
CUST_00453,77.5625,6.8125,0.875,6.0,20.0,99.0,99,16,99,0,Stable,0,Enterprise,Basic,Europe,Finance,1229,15
CUST_00454,23.266666666666666,1.5333333333333334,0.5,6.0,4.0,29.0,29,15,29,0,Stable,1,SMB,Basic,Europe,Retail,45,14
CUST_00455,25.181818181818183,1.5454545454545454,0.3333333333333333,,,29.0,29,11,29,0,Stable,1,SMB,Basic,North America,Education,13,10
CUST_00456,5.0,0.0,,,,29.0,29,1,29,0,Stable,1,SMB,Basic,Asia-Pacific,E-commerce,20,0
CUST_00457,16.0,1.0,,,,29.0,29,5,29,0,Stable,1,SMB,Basic,North America,E-commerce,41,4
CUST_00458,25.076923076923077,1.6923076923076923,0.0,,,29.0,29,13,29,0,Stable,1,SMB,Basic,North America,Finance,39,12
CUST_00459,69.55555555555556,7.666666666666667,1.0,,,999.0,999,18,999,0,Stable,0,Enterprise,Enterprise,North America,Healthcare,1856,17
CUST_00460,23.583333333333332,2.0,0.0,,,29.0,29,12,29,0,Stable,1,SMB,Basic,Asia-Pacific,Education,8,11
CUST_00461,40.4,3.1,0.5,,,49.0,49,10,49,0,Stable,1,Mid-market,Basic,North America,Finance,350,9
CUST_00462,64.8,5.2,1.0,,,999.0,999,5,999,0,Stable,0,Enterprise,Enterprise,Europe,Retail,4241,4
CUST_00463,18.25,1.0,,,,29.0,29,4,29,0,Stable,1,SMB,Basic,North America,Technology,4,3
CUST_00464,15.5,1.5,1.0,,,29.0,29,2,29,0,Stable,1,SMB,Basic,Europe,Healthcare,40,1
CUST_00465,67.0,7.0,0.8,,,999.0,999,7,999,0,Stable,0,Enterprise,Enterprise,North America,Healthcare,4506,6
CUST_00466,42.095238095238095,4.142857142857143,0.6666666666666666,10.0,49.0,499.0,499,21,499,0,Stable,0,Mid-market,Enterprise,North America,Finance,259,20
CUST_00467,61.166666666666664,6.5,0.75,7.0,17.0,999.0,999,6,999,0,Stable,0,Enterprise,Enterprise,North America,Education,3001,5
CUST_00468,18.333333333333332,1.0,0.0,,,199.0,199,3,199,0,Stable,1,Mid-market,Pro,Europe,Healthcare,345,2
CUST_00469,24.375,1.6875,0.0,,,29.0,29,16,29,0,Stable,1,SMB,Basic,Europe,Healthcare,45,15
CUST_00470,22.384615384615383,1.5384615384615385,0.0,,,29.0,29,13,29,0,Stable,1,SMB,Basic,Asia-Pacific,Retail,38,12
CUST_00471,42.733333333333334,3.466666666666667,0.3333333333333333,7.0,20.0,199.0,199,15,199,0,Stable,1,Mid-market,Pro,North America,Healthcare,122,14
CUST_00472,19.25,1.75,0.0,,,29.0,29,4,29,0,Stable,1,SMB,Basic,Europe,Healthcare,44,3
CUST_00473,25.82608695652174,1.6956521739130435,0.3333333333333333,,,29.0,29,23,29,0,Stable,1,SMB,Basic,North America,Technology,36,22
CUST_00474,17.5,3.5,,,,199.0,199,2,199,0,Stable,1,Mid-market,Pro,Europe,Education,245,1
CUST_00475,53.36363636363637,6.181818181818182,0.75,,,299.0,299,11,299,0,Stable,0,Enterprise,Pro,North America,Education,3773,10
CUST_00476,23.6,1.2,0.0,,,29.0,29,10,29,0,Stable,1,SMB,Basic,Europe,Healthcare,49,9
CUST_00477,28.0,3.0,1.0,,,199.0,199,6,199,0,Stable,1,Mid-market,Pro,Europe,Education,370,5
CUST_00478,45.24,3.88,0.3333333333333333,8.0,34.5,49.0,49,25,49,0,Stable,1,Mid-market,Basic,North America,Finance,393,23
CUST_00479,26.1,1.2,1.0,,,29.0,29,10,29,0,Stable,1,SMB,Basic,North America,Technology,43,9
CUST_00480,21.0,1.3,0.0,,,29.0,29,10,29,0,Stable,1,SMB,Basic,Asia-Pacific,E-commerce,15,9
CUST_00481,24.375,2.125,0.25,,,99.0,99,16,99,0,Stable,1,SMB,Pro,North America,Finance,37,15
CUST_00482,74.56521739130434,7.086956521739131,0.8181818181818182,,,999.0,999,23,999,0,Stable,0,Enterprise,Enterprise,Europe,Education,1296,22
CUST_00483,37.27272727272727,2.772727272727273,0.6111111111111112,7.5,35.5,49.0,49,22,49,0,Stable,1,Mid-market,Basic,North America,Retail,327,21
CUST_00484,68.0909090909091,7.818181818181818,0.9,,,999.0,999,22,999,0,Stable,0,Enterprise,Enterprise,Europe,Finance,2890,21
CUST_00485,37.0,2.8333333333333335,0.0,,,199.0,199,6,199,0,Stable,1,Mid-market,Pro,North America,Technology,479,5
CUST_00486,22.25,1.5833333333333333,1.0,7.0,13.0,299.0,299,12,299,0,Stable,1,SMB,Enterprise,North America,Education,28,11
CUST_00487,73.6,8.0,0.8,,,299.0,299,15,299,0,Stable,0,Enterprise,Pro,Europe,Technology,3670,14
CUST_00488,28.952380952380953,2.0952380952380953,1.0,,,99.0,99,21,99,0,Stable,1,SMB,Pro,North America,Healthcare,21,20
CUST_00489,28.285714285714285,1.7142857142857142,1.0,,,29.0,29,7,29,0,Stable,1,SMB,Basic,Latin America,Education,27,6
CUST_00490,22.5,2.1,0.5,7.0,25.0,29.0,29,10,29,0,Stable,1,SMB,Basic,North America,Education,11,9
CUST_00491,24.875,0.75,1.0,8.0,25.0,99.0,99,8,99,0,Stable,1,SMB,Pro,Europe,Education,12,7
CUST_00492,18.2,2.2,0.0,,,29.0,29,5,29,0,Stable,1,SMB,Basic,Europe,Education,32,4
CUST_00493,27.0,1.4,,,,29.0,29,5,29,0,Stable,1,SMB,Basic,Europe,E-commerce,24,4
CUST_00494,20.90909090909091,1.0,0.5,,,29.0,29,11,29,0,Stable,1,SMB,Basic,North America,Retail,17,10
CUST_00495,32.0,4.0,1.0,,,999.0,999,2,999,0,Stable,0,Enterprise,Enterprise,Asia-Pacific,Education,4322,1
CUST_00496,25.923076923076923,1.8461538461538463,0.0,7.0,25.0,299.0,299,13,299,0,Stable,1,SMB,Enterprise,North America,Education,17,12
CUST_00497,24.25,1.6,0.2,,,29.0,29,20,29,0,Stable,1,SMB,Basic,Europe,Finance,46,19
CUST_00498,35.0,7.0,1.0,,,99.0,99,1,99,0,Stable,0,Enterprise,Basic,Asia-Pacific,E-commerce,4406,0
CUST_00499,21.833333333333332,1.5,0.0,,,29.0,29,6,29,0,Stable,1,SMB,Basic,North America,Finance,2,5
CUST_00500,11.5,1.0,0.0,,,29.0,29,2,29,0,Stable,1,SMB,Basic,Asia-Pacific,Retail,35,1
CUST_00501,16.818181818181817,2.090909090909091,1.0,7.0,23.0,299.0,299,11,299,0,Stable,1,SMB,Enterprise,North America,E-commerce,1,10
CUST_00502,39.53333333333333,3.6,0.6666666666666666,,,199.0,199,15,199,0,Stable,1,Mid-market,Pro,North America,Finance,185,14
CUST_00503,19.25,1.75,0.0,,,199.0,199,4,199,0,Stable,1,Mid-market,Pro,Asia-Pacific,Education,240,3
CUST_00504,12.4,1.2,0.0,,,99.0,99,5,99,0,Stable,1,SMB,Pro,Europe,E-commerce,30,4
CUST_00505,28.307692307692307,1.6153846153846154,0.5,6.0,-1.0,29.0,29,13,29,0,Stable,1,SMB,Basic,Asia-Pacific,E-commerce,45,12
CUST_00506,25.6,1.8,0.5,,,29.0,29,15,29,0,Stable,1,SMB,Basic,North America,E-commerce,40,14
CUST_00507,11.333333333333334,1.6666666666666667,1.0,7.0,9.0,99.0,99,3,99,0,Stable,1,SMB,Pro,North America,E-commerce,2,2
CUST_00508,23.4,0.8,0.3333333333333333,7.5,39.5,29.0,29,10,29,0,Stable,1,SMB,Basic,Latin America,Education,3,8
CUST_00509,65.82352941176471,8.294117647058824,0.8541666666666666,,,999.0,999,17,999,0,Stable,0,Enterprise,Enterprise,North America,Healthcare,2088,16
CUST_00510,18.0,2.3333333333333335,,,,29.0,29,3,29,0,Stable,1,SMB,Basic,Europe,Finance,19,2
CUST_00511,43.785714285714285,3.2142857142857144,0.5833333333333334,,,49.0,49,14,49,0,Stable,1,Mid-market,Basic,Europe,E-commerce,103,13
CUST_00512,46.0,2.3333333333333335,0.5,,,199.0,199,6,199,0,Stable,1,Mid-market,Pro,Asia-Pacific,Technology,102,5
CUST_00513,28.0,1.7272727272727273,0.25,6.0,-1.0,29.0,29,11,29,0,Stable,1,SMB,Basic,North America,Education,23,10
CUST_00514,25.11111111111111,0.8888888888888888,0.0,,,29.0,29,9,29,0,Stable,1,SMB,Basic,North America,Technology,34,8
CUST_00515,19.25,0.5,,,,99.0,99,4,99,0,Stable,1,SMB,Pro,North America,Retail,29,3
CUST_00516,45.36842105263158,4.0,0.5,8.0,40.0,199.0,199,19,199,0,Stable,0,Mid-market,Pro,North America,Retail,355,18
CUST_00517,24.833333333333332,1.8333333333333333,0.0,,,99.0,99,12,99,0,Stable,1,SMB,Pro,Latin America,Finance,1,11
CUST_00518,16.5,1.75,,,,99.0,99,4,99,0,Stable,1,SMB,Pro,Europe,Education,18,3
CUST_00519,23.2,1.5,0.0,,,29.0,29,20,29,0,Stable,1,SMB,Basic,Asia-Pacific,Education,17,19
CUST_00520,15.0,2.0,,,,29.0,29,2,29,0,Stable,1,SMB,Basic,Europe,Education,10,1
CUST_00521,24.842105263157894,1.736842105263158,0.0,6.0,4.0,99.0,99,19,99,0,Stable,1,SMB,Pro,North America,Finance,24,18
CUST_00522,63.57142857142857,5.428571428571429,1.0,,,999.0,999,7,999,0,Stable,0,Enterprise,Enterprise,North America,E-commerce,1816,6
CUST_00523,16.5,1.0,0.0,,,29.0,29,2,29,0,Stable,1,SMB,Basic,Europe,Retail,48,1
CUST_00524,30.666666666666668,2.3333333333333335,,,,199.0,199,3,199,0,Stable,1,Mid-market,Pro,North America,Retail,62,2
CUST_00525,18.454545454545453,2.090909090909091,,,,29.0,29,11,29,0,Stable,1,SMB,Basic,North America,Technology,9,10
CUST_00526,23.75,1.25,0.5,,,99.0,99,8,99,0,Stable,1,SMB,Pro,Asia-Pacific,Retail,23,7
CUST_00527,13.5,0.5,,,,29.0,29,2,29,0,Stable,1,SMB,Basic,Asia-Pacific,Education,28,1
CUST_00528,39.42857142857143,4.142857142857143,0.5,,,199.0,199,14,199,0,Stable,1,Mid-market,Pro,North America,E-commerce,405,13
CUST_00529,24.0,2.142857142857143,,,,29.0,29,7,29,0,Stable,1,SMB,Basic,Asia-Pacific,Retail,10,6
CUST_00530,22.4,1.8,,,,99.0,99,5,99,0,Stable,1,SMB,Pro,North America,E-commerce,38,4
CUST_00531,21.6,1.0,,,,29.0,29,5,29,0,Stable,1,SMB,Basic,Europe,E-commerce,24,4
CUST_00532,30.714285714285715,1.8571428571428572,0.0,,,299.0,299,7,299,0,Stable,1,SMB,Enterprise,North America,Education,1,6
CUST_00533,38.80952380952381,3.4285714285714284,0.7777777777777778,6.0,1.0,199.0,199,21,199,0,Stable,1,Mid-market,Pro,Latin America,Education,332,20
CUST_00534,30.0,1.25,0.0,,,99.0,99,8,99,0,Stable,1,SMB,Pro,North America,E-commerce,37,7
CUST_00535,23.8,1.2,0.5,,,29.0,29,5,29,0,Stable,1,SMB,Basic,Asia-Pacific,Retail,7,4
CUST_00536,13.5,1.5,,,,29.0,29,4,29,0,Stable,1,SMB,Basic,Europe,Finance,7,3
CUST_00537,41.470588235294116,3.823529411764706,0.6666666666666666,7.0,12.0,49.0,49,17,49,0,Stable,1,Mid-market,Basic,Asia-Pacific,Healthcare,266,16
CUST_00538,22.875,1.5,1.0,,,29.0,29,8,29,0,Stable,1,SMB,Basic,Latin America,Education,29,7
CUST_00539,60.125,8.25,1.0,,,999.0,999,8,999,0,Stable,0,Enterprise,Enterprise,Asia-Pacific,Finance,1741,7
CUST_00540,58.375,5.375,1.0,,,999.0,999,8,999,0,Stable,0,Enterprise,Enterprise,Europe,Finance,1479,7
CUST_00541,37.4,3.0,0.6,,,199.0,199,10,199,0,Stable,1,Mid-market,Pro,North America,E-commerce,108,9
CUST_00542,25.833333333333332,1.5,,,,29.0,29,6,29,0,Stable,1,SMB,Basic,Asia-Pacific,Technology,45,5
CUST_00543,23.923076923076923,2.076923076923077,0.16666666666666666,,,99.0,99,13,99,0,Stable,1,SMB,Pro,North America,Education,28,12
CUST_00544,42.75,3.25,,,,499.0,499,8,499,0,Stable,1,Mid-market,Enterprise,North America,E-commerce,237,7
CUST_00545,44.5,5.333333333333333,0.3333333333333333,,,999.0,999,6,999,0,Stable,0,Enterprise,Enterprise,Asia-Pacific,Technology,2552,5
CUST_00546,32.2,2.0,0.5,8.0,33.0,199.0,199,5,199,0,Stable,1,Mid-market,Pro,Europe,E-commerce,471,4
CUST_00547,27.458333333333332,1.9583333333333333,0.3333333333333333,,,99.0,99,24,99,0,Stable,1,SMB,Pro,North America,E-commerce,38,23
CUST_00548,32.333333333333336,2.8333333333333335,0.0,,,199.0,199,6,199,0,Stable,1,Mid-market,Pro,North America,Technology,272,5
CUST_00549,28.25,2.5,0.0,8.0,33.0,29.0,29,24,29,0,Stable,1,SMB,Basic,Latin America,Education,44,23
CUST_00550,25.263157894736842,1.736842105263158,0.0,9.0,51.0,299.0,299,19,299,0,Stable,1,SMB,Enterprise,Latin America,Technology,28,18
CUST_00551,64.375,7.75,1.0,,,299.0,299,8,299,0,Stable,0,Enterprise,Pro,Europe,Healthcare,3243,7
CUST_00552,39.5,4.5,,,,999.0,999,2,999,0,Stable,0,Enterprise,Enterprise,Europe,Healthcare,1369,1
CUST_00553,24.526315789473685,1.1578947368421053,0.25,5.0,17.0,99.0,99,19,99,0,Stable,1,SMB,Pro,Latin America,Finance,34,18
CUST_00554,53.25,4.75,1.0,,,999.0,999,4,999,0,Stable,0,Enterprise,Enterprise,Latin America,Technology,1019,3
CUST_00555,71.75,7.25,0.9166666666666666,,,999.0,999,20,999,0,Stable,0,Enterprise,Enterprise,North America,Education,4782,19
CUST_00556,24.0,2.2,1.0,,,99.0,99,5,99,0,Stable,1,SMB,Pro,Europe,E-commerce,37,4
CUST_00557,41.68181818181818,2.5,0.7777777777777778,,,199.0,199,22,199,0,Stable,1,Mid-market,Pro,North America,Education,220,21
CUST_00558,40.0,3.0,,,,49.0,49,1,49,0,Stable,1,Mid-market,Basic,North America,Healthcare,204,0
CUST_00559,21.0,2.4615384615384617,0.3333333333333333,,,29.0,29,13,29,0,Stable,1,SMB,Basic,Latin America,Technology,27,12
CUST_00560,51.285714285714285,5.571428571428571,1.0,,,99.0,99,7,99,0,Stable,0,Enterprise,Basic,Europe,Finance,4406,6
CUST_00561,28.3,4.1,1.0,,,499.0,499,10,499,0,Stable,1,Mid-market,Enterprise,Europe,Retail,395,9
CUST_00562,42.0,0.0,,,,499.0,499,1,499,0,Stable,1,Mid-market,Enterprise,Europe,Finance,140,0
CUST_00563,37.40909090909091,3.6363636363636362,0.9375,8.0,29.5,49.0,49,22,49,0,Stable,1,Mid-market,Basic,Latin America,Technology,453,21
CUST_00564,13.0,1.0,,,,99.0,99,3,99,0,Stable,1,SMB,Pro,North America,Retail,1,2
CUST_00565,27.181818181818183,1.0,0.5,,,29.0,29,11,29,0,Stable,1,SMB,Basic,Latin America,Retail,5,10
CUST_00566,25.75,1.625,0.4,,,29.0,29,16,29,0,Stable,1,SMB,Basic,North America,Healthcare,19,15
CUST_00567,24.238095238095237,1.6666666666666667,0.5,,,99.0,99,21,99,0,Stable,1,SMB,Pro,Latin America,Technology,21,20
CUST_00568,39.44444444444444,3.3333333333333335,0.3333333333333333,,,199.0,199,9,199,0,Stable,1,Mid-market,Pro,North America,Technology,270,8
CUST_00569,19.833333333333332,0.6666666666666666,,,,29.0,29,6,29,0,Stable,1,SMB,Basic,North America,E-commerce,27,5
CUST_00570,67.625,8.5,0.6666666666666666,,,999.0,999,16,999,0,Stable,0,Enterprise,Enterprise,Asia-Pacific,Healthcare,4107,15
CUST_00571,34.714285714285715,3.7142857142857144,1.0,,,49.0,49,7,49,0,Stable,1,Mid-market,Basic,Europe,Retail,230,6
CUST_00572,27.625,1.25,0.6,,,99.0,99,16,99,0,Stable,1,SMB,Pro,Europe,E-commerce,41,15
CUST_00573,17.75,1.125,0.0,,,29.0,29,8,29,0,Stable,1,SMB,Basic,Asia-Pacific,Finance,40,7
CUST_00574,17.916666666666668,1.4166666666666667,0.5,6.5,12.0,29.0,29,12,29,0,Stable,1,SMB,Basic,North America,Education,22,11
CUST_00575,34.7,3.0,0.6666666666666666,,,199.0,199,10,199,0,Stable,1,Mid-market,Pro,Asia-Pacific,Retail,392,9
CUST_00576,66.07142857142857,7.857142857142857,0.8095238095238094,,,999.0,999,14,999,0,Stable,0,Enterprise,Enterprise,North America,Healthcare,3950,13
CUST_00577,42.43478260869565,3.739130434782609,0.375,,,499.0,499,23,499,0,Stable,1,Mid-market,Enterprise,North America,E-commerce,198,22
CUST_00578,24.125,1.5,0.0,,,29.0,29,16,29,0,Stable,1,SMB,Basic,North America,Technology,34,15
CUST_00579,23.6875,1.8125,1.0,,,299.0,299,16,299,0,Stable,1,SMB,Enterprise,Europe,Technology,17,15
CUST_00580,11.5,0.0,,,,99.0,99,2,99,0,Stable,1,SMB,Pro,Europe,Finance,49,1
CUST_00581,23.0,1.0,0.0,,,29.0,29,5,29,0,Stable,1,SMB,Basic,Europe,Retail,2,4
CUST_00582,26.38095238095238,1.2380952380952381,0.3333333333333333,,,29.0,29,21,29,0,Stable,1,SMB,Basic,Latin America,E-commerce,23,20
CUST_00583,36.5,4.333333333333333,0.0,,,499.0,499,12,499,0,Stable,1,Mid-market,Enterprise,North America,Retail,218,11
CUST_00584,23.4,0.6,0.0,,,29.0,29,5,29,0,Stable,1,SMB,Basic,Latin America,Education,3,4
CUST_00585,43.69230769230769,3.8461538461538463,0.9166666666666666,,,199.0,199,13,199,0,Stable,1,Mid-market,Pro,Latin America,Finance,114,12
CUST_00586,23.428571428571427,1.7142857142857142,0.5,,,99.0,99,7,99,0,Stable,1,SMB,Pro,North America,Education,19,6
CUST_00587,46.17391304347826,2.9565217391304346,0.75,8.0,30.0,49.0,49,23,49,0,Stable,1,Mid-market,Basic,Europe,Technology,211,22
CUST_00588,15.0,1.0,,,,29.0,29,1,29,0,Stable,1,SMB,Basic,Asia-Pacific,Finance,33,0
CUST_00589,27.42105263157895,1.736842105263158,0.375,,,29.0,29,19,29,0,Stable,1,SMB,Basic,Europe,Healthcare,40,18
CUST_00590,64.71428571428571,7.142857142857143,1.0,8.0,17.0,999.0,999,7,999,0,Stable,0,Enterprise,Enterprise,North America,Healthcare,1981,6
CUST_00591,17.75,1.25,0.25,,,29.0,29,4,29,0,Stable,1,SMB,Basic,Latin America,Technology,37,3
CUST_00592,28.0,2.142857142857143,,,,99.0,99,7,99,0,Stable,1,SMB,Pro,Asia-Pacific,Technology,19,6
CUST_00593,26.789473684210527,1.5789473684210527,0.3333333333333333,,,29.0,29,19,29,0,Stable,1,SMB,Basic,North America,Education,12,18
CUST_00594,24.45,2.15,0.23076923076923078,,,29.0,29,20,29,0,Stable,1,SMB,Basic,Europe,Education,33,19
CUST_00595,39.5,4.375,0.5,,,199.0,199,8,199,0,Stable,1,Mid-market,Pro,North America,E-commerce,82,7
CUST_00596,13.0,1.0,,,,29.0,29,2,29,0,Stable,1,SMB,Basic,North America,E-commerce,2,1
CUST_00597,19.333333333333332,2.0,,,,299.0,299,6,299,0,Stable,1,SMB,Enterprise,Asia-Pacific,Education,15,5
CUST_00598,28.0,1.0,0.0,,,29.0,29,1,29,0,Stable,1,SMB,Basic,Europe,E-commerce,20,0
CUST_00599,27.125,2.0,0.6666666666666666,,,99.0,99,24,99,0,Stable,1,SMB,Pro,Latin America,Retail,26,23
CUST_00600,24.0,1.0,0.0,,,29.0,29,6,29,0,Stable,1,SMB,Basic,Europe,E-commerce,28,5
CUST_00601,24.857142857142858,1.5,0.0,6.0,17.0,29.0,29,14,29,0,Stable,1,SMB,Basic,Europe,Education,27,13
CUST_00602,10.0,1.0,,,,29.0,29,2,29,0,Stable,1,SMB,Basic,Europe,Technology,35,1
CUST_00603,35.36363636363637,3.8181818181818183,0.5,,,199.0,199,11,199,0,Stable,1,Mid-market,Pro,Latin America,E-commerce,476,10
CUST_00604,22.9,1.4,0.5,6.0,6.0,29.0,29,10,29,0,Stable,1,SMB,Basic,North America,E-commerce,41,9
CUST_00605,25.95,1.35,0.2,8.0,38.0,29.0,29,20,29,0,Stable,1,SMB,Basic,North America,Technology,34,19
CUST_00606,24.0,1.6,0.3333333333333333,7.0,18.0,29.0,29,20,29,0,Stable,1,SMB,Basic,Asia-Pacific,Retail,6,19
CUST_00607,24.0,1.8,0.5,,,29.0,29,10,29,0,Stable,1,SMB,Basic,North America,Finance,19,9
CUST_00608,23.63157894736842,1.5789473684210527,0.25,,,29.0,29,19,29,0,Stable,1,SMB,Basic,Asia-Pacific,Healthcare,48,18
CUST_00609,25.0625,2.375,1.0,,,99.0,99,16,99,0,Stable,1,SMB,Pro,North America,Retail,1,15
CUST_00610,21.866666666666667,1.2666666666666666,0.6666666666666666,,,29.0,29,15,29,0,Stable,1,SMB,Basic,Latin America,Education,10,14
CUST_00611,35.09090909090909,2.4545454545454546,1.0,,,199.0,199,11,199,0,Stable,1,Mid-market,Pro,Latin America,E-commerce,194,10
CUST_00612,41.333333333333336,3.0833333333333335,0.25,9.0,47.0,49.0,49,12,49,0,Stable,1,Mid-market,Basic,Asia-Pacific,Education,176,11
CUST_00613,21.363636363636363,1.1818181818181819,0.5,,,29.0,29,11,29,0,Stable,1,SMB,Basic,Europe,Finance,27,10
CUST_00614,20.6,1.8,1.0,,,29.0,29,5,29,0,Stable,1,SMB,Basic,North America,Retail,20,4
CUST_00615,22.625,1.125,0.5,,,29.0,29,8,29,0,Stable,1,SMB,Basic,North America,Education,33,7
CUST_00616,25.53846153846154,1.3076923076923077,0.0,,,29.0,29,13,29,0,Stable,1,SMB,Basic,Europe,Healthcare,3,12
CUST_00617,25.785714285714285,2.2857142857142856,0.0,7.0,2.0,29.0,29,14,29,0,Stable,1,SMB,Basic,Latin America,E-commerce,10,13
CUST_00618,40.15384615384615,3.3076923076923075,0.5833333333333334,,,499.0,499,13,499,0,Stable,1,Mid-market,Enterprise,North America,Healthcare,223,12
CUST_00619,41.333333333333336,3.1666666666666665,,,,199.0,199,12,199,0,Stable,1,Mid-market,Pro,Europe,Healthcare,228,11
CUST_00620,20.5,1.375,,,,99.0,99,8,99,0,Stable,1,SMB,Pro,Asia-Pacific,E-commerce,39,7
CUST_00621,59.166666666666664,7.0,0.4,,,999.0,999,12,999,0,Stable,0,Enterprise,Enterprise,Asia-Pacific,Finance,3758,11
CUST_00622,74.1,7.3,0.6,,,999.0,999,10,999,0,Stable,0,Enterprise,Enterprise,Europe,E-commerce,2967,9
CUST_00623,40.5,2.75,1.0,,,499.0,499,4,499,0,Stable,1,Mid-market,Enterprise,Europe,Education,112,3
CUST_00624,21.666666666666668,2.6666666666666665,1.0,,,199.0,199,3,199,0,Stable,1,Mid-market,Pro,North America,Finance,305,2
CUST_00625,27.95,2.05,0.0,,,29.0,29,20,29,0,Stable,1,SMB,Basic,North America,Education,1,19
CUST_00626,25.708333333333332,1.875,0.14285714285714285,,,29.0,29,24,29,0,Stable,1,SMB,Basic,Latin America,Retail,21,23
CUST_00627,28.0,2.6666666666666665,0.0,,,499.0,499,3,499,0,Stable,1,Mid-market,Enterprise,Latin America,Technology,158,2
CUST_00628,34.75,3.125,1.0,,,49.0,49,8,49,0,Stable,1,Mid-market,Basic,North America,Finance,189,7
CUST_00629,15.9,2.4,0.0,,,29.0,29,10,29,0,Stable,1,SMB,Basic,North America,Retail,24,9
CUST_00630,45.8421052631579,2.9473684210526314,0.6111111111111112,7.0,17.0,49.0,49,19,49,0,Stable,1,Mid-market,Basic,North America,Finance,226,18
CUST_00631,18.0,2.4,0.5,,,29.0,29,5,29,0,Stable,1,SMB,Basic,North America,Retail,9,4
CUST_00632,20.583333333333332,1.75,0.16666666666666666,9.0,39.0,29.0,29,24,29,0,Stable,1,SMB,Basic,Europe,E-commerce,5,23
CUST_00633,61.2,7.1,0.9,,,299.0,299,10,299,0,Stable,0,Enterprise,Pro,Europe,Healthcare,3442,9
CUST_00634,17.0,1.0,,,,29.0,29,1,29,0,Stable,1,SMB,Basic,Asia-Pacific,Finance,47,0
CUST_00635,16.25,0.75,0.0,,,29.0,29,4,29,0,Stable,1,SMB,Basic,Asia-Pacific,Finance,6,3
CUST_00636,21.5,1.5,,6.0,9.0,29.0,29,4,29,0,Stable,1,SMB,Basic,North America,Retail,43,3
CUST_00637,67.0909090909091,7.090909090909091,0.5,,,299.0,299,11,299,0,Stable,0,Enterprise,Pro,Europe,Technology,614,10
CUST_00638,18.5,0.0,0.0,,,29.0,29,2,29,0,Stable,1,SMB,Basic,North America,E-commerce,47,1
CUST_00639,24.85,1.35,0.0,,,29.0,29,20,29,0,Stable,1,SMB,Basic,Europe,Education,43,19
CUST_00640,25.25,0.875,0.0,,,99.0,99,8,99,0,Stable,1,SMB,Pro,Europe,Retail,10,7
CUST_00641,39.421052631578945,2.9473684210526314,0.4,6.0,8.0,49.0,49,19,49,0,Stable,1,Mid-market,Basic,Europe,Technology,295,18
CUST_00642,16.5,0.5,1.0,,,29.0,29,2,29,0,Stable,1,SMB,Basic,Europe,Retail,29,1
CUST_00643,19.4,0.8,1.0,,,29.0,29,5,29,0,Stable,1,SMB,Basic,North America,Finance,49,4
CUST_00644,27.4,1.1,0.3333333333333333,,,29.0,29,10,29,0,Stable,1,SMB,Basic,Asia-Pacific,Finance,17,9
CUST_00645,28.105263157894736,1.6842105263157894,0.0,5.0,-16.0,29.0,29,19,29,0,Stable,1,SMB,Basic,Europe,Finance,32,18
CUST_00646,67.5,8.083333333333334,0.75,8.0,62.0,999.0,999,12,999,0,Stable,0,Enterprise,Enterprise,Europe,Retail,4404,11
CUST_00647,24.333333333333332,2.3333333333333335,0.5,,,499.0,499,3,499,0,Stable,1,Mid-market,Enterprise,North America,Healthcare,167,2
CUST_00648,20.0,1.3333333333333333,1.0,,,29.0,29,18,29,0,Stable,1,SMB,Basic,Europe,Technology,15,17
CUST_00649,27.7,1.95,0.4,,,29.0,29,20,29,0,Stable,1,SMB,Basic,Latin America,Technology,48,19
CUST_00650,12.0,1.0,,,,99.0,99,2,99,0,Stable,1,SMB,Pro,North America,Education,40,1
CUST_00651,48.8,3.066666666666667,0.6,10.0,53.0,199.0,199,15,199,0,Stable,0,Mid-market,Pro,North America,Retail,371,14
CUST_00652,40.111111111111114,3.7777777777777777,0.75,,,199.0,199,9,199,0,Stable,1,Mid-market,Pro,Europe,Finance,270,8
CUST_00653,26.428571428571427,2.357142857142857,0.5,,,29.0,29,14,29,0,Stable,1,SMB,Basic,Asia-Pacific,Healthcare,4,13
CUST_00654,26.25,1.875,,5.0,5.0,29.0,29,8,29,0,Stable,1,SMB,Basic,Latin America,Healthcare,30,7
CUST_00655,22.5,0.0,,,,499.0,499,2,499,0,Stable,1,Mid-market,Enterprise,North America,Retail,173,1
CUST_00656,32.55555555555556,2.7777777777777777,0.875,,,199.0,199,9,199,0,Stable,1,Mid-market,Pro,Europe,Retail,250,8
CUST_00657,22.0,1.3125,0.6666666666666666,6.0,-7.0,29.0,29,16,29,0,Stable,1,SMB,Basic,Asia-Pacific,E-commerce,17,15
CUST_00658,40.15384615384615,3.1538461538461537,0.0,9.0,37.0,199.0,199,13,199,0,Stable,1,Mid-market,Pro,North America,Finance,141,12
CUST_00659,23.5,2.125,0.0,,,29.0,29,16,29,0,Stable,1,SMB,Basic,Latin America,Technology,23,15
CUST_00660,37.0,2.5,0.3333333333333333,,,499.0,499,6,499,0,Stable,1,Mid-market,Enterprise,Europe,Finance,475,5
CUST_00661,8.0,1.0,,,,99.0,99,2,99,0,Stable,1,SMB,Pro,North America,Healthcare,45,1
CUST_00662,25.333333333333332,2.1666666666666665,1.0,,,99.0,99,6,99,0,Stable,1,SMB,Pro,Asia-Pacific,Education,16,5
CUST_00663,17.0,0.6,0.5,8.0,25.0,29.0,29,5,29,0,Stable,1,SMB,Basic,Asia-Pacific,Healthcare,18,4
CUST_00664,47.642857142857146,3.4285714285714284,0.75,,,49.0,49,14,49,0,Stable,1,Mid-market,Basic,Europe,E-commerce,244,13
CUST_00665,20.5,2.0,,,,49.0,49,2,49,0,Stable,1,Mid-market,Basic,North America,E-commerce,205,1
CUST_00666,21.555555555555557,1.6666666666666667,,,,29.0,29,9,29,0,Stable,1,SMB,Basic,North America,E-commerce,15,8
CUST_00667,41.5,2.7777777777777777,0.25,9.0,30.0,199.0,199,18,199,0,Stable,1,Mid-market,Pro,Asia-Pacific,E-commerce,406,17
CUST_00668,25.875,1.0,0.5,,,29.0,29,8,29,0,Stable,1,SMB,Basic,Europe,Retail,22,7
CUST_00669,25.0,1.625,0.0,,,99.0,99,8,99,0,Stable,1,SMB,Pro,Europe,Finance,46,7
CUST_00670,21.5,1.5,1.0,,,199.0,199,2,199,0,Stable,1,Mid-market,Pro,Latin America,E-commerce,281,1
CUST_00671,76.2,5.8,0.8,,,999.0,999,10,999,0,Stable,0,Enterprise,Enterprise,Asia-Pacific,Technology,1705,9
CUST_00672,25.666666666666668,2.1666666666666665,0.5,,,299.0,299,6,299,0,Stable,1,SMB,Enterprise,Latin America,Healthcare,27,5
CUST_00673,40.111111111111114,3.6666666666666665,1.0,7.0,33.0,49.0,49,9,49,0,Stable,1,Mid-market,Basic,North America,Healthcare,192,8
CUST_00674,23.545454545454547,1.4545454545454546,,,,29.0,29,11,29,0,Stable,1,SMB,Basic,Latin America,Education,21,10
CUST_00675,22.25,1.125,0.25,6.0,19.0,29.0,29,8,29,0,Stable,1,SMB,Basic,Asia-Pacific,Education,35,7
CUST_00676,14.6,2.0,,,,99.0,99,5,99,0,Stable,1,SMB,Pro,Asia-Pacific,Technology,36,4
CUST_00677,27.0,1.0,,,,199.0,199,2,199,0,Stable,1,Mid-market,Pro,Latin America,Healthcare,246,1
CUST_00678,23.1,2.25,0.3333333333333333,7.0,19.0,29.0,29,20,29,0,Stable,1,SMB,Basic,Europe,Finance,19,19
CUST_00679,22.0,1.5,,,,49.0,49,2,49,0,Stable,1,Mid-market,Basic,North America,Retail,260,1
CUST_00680,38.333333333333336,4.333333333333333,0.5,,,299.0,299,3,299,0,Stable,1,Enterprise,Pro,Europe,Finance,4134,2
CUST_00681,45.333333333333336,4.333333333333333,,,,999.0,999,3,999,0,Stable,0,Enterprise,Enterprise,Europe,Retail,1537,2
CUST_00682,65.0,5.0,,,,999.0,999,1,999,0,Stable,0,Enterprise,Enterprise,Asia-Pacific,Healthcare,1598,0
CUST_00683,38.4,3.4,0.7142857142857143,9.0,28.0,49.0,49,15,49,0,Stable,1,Mid-market,Basic,Asia-Pacific,Healthcare,231,14
CUST_00684,21.666666666666668,1.0,0.0,,,99.0,99,9,99,0,Stable,1,SMB,Pro,Europe,Education,40,8
CUST_00685,12.75,1.25,,,,29.0,29,4,29,0,Stable,1,SMB,Basic,Latin America,Finance,20,3
CUST_00686,31.3,3.1,0.5,,,199.0,199,10,199,0,Stable,1,Mid-market,Pro,Europe,Healthcare,345,9
CUST_00687,37.95238095238095,4.428571428571429,0.42857142857142855,,,499.0,499,21,499,0,Stable,0,Mid-market,Enterprise,Europe,Education,143,20
CUST_00688,23.833333333333332,1.3333333333333333,0.6666666666666666,,,29.0,29,6,29,0,Stable,1,SMB,Basic,Europe,E-commerce,26,5
CUST_00689,22.8,1.8,,,,29.0,29,5,29,0,Stable,1,SMB,Basic,Asia-Pacific,E-commerce,29,4
CUST_00690,26.066666666666666,1.3333333333333333,0.0,6.0,0.0,99.0,99,15,99,0,Stable,1,SMB,Pro,Latin America,Education,16,14
CUST_00691,14.2,0.8,0.6666666666666666,,,299.0,299,5,299,0,Stable,1,SMB,Enterprise,Asia-Pacific,Healthcare,24,4
CUST_00692,22.5,1.5,0.5,,,499.0,499,2,499,0,Stable,1,Mid-market,Enterprise,North America,Education,288,1
CUST_00693,69.94117647058823,8.588235294117647,0.75,9.0,31.0,999.0,999,17,999,0,Stable,0,Enterprise,Enterprise,North America,Finance,4356,16
CUST_00694,71.18181818181819,8.181818181818182,1.0,,,299.0,299,22,299,0,Stable,0,Enterprise,Pro,North America,E-commerce,1594,21
CUST_00695,22.307692307692307,1.8461538461538463,0.3333333333333333,,,29.0,29,13,29,0,Stable,1,SMB,Basic,North America,Technology,10,12
CUST_00696,19.666666666666668,0.3333333333333333,1.0,,,29.0,29,3,29,0,Stable,1,SMB,Basic,Asia-Pacific,Finance,40,2
CUST_00697,19.4,1.0,,,,29.0,29,5,29,0,Stable,1,SMB,Basic,North America,Healthcare,8,4
CUST_00698,24.952380952380953,1.5238095238095237,0.0,6.5,22.0,29.0,29,21,29,0,Stable,1,SMB,Basic,North America,Education,13,20
CUST_00699,24.130434782608695,1.7391304347826086,0.25,5.0,-13.0,99.0,99,23,99,0,Stable,1,SMB,Pro,North America,Technology,24,22
CUST_00700,19.083333333333332,1.8333333333333333,0.25,,,29.0,29,12,29,0,Stable,1,SMB,Basic,Europe,Healthcare,32,11
CUST_00701,25.27777777777778,1.6666666666666667,0.5,4.0,-18.0,29.0,29,18,29,0,Stable,1,SMB,Basic,North America,E-commerce,44,17
CUST_00702,23.714285714285715,2.2857142857142856,0.35714285714285715,,,99.0,99,21,99,0,Stable,1,SMB,Pro,Europe,Retail,31,20
CUST_00703,45.0,1.75,,,,49.0,49,8,49,0,Stable,1,Mid-market,Basic,Europe,Technology,446,7
CUST_00704,20.25,1.25,0.0,,,29.0,29,8,29,0,Stable,1,SMB,Basic,Latin America,Retail,15,7
CUST_00705,35.5,3.125,0.4,,,499.0,499,8,499,0,Stable,1,Mid-market,Enterprise,Latin America,Retail,267,7
CUST_00706,23.636363636363637,2.0,0.3,6.0,25.0,29.0,29,22,29,0,Stable,1,SMB,Basic,Europe,Education,19,21
CUST_00707,22.6,2.0,,,,99.0,99,10,99,0,Stable,1,SMB,Pro,North America,Technology,39,9
CUST_00708,7.0,0.0,1.0,,,29.0,29,1,29,0,Stable,1,SMB,Basic,Latin America,Finance,49,0
CUST_00709,29.294117647058822,1.8235294117647058,0.6,5.0,-26.0,99.0,99,17,99,0,Stable,1,SMB,Pro,Europe,Education,31,16
CUST_00710,26.357142857142858,1.6428571428571428,0.125,8.0,25.0,29.0,29,14,29,0,Stable,1,SMB,Basic,Asia-Pacific,Retail,38,13
CUST_00711,24.5,1.7222222222222223,0.75,7.0,5.0,29.0,29,18,29,0,Stable,1,SMB,Basic,Latin America,E-commerce,3,17
CUST_00712,18.666666666666668,1.3333333333333333,,,,99.0,99,3,99,0,Stable,1,SMB,Pro,Europe,Finance,8,2
CUST_00713,42.666666666666664,3.4444444444444446,0.3333333333333333,7.0,9.0,49.0,49,18,49,0,Stable,1,Mid-market,Basic,North America,Technology,236,17
CUST_00714,25.40909090909091,1.5454545454545454,0.25,5.0,7.0,99.0,99,22,99,0,Stable,1,SMB,Pro,North America,Finance,25,21
CUST_00715,22.05,2.4,0.5,,,29.0,29,20,29,0,Stable,1,SMB,Basic,Europe,Technology,22,19
CUST_00716,24.416666666666668,1.8333333333333333,0.5,,,99.0,99,12,99,0,Stable,1,SMB,Pro,North America,Technology,13,11
CUST_00717,22.333333333333332,0.9166666666666666,0.3333333333333333,4.0,-10.0,29.0,29,12,29,0,Stable,1,SMB,Basic,North America,Finance,8,11
CUST_00718,71.47619047619048,7.904761904761905,0.9,,,999.0,999,21,999,0,Stable,0,Enterprise,Enterprise,North America,Healthcare,3246,20
CUST_00719,22.352941176470587,1.6470588235294117,0.0,8.0,12.0,99.0,99,17,99,0,Stable,1,SMB,Pro,Asia-Pacific,Technology,17,16
CUST_00720,52.86666666666667,9.266666666666667,0.8,,,999.0,999,15,999,0,Stable,0,Enterprise,Enterprise,Asia-Pacific,Finance,3909,14
CUST_00721,23.142857142857142,2.0,0.6666666666666666,,,29.0,29,7,29,0,Stable,1,SMB,Basic,Europe,Retail,15,6
CUST_00722,25.444444444444443,2.5,0.3333333333333333,,,99.0,99,18,99,0,Stable,1,SMB,Pro,North America,Finance,30,17
CUST_00723,59.72727272727273,7.818181818181818,0.625,,,999.0,999,11,999,0,Stable,0,Enterprise,Enterprise,Asia-Pacific,Retail,4291,10
CUST_00724,24.75,2.5625,0.0,,,29.0,29,16,29,0,Stable,1,SMB,Basic,North America,Finance,8,15
CUST_00725,66.27272727272727,7.090909090909091,0.6041666666666666,8.0,26.0,999.0,999,22,999,0,Stable,0,Enterprise,Enterprise,Asia-Pacific,Healthcare,1382,21
CUST_00726,16.0,0.5,,,,29.0,29,2,29,0,Stable,1,SMB,Basic,North America,Retail,29,1
CUST_00727,28.0,1.0,,,,99.0,99,1,99,0,Stable,1,SMB,Pro,North America,E-commerce,38,0
CUST_00728,37.875,3.625,0.6666666666666666,,,199.0,199,8,199,0,Stable,1,Mid-market,Pro,North America,Retail,420,7
CUST_00729,24.0,1.4,0.4,,,29.0,29,20,29,0,Stable,1,SMB,Basic,Asia-Pacific,Technology,19,19
CUST_00730,18.333333333333332,0.3333333333333333,1.0,,,29.0,29,3,29,0,Stable,1,SMB,Basic,North America,E-commerce,38,2
CUST_00731,15.0,0.5,,,,29.0,29,4,29,0,Stable,1,SMB,Basic,North America,E-commerce,43,3
CUST_00732,36.0,4.0,1.0,,,99.0,99,2,99,0,Stable,1,Enterprise,Basic,Asia-Pacific,Retail,3247,1
CUST_00733,37.25,3.375,0.5,,,49.0,49,8,49,0,Stable,1,Mid-market,Basic,North America,E-commerce,333,7
CUST_00734,70.88888888888889,7.944444444444445,0.6851851851851852,,,999.0,999,18,999,0,Stable,0,Enterprise,Enterprise,North America,Education,4505,17
CUST_00735,27.875,1.5,0.5,,,29.0,29,8,29,0,Stable,1,SMB,Basic,North America,Education,14,7
CUST_00736,54.142857142857146,5.285714285714286,0.625,,,299.0,299,7,299,0,Stable,0,Enterprise,Pro,North America,E-commerce,1596,6
CUST_00737,33.13333333333333,4.066666666666666,0.6666666666666666,7.0,12.0,49.0,49,15,49,0,Stable,1,Mid-market,Basic,Latin America,Healthcare,54,14
CUST_00738,38.55555555555556,3.7777777777777777,0.5454545454545454,9.0,40.0,49.0,49,18,49,0,Stable,1,Mid-market,Basic,North America,Healthcare,230,17
CUST_00739,14.75,0.5,0.5,,,29.0,29,4,29,0,Stable,1,SMB,Basic,Latin America,Technology,23,3
CUST_00740,24.6,1.55,0.3333333333333333,,,29.0,29,20,29,0,Stable,1,SMB,Basic,Europe,Retail,2,19
CUST_00741,52.666666666666664,5.333333333333333,,,,999.0,999,3,999,0,Stable,0,Enterprise,Enterprise,Asia-Pacific,Education,4297,2
CUST_00742,40.22222222222222,3.888888888888889,0.5,8.0,28.0,199.0,199,9,199,0,Stable,1,Mid-market,Pro,Asia-Pacific,E-commerce,299,8
CUST_00743,40.6,4.466666666666667,0.5,,,199.0,199,15,199,0,Stable,1,Mid-market,Pro,Europe,Technology,162,14
CUST_00744,26.952380952380953,1.3333333333333333,0.5,,,29.0,29,21,29,0,Stable,1,SMB,Basic,Latin America,Healthcare,28,20
CUST_00745,20.0,0.0,,,,29.0,29,1,29,0,Stable,1,SMB,Basic,Europe,Technology,49,0
CUST_00746,17.0,2.0,,,,499.0,499,1,499,0,Stable,1,Mid-market,Enterprise,North America,Finance,230,0
CUST_00747,27.428571428571427,1.5714285714285714,0.0,,,29.0,29,7,29,0,Stable,1,SMB,Basic,North America,E-commerce,9,6
CUST_00748,24.666666666666668,0.6666666666666666,1.0,,,99.0,99,6,99,0,Stable,1,SMB,Pro,Europe,Education,11,5
CUST_00749,27.19047619047619,1.619047619047619,0.0,,,29.0,29,21,29,0,Stable,1,SMB,Basic,Asia-Pacific,Healthcare,28,20
CUST_00750,24.4,2.0,,9.0,45.0,299.0,299,5,299,0,Stable,1,SMB,Enterprise,North America,Finance,34,4
CUST_00751,25.571428571428573,1.4285714285714286,,,,29.0,29,7,29,0,Stable,1,SMB,Basic,Europe,Retail,40,6
CUST_00752,31.5,2.25,1.0,,,49.0,49,4,49,0,Stable,1,Mid-market,Basic,North America,Technology,454,3
CUST_00753,38.0,3.5714285714285716,0.7,,,199.0,199,14,199,0,Stable,1,Mid-market,Pro,Asia-Pacific,Finance,239,13
CUST_00754,10.0,2.0,,,,29.0,29,2,29,0,Stable,1,SMB,Basic,North America,Finance,17,1
CUST_00755,23.875,1.875,0.16666666666666666,,,99.0,99,8,99,0,Stable,1,SMB,Pro,North America,E-commerce,8,7
CUST_00756,23.7,1.4,0.0,,,99.0,99,10,99,0,Stable,1,SMB,Pro,Europe,Finance,35,9
CUST_00757,18.0,1.6,1.0,,,99.0,99,5,99,0,Stable,1,SMB,Pro,Europe,Retail,34,4
CUST_00758,72.0,6.75,0.7407407407407408,9.0,61.0,299.0,299,24,299,0,Stable,0,Enterprise,Pro,North America,E-commerce,1911,23
CUST_00759,38.5625,3.1875,1.0,,,49.0,49,16,49,0,Stable,1,Mid-market,Basic,North America,Education,68,15
CUST_00760,58.5,6.333333333333333,1.0,,,999.0,999,6,999,0,Stable,0,Enterprise,Enterprise,Europe,Retail,2439,5
CUST_00761,33.75,5.0,,,,499.0,499,4,499,0,Stable,1,Mid-market,Enterprise,Asia-Pacific,Education,366,3
CUST_00762,25.5,1.9166666666666667,0.5,,,29.0,29,12,29,0,Stable,1,SMB,Basic,Europe,Retail,36,11
CUST_00763,17.166666666666668,1.5,,,,29.0,29,6,29,0,Stable,1,SMB,Basic,North America,Finance,47,5
CUST_00764,24.77777777777778,1.5555555555555556,0.0,,,99.0,99,18,99,0,Stable,1,SMB,Pro,Europe,Education,28,17
CUST_00765,41.0,3.588235294117647,0.5,,,49.0,49,17,49,0,Stable,1,Mid-market,Basic,North America,Healthcare,94,16
CUST_00766,40.2,5.0,1.0,9.0,37.0,999.0,999,5,999,0,Stable,0,Enterprise,Enterprise,North America,Technology,4566,4
CUST_00767,17.4,0.8,1.0,,,29.0,29,5,29,0,Stable,1,SMB,Basic,Europe,Finance,34,4
CUST_00768,66.84210526315789,8.052631578947368,0.7727272727272727,8.0,27.5,999.0,999,19,999,0,Stable,0,Enterprise,Enterprise,Europe,E-commerce,2157,18
CUST_00769,19.875,0.875,,,,99.0,99,8,99,0,Stable,1,SMB,Pro,North America,E-commerce,18,7
CUST_00770,24.818181818181817,1.3636363636363635,0.25,,,29.0,29,11,29,0,Stable,1,SMB,Basic,Europe,Technology,48,10
CUST_00771,26.083333333333332,1.4166666666666667,0.3333333333333333,,,29.0,29,12,29,0,Stable,1,SMB,Basic,Asia-Pacific,Healthcare,32,11
CUST_00772,21.916666666666668,1.25,0.5,,,29.0,29,12,29,0,Stable,1,SMB,Basic,North America,Healthcare,22,11
CUST_00773,37.5,2.875,1.0,,,499.0,499,8,499,0,Stable,1,Mid-market,Enterprise,North America,Education,296,7
CUST_00774,50.875,6.25,1.0,,,299.0,299,8,299,0,Stable,0,Enterprise,Pro,Asia-Pacific,E-commerce,1340,7
CUST_00775,26.0,4.0,,,,49.0,49,1,49,0,Stable,1,Mid-market,Basic,Europe,Education,79,0
CUST_00776,26.066666666666666,1.0666666666666667,0.5,,,29.0,29,15,29,0,Stable,1,SMB,Basic,Asia-Pacific,Retail,42,14
CUST_00777,24.25,1.75,0.0,,,29.0,29,8,29,0,Stable,1,SMB,Basic,North America,Retail,35,7
CUST_00778,22.333333333333332,1.8095238095238095,1.0,6.0,17.0,29.0,29,21,29,0,Stable,1,SMB,Basic,North America,Healthcare,21,20
CUST_00779,77.70588235294117,7.411764705882353,0.6944444444444443,,,299.0,299,17,299,0,Stable,0,Enterprise,Pro,Latin America,E-commerce,1477,16
CUST_00780,25.782608695652176,1.8695652173913044,0.25,8.0,32.0,29.0,29,23,29,0,Stable,1,SMB,Basic,North America,Healthcare,26,22
CUST_00781,15.333333333333334,1.3333333333333333,,,,99.0,99,3,99,0,Stable,1,SMB,Pro,Europe,Technology,13,2
CUST_00782,17.666666666666668,0.6666666666666666,0.5,,,29.0,29,3,29,0,Stable,1,SMB,Basic,North America,E-commerce,12,2
CUST_00783,45.19047619047619,4.333333333333333,0.611111111111111,6.0,10.0,499.0,499,21,499,0,Stable,1,Mid-market,Enterprise,North America,Finance,341,19
CUST_00784,71.71428571428571,6.142857142857143,0.5,,,99.0,99,7,99,0,Stable,0,Enterprise,Basic,North America,Education,4671,6
CUST_00785,23.5,1.0,,,,29.0,29,4,29,0,Stable,1,SMB,Basic,Asia-Pacific,Technology,37,3
CUST_00786,28.444444444444443,1.5,0.5,,,29.0,29,18,29,0,Stable,1,SMB,Basic,North America,Education,42,17
CUST_00787,44.5,3.9583333333333335,1.0,8.0,18.0,199.0,199,24,199,0,Stable,0,Mid-market,Pro,Europe,Education,330,23
CUST_00788,27.68421052631579,1.894736842105263,0.3333333333333333,6.0,27.0,29.0,29,19,29,0,Stable,1,SMB,Basic,North America,Technology,36,18
CUST_00789,18.25,1.4583333333333333,0.3333333333333333,,,29.0,29,24,29,0,Stable,1,SMB,Basic,North America,Finance,29,23
CUST_00790,26.142857142857142,1.5714285714285714,0.5,,,29.0,29,7,29,0,Stable,1,SMB,Basic,North America,Retail,19,6
CUST_00791,13.833333333333334,2.5,,,,29.0,29,6,29,0,Stable,1,SMB,Basic,North America,Retail,32,5
CUST_00792,27.166666666666668,1.3333333333333333,,,,29.0,29,6,29,0,Stable,1,SMB,Basic,Europe,E-commerce,22,5
CUST_00793,26.733333333333334,2.466666666666667,0.125,,,299.0,299,15,299,0,Stable,1,SMB,Enterprise,Europe,Technology,4,14
CUST_00794,26.4,1.05,0.6666666666666666,,,29.0,29,20,29,0,Stable,1,SMB,Basic,Europe,Healthcare,31,19
CUST_00795,63.53846153846154,7.0,0.8333333333333334,,,999.0,999,13,999,0,Stable,0,Enterprise,Enterprise,Europe,Healthcare,629,12
CUST_00796,20.0,1.5,0.0,,,29.0,29,8,29,0,Stable,1,SMB,Basic,North America,E-commerce,31,7
CUST_00797,25.80952380952381,1.7619047619047619,0.0,,,29.0,29,21,29,0,Stable,1,SMB,Basic,Asia-Pacific,Finance,26,20
CUST_00798,24.642857142857142,2.0,0.3333333333333333,,,29.0,29,14,29,0,Stable,1,SMB,Basic,Latin America,Healthcare,1,13
CUST_00799,25.333333333333332,1.5,,,,99.0,99,6,99,0,Stable,1,SMB,Pro,Europe,Technology,4,5
CUST_00800,19.25,1.5,0.0,,,29.0,29,8,29,0,Stable,1,SMB,Basic,Asia-Pacific,Technology,45,7
CUST_00801,27.666666666666668,1.3888888888888888,0.5,,,29.0,29,18,29,0,Stable,1,SMB,Basic,Latin America,Retail,49,17
CUST_00802,14.666666666666666,0.3333333333333333,,,,29.0,29,3,29,0,Stable,1,SMB,Basic,North America,Education,25,2
CUST_00803,18.666666666666668,1.3333333333333333,,,,29.0,29,6,29,0,Stable,1,SMB,Basic,Europe,Retail,41,5
CUST_00804,25.5,2.0833333333333335,1.0,,,29.0,29,12,29,0,Stable,1,SMB,Basic,Europe,Finance,20,11
CUST_00805,23.46153846153846,1.6923076923076923,0.4,,,299.0,299,13,299,0,Stable,1,SMB,Enterprise,Europe,Technology,12,12
CUST_00806,19.875,1.375,0.0,,,29.0,29,8,29,0,Stable,1,SMB,Basic,North America,Technology,34,7
CUST_00807,6.0,0.5,,,,29.0,29,2,29,0,Stable,1,SMB,Basic,Asia-Pacific,Retail,36,1
CUST_00808,16.333333333333332,1.0,,,,29.0,29,3,29,0,Stable,1,SMB,Basic,Latin America,Retail,29,2
CUST_00809,63.285714285714285,5.142857142857143,1.0,,,999.0,999,7,999,0,Stable,0,Enterprise,Enterprise,North America,Finance,3464,6
CUST_00810,19.0,2.0,,,,29.0,29,4,29,0,Stable,1,SMB,Basic,Asia-Pacific,E-commerce,12,3
CUST_00811,27.8,1.7,0.0,,,99.0,99,20,99,0,Stable,1,SMB,Pro,Asia-Pacific,Education,16,19
CUST_00812,38.76923076923077,2.6923076923076925,0.375,9.0,47.0,49.0,49,13,49,0,Stable,1,Mid-market,Basic,Asia-Pacific,Finance,67,12
CUST_00813,25.8,2.066666666666667,0.0,7.0,31.0,29.0,29,15,29,0,Stable,1,SMB,Basic,North America,Healthcare,5,14
CUST_00814,21.77777777777778,1.4444444444444444,0.0,,,29.0,29,9,29,0,Stable,1,SMB,Basic,Asia-Pacific,E-commerce,16,8
CUST_00815,34.0,3.769230769230769,1.0,,,199.0,199,13,199,0,Stable,1,Mid-market,Pro,North America,E-commerce,93,12
CUST_00816,39.36363636363637,3.1818181818181817,0.4,,,499.0,499,11,499,0,Stable,1,Mid-market,Enterprise,North America,Technology,332,10
CUST_00817,32.44444444444444,3.7777777777777777,1.0,,,49.0,49,9,49,0,Stable,1,Mid-market,Basic,North America,E-commerce,402,8
CUST_00818,49.6875,3.4375,0.6666666666666666,,,199.0,199,16,199,0,Stable,1,Mid-market,Pro,North America,Healthcare,239,15
CUST_00819,42.4375,4.1875,0.0,,,499.0,499,16,499,0,Stable,1,Mid-market,Enterprise,North America,Finance,458,15
CUST_00820,16.8,2.2,1.0,,,29.0,29,5,29,0,Stable,1,SMB,Basic,North America,Education,8,4
CUST_00821,24.125,1.8125,0.3333333333333333,,,29.0,29,16,29,0,Stable,1,SMB,Basic,Asia-Pacific,Healthcare,24,15
CUST_00822,63.82608695652174,7.6521739130434785,0.5,,,999.0,999,23,999,0,Stable,0,Enterprise,Enterprise,Europe,E-commerce,4466,22
CUST_00823,26.304347826086957,1.608695652173913,0.35714285714285715,,,29.0,29,23,29,0,Stable,1,SMB,Basic,Asia-Pacific,Technology,6,22
CUST_00824,15.714285714285714,1.8571428571428572,,,,29.0,29,7,29,0,Stable,1,SMB,Basic,Asia-Pacific,Healthcare,5,6
CUST_00825,26.0,2.111111111111111,,,,29.0,29,9,29,0,Stable,1,SMB,Basic,Asia-Pacific,Education,4,8
CUST_00826,27.88235294117647,1.3529411764705883,0.6666666666666666,8.0,23.0,99.0,99,17,99,0,Stable,1,SMB,Pro,Asia-Pacific,Finance,13,16
CUST_00827,22.75,1.25,0.0,,,49.0,49,4,49,0,Stable,1,Mid-market,Basic,Asia-Pacific,Finance,92,3
CUST_00828,23.72222222222222,1.7222222222222223,0.25,7.0,22.0,29.0,29,18,29,0,Stable,1,SMB,Basic,North America,Technology,26,17
CUST_00829,24.4,1.2,,,,99.0,99,5,99,0,Stable,1,SMB,Pro,Asia-Pacific,Healthcare,12,4
CUST_00830,26.833333333333332,1.6111111111111112,0.25,,,29.0,29,18,29,0,Stable,1,SMB,Basic,North America,Technology,11,17
CUST_00831,20.0,1.25,0.3333333333333333,,,29.0,29,4,29,0,Stable,1,SMB,Basic,Europe,E-commerce,49,3
CUST_00832,63.11764705882353,8.117647058823529,0.5,,,999.0,999,17,999,0,Stable,0,Enterprise,Enterprise,North America,Healthcare,2466,16
CUST_00833,19.75,1.625,,5.0,-2.0,99.0,99,8,99,0,Stable,1,SMB,Pro,North America,Education,26,7
CUST_00834,18.333333333333332,2.0,0.5,,,99.0,99,3,99,0,Stable,1,SMB,Pro,Asia-Pacific,E-commerce,16,2
CUST_00835,40.9375,3.125,1.0,9.0,30.0,199.0,199,16,199,0,Stable,0,Mid-market,Pro,Latin America,Retail,309,15
CUST_00836,66.13636363636364,7.2272727272727275,0.9722222222222222,,,999.0,999,22,999,0,Stable,0,Enterprise,Enterprise,Europe,Technology,2976,21
CUST_00837,24.0,1.75,1.0,,,299.0,299,8,299,0,Stable,1,SMB,Enterprise,Asia-Pacific,Technology,29,7
CUST_00838,18.5,1.0,1.0,,,29.0,29,2,29,0,Stable,1,SMB,Basic,Asia-Pacific,Healthcare,17,1
CUST_00839,19.0,3.0,0.0,,,99.0,99,1,99,0,Stable,1,SMB,Pro,North America,Finance,25,0
CUST_00840,22.76923076923077,1.6153846153846154,0.3333333333333333,,,29.0,29,13,29,0,Stable,1,SMB,Basic,Europe,E-commerce,38,12
CUST_00841,36.714285714285715,4.428571428571429,0.0,,,499.0,499,14,499,0,Stable,1,Mid-market,Enterprise,North America,E-commerce,218,13
CUST_00842,21.923076923076923,1.6153846153846154,0.5,,,29.0,29,13,29,0,Stable,1,SMB,Basic,North America,Finance,27,12
CUST_00843,12.5,0.5,0.5,,,29.0,29,2,29,0,Stable,1,SMB,Basic,North America,Technology,4,1
CUST_00844,40.6,3.4,0.4,,,49.0,49,10,49,0,Stable,1,Mid-market,Basic,North America,E-commerce,238,9
CUST_00845,25.333333333333332,1.0666666666666667,0.5,,,29.0,29,15,29,0,Stable,1,SMB,Basic,Europe,Education,43,14
CUST_00846,25.866666666666667,1.9333333333333333,0.0,,,29.0,29,15,29,0,Stable,1,SMB,Basic,North America,Education,16,14
CUST_00847,22.23076923076923,0.8461538461538461,0.2,,,29.0,29,13,29,0,Stable,1,SMB,Basic,Europe,Education,39,12
CUST_00848,21.866666666666667,1.6,0.5,,,29.0,29,15,29,0,Stable,1,SMB,Basic,Asia-Pacific,Retail,30,14
CUST_00849,18.066666666666666,1.7333333333333334,0.6,8.0,44.0,29.0,29,15,29,0,Stable,1,SMB,Basic,North America,E-commerce,26,14
CUST_00850,21.5,0.0,,,,29.0,29,2,29,0,Stable,1,SMB,Basic,Latin America,Technology,26,1
CUST_00851,42.25,2.3333333333333335,0.6,,,49.0,49,12,49,0,Stable,1,Mid-market,Basic,Europe,E-commerce,451,11
CUST_00852,55.2,3.6,1.0,,,99.0,99,5,99,0,Stable,1,Enterprise,Basic,Europe,Technology,2047,4
CUST_00853,28.0,2.25,1.0,,,49.0,49,4,49,0,Stable,1,Mid-market,Basic,North America,E-commerce,296,3
CUST_00854,22.428571428571427,1.4285714285714286,0.6666666666666666,,,29.0,29,7,29,0,Stable,1,SMB,Basic,Europe,Technology,44,6
CUST_00855,23.125,1.9375,,6.0,9.0,99.0,99,16,99,0,Stable,1,SMB,Pro,Asia-Pacific,Education,33,15
CUST_00856,28.23076923076923,1.7692307692307692,0.0,,,99.0,99,13,99,0,Stable,1,SMB,Pro,North America,Education,4,12
CUST_00857,41.333333333333336,4.75,0.5,,,199.0,199,12,199,0,Stable,1,Mid-market,Pro,Latin America,Education,475,11
CUST_00858,20.0,0.0,,,,29.0,29,2,29,0,Stable,1,SMB,Basic,Latin America,Healthcare,14,1
CUST_00859,40.5,0.5,,,,49.0,49,2,49,0,Stable,1,Mid-market,Basic,Europe,Retail,478,1
CUST_00860,11.333333333333334,0.6666666666666666,0.0,,,29.0,29,3,29,0,Stable,1,SMB,Basic,North America,Technology,10,2
CUST_00861,39.75,3.5,0.25,,,49.0,49,16,49,0,Stable,1,Mid-market,Basic,North America,Finance,436,15
CUST_00862,45.76923076923077,3.0,0.8,,,49.0,49,13,49,0,Stable,1,Mid-market,Basic,North America,Healthcare,160,12
CUST_00863,23.933333333333334,1.1333333333333333,0.5,,,29.0,29,15,29,0,Stable,1,SMB,Basic,North America,Technology,4,14
CUST_00864,19.5,1.5,,,,29.0,29,2,29,0,Stable,1,SMB,Basic,Latin America,Finance,9,1
CUST_00865,68.71428571428571,7.642857142857143,0.6666666666666666,8.0,53.0,99.0,99,14,99,0,Stable,0,Enterprise,Basic,Asia-Pacific,E-commerce,2313,13
CUST_00866,24.181818181818183,1.6363636363636365,0.0,6.0,30.0,29.0,29,11,29,0,Stable,1,SMB,Basic,Latin America,Technology,46,10
CUST_00867,6.0,0.0,,,,29.0,29,1,29,0,Stable,1,SMB,Basic,Latin America,Education,26,0
CUST_00868,21.5,1.5,1.0,,,29.0,29,8,29,0,Stable,1,SMB,Basic,North America,Retail,6,7
CUST_00869,14.0,2.5,,,,99.0,99,2,99,0,Stable,1,SMB,Pro,Europe,Healthcare,18,1
CUST_00870,23.714285714285715,1.7857142857142858,0.0,7.0,26.0,29.0,29,14,29,0,Stable,1,SMB,Basic,North America,Healthcare,32,13
CUST_00871,25.333333333333332,1.4285714285714286,0.6666666666666666,,,29.0,29,21,29,0,Stable,1,SMB,Basic,North America,Education,46,20
CUST_00872,29.4,1.5,0.3333333333333333,,,299.0,299,10,299,0,Stable,1,SMB,Enterprise,Asia-Pacific,E-commerce,48,9
CUST_00873,11.5,0.5,,,,29.0,29,2,29,0,Stable,1,SMB,Basic,North America,Retail,18,1
CUST_00874,24.6,1.8,0.25,,,29.0,29,10,29,0,Stable,1,SMB,Basic,Europe,Finance,12,9
CUST_00875,24.666666666666668,2.6666666666666665,,,,29.0,29,6,29,0,Stable,1,SMB,Basic,Asia-Pacific,Healthcare,39,5
CUST_00876,43.285714285714285,4.142857142857143,1.0,,,499.0,499,14,499,0,Stable,0,Mid-market,Enterprise,North America,Finance,282,13
CUST_00877,11.0,1.0,,,,299.0,299,1,299,0,Stable,1,SMB,Enterprise,North America,E-commerce,12,0
CUST_00878,20.9,1.2,1.0,,,99.0,99,10,99,0,Stable,1,SMB,Pro,Asia-Pacific,Retail,49,9
CUST_00879,37.0,3.1818181818181817,1.0,,,49.0,49,11,49,0,Stable,1,Mid-market,Basic,Europe,Healthcare,343,10
CUST_00880,19.0,2.25,,,,299.0,299,4,299,0,Stable,1,SMB,Enterprise,Asia-Pacific,Education,45,3
CUST_00881,13.833333333333334,1.0,0.0,7.0,1.0,99.0,99,6,99,0,Stable,1,SMB,Pro,Latin America,E-commerce,40,5
CUST_00882,56.25,6.625,0.25,6.0,1.0,299.0,299,8,299,0,Stable,1,Enterprise,Pro,Asia-Pacific,Healthcare,1875,7
CUST_00883,54.8,5.0,0.6666666666666666,,,299.0,299,5,299,0,Stable,0,Enterprise,Pro,Asia-Pacific,Retail,2382,4
CUST_00884,21.444444444444443,1.0,0.0,,,99.0,99,9,99,0,Stable,1,SMB,Pro,North America,Healthcare,48,8
CUST_00885,43.46153846153846,3.0,0.25,,,49.0,49,13,49,0,Stable,1,Mid-market,Basic,Europe,Finance,336,12
CUST_00886,36.714285714285715,4.0,,,,199.0,199,7,199,0,Stable,1,Mid-market,Pro,Europe,Finance,197,6
CUST_00887,67.66666666666667,6.761904761904762,1.0,,,99.0,99,21,99,0,Stable,0,Enterprise,Basic,Europe,Education,4653,20
CUST_00888,22.5,1.0,0.0,,,99.0,99,8,99,0,Stable,1,SMB,Pro,Asia-Pacific,Finance,45,7
CUST_00889,27.0,2.0,0.5,,,99.0,99,22,99,0,Stable,1,SMB,Pro,Europe,Finance,24,21
CUST_00890,35.0,3.142857142857143,0.5,,,199.0,199,7,199,0,Stable,1,Mid-market,Pro,North America,Finance,84,6
CUST_00891,38.0,6.0,,,,49.0,49,1,49,0,Stable,1,Mid-market,Basic,Latin America,Retail,394,0
CUST_00892,37.64705882352941,3.764705882352941,0.75,,,199.0,199,17,199,0,Stable,1,Mid-market,Pro,Latin America,E-commerce,178,16
CUST_00893,26.695652173913043,1.6956521739130435,0.5,7.5,26.75,29.0,29,23,29,0,Stable,1,SMB,Basic,Asia-Pacific,Education,18,22
CUST_00894,24.0,1.5714285714285714,0.0,,,29.0,29,7,29,0,Stable,1,SMB,Basic,Europe,Finance,32,6
CUST_00895,26.52173913043478,1.7391304347826086,0.5,,,99.0,99,23,99,0,Stable,1,SMB,Pro,Europe,Technology,18,22
CUST_00896,19.6,1.6,1.0,,,99.0,99,5,99,0,Stable,1,SMB,Pro,Europe,Education,9,4
CUST_00897,23.25,3.75,1.0,,,499.0,499,4,499,0,Stable,1,Mid-market,Enterprise,Europe,Healthcare,118,3
CUST_00898,42.9375,4.1875,0.9166666666666666,,,499.0,499,16,499,0,Stable,0,Mid-market,Enterprise,Asia-Pacific,Technology,309,15
CUST_00899,29.75,3.0,1.0,,,49.0,49,4,49,0,Stable,1,Mid-market,Basic,North America,Healthcare,415,3
CUST_00900,12.0,1.0,,,,29.0,29,2,29,0,Stable,1,SMB,Basic,North America,Finance,13,1
CUST_00901,27.94736842105263,1.631578947368421,1.0,,,29.0,29,19,29,0,Stable,1,SMB,Basic,Latin America,Technology,9,18
CUST_00902,18.8,0.2,0.5,,,29.0,29,5,29,0,Stable,1,SMB,Basic,North America,Education,40,4
CUST_00903,21.0,2.5,,,,29.0,29,8,29,0,Stable,1,SMB,Basic,Asia-Pacific,Technology,31,7
CUST_00904,25.954545454545453,1.6818181818181819,1.0,,,29.0,29,22,29,0,Stable,1,SMB,Basic,North America,Retail,25,21
CUST_00905,28.458333333333332,1.2916666666666667,0.5,,,29.0,29,24,29,0,Stable,1,SMB,Basic,North America,E-commerce,35,23
CUST_00906,21.0,1.2,0.5,,,29.0,29,5,29,0,Stable,1,SMB,Basic,North America,Finance,19,4
CUST_00907,62.333333333333336,6.0,0.75,,,999.0,999,12,999,0,Stable,0,Enterprise,Enterprise,North America,Retail,4812,11
CUST_00908,55.25,8.0,1.0,,,999.0,999,8,999,0,Stable,0,Enterprise,Enterprise,Asia-Pacific,Retail,2852,7
CUST_00909,26.6,1.7,0.0,,,29.0,29,20,29,0,Stable,1,SMB,Basic,North America,Technology,19,19
CUST_00910,15.166666666666666,1.6666666666666667,0.0,,,99.0,99,6,99,0,Stable,1,SMB,Pro,Asia-Pacific,Healthcare,36,5
CUST_00911,35.714285714285715,2.4285714285714284,,6.0,12.0,499.0,499,7,499,0,Stable,1,Mid-market,Enterprise,North America,Finance,488,6
CUST_00912,25.0,2.0,1.0,,,199.0,199,2,199,0,Stable,1,Mid-market,Pro,North America,Healthcare,333,1
CUST_00913,70.86363636363636,8.272727272727273,0.9285714285714286,,,299.0,299,22,299,0,Stable,0,Enterprise,Pro,North America,Technology,1707,21
CUST_00914,80.94117647058823,7.9411764705882355,0.8571428571428571,8.0,46.0,999.0,999,17,999,0,Stable,0,Enterprise,Enterprise,Latin America,E-commerce,2144,16
CUST_00915,32.0,1.3333333333333333,,,,199.0,199,3,199,0,Stable,1,Mid-market,Pro,Europe,Education,436,2
CUST_00916,23.11764705882353,1.1176470588235294,0.0,8.0,20.0,99.0,99,17,99,0,Stable,1,SMB,Pro,North America,Healthcare,7,16
CUST_00917,21.94736842105263,1.8421052631578947,0.25,,,99.0,99,19,99,0,Stable,1,SMB,Pro,Europe,Technology,36,18
CUST_00918,25.894736842105264,1.368421052631579,0.0,,,29.0,29,19,29,0,Stable,1,SMB,Basic,Asia-Pacific,Healthcare,48,18
CUST_00919,66.11764705882354,8.941176470588236,0.875,,,999.0,999,17,999,0,Stable,0,Enterprise,Enterprise,Asia-Pacific,Healthcare,946,16
CUST_00920,33.083333333333336,3.3333333333333335,0.5,,,199.0,199,12,199,0,Stable,1,Mid-market,Pro,North America,Retail,165,11
CUST_00921,27.0,0.6666666666666666,,,,49.0,49,3,49,0,Stable,1,Mid-market,Basic,North America,Technology,119,2
CUST_00922,39.541666666666664,3.5416666666666665,0.8333333333333334,,,199.0,199,24,199,0,Stable,1,Mid-market,Pro,Europe,Healthcare,410,23
CUST_00923,19.125,1.0,0.3333333333333333,,,29.0,29,8,29,0,Stable,1,SMB,Basic,Latin America,E-commerce,13,7
CUST_00924,26.375,1.625,0.0,,,29.0,29,24,29,0,Stable,1,SMB,Basic,North America,E-commerce,34,23
CUST_00925,24.454545454545453,2.0,0.25,,,99.0,99,22,99,0,Stable,1,SMB,Pro,Europe,Finance,14,21
CUST_00926,24.5,1.5,0.0,,,29.0,29,12,29,0,Stable,1,SMB,Basic,Asia-Pacific,Finance,30,11
CUST_00927,24.857142857142858,2.380952380952381,0.3333333333333333,,,29.0,29,21,29,0,Stable,1,SMB,Basic,North America,E-commerce,16,20
CUST_00928,41.214285714285715,2.4285714285714284,1.0,,,199.0,199,14,199,0,Stable,1,Mid-market,Pro,North America,Retail,179,13
CUST_00929,20.95,2.1,0.25,,,29.0,29,20,29,0,Stable,1,SMB,Basic,North America,E-commerce,25,19
CUST_00930,23.357142857142858,1.8571428571428572,0.0,,,29.0,29,14,29,0,Stable,1,SMB,Basic,North America,Healthcare,40,13
CUST_00931,22.0,1.0,,,,29.0,29,1,29,0,Stable,1,SMB,Basic,Europe,Retail,22,0
CUST_00932,33.0,2.0,,,,49.0,49,1,49,0,Stable,1,Mid-market,Basic,Asia-Pacific,E-commerce,146,0
CUST_00933,39.142857142857146,1.8571428571428572,0.0,,,49.0,49,7,49,0,Stable,1,Mid-market,Basic,North America,Retail,309,6
CUST_00934,25.25,1.8,0.0,7.0,28.0,29.0,29,20,29,0,Stable,1,SMB,Basic,Asia-Pacific,Retail,41,19
CUST_00935,25.7,1.6,0.5,,,299.0,299,10,299,0,Stable,1,SMB,Enterprise,North America,Technology,42,9
CUST_00936,23.555555555555557,1.3333333333333333,0.0,,,29.0,29,9,29,0,Stable,1,SMB,Basic,Europe,Technology,49,8
CUST_00937,41.111111111111114,4.444444444444445,0.8333333333333334,,,499.0,499,9,499,0,Stable,0,Mid-market,Enterprise,Latin America,Retail,456,8
CUST_00938,24.263157894736842,1.736842105263158,0.2,7.0,23.0,99.0,99,19,99,0,Stable,1,SMB,Pro,North America,Technology,7,18
CUST_00939,25.5,2.0625,0.16666666666666666,,,29.0,29,16,29,0,Stable,1,SMB,Basic,North America,E-commerce,1,15
CUST_00940,66.0909090909091,8.272727272727273,0.8333333333333334,9.0,39.0,999.0,999,22,999,0,Stable,0,Enterprise,Enterprise,North America,Healthcare,3021,21
CUST_00941,19.142857142857142,1.5714285714285714,,,,29.0,29,7,29,0,Stable,1,SMB,Basic,North America,Healthcare,6,6
CUST_00942,65.7,6.0,0.75,,,99.0,99,20,99,0,Stable,0,Enterprise,Basic,Latin America,Retail,3940,19
CUST_00943,17.571428571428573,2.2857142857142856,,,,29.0,29,7,29,0,Stable,1,SMB,Basic,Europe,E-commerce,35,6
CUST_00944,16.5,1.5,,,,99.0,99,2,99,0,Stable,1,SMB,Pro,Asia-Pacific,Education,41,1
CUST_00945,13.5,0.75,0.0,,,299.0,299,4,299,0,Stable,1,SMB,Enterprise,North America,Technology,17,3
CUST_00946,28.0,1.6923076923076923,0.25,,,29.0,29,13,29,0,Stable,1,SMB,Basic,Latin America,E-commerce,3,12
CUST_00947,19.333333333333332,1.0,,,,29.0,29,6,29,0,Stable,1,SMB,Basic,Latin America,Technology,1,5
CUST_00948,12.666666666666666,0.6666666666666666,,,,29.0,29,3,29,0,Stable,1,SMB,Basic,North America,Retail,16,2
CUST_00949,14.0,0.25,1.0,,,29.0,29,4,29,0,Stable,1,SMB,Basic,Europe,Technology,1,3
CUST_00950,54.25,4.75,,,,999.0,999,4,999,0,Stable,0,Enterprise,Enterprise,Asia-Pacific,Retail,3962,3
CUST_00951,13.0,1.0,,,,29.0,29,2,29,0,Stable,1,SMB,Basic,Latin America,E-commerce,14,1
CUST_00952,23.6,1.0,0.0,,,29.0,29,5,29,0,Stable,1,SMB,Basic,North America,Technology,17,4
CUST_00953,47.22222222222222,3.3333333333333335,0.5,7.0,25.0,199.0,199,9,199,0,Stable,1,Mid-market,Pro,Europe,Retail,487,8
CUST_00954,19.75,1.125,0.0,6.0,5.0,99.0,99,8,99,0,Stable,1,SMB,Pro,Europe,E-commerce,23,7
CUST_00955,11.0,0.5,,,,299.0,299,2,299,0,Stable,1,SMB,Enterprise,Latin America,Education,33,1
CUST_00956,15.714285714285714,1.0,0.0,6.5,7.5,29.0,29,7,29,0,Stable,1,SMB,Basic,Asia-Pacific,Retail,2,5
CUST_00957,30.166666666666668,2.8333333333333335,1.0,,,199.0,199,6,199,0,Stable,1,Mid-market,Pro,North America,E-commerce,383,5
CUST_00958,37.68421052631579,3.6315789473684212,1.0,,,199.0,199,19,199,0,Stable,1,Mid-market,Pro,North America,Finance,218,18
CUST_00959,54.0,5.5,,,,999.0,999,2,999,0,Stable,0,Enterprise,Enterprise,Latin America,Technology,1116,1
CUST_00960,29.636363636363637,1.2727272727272727,0.5833333333333334,,,29.0,29,11,29,0,Stable,1,SMB,Basic,North America,E-commerce,7,10
CUST_00961,21.375,0.875,,,,99.0,99,8,99,0,Stable,1,SMB,Pro,North America,E-commerce,33,7
CUST_00962,82.13636363636364,8.272727272727273,0.9,8.5,29.5,999.0,999,22,999,0,Stable,0,Enterprise,Enterprise,Europe,Healthcare,4651,21
CUST_00963,25.0,3.0,,,,199.0,199,1,199,0,Stable,1,Mid-market,Pro,Asia-Pacific,Healthcare,369,0
CUST_00964,20.375,2.75,,,,29.0,29,8,29,0,Stable,1,SMB,Basic,Europe,Education,13,7
CUST_00965,20.11111111111111,1.3333333333333333,0.0,,,29.0,29,9,29,0,Stable,1,SMB,Basic,North America,Technology,10,8
CUST_00966,42.142857142857146,3.2857142857142856,0.5,,,49.0,49,7,49,0,Stable,1,Mid-market,Basic,North America,E-commerce,393,6
CUST_00967,21.272727272727273,1.5454545454545454,0.3333333333333333,,,29.0,29,11,29,0,Stable,1,SMB,Basic,Asia-Pacific,Finance,32,10
CUST_00968,39.42857142857143,3.642857142857143,1.0,,,49.0,49,14,49,0,Stable,1,Mid-market,Basic,North America,Retail,417,13
CUST_00969,30.285714285714285,1.7619047619047619,1.0,,,99.0,99,21,99,0,Stable,1,SMB,Pro,Europe,Finance,29,20
CUST_00970,25.5,2.05,0.6666666666666666,,,99.0,99,20,99,0,Stable,1,SMB,Pro,North America,Technology,37,19
CUST_00971,18.666666666666668,2.1666666666666665,0.5,,,29.0,29,6,29,0,Stable,1,SMB,Basic,North America,Retail,4,5
CUST_00972,17.0,0.0,,8.0,30.0,29.0,29,2,29,0,Stable,1,SMB,Basic,North America,Healthcare,13,1
CUST_00973,26.454545454545453,2.727272727272727,,,,29.0,29,22,29,0,Stable,1,SMB,Basic,North America,Healthcare,26,21
CUST_00974,14.0,3.0,,,,49.0,49,1,49,0,Stable,1,Mid-market,Basic,Europe,Retail,230,0
CUST_00975,22.45,1.9,0.3333333333333333,,,99.0,99,20,99,0,Stable,1,SMB,Pro,North America,Retail,12,19
CUST_00976,22.473684210526315,1.7894736842105263,0.16666666666666666,7.0,16.0,99.0,99,19,99,0,Stable,1,SMB,Pro,Asia-Pacific,Retail,35,18
CUST_00977,15.0,4.0,,,,499.0,499,1,499,0,Stable,1,Mid-market,Enterprise,Asia-Pacific,E-commerce,449,0
CUST_00978,35.63636363636363,3.6363636363636362,0.75,,,199.0,199,11,199,0,Stable,1,Mid-market,Pro,North America,Retail,167,10
CUST_00979,20.77777777777778,2.0,0.5,,,29.0,29,9,29,0,Stable,1,SMB,Basic,Europe,Education,20,8
CUST_00980,32.0,3.3076923076923075,0.8888888888888888,7.0,27.0,49.0,49,13,49,0,Stable,1,Mid-market,Basic,North America,Technology,248,12
CUST_00981,32.0,2.3333333333333335,0.0,,,199.0,199,3,199,0,Stable,1,Mid-market,Pro,Latin America,Healthcare,302,2
CUST_00982,36.888888888888886,2.7777777777777777,0.0,,,499.0,499,9,499,0,Stable,1,Mid-market,Enterprise,Latin America,Retail,93,8
CUST_00983,17.8,2.2,,,,29.0,29,5,29,0,Stable,1,SMB,Basic,Europe,Technology,48,4
CUST_00984,22.0,1.3333333333333333,0.0,7.0,22.0,29.0,29,6,29,0,Stable,1,SMB,Basic,Asia-Pacific,Finance,48,5
CUST_00985,36.583333333333336,2.9166666666666665,0.16666666666666666,6.0,3.0,499.0,499,12,499,0,Stable,1,Mid-market,Enterprise,Europe,E-commerce,317,11
CUST_00986,66.57142857142857,7.428571428571429,0.8571428571428571,6.0,4.0,999.0,999,14,999,0,Stable,0,Enterprise,Enterprise,North America,Healthcare,2032,13
CUST_00987,22.0,1.3333333333333333,1.0,,,99.0,99,9,99,0,Stable,1,SMB,Pro,North America,E-commerce,30,8
CUST_00988,23.75,1.75,,,,29.0,29,8,29,0,Stable,1,SMB,Basic,North America,Healthcare,27,7
CUST_00989,19.666666666666668,1.8333333333333333,1.0,8.0,29.0,99.0,99,6,99,0,Stable,1,SMB,Pro,Asia-Pacific,Healthcare,15,5
CUST_00990,40.666666666666664,3.7777777777777777,0.611111111111111,9.0,41.0,199.0,199,18,199,0,Stable,0,Mid-market,Pro,Europe,Finance,320,17
CUST_00991,26.25,1.5833333333333333,0.0,7.5,24.5,29.0,29,12,29,0,Stable,1,SMB,Basic,Asia-Pacific,Finance,11,11
CUST_00992,65.36363636363636,8.0,1.0,,,999.0,999,11,999,0,Stable,0,Enterprise,Enterprise,North America,Healthcare,3325,10
CUST_00993,12.333333333333334,0.6666666666666666,0.0,,,29.0,29,3,29,0,Stable,1,SMB,Basic,North America,Technology,17,2
CUST_00994,15.333333333333334,2.0,0.0,,,499.0,499,3,499,0,Stable,1,Mid-market,Enterprise,Europe,Retail,53,2
CUST_00995,33.0,1.5,,,,199.0,199,2,199,0,Stable,1,Mid-market,Pro,Latin America,Retail,246,1
CUST_00996,70.04166666666667,8.583333333333334,0.875,8.0,42.0,999.0,999,24,999,0,Stable,0,Enterprise,Enterprise,North America,Technology,2854,23
CUST_00997,42.6875,4.125,0.4,,,199.0,199,16,199,0,Stable,1,Mid-market,Pro,Europe,Retail,299,15
CUST_00998,12.0,1.0,0.0,,,99.0,99,2,99,0,Stable,1,SMB,Pro,Asia-Pacific,Finance,8,1
CUST_00999,22.5,1.3333333333333333,,,,29.0,29,6,29,0,Stable,1,SMB,Basic,Asia-Pacific,E-commerce,22,5
CUST_01000,13.666666666666666,1.3333333333333333,,,,29.0,29,3,29,0,Stable,1,SMB,Basic,Latin America,Education,7,2
CUST_01001,42.55,3.65,0.0,,,499.0,499,20,499,0,Stable,1,Mid-market,Enterprise,Europe,Finance,93,19
CUST_01002,22.916666666666668,0.9166666666666666,0.0,,,29.0,29,12,29,0,Stable,1,SMB,Basic,Asia-Pacific,Healthcare,24,11
CUST_01003,20.4,1.6,0.5,,,299.0,299,5,299,0,Stable,1,SMB,Enterprise,Europe,E-commerce,39,4
CUST_01004,31.3,3.4,,8.0,36.0,199.0,199,10,199,0,Stable,1,Mid-market,Pro,Asia-Pacific,Education,353,9
CUST_01005,23.2,1.9333333333333333,0.5,6.0,6.0,29.0,29,15,29,0,Stable,1,SMB,Basic,North America,Education,42,14
CUST_01006,28.75,1.9166666666666667,,,,29.0,29,12,29,0,Stable,1,SMB,Basic,Europe,Education,23,11
CUST_01007,43.111111111111114,2.3333333333333335,,,,199.0,199,9,199,0,Stable,1,Mid-market,Pro,Asia-Pacific,Retail,67,8
CUST_01008,12.0,0.5,0.5,,,29.0,29,2,29,0,Stable,1,SMB,Basic,Latin America,Healthcare,18,1
CUST_01009,15.5,1.5,0.0,,,29.0,29,2,29,0,Stable,1,SMB,Basic,North America,E-commerce,10,1
CUST_01010,40.30769230769231,3.923076923076923,0.75,,,499.0,499,13,499,0,Stable,0,Mid-market,Enterprise,Europe,Technology,210,12
CUST_01011,34.0,4.0,1.0,,,49.0,49,7,49,0,Stable,1,Mid-market,Basic,Asia-Pacific,Healthcare,399,6
CUST_01012,23.333333333333332,0.9333333333333333,0.5,,,29.0,29,15,29,0,Stable,1,SMB,Basic,North America,Retail,34,14
CUST_01013,67.42857142857143,5.857142857142857,0.5,7.0,-3.0,999.0,999,7,999,0,Stable,0,Enterprise,Enterprise,North America,E-commerce,1862,6
CUST_01014,65.5,6.333333333333333,0.5555555555555555,,,999.0,999,6,999,0,Stable,0,Enterprise,Enterprise,Asia-Pacific,Technology,3445,5
CUST_01015,68.9,5.7,0.8,,,999.0,999,10,999,0,Stable,0,Enterprise,Enterprise,Asia-Pacific,E-commerce,4877,9
CUST_01016,22.181818181818183,1.5,0.5,,,29.0,29,22,29,0,Stable,1,SMB,Basic,Asia-Pacific,E-commerce,32,21
CUST_01017,39.833333333333336,3.3333333333333335,0.0,,,499.0,499,12,499,0,Stable,1,Mid-market,Enterprise,North America,Finance,415,11
CUST_01018,37.473684210526315,4.631578947368421,0.4375,6.666666666666667,18.333333333333332,199.0,199,19,199,0,Stable,1,Mid-market,Pro,Asia-Pacific,Education,304,18
CUST_01019,19.333333333333332,1.5,,,,99.0,99,6,99,0,Stable,1,SMB,Pro,North America,Retail,44,5
CUST_01020,71.0,7.916666666666667,0.7,,,999.0,999,24,999,0,Stable,0,Enterprise,Enterprise,Europe,Finance,1508,23
CUST_01021,31.705882352941178,3.823529411764706,0.875,,,49.0,49,17,49,0,Stable,1,Mid-market,Basic,North America,Healthcare,238,16
CUST_01022,23.0,2.4285714285714284,0.0,,,29.0,29,7,29,0,Stable,1,SMB,Basic,North America,Finance,44,6
CUST_01023,34.2,3.8,0.5,,,499.0,499,5,499,0,Stable,1,Mid-market,Enterprise,Europe,Education,374,4
CUST_01024,22.5,0.5,0.0,,,49.0,49,2,49,0,Stable,1,Mid-market,Basic,Latin America,Technology,382,1
CUST_01025,48.0,6.5,1.0,,,999.0,999,4,999,0,Stable,0,Enterprise,Enterprise,North America,E-commerce,921,3
CUST_01026,24.105263157894736,1.894736842105263,1.0,,,99.0,99,19,99,0,Stable,1,SMB,Pro,Latin America,Finance,10,18
CUST_01027,25.0,2.0,0.0,,,199.0,199,2,199,0,Stable,1,Mid-market,Pro,North America,Finance,231,1
CUST_01028,29.5,1.7142857142857142,0.5,,,299.0,299,14,299,0,Stable,1,SMB,Enterprise,North America,Technology,36,13
CUST_01029,26.266666666666666,2.066666666666667,0.5,,,29.0,29,15,29,0,Stable,1,SMB,Basic,Europe,Finance,18,14
CUST_01030,24.125,1.625,0.0,,,29.0,29,8,29,0,Stable,1,SMB,Basic,Europe,Retail,29,7
CUST_01031,27.90909090909091,1.8181818181818181,1.0,,,29.0,29,11,29,0,Stable,1,SMB,Basic,North America,Education,12,10
CUST_01032,22.25,0.25,0.75,,,29.0,29,4,29,0,Stable,1,SMB,Basic,North America,Technology,27,3
CUST_01033,60.0,4.0,1.0,,,299.0,299,2,299,0,Stable,0,Enterprise,Pro,North America,Retail,1418,1
CUST_01034,23.2,1.0,0.0,,,29.0,29,20,29,0,Stable,1,SMB,Basic,Europe,Education,2,19
CUST_01035,32.2,3.4,0.6666666666666666,,,199.0,199,5,199,0,Stable,1,Mid-market,Pro,Europe,Healthcare,488,4
CUST_01036,15.0,0.0,,,,29.0,29,1,29,0,Stable,1,SMB,Basic,Asia-Pacific,Retail,15,0
CUST_01037,24.0,1.5714285714285714,0.0,,,29.0,29,7,29,0,Stable,1,SMB,Basic,Europe,Education,3,6
CUST_01038,34.77777777777778,3.888888888888889,,,,499.0,499,9,499,0,Stable,1,Mid-market,Enterprise,Europe,Technology,354,8
CUST_01039,17.5,1.0,,,,29.0,29,2,29,0,Stable,1,SMB,Basic,North America,Education,23,1
CUST_01040,26.666666666666668,1.1666666666666667,,,,29.0,29,6,29,0,Stable,1,SMB,Basic,North America,Education,21,5
CUST_01041,28.3,2.0,0.5,9.0,37.0,99.0,99,20,99,0,Stable,1,SMB,Pro,Europe,E-commerce,14,19
CUST_01042,23.454545454545453,2.090909090909091,0.7142857142857143,,,99.0,99,22,99,0,Stable,1,SMB,Pro,Europe,Healthcare,7,21
CUST_01043,26.9,1.1,,7.0,-2.0,29.0,29,10,29,0,Stable,1,SMB,Basic,North America,Technology,10,9
CUST_01044,26.782608695652176,1.4782608695652173,0.6,,,29.0,29,23,29,0,Stable,1,SMB,Basic,Europe,Technology,38,22
CUST_01045,32.9,3.5,0.0,,,199.0,199,10,199,0,Stable,1,Mid-market,Pro,Asia-Pacific,Retail,280,9
CUST_01046,21.083333333333332,1.4166666666666667,0.3,,,29.0,29,12,29,0,Stable,1,SMB,Basic,North America,Retail,31,11
CUST_01047,61.2,7.4,0.5,,,999.0,999,10,999,0,Stable,0,Enterprise,Enterprise,Asia-Pacific,Healthcare,945,9
CUST_01048,42.35294117647059,4.411764705882353,0.0,7.0,17.0,499.0,499,17,499,0,Stable,1,Mid-market,Enterprise,North America,Education,311,16
CUST_01049,23.0,1.7272727272727273,0.3888888888888889,9.0,22.0,29.0,29,22,29,0,Stable,1,SMB,Basic,Europe,E-commerce,20,21
CUST_01050,21.714285714285715,1.8571428571428572,1.0,,,299.0,299,7,299,0,Stable,1,SMB,Enterprise,Europe,Finance,6,6
CUST_01051,27.82608695652174,1.6956521739130435,0.42857142857142855,8.0,22.0,29.0,29,23,29,0,Stable,1,SMB,Basic,Europe,Retail,42,22
CUST_01052,25.066666666666666,1.2,0.6,5.0,2.0,29.0,29,15,29,0,Stable,1,SMB,Basic,Europe,Retail,38,14
CUST_01053,26.608695652173914,1.7826086956521738,0.3333333333333333,6.0,13.0,29.0,29,23,29,0,Stable,1,SMB,Basic,North America,Technology,48,22
CUST_01054,14.0,1.0,,,,29.0,29,2,29,0,Stable,1,SMB,Basic,North America,Retail,2,1
CUST_01055,66.06666666666666,5.733333333333333,0.375,,,99.0,99,15,99,0,Stable,0,Enterprise,Basic,Latin America,Technology,2876,14
CUST_01056,27.166666666666668,1.7916666666666667,0.5,6.0,6.0,29.0,29,24,29,0,Stable,1,SMB,Basic,Asia-Pacific,E-commerce,17,23
CUST_01057,53.4,5.8,1.0,,,999.0,999,5,999,0,Stable,0,Enterprise,Enterprise,Latin America,Retail,3959,4
CUST_01058,5.0,0.0,,,,99.0,99,1,99,0,Stable,1,SMB,Pro,North America,Finance,24,0
CUST_01059,22.708333333333332,1.4166666666666667,0.25,,,29.0,29,24,29,0,Stable,1,SMB,Basic,Europe,Healthcare,17,23
CUST_01060,49.76923076923077,3.8461538461538463,0.6428571428571429,,,49.0,49,13,49,0,Stable,1,Mid-market,Basic,North America,Retail,301,12
CUST_01061,39.5,4.625,0.875,,,199.0,199,16,199,0,Stable,1,Mid-market,Pro,Europe,Finance,332,15
CUST_01062,24.27777777777778,1.7777777777777777,,,,99.0,99,18,99,0,Stable,1,SMB,Pro,North America,Finance,1,17
CUST_01063,25.142857142857142,2.142857142857143,0.5,,,29.0,29,7,29,0,Stable,1,SMB,Basic,North America,E-commerce,22,6
CUST_01064,44.55,3.4,0.125,6.0,25.0,49.0,49,20,49,0,Stable,1,Mid-market,Basic,Latin America,Education,216,19
CUST_01065,64.0909090909091,7.2272727272727275,0.9,7.0,18.0,999.0,999,22,999,0,Stable,0,Enterprise,Enterprise,Asia-Pacific,E-commerce,1925,21
CUST_01066,13.666666666666666,1.6666666666666667,,,,29.0,29,3,29,0,Stable,1,SMB,Basic,Asia-Pacific,Healthcare,8,2
CUST_01067,25.3125,1.625,0.5,3.0,-33.0,29.0,29,16,29,0,Stable,1,SMB,Basic,North America,E-commerce,4,15
CUST_01068,74.57894736842105,7.526315789473684,0.6428571428571429,,,999.0,999,19,999,0,Stable,0,Enterprise,Enterprise,North America,Education,3265,18
CUST_01069,24.55,1.35,0.0,,,29.0,29,20,29,0,Stable,1,SMB,Basic,North America,Finance,4,19
CUST_01070,20.5,0.5,1.0,,,29.0,29,2,29,0,Stable,1,SMB,Basic,North America,Retail,42,1
CUST_01071,44.25,3.15,0.75,,,49.0,49,20,49,0,Stable,1,Mid-market,Basic,Latin America,Education,195,19
CUST_01072,25.714285714285715,1.8571428571428572,0.16666666666666666,,,29.0,29,7,29,0,Stable,1,SMB,Basic,Asia-Pacific,Technology,7,6
CUST_01073,26.1,1.4,0.3333333333333333,,,99.0,99,10,99,0,Stable,1,SMB,Pro,North America,Healthcare,34,9
CUST_01074,17.0,1.0,,,,299.0,299,1,299,0,Stable,1,SMB,Enterprise,North America,Healthcare,44,0
CUST_01075,39.0,3.3181818181818183,0.6,,,199.0,199,22,199,0,Stable,1,Mid-market,Pro,Latin America,Healthcare,391,21
CUST_01076,26.59090909090909,1.7272727272727273,0.3333333333333333,,,29.0,29,22,29,0,Stable,1,SMB,Basic,North America,Finance,7,21
CUST_01077,16.25,0.5,,,,29.0,29,4,29,0,Stable,1,SMB,Basic,North America,Retail,19,3
CUST_01078,44.785714285714285,3.7142857142857144,0.375,8.0,12.0,49.0,49,14,49,0,Stable,1,Mid-market,Basic,North America,Finance,73,13
CUST_01079,72.88888888888889,6.222222222222222,1.0,,,999.0,999,9,999,0,Stable,0,Enterprise,Enterprise,Europe,Healthcare,1691,8
CUST_01080,15.0,1.0,1.0,,,29.0,29,2,29,0,Stable,1,SMB,Basic,Europe,Education,13,1
CUST_01081,42.642857142857146,3.0,0.5333333333333333,,,49.0,49,14,49,0,Stable,1,Mid-market,Basic,Asia-Pacific,E-commerce,281,13
CUST_01082,21.41176470588235,1.8235294117647058,0.25,,,99.0,99,17,99,0,Stable,1,SMB,Pro,Asia-Pacific,Retail,2,16
CUST_01083,22.0,4.0,,,,199.0,199,3,199,0,Stable,1,Mid-market,Pro,Asia-Pacific,Healthcare,276,2
CUST_01084,9.0,3.0,,,,99.0,99,2,99,0,Stable,1,SMB,Pro,Latin America,Education,13,1
CUST_01085,12.5,1.5,,,,29.0,29,2,29,0,Stable,1,SMB,Basic,North America,Technology,40,1
CUST_01086,26.615384615384617,2.076923076923077,0.5,8.0,19.0,29.0,29,13,29,0,Stable,1,SMB,Basic,Europe,Finance,7,12
CUST_01087,28.952380952380953,1.9047619047619047,0.5,,,29.0,29,21,29,0,Stable,1,SMB,Basic,Europe,Technology,31,20
CUST_01088,16.8,0.8,0.0,,,29.0,29,5,29,0,Stable,1,SMB,Basic,North America,E-commerce,32,4
CUST_01089,23.142857142857142,1.5714285714285714,0.0,,,29.0,29,7,29,0,Stable,1,SMB,Basic,Europe,Retail,39,6
CUST_01090,14.0,0.6666666666666666,,6.0,-22.0,29.0,29,3,29,0,Stable,1,SMB,Basic,Europe,Healthcare,38,2
CUST_01091,40.666666666666664,4.0,1.0,,,999.0,999,3,999,0,Stable,0,Enterprise,Enterprise,North America,Education,2107,2
CUST_01092,25.0,0.5,0.0,,,49.0,49,2,49,0,Stable,1,Mid-market,Basic,Europe,Technology,323,1
CUST_01093,28.789473684210527,2.0,0.6666666666666666,,,99.0,99,19,99,0,Stable,1,SMB,Pro,North America,Healthcare,10,18
CUST_01094,13.4,2.0,,,,29.0,29,5,29,0,Stable,1,SMB,Basic,North America,Technology,16,4
CUST_01095,23.23076923076923,2.0,0.0,,,99.0,99,13,99,0,Stable,1,SMB,Pro,Asia-Pacific,E-commerce,16,12
CUST_01096,21.363636363636363,1.0909090909090908,,,,29.0,29,11,29,0,Stable,1,SMB,Basic,Europe,Education,27,10
CUST_01097,37.857142857142854,3.7857142857142856,0.625,,,49.0,49,14,49,0,Stable,1,Mid-market,Basic,Latin America,Technology,236,13
CUST_01098,15.5,1.5,,,,99.0,99,2,99,0,Stable,1,SMB,Pro,Asia-Pacific,Finance,26,1
CUST_01099,21.8,2.6,,,,99.0,99,5,99,0,Stable,1,SMB,Pro,Latin America,Finance,39,4
CUST_01100,43.208333333333336,3.5,0.5625,,,199.0,199,24,199,0,Stable,1,Mid-market,Pro,North America,Healthcare,491,23
CUST_01101,36.611111111111114,4.111111111111111,0.3333333333333333,,,499.0,499,18,499,0,Stable,1,Mid-market,Enterprise,Latin America,E-commerce,140,17
CUST_01102,41.94736842105263,4.2631578947368425,0.5833333333333334,,,199.0,199,19,199,0,Stable,1,Mid-market,Pro,Europe,Retail,340,18
CUST_01103,6.0,0.0,,,,99.0,99,1,99,0,Stable,1,SMB,Pro,Europe,Healthcare,3,0
CUST_01104,17.0,0.0,,,,99.0,99,1,99,0,Stable,1,SMB,Pro,Europe,Education,10,0
CUST_01105,56.2,5.8,1.0,,,999.0,999,5,999,0,Stable,0,Enterprise,Enterprise,Latin America,E-commerce,3685,4
CUST_01106,11.5,0.5,,,,99.0,99,2,99,0,Stable,1,SMB,Pro,Latin America,E-commerce,3,1
CUST_01107,22.583333333333332,1.3333333333333333,0.16666666666666666,,,29.0,29,12,29,0,Stable,1,SMB,Basic,Asia-Pacific,Finance,44,11
CUST_01108,26.666666666666668,1.9166666666666667,0.0,,,29.0,29,24,29,0,Stable,1,SMB,Basic,North America,Healthcare,16,23
CUST_01109,23.454545454545453,1.7272727272727273,,,,99.0,99,11,99,0,Stable,1,SMB,Pro,Europe,Finance,43,10
CUST_01110,63.2,8.5,0.8333333333333334,,,999.0,999,20,999,0,Stable,0,Enterprise,Enterprise,North America,Technology,4953,19
CUST_01111,73.15789473684211,7.157894736842105,0.875,,,999.0,999,19,999,0,Stable,0,Enterprise,Enterprise,Europe,Retail,985,18
CUST_01112,24.714285714285715,2.0,0.0,,,29.0,29,7,29,0,Stable,1,SMB,Basic,Asia-Pacific,Finance,20,6
CUST_01113,42.5,3.25,0.6666666666666666,8.5,24.5,199.0,199,16,199,0,Stable,1,Mid-market,Pro,Europe,Retail,314,15
CUST_01114,32.0,3.076923076923077,1.0,,,199.0,199,13,199,0,Stable,1,Mid-market,Pro,North America,E-commerce,133,12
CUST_01115,26.083333333333332,1.5,0.0,,,29.0,29,12,29,0,Stable,1,SMB,Basic,Asia-Pacific,Retail,16,11
CUST_01116,12.0,1.0,,,,29.0,29,3,29,0,Stable,1,SMB,Basic,Latin America,E-commerce,9,2
CUST_01117,24.6,1.0,1.0,,,29.0,29,5,29,0,Stable,1,SMB,Basic,Europe,Technology,49,4
CUST_01118,36.76470588235294,3.1176470588235294,0.6666666666666666,,,199.0,199,17,199,0,Stable,1,Mid-market,Pro,North America,Technology,213,16
CUST_01119,45.53333333333333,2.933333333333333,0.3333333333333333,,,49.0,49,15,49,0,Stable,1,Mid-market,Basic,Latin America,Retail,178,14
CUST_01120,34.0,2.2,0.0,,,49.0,49,5,49,0,Stable,1,Mid-market,Basic,North America,E-commerce,55,4
CUST_01121,14.25,0.75,0.0,,,99.0,99,4,99,0,Stable,1,SMB,Pro,Asia-Pacific,Technology,23,3
CUST_01122,26.958333333333332,1.9166666666666667,0.6666666666666666,,,99.0,99,24,99,0,Stable,1,SMB,Pro,Europe,Education,17,23
CUST_01123,23.615384615384617,1.6153846153846154,0.0,,,29.0,29,13,29,0,Stable,1,SMB,Basic,Asia-Pacific,Healthcare,11,12
CUST_01124,22.823529411764707,2.0,0.0,,,29.0,29,17,29,0,Stable,1,SMB,Basic,Europe,Technology,24,16
CUST_01125,59.25,6.25,0.75,10.0,49.0,999.0,999,8,999,0,Stable,0,Enterprise,Enterprise,Latin America,Education,2563,7
CUST_01126,41.833333333333336,2.3333333333333335,1.0,,,49.0,49,6,49,0,Stable,1,Mid-market,Basic,North America,Retail,242,5
CUST_01127,22.0,2.0,,,,29.0,29,1,29,0,Stable,1,SMB,Basic,North America,Healthcare,11,0
CUST_01128,22.77777777777778,1.7777777777777777,0.0,,,29.0,29,9,29,0,Stable,1,SMB,Basic,Europe,Healthcare,12,8
CUST_01129,67.375,7.333333333333333,0.75,,,299.0,299,24,299,0,Stable,0,Enterprise,Pro,Latin America,Technology,3002,23
CUST_01130,11.666666666666666,0.0,,5.0,7.0,29.0,29,3,29,0,Stable,1,SMB,Basic,Europe,Education,35,2
CUST_01131,45.95238095238095,3.4761904761904763,0.75,8.0,26.0,49.0,49,21,49,0,Stable,1,Mid-market,Basic,Europe,Retail,132,20
CUST_01132,19.166666666666668,0.5,1.0,6.0,-9.0,29.0,29,6,29,0,Stable,1,SMB,Basic,Asia-Pacific,Healthcare,37,5
CUST_01133,23.842105263157894,1.4736842105263157,0.0,,,29.0,29,19,29,0,Stable,1,SMB,Basic,Asia-Pacific,Education,16,18
CUST_01134,10.0,1.5,,,,29.0,29,2,29,0,Stable,1,SMB,Basic,Asia-Pacific,Education,39,1
CUST_01135,25.833333333333332,1.6666666666666667,1.0,,,29.0,29,6,29,0,Stable,1,SMB,Basic,Europe,Finance,31,5
CUST_01136,45.76470588235294,3.7058823529411766,0.4,,,499.0,499,17,499,0,Stable,0,Mid-market,Enterprise,North America,Finance,225,16
CUST_01137,25.529411764705884,1.7647058823529411,0.375,7.0,11.0,29.0,29,17,29,0,Stable,1,SMB,Basic,Asia-Pacific,Technology,47,16
CUST_01138,21.625,1.375,,,,99.0,99,8,99,0,Stable,1,SMB,Pro,Asia-Pacific,Finance,4,7
CUST_01139,27.85,2.0,0.25,,,29.0,29,20,29,0,Stable,1,SMB,Basic,North America,Education,17,19
CUST_01140,65.0,6.375,1.0,,,999.0,999,8,999,0,Stable,0,Enterprise,Enterprise,Latin America,Retail,861,7
CUST_01141,31.0,2.0,1.0,,,199.0,199,3,199,0,Stable,1,Mid-market,Pro,North America,Technology,234,2
CUST_01142,40.208333333333336,3.9583333333333335,0.7142857142857143,6.0,-14.0,199.0,199,24,199,0,Stable,1,Mid-market,Pro,Asia-Pacific,E-commerce,206,23
CUST_01143,26.714285714285715,2.0,0.0,,,29.0,29,14,29,0,Stable,1,SMB,Basic,North America,Retail,39,13
CUST_01144,73.0,6.0,,,,999.0,999,1,999,0,Stable,0,Enterprise,Enterprise,Europe,Technology,819,0
CUST_01145,24.142857142857142,1.5714285714285714,0.0,,,99.0,99,21,99,0,Stable,1,SMB,Pro,Asia-Pacific,Education,25,20
CUST_01146,21.428571428571427,1.7142857142857142,0.0,,,29.0,29,7,29,0,Stable,1,SMB,Basic,Asia-Pacific,E-commerce,37,6
CUST_01147,19.428571428571427,1.4285714285714286,0.3333333333333333,,,99.0,99,7,99,0,Stable,1,SMB,Pro,Latin America,E-commerce,45,6
CUST_01148,17.0,1.0,,,,99.0,99,3,99,0,Stable,1,SMB,Pro,North America,Healthcare,12,2
CUST_01149,43.958333333333336,3.4583333333333335,0.5714285714285714,7.5,2.0,199.0,199,24,199,0,Stable,1,Mid-market,Pro,North America,E-commerce,435,23
CUST_01150,14.0,0.8333333333333334,0.5,,,29.0,29,6,29,0,Stable,1,SMB,Basic,North America,Healthcare,44,5
CUST_01151,19.0,2.0,,,,49.0,49,2,49,0,Stable,1,Mid-market,Basic,North America,Finance,221,1
CUST_01152,27.833333333333332,2.5,,,,199.0,199,6,199,0,Stable,1,Mid-market,Pro,North America,Technology,118,5
CUST_01153,25.608695652173914,1.565217391304348,0.2,6.0,17.0,29.0,29,23,29,0,Stable,1,SMB,Basic,North America,Healthcare,34,22
CUST_01154,25.666666666666668,1.7333333333333334,0.0,,,29.0,29,15,29,0,Stable,1,SMB,Basic,Latin America,Healthcare,26,14
CUST_01155,38.714285714285715,3.5,0.6666666666666666,,,199.0,199,14,199,0,Stable,1,Mid-market,Pro,North America,Healthcare,354,13
CUST_01156,24.0,2.0,,,,29.0,29,1,29,0,Stable,1,SMB,Basic,Europe,Technology,21,0
CUST_01157,24.666666666666668,1.4761904761904763,0.5714285714285714,6.0,-1.0,29.0,29,21,29,0,Stable,1,SMB,Basic,North America,E-commerce,30,20
CUST_01158,18.25,1.0,0.5,,,29.0,29,4,29,0,Stable,1,SMB,Basic,Europe,E-commerce,47,3
CUST_01159,26.428571428571427,1.7857142857142858,,,,99.0,99,14,99,0,Stable,1,SMB,Pro,Europe,Healthcare,15,13
CUST_01160,41.125,4.25,0.0,,,499.0,499,8,499,0,Stable,1,Mid-market,Enterprise,Europe,Technology,132,7
CUST_01161,22.0,2.5,,,,199.0,199,2,199,0,Stable,1,Mid-market,Pro,Europe,Retail,146,1
CUST_01162,76.5,8.083333333333334,1.0,,,999.0,999,12,999,0,Stable,0,Enterprise,Enterprise,North America,Education,2653,11
CUST_01163,15.0,0.5,,,,29.0,29,2,29,0,Stable,1,SMB,Basic,North America,Finance,43,1
CUST_01164,25.208333333333332,1.7916666666666667,0.5,,,29.0,29,24,29,0,Stable,1,SMB,Basic,Latin America,Finance,26,23
CUST_01165,10.5,2.5,,,,29.0,29,2,29,0,Stable,1,SMB,Basic,Latin America,Retail,38,1
CUST_01166,27.25,4.25,,,,199.0,199,4,199,0,Stable,1,Mid-market,Pro,North America,Education,296,3
CUST_01167,17.666666666666668,1.3333333333333333,,,,99.0,99,3,99,0,Stable,1,SMB,Pro,Europe,E-commerce,26,2
CUST_01168,17.0,2.3333333333333335,1.0,,,199.0,199,3,199,0,Stable,1,Mid-market,Pro,Latin America,Technology,262,2
CUST_01169,23.823529411764707,2.0,0.25,7.0,28.0,29.0,29,17,29,0,Stable,1,SMB,Basic,North America,Retail,2,16
CUST_01170,39.8235294117647,3.764705882352941,0.6666666666666666,,,199.0,199,17,199,0,Stable,1,Mid-market,Pro,North America,E-commerce,169,16
CUST_01171,40.6,2.9,0.5,,,49.0,49,10,49,0,Stable,1,Mid-market,Basic,Asia-Pacific,Retail,259,9
CUST_01172,15.25,0.25,,,,299.0,299,4,299,0,Stable,1,SMB,Enterprise,North America,Healthcare,30,3
CUST_01173,41.9,3.2,1.0,,,199.0,199,10,199,0,Stable,1,Mid-market,Pro,Latin America,Finance,382,9
CUST_01174,22.066666666666666,1.8666666666666667,0.5,,,29.0,29,15,29,0,Stable,1,SMB,Basic,Europe,Healthcare,11,14
CUST_01175,41.625,3.0,0.25,,,499.0,499,8,499,0,Stable,1,Mid-market,Enterprise,North America,E-commerce,400,7
CUST_01176,60.0,4.5,0.5,,,999.0,999,6,999,0,Stable,0,Enterprise,Enterprise,Latin America,Retail,2611,5
CUST_01177,20.333333333333332,1.0,1.0,,,29.0,29,3,29,0,Stable,1,SMB,Basic,Europe,Healthcare,29,2
CUST_01178,38.333333333333336,3.888888888888889,0.5,6.0,3.0,199.0,199,18,199,0,Stable,1,Mid-market,Pro,North America,Retail,395,17
CUST_01179,36.166666666666664,3.0833333333333335,1.0,,,49.0,49,12,49,0,Stable,1,Mid-market,Basic,Europe,Retail,411,11
CUST_01180,16.0,1.0,,,,99.0,99,2,99,0,Stable,1,SMB,Pro,North America,Education,17,1
CUST_01181,25.75,2.75,0.5,,,49.0,49,4,49,0,Stable,1,Mid-market,Basic,Asia-Pacific,Healthcare,253,3
CUST_01182,27.6875,1.5,0.5,,,299.0,299,16,299,0,Stable,1,SMB,Enterprise,North America,Finance,11,15
CUST_01183,24.954545454545453,2.227272727272727,0.5,,,29.0,29,22,29,0,Stable,1,SMB,Basic,North America,Retail,46,21
CUST_01184,18.0,3.0,1.0,,,999.0,999,2,999,0,Stable,0,Enterprise,Enterprise,North America,Healthcare,4571,1
CUST_01185,24.25,1.5,,,,29.0,29,4,29,0,Stable,1,SMB,Basic,Asia-Pacific,Finance,5,3
CUST_01186,14.0,1.5,,,,29.0,29,2,29,0,Stable,1,SMB,Basic,North America,Finance,25,1
CUST_01187,45.5,3.0833333333333335,0.25,,,49.0,49,12,49,0,Stable,1,Mid-market,Basic,North America,Retail,274,11
CUST_01188,23.75,1.875,,,,99.0,99,8,99,0,Stable,1,SMB,Pro,Europe,Education,35,7
CUST_01189,38.5,4.071428571428571,0.3333333333333333,8.0,25.0,199.0,199,14,199,0,Stable,1,Mid-market,Pro,North America,Finance,487,13
CUST_01190,42.083333333333336,2.9166666666666665,0.5,,,499.0,499,12,499,0,Stable,1,Mid-market,Enterprise,Europe,Finance,295,11
CUST_01191,23.842105263157894,1.7894736842105263,0.0,,,29.0,29,19,29,0,Stable,1,SMB,Basic,Asia-Pacific,Education,12,18
CUST_01192,24.0,5.0,,,,999.0,999,1,999,0,Stable,0,Enterprise,Enterprise,Latin America,E-commerce,1227,0
CUST_01193,25.0,1.6842105263157894,0.75,5.0,-9.0,99.0,99,19,99,0,Stable,1,SMB,Pro,Europe,Technology,32,18
CUST_01194,21.0,1.4285714285714286,1.0,,,29.0,29,7,29,0,Stable,1,SMB,Basic,North America,E-commerce,10,6
CUST_01195,41.6,3.6,0.5,5.0,-2.0,199.0,199,15,199,0,Stable,1,Mid-market,Pro,Europe,Education,109,14
CUST_01196,26.642857142857142,2.0714285714285716,0.3333333333333333,,,29.0,29,14,29,0,Stable,1,SMB,Basic,Europe,Technology,14,13
CUST_01197,26.0,1.7727272727272727,0.0,,,99.0,99,22,99,0,Stable,1,SMB,Pro,Europe,Retail,43,21
CUST_01198,25.666666666666668,1.7222222222222223,0.0,6.5,15.0,29.0,29,18,29,0,Stable,1,SMB,Basic,Asia-Pacific,Healthcare,13,17
CUST_01199,24.22222222222222,1.1111111111111112,0.0,,,99.0,99,9,99,0,Stable,1,SMB,Pro,Europe,Technology,32,8
CUST_01200,19.0,2.0,,,,499.0,499,1,499,0,Stable,1,Mid-market,Enterprise,Asia-Pacific,E-commerce,150,0
CUST_01201,25.285714285714285,2.7142857142857144,,,,29.0,29,7,29,0,Stable,1,SMB,Basic,Asia-Pacific,Technology,11,6
CUST_01202,24.454545454545453,1.5454545454545454,0.0,,,29.0,29,11,29,0,Stable,1,SMB,Basic,North America,Retail,16,10
CUST_01203,24.25,1.2083333333333333,0.0,,,29.0,29,24,29,0,Stable,1,SMB,Basic,Asia-Pacific,Retail,43,23
CUST_01204,27.875,1.125,0.0,,,29.0,29,8,29,0,Stable,1,SMB,Basic,Europe,E-commerce,20,7
CUST_01205,19.666666666666668,0.3333333333333333,,,,99.0,99,3,99,0,Stable,1,SMB,Pro,North America,Finance,20,2
CUST_01206,20.5,2.5,,,,29.0,29,10,29,0,Stable,1,SMB,Basic,Latin America,E-commerce,47,9
CUST_01207,15.25,2.25,0.0,7.0,23.0,99.0,99,4,99,0,Stable,1,SMB,Pro,Latin America,Technology,46,3
CUST_01208,22.25,1.0,,,,29.0,29,4,29,0,Stable,1,SMB,Basic,North America,Finance,17,3
CUST_01209,22.823529411764707,1.411764705882353,0.5,,,29.0,29,17,29,0,Stable,1,SMB,Basic,Europe,Finance,27,16
CUST_01210,29.0,1.4545454545454546,0.0,,,29.0,29,11,29,0,Stable,1,SMB,Basic,North America,E-commerce,26,10
CUST_01211,40.3,4.25,0.2,,,499.0,499,20,499,0,Stable,1,Mid-market,Enterprise,Asia-Pacific,Education,135,19
CUST_01212,22.0,1.8888888888888888,0.0,7.0,22.0,29.0,29,9,29,0,Stable,1,SMB,Basic,Latin America,Healthcare,31,8
CUST_01213,30.8,3.6,0.75,,,199.0,199,10,199,0,Stable,1,Mid-market,Pro,North America,Healthcare,464,9
CUST_01214,21.0,0.75,,,,99.0,99,4,99,0,Stable,1,SMB,Pro,North America,Healthcare,2,3
CUST_01215,25.363636363636363,1.2727272727272727,0.6666666666666666,8.0,40.0,29.0,29,22,29,0,Stable,1,SMB,Basic,North America,Technology,26,21
CUST_01216,77.125,7.0,0.5,,,999.0,999,8,999,0,Stable,0,Enterprise,Enterprise,Asia-Pacific,Healthcare,2986,7
CUST_01217,22.0,2.3333333333333335,0.0,,,29.0,29,6,29,0,Stable,1,SMB,Basic,Latin America,Retail,44,5
CUST_01218,16.22222222222222,1.5555555555555556,0.0,,,99.0,99,9,99,0,Stable,1,SMB,Pro,Asia-Pacific,Education,25,8
CUST_01219,43.583333333333336,4.333333333333333,0.5833333333333333,5.0,-6.0,499.0,499,24,499,0,Stable,1,Mid-market,Enterprise,Europe,E-commerce,421,23
CUST_01220,19.333333333333332,1.6666666666666667,,,,29.0,29,9,29,0,Stable,1,SMB,Basic,North America,Education,8,8
CUST_01221,27.714285714285715,1.7142857142857142,0.5,9.0,26.0,29.0,29,7,29,0,Stable,1,SMB,Basic,North America,Finance,33,6
CUST_01222,23.307692307692307,1.9230769230769231,0.3333333333333333,8.0,14.0,29.0,29,13,29,0,Stable,1,SMB,Basic,Latin America,Technology,14,12
CUST_01223,77.31818181818181,7.181818181818182,0.8461538461538461,,,999.0,999,22,999,0,Stable,0,Enterprise,Enterprise,North America,Technology,906,21
CUST_01224,21.142857142857142,2.5714285714285716,,,,299.0,299,7,299,0,Stable,1,SMB,Enterprise,North America,Education,32,6
CUST_01225,21.571428571428573,2.142857142857143,0.5,7.666666666666667,37.333333333333336,29.0,29,14,29,0,Stable,1,SMB,Basic,North America,Technology,24,13
CUST_01226,64.6,7.0,0.8333333333333334,9.0,55.0,99.0,99,15,99,0,Stable,0,Enterprise,Basic,North America,E-commerce,820,14
CUST_01227,37.0,3.5625,0.625,,,49.0,49,16,49,0,Stable,1,Mid-market,Basic,Europe,Education,248,15
CUST_01228,16.0,1.0,,,,29.0,29,2,29,0,Stable,1,SMB,Basic,Latin America,Education,28,1
CUST_01229,10.666666666666666,1.0,0.0,,,29.0,29,3,29,0,Stable,1,SMB,Basic,Latin America,Technology,8,2
CUST_01230,50.22222222222222,7.222222222222222,0.75,,,299.0,299,9,299,0,Stable,0,Enterprise,Pro,North America,Technology,3674,8
CUST_01231,27.045454545454547,1.5909090909090908,0.0,6.5,17.5,29.0,29,22,29,0,Stable,1,SMB,Basic,North America,Technology,40,21
CUST_01232,37.333333333333336,3.380952380952381,0.3333333333333333,,,199.0,199,21,199,0,Stable,1,Mid-market,Pro,North America,E-commerce,181,20
CUST_01233,41.5,2.875,0.6666666666666666,,,199.0,199,8,199,0,Stable,1,Mid-market,Pro,Latin America,E-commerce,372,7
CUST_01234,26.666666666666668,2.0833333333333335,0.0,8.0,34.5,99.0,99,12,99,0,Stable,1,SMB,Pro,Asia-Pacific,Education,3,11
CUST_01235,68.22222222222223,5.555555555555555,1.0,9.0,10.0,999.0,999,9,999,0,Stable,0,Enterprise,Enterprise,North America,E-commerce,4998,8
CUST_01236,26.91304347826087,1.8695652173913044,0.5,,,29.0,29,23,29,0,Stable,1,SMB,Basic,North America,Retail,42,22
CUST_01237,19.6,1.0,,,,29.0,29,5,29,0,Stable,1,SMB,Basic,North America,Healthcare,4,4
CUST_01238,38.65,3.95,0.7142857142857143,,,199.0,199,20,199,0,Stable,1,Mid-market,Pro,North America,E-commerce,443,19
CUST_01239,67.53846153846153,6.615384615384615,0.8,,,299.0,299,13,299,0,Stable,0,Enterprise,Pro,Europe,Retail,4393,12
CUST_01240,23.0,1.0,0.0,,,99.0,99,4,99,0,Stable,1,SMB,Pro,North America,Healthcare,9,3
CUST_01241,22.272727272727273,1.1818181818181819,,,,29.0,29,11,29,0,Stable,1,SMB,Basic,Latin America,Technology,8,10
CUST_01242,36.0,4.6,0.6666666666666666,,,499.0,499,10,499,0,Stable,0,Mid-market,Enterprise,Europe,Finance,204,9
CUST_01243,38.8125,3.0,0.3888888888888889,8.0,34.0,49.0,49,16,49,0,Stable,1,Mid-market,Basic,North America,Finance,313,15
CUST_01244,24.5,1.8333333333333333,0.0,,,29.0,29,6,29,0,Stable,1,SMB,Basic,Latin America,Healthcare,15,5
CUST_01245,76.2,6.9,1.0,,,999.0,999,10,999,0,Stable,0,Enterprise,Enterprise,North America,Healthcare,3489,9
CUST_01246,24.8,1.6,0.5,,,29.0,29,20,29,0,Stable,1,SMB,Basic,Europe,Healthcare,46,19
CUST_01247,18.714285714285715,2.0,0.0,,,29.0,29,7,29,0,Stable,1,SMB,Basic,North America,Education,32,6
CUST_01248,37.285714285714285,3.5714285714285716,1.0,,,199.0,199,7,199,0,Stable,1,Mid-market,Pro,Asia-Pacific,E-commerce,270,6
CUST_01249,17.0,0.5,,,,29.0,29,2,29,0,Stable,1,SMB,Basic,Europe,Finance,21,1
CUST_01250,26.11111111111111,2.1666666666666665,0.8,,,29.0,29,18,29,0,Stable,1,SMB,Basic,North America,Retail,20,17
CUST_01251,28.176470588235293,1.411764705882353,0.0,,,29.0,29,17,29,0,Stable,1,SMB,Basic,North America,Retail,11,16
CUST_01252,66.25,7.708333333333333,0.9047619047619048,,,299.0,299,24,299,0,Stable,0,Enterprise,Pro,Asia-Pacific,Retail,4759,23
CUST_01253,25.333333333333332,1.0,,,,29.0,29,6,29,0,Stable,1,SMB,Basic,North America,Retail,4,5
CUST_01254,24.0,1.375,0.0,,,29.0,29,16,29,0,Stable,1,SMB,Basic,Asia-Pacific,Finance,38,15
CUST_01255,39.05882352941177,4.176470588235294,0.4375,,,499.0,499,17,499,0,Stable,1,Mid-market,Enterprise,Europe,E-commerce,489,16
CUST_01256,40.833333333333336,2.8333333333333335,1.0,,,49.0,49,6,49,0,Stable,1,Mid-market,Basic,North America,Education,104,5
CUST_01257,70.0,7.588235294117647,0.8333333333333334,,,999.0,999,17,999,0,Stable,0,Enterprise,Enterprise,Europe,Retail,1504,16
CUST_01258,45.357142857142854,2.7142857142857144,0.5625,8.5,21.5,49.0,49,14,49,0,Stable,1,Mid-market,Basic,North America,Education,190,13
CUST_01259,23.90909090909091,1.8181818181818181,0.6666666666666666,,,29.0,29,11,29,0,Stable,1,SMB,Basic,Europe,Healthcare,40,10
CUST_01260,28.0,1.5555555555555556,1.0,,,99.0,99,9,99,0,Stable,1,SMB,Pro,North America,Finance,8,8
CUST_01261,25.0625,1.9375,0.0,8.0,33.0,29.0,29,16,29,0,Stable,1,SMB,Basic,Europe,Finance,37,15
CUST_01262,23.764705882352942,1.1764705882352942,0.3333333333333333,,,29.0,29,17,29,0,Stable,1,SMB,Basic,Europe,Finance,25,16
CUST_01263,23.25,1.4166666666666667,0.3333333333333333,,,29.0,29,12,29,0,Stable,1,SMB,Basic,Europe,E-commerce,45,11
CUST_01264,9.5,2.0,,,,29.0,29,2,29,0,Stable,1,SMB,Basic,Europe,E-commerce,27,1
CUST_01265,42.8,4.133333333333334,0.4,,,499.0,499,15,499,0,Stable,1,Mid-market,Enterprise,Europe,E-commerce,289,14
CUST_01266,22.1,1.35,0.3333333333333333,7.0,24.0,99.0,99,20,99,0,Stable,1,SMB,Pro,Europe,Retail,29,19
CUST_01267,75.80952380952381,7.285714285714286,0.375,,,99.0,99,21,99,0,Stable,0,Enterprise,Basic,Europe,Healthcare,4761,20
CUST_01268,19.666666666666668,1.6666666666666667,,,,99.0,99,6,99,0,Stable,1,SMB,Pro,North America,Technology,12,5
CUST_01269,8.0,2.0,,,,29.0,29,2,29,0,Stable,1,SMB,Basic,Latin America,Technology,32,1
CUST_01270,39.04761904761905,3.619047619047619,0.7142857142857143,,,199.0,199,21,199,0,Stable,1,Mid-market,Pro,Latin America,Technology,165,20
CUST_01271,25.88888888888889,1.5555555555555556,0.5,7.0,23.0,29.0,29,9,29,0,Stable,1,SMB,Basic,North America,Retail,18,8
CUST_01272,24.0,1.3333333333333333,1.0,,,49.0,49,3,49,0,Stable,1,Mid-market,Basic,North America,Technology,464,2
CUST_01273,69.5,8.0,0.880952380952381,,,999.0,999,12,999,0,Stable,0,Enterprise,Enterprise,Europe,Education,2439,11
CUST_01274,26.2,2.2,0.0,,,299.0,299,10,299,0,Stable,1,SMB,Enterprise,Europe,Finance,46,9
CUST_01275,22.22222222222222,1.8333333333333333,0.5,9.0,60.0,29.0,29,18,29,0,Stable,1,SMB,Basic,Europe,E-commerce,34,17
CUST_01276,37.92857142857143,3.0714285714285716,1.0,7.0,2.0,199.0,199,14,199,0,Stable,1,Mid-market,Pro,Europe,Healthcare,83,13
CUST_01277,68.3529411764706,8.176470588235293,0.5,,,999.0,999,17,999,0,Stable,0,Enterprise,Enterprise,Europe,E-commerce,3689,16
CUST_01278,25.0,2.0,,,,29.0,29,1,29,0,Stable,1,SMB,Basic,Latin America,Technology,44,0
CUST_01279,73.57894736842105,7.7368421052631575,0.7777777777777778,7.0,7.0,299.0,299,19,299,0,Stable,0,Enterprise,Pro,Asia-Pacific,Education,2592,18
CUST_01280,27.19047619047619,1.7619047619047619,0.6666666666666666,,,29.0,29,21,29,0,Stable,1,SMB,Basic,Asia-Pacific,Retail,23,20
CUST_01281,8.5,0.5,,,,199.0,199,2,199,0,Stable,1,Mid-market,Pro,Europe,Healthcare,224,1
CUST_01282,42.0,3.6666666666666665,0.8333333333333334,9.0,62.0,199.0,199,15,199,0,Stable,0,Mid-market,Pro,Asia-Pacific,E-commerce,89,14
CUST_01283,24.071428571428573,1.7857142857142858,0.4444444444444444,,,29.0,29,14,29,0,Stable,1,SMB,Basic,Latin America,Healthcare,16,13
CUST_01284,22.833333333333332,2.2777777777777777,1.0,,,29.0,29,18,29,0,Stable,1,SMB,Basic,Europe,Healthcare,49,17
CUST_01285,14.333333333333334,1.3333333333333333,0.0,,,99.0,99,3,99,0,Stable,1,SMB,Pro,North America,Retail,21,2
CUST_01286,64.73333333333333,7.133333333333334,1.0,,,999.0,999,15,999,0,Stable,0,Enterprise,Enterprise,Asia-Pacific,Technology,2874,14
CUST_01287,60.18181818181818,7.363636363636363,1.0,,,999.0,999,11,999,0,Stable,0,Enterprise,Enterprise,North America,Retail,4023,10
CUST_01288,60.705882352941174,8.0,0.75,10.0,66.0,999.0,999,17,999,0,Stable,0,Enterprise,Enterprise,Latin America,Technology,4939,16
CUST_01289,64.4090909090909,8.590909090909092,1.0,,,99.0,99,22,99,0,Stable,0,Enterprise,Basic,Europe,Healthcare,3456,21
CUST_01290,34.857142857142854,2.4285714285714284,0.8333333333333334,,,499.0,499,7,499,0,Stable,1,Mid-market,Enterprise,Asia-Pacific,Healthcare,245,6
CUST_01291,41.416666666666664,3.4166666666666665,0.75,8.0,35.0,49.0,49,24,49,0,Stable,1,Mid-market,Basic,Latin America,Finance,454,23
CUST_01292,21.5,3.5,1.0,,,199.0,199,4,199,0,Stable,1,Mid-market,Pro,Latin America,Finance,346,3
CUST_01293,15.333333333333334,1.3333333333333333,0.0,,,29.0,29,3,29,0,Stable,1,SMB,Basic,North America,Technology,39,2
CUST_01294,24.714285714285715,1.6428571428571428,1.0,7.0,21.0,29.0,29,14,29,0,Stable,1,SMB,Basic,Europe,Technology,6,13
CUST_01295,14.5,0.5,0.5,,,29.0,29,4,29,0,Stable,1,SMB,Basic,Europe,E-commerce,25,3
CUST_01296,38.5,3.1,0.5714285714285714,,,49.0,49,20,49,0,Stable,1,Mid-market,Basic,Europe,Technology,498,19
CUST_01297,27.142857142857142,1.8571428571428572,0.0,,,29.0,29,14,29,0,Stable,1,SMB,Basic,Asia-Pacific,Healthcare,14,13
CUST_01298,18.88888888888889,1.7777777777777777,1.0,,,29.0,29,9,29,0,Stable,1,SMB,Basic,Latin America,Education,17,8
CUST_01299,22.6,2.2,0.0,,,199.0,199,5,199,0,Stable,1,Mid-market,Pro,North America,E-commerce,213,4
CUST_01300,38.333333333333336,3.625,0.5,9.0,30.0,199.0,199,24,199,0,Stable,1,Mid-market,Pro,North America,Finance,203,23
CUST_01301,15.0,1.5,,,,29.0,29,2,29,0,Stable,1,SMB,Basic,Europe,Education,46,1
CUST_01302,43.35,3.5,0.8,7.0,15.0,49.0,49,20,49,0,Stable,1,Mid-market,Basic,North America,Finance,393,19
CUST_01303,57.8,7.4,0.5,,,999.0,999,5,999,0,Stable,0,Enterprise,Enterprise,North America,E-commerce,4549,4
CUST_01304,17.666666666666668,0.6666666666666666,,,,29.0,29,3,29,0,Stable,1,SMB,Basic,North America,Retail,13,2
CUST_01305,27.545454545454547,1.6363636363636365,0.0,,,29.0,29,11,29,0,Stable,1,SMB,Basic,North America,Healthcare,49,10
CUST_01306,22.8,1.2,,7.0,11.0,99.0,99,5,99,0,Stable,1,SMB,Pro,North America,Education,29,4
CUST_01307,21.88888888888889,1.5555555555555556,0.75,,,29.0,29,9,29,0,Stable,1,SMB,Basic,North America,Education,34,8
CUST_01308,27.27777777777778,2.2777777777777777,,,,99.0,99,18,99,0,Stable,1,SMB,Pro,Latin America,Education,43,17
CUST_01309,19.4,1.6,0.0,,,29.0,29,5,29,0,Stable,1,SMB,Basic,North America,Finance,6,4
CUST_01310,35.9,4.2,0.75,,,49.0,49,10,49,0,Stable,1,Mid-market,Basic,Europe,Finance,100,9
CUST_01311,10.0,0.0,,,,29.0,29,1,29,0,Stable,1,SMB,Basic,Asia-Pacific,E-commerce,1,0
CUST_01312,67.28571428571429,7.571428571428571,0.6666666666666666,7.666666666666667,22.0,299.0,299,14,299,0,Stable,0,Enterprise,Pro,Asia-Pacific,E-commerce,3741,13
CUST_01313,27.0,2.0,,,,99.0,99,6,99,0,Stable,1,SMB,Pro,Latin America,Retail,41,5
CUST_01314,23.071428571428573,1.8571428571428572,1.0,9.0,27.0,29.0,29,14,29,0,Stable,1,SMB,Basic,North America,Finance,2,13
CUST_01315,25.88235294117647,2.235294117647059,0.16666666666666666,,,29.0,29,17,29,0,Stable,1,SMB,Basic,Latin America,E-commerce,11,16
CUST_01316,27.5,3.0,,,,999.0,999,2,999,0,Stable,1,Enterprise,Enterprise,Latin America,Retail,4485,1
CUST_01317,17.2,0.8,1.0,,,29.0,29,5,29,0,Stable,1,SMB,Basic,Europe,Education,26,4
CUST_01318,11.5,0.5,,,,29.0,29,2,29,0,Stable,1,SMB,Basic,North America,Technology,19,1
CUST_01319,36.857142857142854,4.0,0.0,,,499.0,499,7,499,0,Stable,1,Mid-market,Enterprise,North America,Education,327,6
CUST_01320,18.363636363636363,1.8181818181818181,0.0,,,29.0,29,11,29,0,Stable,1,SMB,Basic,Europe,Retail,36,10
CUST_01321,22.9,1.8,0.0,9.0,32.0,99.0,99,10,99,0,Stable,1,SMB,Pro,Europe,Finance,13,9
CUST_01322,51.666666666666664,2.0,0.5,,,99.0,99,3,99,0,Stable,1,Enterprise,Basic,Asia-Pacific,E-commerce,4068,2
CUST_01323,48.0,5.6,0.6,,,299.0,299,5,299,0,Stable,0,Enterprise,Pro,Europe,Finance,2447,4
CUST_01324,25.923076923076923,2.0,0.0,,,29.0,29,13,29,0,Stable,1,SMB,Basic,Asia-Pacific,Healthcare,12,12
CUST_01325,20.2,2.4,,,,29.0,29,10,29,0,Stable,1,SMB,Basic,Asia-Pacific,Technology,1,9
CUST_01326,31.25,1.75,1.0,,,199.0,199,4,199,0,Stable,1,Mid-market,Pro,Europe,Retail,280,3
CUST_01327,26.071428571428573,2.0714285714285716,0.0,,,29.0,29,14,29,0,Stable,1,SMB,Basic,Asia-Pacific,E-commerce,9,13
CUST_01328,25.23076923076923,2.1538461538461537,0.5,,,29.0,29,13,29,0,Stable,1,SMB,Basic,North America,Finance,41,12
CUST_01329,14.333333333333334,1.6666666666666667,0.0,,,29.0,29,3,29,0,Stable,1,SMB,Basic,North America,Retail,48,2
CUST_01330,21.75,0.5,0.0,,,29.0,29,4,29,0,Stable,1,SMB,Basic,Latin America,Retail,39,3
CUST_01331,24.428571428571427,2.5714285714285716,1.0,9.0,38.0,49.0,49,7,49,0,Stable,1,Mid-market,Basic,Asia-Pacific,Technology,377,6
CUST_01332,69.16666666666667,7.666666666666667,0.6666666666666666,,,999.0,999,12,999,0,Stable,0,Enterprise,Enterprise,North America,Education,1886,11
CUST_01333,27.625,1.0,0.0,,,29.0,29,8,29,0,Stable,1,SMB,Basic,Europe,Finance,25,7
CUST_01334,68.36363636363636,8.818181818181818,0.75,,,999.0,999,11,999,0,Stable,0,Enterprise,Enterprise,Asia-Pacific,Retail,1724,10
CUST_01335,25.0,4.0,,8.0,4.0,499.0,499,4,499,0,Stable,1,Mid-market,Enterprise,Latin America,Technology,134,3
CUST_01336,20.285714285714285,2.0,0.0,,,299.0,299,7,299,0,Stable,1,SMB,Enterprise,Asia-Pacific,Retail,22,6
CUST_01337,23.071428571428573,1.9285714285714286,0.5833333333333334,6.0,27.0,29.0,29,14,29,0,Stable,1,SMB,Basic,Europe,Education,41,13
CUST_01338,69.36842105263158,8.894736842105264,0.9,,,299.0,299,19,299,0,Stable,0,Enterprise,Pro,Europe,Retail,3247,18
CUST_01339,21.8,0.4,,,,299.0,299,5,299,0,Stable,1,SMB,Enterprise,Latin America,E-commerce,14,4
CUST_01340,27.736842105263158,1.5263157894736843,0.3333333333333333,,,99.0,99,19,99,0,Stable,1,SMB,Pro,North America,Technology,21,18
CUST_01341,41.208333333333336,3.5833333333333335,0.75,,,49.0,49,24,49,0,Stable,1,Mid-market,Basic,Europe,Education,153,23
CUST_01342,25.8,1.6,0.0,,,29.0,29,10,29,0,Stable,1,SMB,Basic,North America,Technology,18,9
CUST_01343,18.533333333333335,1.4666666666666666,0.5,,,29.0,29,15,29,0,Stable,1,SMB,Basic,Europe,Finance,23,14
CUST_01344,74.76190476190476,8.285714285714286,0.75,,,999.0,999,21,999,0,Stable,0,Enterprise,Enterprise,Europe,Retail,2864,20
CUST_01345,21.285714285714285,1.0,0.6666666666666666,,,29.0,29,7,29,0,Stable,1,SMB,Basic,Asia-Pacific,Retail,15,6
CUST_01346,84.0,6.714285714285714,0.5,,,299.0,299,7,299,0,Stable,0,Enterprise,Pro,North America,Healthcare,4437,6
CUST_01347,28.666666666666668,1.0,1.0,,,199.0,199,3,199,0,Stable,1,Mid-market,Pro,Europe,Finance,336,2
CUST_01348,32.75,0.5,0.0,,,199.0,199,4,199,0,Stable,1,Mid-market,Pro,Europe,Finance,483,3
CUST_01349,9.0,0.0,,,,29.0,29,1,29,0,Stable,1,SMB,Basic,Asia-Pacific,Healthcare,9,0
CUST_01350,27.5,1.6,0.0,6.0,5.0,29.0,29,20,29,0,Stable,1,SMB,Basic,Latin America,E-commerce,3,19
CUST_01351,38.4375,4.75,0.5,,,499.0,499,16,499,0,Stable,0,Mid-market,Enterprise,Latin America,Technology,399,15
CUST_01352,14.5,1.0,,,,99.0,99,2,99,0,Stable,1,SMB,Pro,Europe,Technology,16,1
CUST_01353,24.0,3.0,,,,299.0,299,1,299,0,Stable,1,Enterprise,Pro,North America,Technology,3901,0
CUST_01354,20.833333333333332,1.5,0.0,,,29.0,29,6,29,0,Stable,1,SMB,Basic,Europe,E-commerce,43,5
CUST_01355,22.466666666666665,2.2,0.0,7.0,32.0,29.0,29,15,29,0,Stable,1,SMB,Basic,North America,Technology,26,14
CUST_01356,25.0,1.6111111111111112,0.625,5.0,-10.0,99.0,99,18,99,0,Stable,1,SMB,Pro,Europe,Education,6,17
CUST_01357,9.0,0.0,0.0,,,99.0,99,1,99,0,Stable,1,SMB,Pro,Asia-Pacific,Retail,49,0
CUST_01358,31.444444444444443,3.3333333333333335,1.0,,,49.0,49,9,49,0,Stable,1,Mid-market,Basic,Europe,Healthcare,203,8
CUST_01359,63.666666666666664,6.0,,,,999.0,999,6,999,0,Stable,0,Enterprise,Enterprise,North America,Technology,2570,5
CUST_01360,27.130434782608695,2.0434782608695654,0.25,7.0,25.0,29.0,29,23,29,0,Stable,1,SMB,Basic,Latin America,Retail,35,22
CUST_01361,15.0,2.0,0.0,,,29.0,29,2,29,0,Stable,1,SMB,Basic,North America,E-commerce,41,1
CUST_01362,18.714285714285715,2.4285714285714284,0.0,,,29.0,29,7,29,0,Stable,1,SMB,Basic,North America,Technology,41,6
CUST_01363,14.0,2.0,1.0,,,29.0,29,1,29,0,Stable,1,SMB,Basic,Latin America,Healthcare,47,0
CUST_01364,22.25,2.125,0.0,5.0,-9.0,29.0,29,16,29,0,Stable,1,SMB,Basic,Europe,Healthcare,41,15
CUST_01365,69.26666666666667,7.266666666666667,0.5,,,999.0,999,15,999,0,Stable,0,Enterprise,Enterprise,Europe,Technology,3602,14
CUST_01366,19.8,1.2,1.0,,,29.0,29,5,29,0,Stable,1,SMB,Basic,Europe,E-commerce,19,4
CUST_01367,14.0,1.0,,,,29.0,29,1,29,0,Stable,1,SMB,Basic,Asia-Pacific,Healthcare,22,0
CUST_01368,19.11111111111111,2.0,0.5,,,99.0,99,9,99,0,Stable,1,SMB,Pro,Europe,Retail,21,8
CUST_01369,14.5,0.5,,,,99.0,99,2,99,0,Stable,1,SMB,Pro,North America,Finance,11,1
CUST_01370,28.666666666666668,2.0,1.0,,,199.0,199,3,199,0,Stable,1,Mid-market,Pro,Europe,E-commerce,477,2
CUST_01371,18.5,0.6666666666666666,0.0,,,29.0,29,6,29,0,Stable,1,SMB,Basic,Latin America,Education,11,5
CUST_01372,35.333333333333336,4.333333333333333,0.6666666666666666,9.0,25.0,199.0,199,18,199,0,Stable,0,Mid-market,Pro,Asia-Pacific,Retail,305,17
CUST_01373,24.272727272727273,2.3636363636363638,0.0,,,29.0,29,11,29,0,Stable,1,SMB,Basic,North America,Education,24,10
CUST_01374,17.0,1.0,,,,29.0,29,1,29,0,Stable,1,SMB,Basic,Asia-Pacific,Education,10,0
CUST_01375,19.583333333333332,2.5833333333333335,0.3333333333333333,8.0,32.0,99.0,99,12,99,0,Stable,1,SMB,Pro,Europe,Retail,48,11
CUST_01376,25.818181818181817,1.5909090909090908,0.5,,,29.0,29,22,29,0,Stable,1,SMB,Basic,North America,E-commerce,47,21
CUST_01377,25.75,1.75,0.3333333333333333,,,49.0,49,4,49,0,Stable,1,Mid-market,Basic,Europe,Healthcare,52,3
CUST_01378,21.0,3.75,,,,199.0,199,4,199,0,Stable,1,Mid-market,Pro,Asia-Pacific,Healthcare,112,3
CUST_01379,25.5,0.6666666666666666,1.0,,,29.0,29,6,29,0,Stable,1,SMB,Basic,Latin America,Healthcare,18,5
CUST_01380,23.3,1.9,,,,29.0,29,10,29,0,Stable,1,SMB,Basic,North America,E-commerce,15,9
CUST_01381,23.88888888888889,1.9444444444444444,0.0,,,29.0,29,18,29,0,Stable,1,SMB,Basic,Europe,E-commerce,44,17
CUST_01382,17.666666666666668,1.3333333333333333,,,,29.0,29,3,29,0,Stable,1,SMB,Basic,Asia-Pacific,Education,19,2
CUST_01383,16.0,1.2,,,,99.0,99,5,99,0,Stable,1,SMB,Pro,Asia-Pacific,Retail,34,4
CUST_01384,54.69230769230769,5.769230769230769,1.0,,,99.0,99,13,99,0,Stable,0,Enterprise,Basic,North America,E-commerce,3888,12
CUST_01385,23.0,0.0,,,,29.0,29,1,29,0,Stable,1,SMB,Basic,Latin America,E-commerce,47,0
CUST_01386,27.153846153846153,1.9230769230769231,0.5,6.5,8.0,99.0,99,13,99,0,Stable,1,SMB,Pro,North America,Retail,27,12
CUST_01387,13.5,1.5,,5.0,11.0,29.0,29,2,29,0,Stable,1,SMB,Basic,North America,Finance,47,1
CUST_01388,43.86363636363637,3.1363636363636362,0.5,,,49.0,49,22,49,0,Stable,1,Mid-market,Basic,Asia-Pacific,Retail,216,21
CUST_01389,22.333333333333332,1.3333333333333333,0.0,,,49.0,49,3,49,0,Stable,1,Mid-market,Basic,Latin America,Retail,460,2
CUST_01390,27.82608695652174,2.0869565217391304,0.3333333333333333,,,99.0,99,23,99,0,Stable,1,SMB,Pro,Latin America,Technology,9,22
CUST_01391,25.0,3.0,,,,199.0,199,3,199,0,Stable,1,Mid-market,Pro,Asia-Pacific,Healthcare,245,2
CUST_01392,24.0,1.3636363636363635,0.0,,,29.0,29,11,29,0,Stable,1,SMB,Basic,North America,Retail,20,10
CUST_01393,24.692307692307693,2.230769230769231,0.0,6.0,6.0,99.0,99,13,99,0,Stable,1,SMB,Pro,Latin America,Technology,48,12
CUST_01394,56.411764705882355,7.0,0.75,,,299.0,299,17,299,0,Stable,0,Enterprise,Pro,North America,Finance,4721,16
CUST_01395,64.42857142857143,8.071428571428571,0.6,,,999.0,999,14,999,0,Stable,0,Enterprise,Enterprise,Asia-Pacific,Education,1780,13
CUST_01396,25.055555555555557,2.0555555555555554,0.16666666666666666,,,99.0,99,18,99,0,Stable,1,SMB,Pro,North America,Finance,19,17
CUST_01397,17.666666666666668,1.7333333333333334,0.8333333333333333,,,29.0,29,15,29,0,Stable,1,SMB,Basic,Europe,Retail,46,14
CUST_01398,27.375,1.625,0.0,,,29.0,29,16,29,0,Stable,1,SMB,Basic,North America,Technology,16,15
CUST_01399,44.25,3.5,0.6,,,199.0,199,16,199,0,Stable,1,Mid-market,Pro,North America,Healthcare,435,15
CUST_01400,70.26666666666667,8.4,0.75,,,999.0,999,15,999,0,Stable,0,Enterprise,Enterprise,North America,Education,1409,14
CUST_01401,20.0,1.875,0.5,,,99.0,99,8,99,0,Stable,1,SMB,Pro,Europe,Education,32,7
CUST_01402,36.46153846153846,3.6153846153846154,0.5,,,49.0,49,13,49,0,Stable,1,Mid-market,Basic,Europe,Education,243,12
CUST_01403,25.666666666666668,1.6666666666666667,0.0,,,29.0,29,12,29,0,Stable,1,SMB,Basic,Europe,Healthcare,15,11
CUST_01404,65.4,7.333333333333333,0.7,,,999.0,999,15,999,0,Stable,0,Enterprise,Enterprise,Europe,Education,2289,14
CUST_01405,40.94444444444444,3.9444444444444446,0.2857142857142857,8.0,37.0,49.0,49,18,49,0,Stable,1,Mid-market,Basic,North America,E-commerce,102,17
CUST_01406,42.333333333333336,3.25,0.5,,,49.0,49,12,49,0,Stable,1,Mid-market,Basic,Asia-Pacific,Technology,59,11
CUST_01407,64.25,8.5,0.2333333333333333,9.0,51.0,999.0,999,8,999,0,Stable,0,Enterprise,Enterprise,Latin America,Finance,4894,7
CUST_01408,23.77777777777778,1.5555555555555556,1.0,,,99.0,99,9,99,0,Stable,1,SMB,Pro,Asia-Pacific,Education,9,8
CUST_01409,23.666666666666668,2.5,0.0,,,99.0,99,12,99,0,Stable,1,SMB,Pro,Europe,Finance,22,11
CUST_01410,22.2,1.4,0.6666666666666666,,,29.0,29,10,29,0,Stable,1,SMB,Basic,North America,E-commerce,43,9
CUST_01411,22.22222222222222,2.111111111111111,0.0,,,29.0,29,9,29,0,Stable,1,SMB,Basic,Europe,E-commerce,23,8
CUST_01412,23.133333333333333,2.0,0.25,,,99.0,99,15,99,0,Stable,1,SMB,Pro,Europe,Finance,7,14
CUST_01413,43.875,3.625,1.0,,,199.0,199,16,199,0,Stable,1,Mid-market,Pro,Asia-Pacific,Finance,229,15
CUST_01414,33.666666666666664,4.5,0.5,,,199.0,199,6,199,0,Stable,1,Mid-market,Pro,Europe,E-commerce,402,5
CUST_01415,43.0,2.5,0.0,,,49.0,49,10,49,0,Stable,1,Mid-market,Basic,Latin America,Finance,241,9
CUST_01416,35.8,4.0,1.0,,,199.0,199,5,199,0,Stable,1,Mid-market,Pro,North America,E-commerce,406,4
CUST_01417,41.888888888888886,4.333333333333333,0.0,,,199.0,199,9,199,0,Stable,1,Mid-market,Pro,Europe,Education,484,8
CUST_01418,48.36363636363637,3.409090909090909,0.8,,,199.0,199,22,199,0,Stable,1,Mid-market,Pro,Europe,Healthcare,397,21
CUST_01419,24.22222222222222,1.8888888888888888,0.2,7.0,24.0,29.0,29,18,29,0,Stable,1,SMB,Basic,North America,Education,21,17
CUST_01420,23.45,2.05,0.25,,,29.0,29,20,29,0,Stable,1,SMB,Basic,Asia-Pacific,Education,18,19
CUST_01421,23.0,0.75,,,,29.0,29,4,29,0,Stable,1,SMB,Basic,Europe,Education,29,3
CUST_01422,26.0,1.0,0.0,,,99.0,99,1,99,0,Stable,1,SMB,Pro,North America,Technology,49,0
CUST_01423,32.0,7.0,,,,199.0,199,1,199,0,Stable,1,Mid-market,Pro,Asia-Pacific,Retail,306,0
CUST_01424,42.166666666666664,3.2777777777777777,0.4,,,499.0,499,18,499,0,Stable,1,Mid-market,Enterprise,North America,Education,356,17
CUST_01425,71.75,7.375,0.75,,,999.0,999,16,999,0,Stable,0,Enterprise,Enterprise,Latin America,Technology,2212,15
CUST_01426,13.333333333333334,1.6666666666666667,,,,29.0,29,3,29,0,Stable,1,SMB,Basic,North America,Healthcare,39,2
CUST_01427,56.888888888888886,6.111111111111111,0.75,,,999.0,999,9,999,0,Stable,0,Enterprise,Enterprise,Europe,Finance,3097,8
CUST_01428,31.0,1.0,0.0,,,199.0,199,2,199,0,Stable,1,Mid-market,Pro,North America,Retail,376,1
CUST_01429,72.3913043478261,8.173913043478262,0.8333333333333334,,,299.0,299,23,299,0,Stable,0,Enterprise,Pro,Europe,Healthcare,3913,22
CUST_01430,65.0,7.176470588235294,0.875,,,299.0,299,17,299,0,Stable,0,Enterprise,Pro,North America,E-commerce,2755,16
CUST_01431,21.5,2.5,1.0,,,29.0,29,4,29,0,Stable,1,SMB,Basic,Europe,Education,3,3
CUST_01432,39.5,4.5,0.6666666666666666,,,499.0,499,10,499,0,Stable,0,Mid-market,Enterprise,Latin America,E-commerce,248,9
CUST_01433,21.4,2.0,0.5,,,29.0,29,10,29,0,Stable,1,SMB,Basic,North America,E-commerce,39,9
CUST_01434,26.77777777777778,1.7777777777777777,1.0,,,99.0,99,9,99,0,Stable,1,SMB,Pro,Europe,Finance,43,8
CUST_01435,66.5,7.857142857142857,1.0,,,999.0,999,14,999,0,Stable,0,Enterprise,Enterprise,Europe,Healthcare,4247,13
CUST_01436,27.166666666666668,2.0,0.5,,,99.0,99,6,99,0,Stable,1,SMB,Pro,Asia-Pacific,Finance,11,5
CUST_01437,28.666666666666668,4.333333333333333,,,,199.0,199,3,199,0,Stable,1,Mid-market,Pro,Asia-Pacific,E-commerce,342,2
CUST_01438,15.0,0.5,,,,29.0,29,2,29,0,Stable,1,SMB,Basic,North America,Technology,36,1
CUST_01439,40.733333333333334,3.933333333333333,0.375,,,49.0,49,15,49,0,Stable,1,Mid-market,Basic,Latin America,Technology,463,14
CUST_01440,42.17391304347826,4.217391304347826,0.0,7.0,7.0,499.0,499,23,499,0,Stable,1,Mid-market,Enterprise,Europe,Retail,459,22
CUST_01441,19.666666666666668,1.3333333333333333,0.0,,,29.0,29,6,29,0,Stable,1,SMB,Basic,Europe,Retail,49,5
CUST_01442,26.727272727272727,2.6363636363636362,0.0,8.0,26.0,99.0,99,11,99,0,Stable,1,SMB,Pro,North America,Retail,24,10
CUST_01443,25.6,1.2,1.0,,,29.0,29,5,29,0,Stable,1,SMB,Basic,Latin America,Technology,49,4
CUST_01444,14.666666666666666,1.0,,,,29.0,29,3,29,0,Stable,1,SMB,Basic,Asia-Pacific,Technology,17,2
CUST_01445,23.53846153846154,2.0,0.6,,,99.0,99,13,99,0,Stable,1,SMB,Pro,North America,Education,3,12
CUST_01446,24.333333333333332,1.0,1.0,,,99.0,99,6,99,0,Stable,1,SMB,Pro,North America,Technology,42,5
CUST_01447,45.8125,4.1875,0.16666666666666666,,,49.0,49,16,49,0,Stable,1,Mid-market,Basic,North America,Education,174,15
CUST_01448,24.0,1.0,,,,29.0,29,1,29,0,Stable,1,SMB,Basic,North America,Retail,9,0
CUST_01449,27.0,2.0,,,,29.0,29,1,29,0,Stable,1,SMB,Basic,Asia-Pacific,Education,30,0
CUST_01450,26.0,3.0,,,,199.0,199,2,199,0,Stable,1,Mid-market,Pro,North America,Healthcare,464,1
CUST_01451,26.565217391304348,2.0434782608695654,0.8,,,29.0,29,23,29,0,Stable,1,SMB,Basic,Europe,Healthcare,46,22
CUST_01452,24.0,1.6153846153846154,0.25,,,29.0,29,13,29,0,Stable,1,SMB,Basic,North America,Healthcare,25,12
CUST_01453,16.0,1.0,,,,29.0,29,2,29,0,Stable,1,SMB,Basic,Asia-Pacific,E-commerce,17,1
CUST_01454,24.0,2.25,0.3333333333333333,,,29.0,29,8,29,0,Stable,1,SMB,Basic,Europe,E-commerce,43,7
CUST_01455,14.4,1.6,,,,29.0,29,5,29,0,Stable,1,SMB,Basic,Europe,Healthcare,16,4
CUST_01456,70.7,8.55,0.7857142857142857,,,999.0,999,20,999,0,Stable,0,Enterprise,Enterprise,Asia-Pacific,E-commerce,1167,19
CUST_01457,38.4,3.4,0.5,,,199.0,199,10,199,0,Stable,1,Mid-market,Pro,Europe,Technology,215,9
CUST_01458,14.8,1.6,,,,29.0,29,5,29,0,Stable,1,SMB,Basic,North America,Finance,2,4
CUST_01459,27.5,0.75,0.5,,,49.0,49,4,49,0,Stable,1,Mid-market,Basic,North America,Technology,386,3
CUST_01460,23.555555555555557,1.0,0.0,,,29.0,29,9,29,0,Stable,1,SMB,Basic,Asia-Pacific,Healthcare,19,8
CUST_01461,20.75,2.25,0.0,,,299.0,299,4,299,0,Stable,1,SMB,Enterprise,Asia-Pacific,Technology,11,3
CUST_01462,26.857142857142858,1.5714285714285714,1.0,,,299.0,299,7,299,0,Stable,1,SMB,Enterprise,North America,Retail,7,6
CUST_01463,27.0,0.5,0.5,,,199.0,199,2,199,0,Stable,1,Mid-market,Pro,Asia-Pacific,Education,324,1
CUST_01464,28.8,1.6,0.3333333333333333,8.0,7.0,29.0,29,20,29,0,Stable,1,SMB,Basic,North America,Retail,31,19
CUST_01465,25.5,1.7916666666666667,0.5,,,29.0,29,24,29,0,Stable,1,SMB,Basic,North America,Healthcare,36,23
CUST_01466,26.235294117647058,1.7647058823529411,0.5,7.0,19.0,29.0,29,17,29,0,Stable,1,SMB,Basic,Europe,Technology,45,16
CUST_01467,43.375,4.375,0.5,5.0,-7.0,199.0,199,16,199,0,Stable,1,Mid-market,Pro,Latin America,Technology,116,15
CUST_01468,22.0,0.75,0.0,,,99.0,99,4,99,0,Stable,1,SMB,Pro,North America,Finance,28,3
CUST_01469,17.75,1.75,,,,29.0,29,4,29,0,Stable,1,SMB,Basic,Asia-Pacific,Retail,10,3
CUST_01470,46.0,6.0,1.0,,,999.0,999,2,999,0,Stable,0,Enterprise,Enterprise,Europe,Retail,1000,1
CUST_01471,22.944444444444443,1.5,0.4,6.0,0.0,29.0,29,18,29,0,Stable,1,SMB,Basic,Europe,Healthcare,19,17
CUST_01472,22.2,1.2,0.5,,,29.0,29,15,29,0,Stable,1,SMB,Basic,Europe,Finance,4,14
CUST_01473,29.294117647058822,1.7647058823529411,0.8,,,29.0,29,17,29,0,Stable,1,SMB,Basic,Asia-Pacific,E-commerce,23,16
CUST_01474,22.294117647058822,1.4705882352941178,0.42857142857142855,8.0,29.0,29.0,29,17,29,0,Stable,1,SMB,Basic,North America,Healthcare,26,16
CUST_01475,21.73913043478261,1.7391304347826086,0.07142857142857142,4.0,-9.0,29.0,29,23,29,0,Stable,1,SMB,Basic,Latin America,Healthcare,47,22
CUST_01476,27.5,2.3,0.5,,,29.0,29,10,29,0,Stable,1,SMB,Basic,Latin America,Healthcare,22,9
CUST_01477,39.111111111111114,3.111111111111111,1.0,,,49.0,49,9,49,0,Stable,1,Mid-market,Basic,North America,Education,382,8
CUST_01478,36.625,2.25,1.0,9.0,33.0,499.0,499,8,499,0,Stable,0,Mid-market,Enterprise,North America,Retail,374,7
CUST_01479,19.0,0.0,,,,29.0,29,1,29,0,Stable,1,SMB,Basic,Asia-Pacific,E-commerce,10,0
CUST_01480,23.11111111111111,1.6666666666666667,0.6666666666666666,,,99.0,99,9,99,0,Stable,1,SMB,Pro,North America,Healthcare,34,8
CUST_01481,22.0,2.0,0.25,7.0,27.5,29.0,29,10,29,0,Stable,1,SMB,Basic,Asia-Pacific,Finance,33,9
CUST_01482,64.75,7.6875,0.75,,,999.0,999,16,999,0,Stable,0,Enterprise,Enterprise,Latin America,Education,3250,15
CUST_01483,35.0,2.888888888888889,0.5,,,49.0,49,9,49,0,Stable,1,Mid-market,Basic,Latin America,Education,361,8
CUST_01484,22.785714285714285,2.0714285714285716,0.125,,,99.0,99,14,99,0,Stable,1,SMB,Pro,Latin America,Education,15,13
CUST_01485,42.6,3.5,0.5,,,49.0,49,20,49,0,Stable,1,Mid-market,Basic,Asia-Pacific,Finance,171,19
CUST_01486,23.636363636363637,1.6363636363636365,0.3333333333333333,,,29.0,29,11,29,0,Stable,1,SMB,Basic,North America,Retail,16,10
CUST_01487,8.5,1.5,,,,29.0,29,2,29,0,Stable,1,SMB,Basic,Asia-Pacific,Technology,42,1
CUST_01488,32.0,3.0,,,,199.0,199,4,199,0,Stable,1,Mid-market,Pro,North America,Education,186,3
CUST_01489,22.333333333333332,1.9047619047619047,0.0,9.0,30.0,99.0,99,21,99,0,Stable,1,SMB,Pro,Asia-Pacific,E-commerce,34,20
CUST_01490,26.333333333333332,1.6666666666666667,1.0,,,99.0,99,9,99,0,Stable,1,SMB,Pro,North America,Technology,21,8
CUST_01491,24.333333333333332,1.6666666666666667,,,,49.0,49,3,49,0,Stable,1,Mid-market,Basic,Asia-Pacific,Retail,134,2
CUST_01492,28.789473684210527,1.9473684210526316,0.5,,,99.0,99,19,99,0,Stable,1,SMB,Pro,North America,Finance,25,18
CUST_01493,46.27272727272727,3.4545454545454546,0.625,6.0,-9.0,199.0,199,11,199,0,Stable,1,Mid-market,Pro,North America,Retail,375,10
CUST_01494,41.0,4.142857142857143,0.75,8.0,32.0,49.0,49,7,49,0,Stable,1,Mid-market,Basic,Europe,E-commerce,136,6
CUST_01495,18.2,0.8,0.25,,,29.0,29,5,29,0,Stable,1,SMB,Basic,Europe,Retail,45,4
CUST_01496,20.5,2.25,,,,29.0,29,4,29,0,Stable,1,SMB,Basic,Europe,E-commerce,32,3
CUST_01497,17.555555555555557,1.4444444444444444,,,,29.0,29,9,29,0,Stable,1,SMB,Basic,North America,Retail,12,8
CUST_01498,77.0,7.458333333333333,0.6428571428571429,,,99.0,99,24,99,0,Stable,0,Enterprise,Basic,Asia-Pacific,E-commerce,4053,23
CUST_01499,73.125,8.333333333333334,0.625,,,999.0,999,24,999,0,Stable,0,Enterprise,Enterprise,Asia-Pacific,Retail,2739,23
CUST_01500,24.285714285714285,1.5714285714285714,0.5,,,29.0,29,14,29,0,Stable,1,SMB,Basic,Europe,Finance,33,13
CUST_01501,26.625,1.625,0.0,,,99.0,99,8,99,0,Stable,1,SMB,Pro,North America,Retail,17,7
CUST_01502,22.416666666666668,2.125,0.5,6.0,8.0,99.0,99,24,99,0,Stable,1,SMB,Pro,North America,Retail,6,23
CUST_01503,31.875,3.875,0.0,,,499.0,499,8,499,0,Stable,1,Mid-market,Enterprise,Latin America,Technology,487,7
CUST_01504,18.4,1.6,0.5,,,29.0,29,10,29,0,Stable,1,SMB,Basic,North America,Technology,40,9
CUST_01505,36.92307692307692,3.1538461538461537,0.5,,,49.0,49,13,49,0,Stable,1,Mid-market,Basic,Asia-Pacific,Technology,280,12
CUST_01506,25.25,1.75,,,,29.0,29,8,29,0,Stable,1,SMB,Basic,North America,Healthcare,48,7
CUST_01507,46.61538461538461,3.923076923076923,0.6666666666666666,,,199.0,199,13,199,0,Stable,1,Mid-market,Pro,Europe,Education,125,12
CUST_01508,32.0,4.0,,,,999.0,999,3,999,0,Stable,0,Enterprise,Enterprise,Latin America,Finance,2296,2
CUST_01509,21.5625,2.0625,0.3333333333333333,,,29.0,29,16,29,0,Stable,1,SMB,Basic,Asia-Pacific,Retail,44,15
CUST_01510,20.416666666666668,1.9166666666666667,0.0,,,99.0,99,12,99,0,Stable,1,SMB,Pro,Europe,Healthcare,17,11
CUST_01511,25.391304347826086,1.8695652173913044,0.3333333333333333,,,299.0,299,23,299,0,Stable,1,SMB,Enterprise,Latin America,E-commerce,39,22
CUST_01512,15.4,0.8,,,,29.0,29,5,29,0,Stable,1,SMB,Basic,North America,Healthcare,25,4
CUST_01513,23.666666666666668,2.8333333333333335,0.0,,,29.0,29,6,29,0,Stable,1,SMB,Basic,Asia-Pacific,Finance,17,5
CUST_01514,8.0,1.0,,,,29.0,29,1,29,0,Stable,1,SMB,Basic,Europe,Education,22,0
CUST_01515,44.0,3.4,0.4,7.0,9.0,199.0,199,10,199,0,Stable,1,Mid-market,Pro,North America,Retail,422,9
CUST_01516,27.904761904761905,1.4761904761904763,0.5,,,29.0,29,21,29,0,Stable,1,SMB,Basic,North America,Finance,30,20
CUST_01517,26.8,1.8,1.0,,,49.0,49,5,49,0,Stable,1,Mid-market,Basic,Asia-Pacific,Finance,449,4
CUST_01518,26.0,2.0,0.625,,,99.0,99,9,99,0,Stable,1,SMB,Pro,North America,Finance,8,8
CUST_01519,64.3,7.9,0.2857142857142857,,,999.0,999,10,999,0,Stable,0,Enterprise,Enterprise,Asia-Pacific,Technology,1784,9
CUST_01520,26.136363636363637,1.7272727272727273,0.25,6.0,-1.0,99.0,99,22,99,0,Stable,1,SMB,Pro,Europe,Healthcare,35,21
CUST_01521,25.916666666666668,1.6666666666666667,0.0,,,29.0,29,12,29,0,Stable,1,SMB,Basic,Asia-Pacific,Technology,49,11
CUST_01522,35.44444444444444,2.888888888888889,0.5,,,199.0,199,9,199,0,Stable,1,Mid-market,Pro,Latin America,Education,196,8
CUST_01523,29.7,1.5,0.5,,,99.0,99,10,99,0,Stable,1,SMB,Pro,Europe,Retail,45,9
CUST_01524,71.5,7.454545454545454,0.7777777777777778,8.0,25.0,299.0,299,22,299,0,Stable,0,Enterprise,Pro,Latin America,Finance,3032,21
CUST_01525,37.2,4.2,1.0,,,199.0,199,5,199,0,Stable,1,Mid-market,Pro,Asia-Pacific,Education,388,4
CUST_01526,14.0,0.0,1.0,,,29.0,29,2,29,0,Stable,1,SMB,Basic,North America,Retail,14,1
CUST_01527,16.625,1.375,1.0,,,29.0,29,8,29,0,Stable,1,SMB,Basic,North America,Finance,6,7
CUST_01528,24.41176470588235,1.9411764705882353,0.3333333333333333,,,29.0,29,17,29,0,Stable,1,SMB,Basic,Europe,Healthcare,19,16
CUST_01529,19.714285714285715,1.5714285714285714,0.0,,,99.0,99,7,99,0,Stable,1,SMB,Pro,Latin America,Finance,38,6
CUST_01530,9.5,0.5,,6.0,-9.0,99.0,99,2,99,0,Stable,1,SMB,Pro,Europe,Healthcare,8,1
CUST_01531,20.90909090909091,2.090909090909091,0.0,7.0,37.0,29.0,29,22,29,0,Stable,1,SMB,Basic,North America,Technology,31,21
CUST_01532,18.875,1.875,0.0,,,99.0,99,8,99,0,Stable,1,SMB,Pro,North America,E-commerce,44,7
CUST_01533,21.666666666666668,1.6666666666666667,0.5,,,99.0,99,9,99,0,Stable,1,SMB,Pro,Europe,Healthcare,41,8
CUST_01534,27.4,2.4,1.0,,,99.0,99,10,99,0,Stable,1,SMB,Pro,Latin America,Technology,36,9
CUST_01535,24.22222222222222,1.6666666666666667,0.0,6.0,3.0,99.0,99,9,99,0,Stable,1,SMB,Pro,Europe,Education,42,8
CUST_01536,31.75,3.5,,,,499.0,499,4,499,0,Stable,1,Mid-market,Enterprise,Latin America,Technology,165,3
CUST_01537,32.2,1.8,1.0,,,49.0,49,5,49,0,Stable,1,Mid-market,Basic,Asia-Pacific,Healthcare,106,4
CUST_01538,12.0,4.0,0.0,,,49.0,49,1,49,0,Stable,1,Mid-market,Basic,North America,Healthcare,352,0
CUST_01539,26.136363636363637,1.9090909090909092,0.0,,,99.0,99,22,99,0,Stable,1,SMB,Pro,North America,Retail,5,21
CUST_01540,12.0,1.5,,,,29.0,29,2,29,0,Stable,1,SMB,Basic,Latin America,E-commerce,13,1
CUST_01541,24.1,1.7,0.3333333333333333,7.0,-2.0,29.0,29,20,29,0,Stable,1,SMB,Basic,Europe,Retail,47,19
CUST_01542,25.782608695652176,1.5217391304347827,0.4,8.0,16.0,29.0,29,23,29,0,Stable,1,SMB,Basic,Latin America,E-commerce,21,22
CUST_01543,26.5,1.0,1.0,,,29.0,29,12,29,0,Stable,1,SMB,Basic,Latin America,Healthcare,41,11
CUST_01544,74.0,7.636363636363637,0.6287878787878788,9.0,16.0,999.0,999,22,999,0,Stable,0,Enterprise,Enterprise,North America,E-commerce,4594,21
CUST_01545,27.25,1.9166666666666667,0.5,7.0,35.0,29.0,29,24,29,0,Stable,1,SMB,Basic,North America,Education,31,23
CUST_01546,55.30769230769231,5.153846153846154,0.611111111111111,,,299.0,299,13,299,0,Stable,0,Enterprise,Pro,North America,Healthcare,4580,12
CUST_01547,23.363636363636363,1.7272727272727273,0.0,8.0,11.0,29.0,29,11,29,0,Stable,1,SMB,Basic,Europe,Finance,2,10
CUST_01548,37.38461538461539,3.769230769230769,0.375,7.0,29.0,49.0,49,13,49,0,Stable,1,Mid-market,Basic,North America,Technology,216,12
CUST_01549,31.4,3.0,0.5,,,199.0,199,5,199,0,Stable,1,Mid-market,Pro,Latin America,E-commerce,316,4
CUST_01550,24.642857142857142,1.9285714285714286,0.0,,,29.0,29,14,29,0,Stable,1,SMB,Basic,Europe,Education,4,13
CUST_01551,67.0,5.0,1.0,,,299.0,299,8,299,0,Stable,0,Enterprise,Pro,North America,Retail,3657,7
CUST_01552,36.166666666666664,2.6666666666666665,1.0,,,199.0,199,6,199,0,Stable,1,Mid-market,Pro,Europe,Retail,299,5
CUST_01553,20.571428571428573,2.142857142857143,0.5,,,29.0,29,7,29,0,Stable,1,SMB,Basic,Europe,Finance,16,6
CUST_01554,17.666666666666668,0.6666666666666666,0.5,,,29.0,29,3,29,0,Stable,1,SMB,Basic,Europe,E-commerce,7,2
CUST_01555,38.375,3.375,0.6666666666666666,,,199.0,199,16,199,0,Stable,1,Mid-market,Pro,Europe,Finance,417,15
CUST_01556,12.0,0.0,,,,29.0,29,2,29,0,Stable,1,SMB,Basic,Europe,Healthcare,31,1
CUST_01557,16.25,1.75,1.0,,,29.0,29,4,29,0,Stable,1,SMB,Basic,North America,Retail,32,3
CUST_01558,24.23076923076923,2.5384615384615383,1.0,4.0,-11.0,29.0,29,13,29,0,Stable,1,SMB,Basic,North America,Retail,8,12
CUST_01559,23.0,1.7272727272727273,0.2857142857142857,8.0,40.0,99.0,99,22,99,0,Stable,1,SMB,Pro,Europe,Healthcare,15,21
CUST_01560,25.047619047619047,2.0476190476190474,0.0,,,29.0,29,21,29,0,Stable,1,SMB,Basic,Europe,E-commerce,6,20
CUST_01561,28.142857142857142,3.2857142857142856,0.75,,,49.0,49,7,49,0,Stable,1,Mid-market,Basic,Europe,Education,254,6
CUST_01562,44.875,4.125,0.0,,,199.0,199,8,199,0,Stable,1,Mid-market,Pro,North America,Technology,417,7
CUST_01563,22.941176470588236,1.7647058823529411,0.6,7.0,36.0,99.0,99,17,99,0,Stable,1,SMB,Pro,Asia-Pacific,Education,35,16
CUST_01564,59.8,6.733333333333333,0.75,,,999.0,999,15,999,0,Stable,0,Enterprise,Enterprise,North America,Education,4391,14
CUST_01565,26.210526315789473,1.5263157894736843,0.3333333333333333,,,29.0,29,19,29,0,Stable,1,SMB,Basic,Europe,Finance,1,18
CUST_01566,23.941176470588236,1.9411764705882353,0.25,8.0,46.0,29.0,29,17,29,0,Stable,1,SMB,Basic,Europe,Education,43,16
CUST_01567,17.5,0.5,,,,29.0,29,2,29,0,Stable,1,SMB,Basic,Asia-Pacific,Retail,49,1
CUST_01568,40.25,2.0,1.0,,,199.0,199,4,199,0,Stable,1,Mid-market,Pro,North America,Finance,293,3
CUST_01569,24.666666666666668,1.8888888888888888,0.8888888888888888,,,299.0,299,9,299,0,Stable,1,SMB,Enterprise,North America,E-commerce,17,8
CUST_01570,41.91304347826087,4.0,0.75,,,49.0,49,23,49,0,Stable,1,Mid-market,Basic,Asia-Pacific,Finance,191,22
CUST_01571,32.92307692307692,4.153846153846154,0.25,,,199.0,199,13,199,0,Stable,1,Mid-market,Pro,Europe,E-commerce,68,12
CUST_01572,25.3,2.3,0.6666666666666666,,,299.0,299,20,299,0,Stable,1,SMB,Enterprise,Europe,Technology,41,19
CUST_01573,14.333333333333334,1.0,0.0,,,99.0,99,3,99,0,Stable,1,SMB,Pro,Europe,Finance,46,2
CUST_01574,42.785714285714285,3.0714285714285716,0.8,,,49.0,49,14,49,0,Stable,1,Mid-market,Basic,North America,Healthcare,416,13
CUST_01575,71.28571428571429,6.857142857142857,0.8,8.0,30.5,999.0,999,7,999,0,Stable,0,Enterprise,Enterprise,Latin America,Technology,3386,5
CUST_01576,21.22222222222222,2.0,0.0,,,99.0,99,9,99,0,Stable,1,SMB,Pro,North America,Education,39,8
CUST_01577,10.0,1.0,,,,29.0,29,3,29,0,Stable,1,SMB,Basic,Asia-Pacific,Finance,29,2
CUST_01578,55.36363636363637,7.090909090909091,0.5,,,299.0,299,11,299,0,Stable,0,Enterprise,Pro,Europe,E-commerce,4854,10
CUST_01579,23.9,2.0,0.25,,,29.0,29,20,29,0,Stable,1,SMB,Basic,Europe,Retail,41,19
CUST_01580,19.923076923076923,2.076923076923077,0.0,7.0,20.0,99.0,99,13,99,0,Stable,1,SMB,Pro,North America,Finance,27,12
CUST_01581,22.545454545454547,2.4545454545454546,0.0,,,29.0,29,11,29,0,Stable,1,SMB,Basic,North America,Technology,29,10
CUST_01582,13.5,1.0,,,,29.0,29,2,29,0,Stable,1,SMB,Basic,Asia-Pacific,Retail,21,1
CUST_01583,38.0,1.0,,,,199.0,199,1,199,0,Stable,1,Mid-market,Pro,North America,Technology,385,0
CUST_01584,20.4,2.3,0.0,,,99.0,99,10,99,0,Stable,1,SMB,Pro,Asia-Pacific,Education,18,9
CUST_01585,22.333333333333332,1.6666666666666667,0.0,,,99.0,99,3,99,0,Stable,1,SMB,Pro,Europe,Retail,48,2
CUST_01586,25.4,1.6,0.25,,,29.0,29,15,29,0,Stable,1,SMB,Basic,North America,Healthcare,14,14
CUST_01587,45.8235294117647,3.1176470588235294,0.6,,,49.0,49,17,49,0,Stable,1,Mid-market,Basic,Europe,E-commerce,249,16
CUST_01588,23.571428571428573,2.0,,,,99.0,99,7,99,0,Stable,1,SMB,Pro,Europe,Technology,3,6
CUST_01589,45.54545454545455,3.5454545454545454,0.75,10.0,38.0,199.0,199,11,199,0,Stable,0,Mid-market,Pro,Asia-Pacific,Education,211,10
CUST_01590,40.18181818181818,4.181818181818182,1.0,8.0,25.0,499.0,499,22,499,0,Stable,0,Mid-market,Enterprise,North America,Healthcare,292,21
CUST_01591,33.625,5.25,0.25,,,499.0,499,8,499,0,Stable,1,Mid-market,Enterprise,North America,Finance,131,7
CUST_01592,23.571428571428573,1.5714285714285714,0.0,,,29.0,29,7,29,0,Stable,1,SMB,Basic,North America,Retail,26,6
CUST_01593,22.5,2.125,0.8333333333333334,,,29.0,29,8,29,0,Stable,1,SMB,Basic,Europe,Healthcare,12,7
CUST_01594,15.666666666666666,1.5,0.0,,,29.0,29,6,29,0,Stable,1,SMB,Basic,Asia-Pacific,Education,28,5
CUST_01595,24.916666666666668,1.2083333333333333,0.5,,,29.0,29,24,29,0,Stable,1,SMB,Basic,Europe,Finance,28,23
CUST_01596,20.357142857142858,1.6428571428571428,0.0,,,99.0,99,14,99,0,Stable,1,SMB,Pro,Latin America,Healthcare,41,13
CUST_01597,21.2,2.0,,,,29.0,29,5,29,0,Stable,1,SMB,Basic,North America,Retail,23,4
CUST_01598,18.615384615384617,1.8461538461538463,0.5,,,99.0,99,13,99,0,Stable,1,SMB,Pro,Asia-Pacific,Technology,23,12
CUST_01599,21.666666666666668,1.1666666666666667,,,,29.0,29,6,29,0,Stable,1,SMB,Basic,North America,Technology,29,5
CUST_01600,11.5,0.5,,,,29.0,29,2,29,0,Stable,1,SMB,Basic,Asia-Pacific,Retail,9,1
CUST_01601,24.22222222222222,1.3333333333333333,,7.0,38.0,29.0,29,9,29,0,Stable,1,SMB,Basic,North America,E-commerce,4,8
CUST_01602,26.59090909090909,1.8181818181818181,0.25,,,29.0,29,22,29,0,Stable,1,SMB,Basic,North America,E-commerce,24,21
CUST_01603,22.40909090909091,1.2727272727272727,0.3333333333333333,,,29.0,29,22,29,0,Stable,1,SMB,Basic,North America,Retail,26,21
CUST_01604,23.785714285714285,1.4285714285714286,0.25,5.0,6.0,29.0,29,14,29,0,Stable,1,SMB,Basic,Latin America,Education,10,13
CUST_01605,27.3,2.0,0.5,,,29.0,29,10,29,0,Stable,1,SMB,Basic,Asia-Pacific,Technology,14,9
CUST_01606,30.0,1.8571428571428572,,8.0,32.0,49.0,49,7,49,0,Stable,1,Mid-market,Basic,Europe,E-commerce,68,6
CUST_01607,41.18181818181818,3.6363636363636362,0.4444444444444444,8.0,35.0,49.0,49,22,49,0,Stable,1,Mid-market,Basic,Europe,E-commerce,323,21
CUST_01608,39.90909090909091,3.1818181818181817,0.3333333333333333,,,49.0,49,11,49,0,Stable,1,Mid-market,Basic,North America,Retail,496,10
CUST_01609,23.545454545454547,1.6363636363636365,0.0,,,99.0,99,11,99,0,Stable,1,SMB,Pro,North America,Finance,34,10
CUST_01610,28.75,1.4166666666666667,1.0,6.0,1.0,29.0,29,12,29,0,Stable,1,SMB,Basic,North America,E-commerce,22,11
CUST_01611,23.25,2.1,0.0,,,29.0,29,20,29,0,Stable,1,SMB,Basic,Europe,Finance,10,19
CUST_01612,17.5,0.0,,,,99.0,99,2,99,0,Stable,1,SMB,Pro,North America,Healthcare,49,1
CUST_01613,18.25,1.75,0.6666666666666666,5.0,-9.0,29.0,29,12,29,0,Stable,1,SMB,Basic,North America,Healthcare,25,11
CUST_01614,21.88888888888889,1.9444444444444444,0.4,,,99.0,99,18,99,0,Stable,1,SMB,Pro,Latin America,Healthcare,35,17
CUST_01615,27.434782608695652,1.6956521739130435,0.4,,,29.0,29,23,29,0,Stable,1,SMB,Basic,Latin America,Healthcare,34,22
CUST_01616,25.125,1.875,0.0,,,29.0,29,8,29,0,Stable,1,SMB,Basic,North America,E-commerce,31,7
CUST_01617,21.272727272727273,1.5454545454545454,0.16666666666666666,,,299.0,299,11,299,0,Stable,1,SMB,Enterprise,Asia-Pacific,Retail,18,10
CUST_01618,25.6,1.4666666666666666,0.5,,,29.0,29,15,29,0,Stable,1,SMB,Basic,Latin America,Education,1,14
CUST_01619,23.708333333333332,1.6666666666666667,0.6666666666666666,5.0,19.0,29.0,29,24,29,0,Stable,1,SMB,Basic,Latin America,Retail,43,23
CUST_01620,15.5,1.0,0.0,,,29.0,29,2,29,0,Stable,1,SMB,Basic,North America,Education,7,1
CUST_01621,54.142857142857146,7.857142857142857,1.0,9.0,42.0,999.0,999,7,999,0,Stable,0,Enterprise,Enterprise,North America,Technology,1829,6
CUST_01622,28.333333333333332,1.8888888888888888,0.5,,,29.0,29,18,29,0,Stable,1,SMB,Basic,North America,Finance,24,17
CUST_01623,23.666666666666668,1.6666666666666667,0.5,6.0,7.0,29.0,29,12,29,0,Stable,1,SMB,Basic,Latin America,Healthcare,37,11
CUST_01624,23.428571428571427,2.7142857142857144,,,,99.0,99,7,99,0,Stable,1,SMB,Pro,North America,Retail,25,6
CUST_01625,71.47826086956522,8.043478260869565,0.85,7.0,-5.0,999.0,999,23,999,0,Stable,0,Enterprise,Enterprise,Latin America,Finance,3583,22
CUST_01626,21.0,1.9090909090909092,0.5,,,29.0,29,11,29,0,Stable,1,SMB,Basic,North America,Healthcare,12,10
CUST_01627,56.93333333333333,6.866666666666666,0.6666666666666666,7.0,15.0,999.0,999,15,999,0,Stable,0,Enterprise,Enterprise,North America,Technology,770,14
CUST_01628,15.333333333333334,1.2222222222222223,0.0,,,29.0,29,9,29,0,Stable,1,SMB,Basic,Asia-Pacific,Healthcare,6,8
CUST_01629,27.263157894736842,1.368421052631579,0.0,,,29.0,29,19,29,0,Stable,1,SMB,Basic,North America,Retail,32,18
CUST_01630,39.714285714285715,3.5,0.6,,,199.0,199,14,199,0,Stable,1,Mid-market,Pro,North America,Education,276,13
CUST_01631,20.25,1.75,1.0,,,29.0,29,4,29,0,Stable,1,SMB,Basic,Europe,Technology,15,3
CUST_01632,11.0,2.0,,,,29.0,29,1,29,0,Stable,1,SMB,Basic,Latin America,Healthcare,23,0
CUST_01633,52.18181818181818,6.181818181818182,0.8333333333333334,,,99.0,99,11,99,0,Stable,0,Enterprise,Basic,North America,Education,3507,10
CUST_01634,24.22222222222222,1.7777777777777777,1.0,,,29.0,29,9,29,0,Stable,1,SMB,Basic,North America,Retail,31,8
CUST_01635,37.0,2.3333333333333335,1.0,,,49.0,49,6,49,0,Stable,1,Mid-market,Basic,North America,Education,123,5
CUST_01636,48.8421052631579,4.052631578947368,0.5625,,,199.0,199,19,199,0,Stable,1,Mid-market,Pro,Asia-Pacific,Retail,231,18
CUST_01637,22.75,1.25,,,,29.0,29,4,29,0,Stable,1,SMB,Basic,Latin America,Technology,36,3
CUST_01638,15.0,0.5,,,,29.0,29,2,29,0,Stable,1,SMB,Basic,North America,Retail,33,1
CUST_01639,21.444444444444443,1.3333333333333333,1.0,,,99.0,99,9,99,0,Stable,1,SMB,Pro,Europe,E-commerce,11,8
CUST_01640,7.0,1.3333333333333333,0.0,,,29.0,29,3,29,0,Stable,1,SMB,Basic,Latin America,Finance,21,2
CUST_01641,17.77777777777778,1.4444444444444444,0.16666666666666666,,,99.0,99,9,99,0,Stable,1,SMB,Pro,Europe,Finance,12,8
CUST_01642,32.0,3.0,1.0,,,49.0,49,2,49,0,Stable,1,Mid-market,Basic,Asia-Pacific,Finance,186,1
CUST_01643,42.888888888888886,3.1666666666666665,0.6666666666666666,6.0,21.0,49.0,49,18,49,0,Stable,1,Mid-market,Basic,Europe,Education,199,17
CUST_01644,19.0,1.0,,,,29.0,29,2,29,0,Stable,1,SMB,Basic,Europe,Healthcare,18,1
CUST_01645,14.666666666666666,0.3333333333333333,,,,29.0,29,3,29,0,Stable,1,SMB,Basic,Latin America,Technology,3,2
CUST_01646,26.571428571428573,1.3571428571428572,1.0,,,29.0,29,14,29,0,Stable,1,SMB,Basic,North America,Healthcare,25,13
CUST_01647,15.5,0.5,,,,29.0,29,2,29,0,Stable,1,SMB,Basic,North America,Finance,19,1
CUST_01648,25.9,2.0,0.75,10.0,46.0,99.0,99,10,99,0,Stable,1,SMB,Pro,Latin America,Education,47,9
CUST_01649,17.833333333333332,1.5,0.5,,,29.0,29,6,29,0,Stable,1,SMB,Basic,Europe,Finance,4,5
CUST_01650,16.0,0.75,0.0,,,29.0,29,4,29,0,Stable,1,SMB,Basic,Asia-Pacific,Finance,43,3
CUST_01651,6.5,0.0,1.0,,,29.0,29,2,29,0,Stable,1,SMB,Basic,Latin America,Finance,48,1
CUST_01652,31.5,3.0,0.5,,,499.0,499,6,499,0,Stable,1,Mid-market,Enterprise,Europe,Technology,447,5
CUST_01653,24.6875,1.6875,0.375,,,99.0,99,16,99,0,Stable,1,SMB,Pro,North America,Retail,6,15
CUST_01654,76.70588235294117,7.588235294117647,0.8333333333333334,,,999.0,999,17,999,0,Stable,0,Enterprise,Enterprise,North America,Healthcare,2227,16
CUST_01655,27.333333333333332,1.9166666666666667,0.14285714285714285,,,29.0,29,24,29,0,Stable,1,SMB,Basic,Europe,E-commerce,4,23
CUST_01656,37.666666666666664,2.6666666666666665,0.3333333333333333,,,499.0,499,9,499,0,Stable,1,Mid-market,Enterprise,Europe,Retail,263,8
CUST_01657,18.6,2.4,0.5,,,29.0,29,10,29,0,Stable,1,SMB,Basic,Europe,E-commerce,18,9
CUST_01658,21.476190476190474,1.619047619047619,0.3,6.0,37.0,29.0,29,21,29,0,Stable,1,SMB,Basic,North America,Healthcare,35,20
CUST_01659,23.363636363636363,1.3636363636363635,,,,29.0,29,11,29,0,Stable,1,SMB,Basic,Europe,Finance,23,10
CUST_01660,31.666666666666668,2.3333333333333335,,,,199.0,199,3,199,0,Stable,1,Mid-market,Pro,Latin America,E-commerce,241,2
CUST_01661,25.59090909090909,1.6818181818181819,0.08333333333333333,,,29.0,29,22,29,0,Stable,1,SMB,Basic,North America,Finance,19,21
CUST_01662,24.8,3.4,0.0,,,199.0,199,5,199,0,Stable,1,Mid-market,Pro,Europe,Healthcare,217,4
CUST_01663,66.29411764705883,8.0,0.625,,,999.0,999,17,999,0,Stable,0,Enterprise,Enterprise,North America,Finance,2922,16
CUST_01664,26.5,3.0,1.0,,,199.0,199,4,199,0,Stable,1,Mid-market,Pro,North America,Finance,440,3
CUST_01665,13.75,1.5,,,,29.0,29,4,29,0,Stable,1,SMB,Basic,Europe,E-commerce,4,3
CUST_01666,27.666666666666668,1.2666666666666666,0.5,,,29.0,29,15,29,0,Stable,1,SMB,Basic,Latin America,Education,8,14
CUST_01667,37.111111111111114,3.7222222222222223,0.6666666666666666,,,199.0,199,18,199,0,Stable,1,Mid-market,Pro,North America,Education,145,17
CUST_01668,21.0,2.090909090909091,0.6666666666666666,,,29.0,29,11,29,0,Stable,1,SMB,Basic,North America,Education,5,10
CUST_01669,23.4,0.6,1.0,,,29.0,29,5,29,0,Stable,1,SMB,Basic,Europe,E-commerce,8,4
CUST_01670,73.72727272727273,7.818181818181818,0.5,,,999.0,999,11,999,0,Stable,0,Enterprise,Enterprise,North America,E-commerce,1751,10
CUST_01671,29.666666666666668,3.6666666666666665,,,,199.0,199,3,199,0,Stable,1,Mid-market,Pro,Asia-Pacific,E-commerce,94,2
CUST_01672,14.75,1.75,,,,29.0,29,4,29,0,Stable,1,SMB,Basic,Asia-Pacific,Education,46,3
CUST_01673,64.25,7.55,0.9090909090909091,9.0,32.0,299.0,299,20,299,0,Stable,0,Enterprise,Pro,Asia-Pacific,Technology,1906,19
CUST_01674,23.0,1.4615384615384615,0.5,,,99.0,99,13,99,0,Stable,1,SMB,Pro,North America,Retail,24,12
CUST_01675,18.6,2.2,,,,99.0,99,5,99,0,Stable,1,SMB,Pro,Latin America,Finance,49,4
CUST_01676,21.5,2.5,,,,499.0,499,2,499,0,Stable,1,Mid-market,Enterprise,North America,E-commerce,432,1
CUST_01677,40.94736842105263,4.421052631578948,0.6666666666666666,9.0,38.0,499.0,499,19,499,0,Stable,0,Mid-market,Enterprise,North America,Retail,321,18
CUST_01678,25.541666666666668,2.1666666666666665,0.5,,,99.0,99,24,99,0,Stable,1,SMB,Pro,Asia-Pacific,Healthcare,26,23
CUST_01679,40.53333333333333,3.066666666666667,0.3333333333333333,,,199.0,199,15,199,0,Stable,1,Mid-market,Pro,North America,Finance,126,14
CUST_01680,15.142857142857142,1.4285714285714286,1.0,7.0,25.0,29.0,29,7,29,0,Stable,1,SMB,Basic,Asia-Pacific,Healthcare,7,6
CUST_01681,7.0,0.0,,,,29.0,29,1,29,0,Stable,1,SMB,Basic,North America,Education,40,0
CUST_01682,75.72727272727273,7.0,0.75,,,999.0,999,11,999,0,Stable,0,Enterprise,Enterprise,Latin America,Retail,2615,10
CUST_01683,25.444444444444443,2.2222222222222223,0.0,,,29.0,29,9,29,0,Stable,1,SMB,Basic,Latin America,Retail,15,8
CUST_01684,15.333333333333334,0.6666666666666666,1.0,,,299.0,299,3,299,0,Stable,1,SMB,Enterprise,Asia-Pacific,Finance,6,2
CUST_01685,23.375,2.5,0.5,,,299.0,299,8,299,0,Stable,1,SMB,Enterprise,North America,Retail,11,7
CUST_01686,23.076923076923077,1.5384615384615385,0.0,6.0,14.0,29.0,29,13,29,0,Stable,1,SMB,Basic,Latin America,Finance,18,12
CUST_01687,24.952380952380953,1.5238095238095237,0.5,,,99.0,99,21,99,0,Stable,1,SMB,Pro,Europe,Healthcare,21,20
CUST_01688,24.0,1.0,0.5,,,29.0,29,4,29,0,Stable,1,SMB,Basic,Europe,Retail,21,3
CUST_01689,36.65,3.7,0.6666666666666666,8.0,28.0,499.0,499,20,499,0,Stable,0,Mid-market,Enterprise,North America,Finance,92,19
CUST_01690,18.727272727272727,1.3636363636363635,0.5,,,29.0,29,11,29,0,Stable,1,SMB,Basic,North America,Education,4,10
CUST_01691,18.5,0.6666666666666666,,,,99.0,99,6,99,0,Stable,1,SMB,Pro,Asia-Pacific,Education,30,5
CUST_01692,45.40909090909091,3.772727272727273,1.0,5.5,-4.0,199.0,199,22,199,0,Stable,1,Mid-market,Pro,Asia-Pacific,E-commerce,192,21
CUST_01693,20.166666666666668,1.3333333333333333,0.0,,,299.0,299,12,299,0,Stable,1,SMB,Enterprise,North America,Finance,49,11
CUST_01694,27.0,1.5,0.5,,,299.0,299,6,299,0,Stable,1,SMB,Enterprise,Europe,Technology,27,5
CUST_01695,40.22222222222222,3.111111111111111,0.5,,,49.0,49,9,49,0,Stable,1,Mid-market,Basic,Asia-Pacific,Retail,169,8
CUST_01696,27.52173913043478,1.565217391304348,,8.0,32.0,99.0,99,23,99,0,Stable,1,SMB,Pro,North America,Finance,41,22
CUST_01697,22.142857142857142,2.142857142857143,1.0,,,29.0,29,7,29,0,Stable,1,SMB,Basic,North America,Technology,21,6
CUST_01698,32.0,3.0,1.0,,,49.0,49,1,49,0,Stable,1,Mid-market,Basic,North America,Finance,205,0
CUST_01699,25.857142857142858,2.142857142857143,0.0,,,29.0,29,7,29,0,Stable,1,SMB,Basic,North America,Education,49,6
CUST_01700,26.363636363636363,1.9090909090909092,0.16666666666666666,,,99.0,99,22,99,0,Stable,1,SMB,Pro,Europe,Retail,47,21
CUST_01701,30.0,4.125,0.0,,,49.0,49,8,49,0,Stable,1,Mid-market,Basic,Europe,Education,94,7
CUST_01702,26.0,1.3571428571428572,0.0,7.0,9.0,29.0,29,14,29,0,Stable,1,SMB,Basic,Europe,E-commerce,47,13
CUST_01703,16.0,1.5,,,,499.0,499,2,499,0,Stable,1,Mid-market,Enterprise,Latin America,Technology,266,1
CUST_01704,40.57142857142857,3.0,0.4583333333333333,10.0,34.0,49.0,49,14,49,0,Stable,1,Mid-market,Basic,North America,Retail,154,13
CUST_01705,25.565217391304348,1.6956521739130435,0.75,5.0,-23.0,29.0,29,23,29,0,Stable,1,SMB,Basic,North America,Technology,14,22
CUST_01706,46.6,6.8,,,,999.0,999,5,999,0,Stable,0,Enterprise,Enterprise,North America,Finance,4980,4
CUST_01707,23.52173913043478,1.608695652173913,0.6666666666666666,,,29.0,29,23,29,0,Stable,1,SMB,Basic,Europe,Healthcare,34,22
CUST_01708,25.80952380952381,1.6666666666666667,0.25,,,99.0,99,21,99,0,Stable,1,SMB,Pro,Europe,Healthcare,42,20
CUST_01709,62.2,7.466666666666667,0.8333333333333334,,,999.0,999,15,999,0,Stable,0,Enterprise,Enterprise,North America,Finance,3166,14
CUST_01710,42.8,3.25,0.8,9.0,34.0,199.0,199,20,199,0,Stable,0,Mid-market,Pro,Europe,Healthcare,300,19
CUST_01711,22.533333333333335,1.8,0.5,,,29.0,29,15,29,0,Stable,1,SMB,Basic,Europe,Finance,49,14
CUST_01712,15.0,2.0,,,,99.0,99,2,99,0,Stable,1,SMB,Pro,Asia-Pacific,Retail,12,1
CUST_01713,16.4,2.5,0.3333333333333333,,,29.0,29,10,29,0,Stable,1,SMB,Basic,Europe,Education,34,9
CUST_01714,24.25,1.0,,,,29.0,29,4,29,0,Stable,1,SMB,Basic,North America,Education,16,3
CUST_01715,23.4,1.7,0.0,,,299.0,299,10,299,0,Stable,1,SMB,Enterprise,North America,Healthcare,8,9
CUST_01716,26.166666666666668,1.5,0.0,,,29.0,29,6,29,0,Stable,1,SMB,Basic,Asia-Pacific,Technology,28,5
CUST_01717,24.166666666666668,2.1666666666666665,0.3333333333333333,8.0,33.0,29.0,29,24,29,0,Stable,1,SMB,Basic,North America,Technology,16,23
CUST_01718,21.428571428571427,2.142857142857143,1.0,,,99.0,99,7,99,0,Stable,1,SMB,Pro,North America,Education,23,6
CUST_01719,67.66666666666667,8.25,0.8636363636363636,7.0,40.0,999.0,999,24,999,0,Stable,0,Enterprise,Enterprise,North America,Retail,2575,23
CUST_01720,21.333333333333332,1.7777777777777777,0.5,,,29.0,29,9,29,0,Stable,1,SMB,Basic,Europe,Finance,33,8
CUST_01721,23.333333333333332,1.3333333333333333,1.0,,,99.0,99,15,99,0,Stable,1,SMB,Pro,North America,Technology,10,14
CUST_01722,41.15384615384615,2.923076923076923,0.0,,,499.0,499,13,499,0,Stable,1,Mid-market,Enterprise,Latin America,Education,381,12
CUST_01723,22.076923076923077,1.6923076923076923,0.5,,,29.0,29,13,29,0,Stable,1,SMB,Basic,North America,E-commerce,22,12
CUST_01724,24.428571428571427,2.0476190476190474,0.0,,,99.0,99,21,99,0,Stable,1,SMB,Pro,North America,E-commerce,40,20
CUST_01725,38.0,2.25,1.0,,,49.0,49,4,49,0,Stable,1,Mid-market,Basic,Asia-Pacific,Technology,276,3
CUST_01726,19.0,1.0,,,,29.0,29,7,29,0,Stable,1,SMB,Basic,Asia-Pacific,Retail,24,6
CUST_01727,75.26666666666667,6.866666666666666,0.6666666666666666,8.0,63.0,999.0,999,15,999,0,Stable,0,Enterprise,Enterprise,Asia-Pacific,Retail,4235,14
CUST_01728,21.0,1.6666666666666667,0.0,,,199.0,199,3,199,0,Stable,1,Mid-market,Pro,Asia-Pacific,Healthcare,305,2
CUST_01729,28.3,1.6,0.0,,,29.0,29,10,29,0,Stable,1,SMB,Basic,North America,E-commerce,43,9
CUST_01730,21.0,0.8571428571428571,1.0,,,29.0,29,7,29,0,Stable,1,SMB,Basic,Europe,Healthcare,15,6
CUST_01731,19.333333333333332,2.0,,,,49.0,49,3,49,0,Stable,1,Mid-market,Basic,North America,Retail,374,2
CUST_01732,56.6,6.0,0.5,,,999.0,999,5,999,0,Stable,0,Enterprise,Enterprise,North America,Education,2831,4
CUST_01733,21.88888888888889,1.6666666666666667,,,,29.0,29,9,29,0,Stable,1,SMB,Basic,North America,E-commerce,25,8
CUST_01734,36.0,3.0,0.75,,,49.0,49,11,49,0,Stable,1,Mid-market,Basic,Europe,E-commerce,426,10
CUST_01735,39.11764705882353,3.7058823529411766,0.25,,,199.0,199,17,199,0,Stable,1,Mid-market,Pro,North America,Finance,442,16
CUST_01736,24.142857142857142,1.7142857142857142,0.25,,,29.0,29,7,29,0,Stable,1,SMB,Basic,North America,E-commerce,6,6
CUST_01737,86.6,6.6,1.0,,,299.0,299,20,299,0,Stable,0,Enterprise,Pro,North America,E-commerce,1745,19
CUST_01738,27.333333333333332,1.1666666666666667,,,,29.0,29,6,29,0,Stable,1,SMB,Basic,Europe,Finance,8,5
CUST_01739,17.75,2.25,0.0,,,29.0,29,4,29,0,Stable,1,SMB,Basic,Asia-Pacific,Healthcare,5,3
CUST_01740,18.333333333333332,1.6666666666666667,,,,29.0,29,3,29,0,Stable,1,SMB,Basic,North America,Education,2,2
CUST_01741,18.8,1.6,1.0,5.0,30.0,29.0,29,5,29,0,Stable,1,SMB,Basic,Asia-Pacific,Finance,44,4
CUST_01742,25.235294117647058,1.6470588235294117,0.5,6.0,16.0,29.0,29,17,29,0,Stable,1,SMB,Basic,Asia-Pacific,E-commerce,24,16
CUST_01743,27.291666666666668,1.7916666666666667,1.0,,,99.0,99,24,99,0,Stable,1,SMB,Pro,North America,Technology,45,23
CUST_01744,23.615384615384617,2.5384615384615383,0.0,8.0,24.0,99.0,99,13,99,0,Stable,1,SMB,Pro,Europe,E-commerce,33,12
CUST_01745,19.727272727272727,1.3636363636363635,0.0,6.0,13.0,29.0,29,11,29,0,Stable,1,SMB,Basic,Europe,Finance,6,10
CUST_01746,25.529411764705884,1.9411764705882353,0.2857142857142857,8.0,34.0,99.0,99,17,99,0,Stable,1,SMB,Pro,Europe,Technology,32,16
CUST_01747,20.956521739130434,2.0434782608695654,0.0,,,99.0,99,23,99,0,Stable,1,SMB,Pro,North America,Finance,12,22
CUST_01748,16.5,1.5,,,,199.0,199,2,199,0,Stable,1,Mid-market,Pro,North America,Finance,382,1
CUST_01749,41.583333333333336,3.0833333333333335,0.6,6.0,27.0,199.0,199,12,199,0,Stable,1,Mid-market,Pro,Europe,Retail,467,11
CUST_01750,23.846153846153847,2.230769230769231,0.0,,,99.0,99,13,99,0,Stable,1,SMB,Pro,Asia-Pacific,Education,19,12
CUST_01751,19.5,1.5,,,,199.0,199,2,199,0,Stable,1,Mid-market,Pro,North America,Finance,226,1
CUST_01752,28.23076923076923,1.5384615384615385,0.0,,,29.0,29,13,29,0,Stable,1,SMB,Basic,Europe,Education,8,12
CUST_01753,20.666666666666668,0.5,,,,29.0,29,6,29,0,Stable,1,SMB,Basic,Europe,E-commerce,7,5
CUST_01754,28.2,1.8,1.0,,,49.0,49,5,49,0,Stable,1,Mid-market,Basic,Asia-Pacific,E-commerce,377,4
CUST_01755,15.5,0.5,1.0,,,29.0,29,6,29,0,Stable,1,SMB,Basic,Latin America,Technology,13,5
CUST_01756,9.0,0.5,,,,99.0,99,2,99,0,Stable,1,SMB,Pro,North America,Technology,47,1
CUST_01757,69.23529411764706,7.294117647058823,0.8888888888888888,,,299.0,299,17,299,0,Stable,0,Enterprise,Pro,Europe,E-commerce,4957,16
CUST_01758,21.523809523809526,1.619047619047619,0.3333333333333333,6.5,9.5,99.0,99,21,99,0,Stable,1,SMB,Pro,North America,Technology,6,20
CUST_01759,15.666666666666666,1.0,,,,29.0,29,3,29,0,Stable,1,SMB,Basic,North America,Education,27,2
CUST_01760,43.8,2.6,1.0,,,49.0,49,5,49,0,Stable,1,Mid-market,Basic,North America,Education,410,4
CUST_01761,22.72222222222222,1.3888888888888888,0.7,8.0,21.0,29.0,29,18,29,0,Stable,1,SMB,Basic,North America,Education,13,17
CUST_01762,22.5,1.0,,,,199.0,199,2,199,0,Stable,1,Mid-market,Pro,Europe,Healthcare,127,1
CUST_01763,38.42857142857143,2.4285714285714284,1.0,,,49.0,49,7,49,0,Stable,1,Mid-market,Basic,Latin America,E-commerce,307,6
CUST_01764,24.46153846153846,1.8461538461538463,0.0,,,99.0,99,13,99,0,Stable,1,SMB,Pro,Europe,E-commerce,25,12
CUST_01765,38.2,3.2,0.5,,,199.0,199,5,199,0,Stable,1,Mid-market,Pro,North America,Healthcare,138,4
CUST_01766,39.476190476190474,4.095238095238095,0.3333333333333333,9.0,11.0,199.0,199,21,199,0,Stable,1,Mid-market,Pro,North America,Retail,299,20
CUST_01767,24.227272727272727,1.7727272727272727,0.5714285714285714,,,99.0,99,22,99,0,Stable,1,SMB,Pro,Latin America,E-commerce,12,21
CUST_01768,18.0,1.5,0.6666666666666666,,,29.0,29,12,29,0,Stable,1,SMB,Basic,Europe,E-commerce,40,11
CUST_01769,17.0,1.0,1.0,,,199.0,199,1,199,0,Stable,1,Mid-market,Pro,Europe,Education,237,0
CUST_01770,16.333333333333332,2.0,0.5,,,99.0,99,9,99,0,Stable,1,SMB,Pro,Latin America,Finance,22,8
CUST_01771,61.35,8.25,0.6428571428571429,8.0,19.0,299.0,299,20,299,0,Stable,0,Enterprise,Pro,North America,Education,3377,19
CUST_01772,24.307692307692307,1.5384615384615385,0.0,,,29.0,29,13,29,0,Stable,1,SMB,Basic,Latin America,Finance,34,12
CUST_01773,24.842105263157894,2.263157894736842,0.6666666666666666,,,29.0,29,19,29,0,Stable,1,SMB,Basic,Latin America,Technology,15,18
CUST_01774,22.25,1.5833333333333333,0.375,,,29.0,29,12,29,0,Stable,1,SMB,Basic,Asia-Pacific,Retail,49,11
CUST_01775,46.6,2.8,,,,199.0,199,10,199,0,Stable,1,Mid-market,Pro,Europe,Healthcare,117,9
CUST_01776,22.428571428571427,1.4285714285714286,1.0,,,29.0,29,14,29,0,Stable,1,SMB,Basic,Europe,Retail,36,13
CUST_01777,32.8125,3.1875,0.4,8.0,0.0,199.0,199,16,199,0,Stable,1,Mid-market,Pro,North America,Education,250,15
CUST_01778,38.11764705882353,3.823529411764706,0.8125,,,199.0,199,17,199,0,Stable,1,Mid-market,Pro,Asia-Pacific,Education,127,16
CUST_01779,60.7,7.3,1.0,,,999.0,999,10,999,0,Stable,0,Enterprise,Enterprise,Europe,Retail,4496,9
CUST_01780,16.5,0.5,,,,199.0,199,2,199,0,Stable,1,Mid-market,Pro,North America,Education,381,1
CUST_01781,62.5,5.0,1.0,,,299.0,299,4,299,0,Stable,0,Enterprise,Pro,North America,Technology,2533,3
CUST_01782,18.0,0.8,1.0,,,29.0,29,5,29,0,Stable,1,SMB,Basic,Europe,Technology,48,4
CUST_01783,23.125,1.75,1.0,6.0,14.0,29.0,29,8,29,0,Stable,1,SMB,Basic,Europe,Finance,38,7
CUST_01784,10.0,1.0,,,,29.0,29,1,29,0,Stable,1,SMB,Basic,North America,Retail,27,0
CUST_01785,18.7,1.6,,,,99.0,99,10,99,0,Stable,1,SMB,Pro,North America,E-commerce,10,9
CUST_01786,45.47826086956522,3.608695652173913,0.8333333333333334,5.5,-5.0,49.0,49,23,49,0,Stable,1,Mid-market,Basic,North America,Education,91,22
CUST_01787,22.583333333333332,2.0833333333333335,0.16666666666666666,,,99.0,99,12,99,0,Stable,1,SMB,Pro,Latin America,E-commerce,7,11
CUST_01788,28.789473684210527,1.5789473684210527,0.3333333333333333,,,29.0,29,19,29,0,Stable,1,SMB,Basic,Asia-Pacific,Healthcare,20,18
CUST_01789,41.76190476190476,3.6666666666666665,0.3333333333333333,6.0,1.5,49.0,49,21,49,0,Stable,1,Mid-market,Basic,Asia-Pacific,Retail,445,20
CUST_01790,54.0,6.0,1.0,,,299.0,299,7,299,0,Stable,0,Enterprise,Pro,Latin America,Finance,671,6
CUST_01791,22.9375,2.375,0.3333333333333333,,,29.0,29,16,29,0,Stable,1,SMB,Basic,Europe,E-commerce,26,15
CUST_01792,64.78260869565217,8.043478260869565,0.8636363636363636,9.0,25.0,299.0,299,23,299,0,Stable,0,Enterprise,Pro,North America,Healthcare,961,22
CUST_01793,27.4,1.7,0.0,,,299.0,299,10,299,0,Stable,1,SMB,Enterprise,Latin America,Technology,23,9
CUST_01794,22.333333333333332,2.3333333333333335,0.0,,,29.0,29,6,29,0,Stable,1,SMB,Basic,Asia-Pacific,Finance,28,5
CUST_01795,16.0,1.0,,,,29.0,29,5,29,0,Stable,1,SMB,Basic,North America,Technology,44,4
CUST_01796,72.0,8.0,1.0,,,999.0,999,10,999,0,Stable,0,Enterprise,Enterprise,North America,Finance,3942,9
CUST_01797,25.666666666666668,2.3333333333333335,0.0,,,199.0,199,3,199,0,Stable,1,Mid-market,Pro,North America,Retail,392,2
CUST_01798,24.0,1.125,0.3333333333333333,,,29.0,29,8,29,0,Stable,1,SMB,Basic,Europe,Retail,45,7
CUST_01799,37.666666666666664,3.0833333333333335,0.0,,,499.0,499,12,499,0,Stable,1,Mid-market,Enterprise,North America,Education,70,11
CUST_01800,16.0,0.3333333333333333,,,,29.0,29,3,29,0,Stable,1,SMB,Basic,Europe,E-commerce,40,2
CUST_01801,19.5,2.0,,,,29.0,29,4,29,0,Stable,1,SMB,Basic,North America,Retail,23,3
CUST_01802,22.55,1.9,0.0,,,29.0,29,20,29,0,Stable,1,SMB,Basic,North America,Education,39,19
CUST_01803,18.333333333333332,1.0,1.0,,,29.0,29,3,29,0,Stable,1,SMB,Basic,Asia-Pacific,Retail,6,2
CUST_01804,19.0,1.6,,,,29.0,29,5,29,0,Stable,1,SMB,Basic,Europe,Technology,39,4
CUST_01805,19.0,0.75,0.0,,,29.0,29,4,29,0,Stable,1,SMB,Basic,Europe,E-commerce,8,3
CUST_01806,52.833333333333336,4.333333333333333,1.0,,,999.0,999,6,999,0,Stable,0,Enterprise,Enterprise,Europe,E-commerce,4250,5
CUST_01807,24.63157894736842,2.0,0.3333333333333333,5.666666666666667,-12.333333333333334,299.0,299,19,299,0,Stable,1,SMB,Enterprise,Europe,Technology,26,18
CUST_01808,53.166666666666664,7.666666666666667,0.8333333333333334,,,299.0,299,6,299,0,Stable,0,Enterprise,Pro,Asia-Pacific,Finance,929,5
CUST_01809,30.571428571428573,1.5714285714285714,0.3333333333333333,,,29.0,29,14,29,0,Stable,1,SMB,Basic,Asia-Pacific,Healthcare,48,13
CUST_01810,21.266666666666666,1.0,0.5714285714285714,7.0,-6.0,99.0,99,15,99,0,Stable,1,SMB,Pro,North America,Technology,5,14
CUST_01811,21.333333333333332,1.4444444444444444,0.125,,,29.0,29,9,29,0,Stable,1,SMB,Basic,Europe,E-commerce,2,8
CUST_01812,41.529411764705884,3.176470588235294,0.5833333333333334,,,499.0,499,17,499,0,Stable,1,Mid-market,Enterprise,North America,Education,380,16
CUST_01813,52.25,7.75,0.5,,,999.0,999,4,999,0,Stable,0,Enterprise,Enterprise,North America,Retail,1685,3
CUST_01814,24.666666666666668,2.111111111111111,0.16666666666666666,8.0,32.5,99.0,99,18,99,0,Stable,1,SMB,Pro,North America,E-commerce,35,17
CUST_01815,25.454545454545453,1.5454545454545454,0.0,7.0,21.0,29.0,29,11,29,0,Stable,1,SMB,Basic,North America,Retail,36,10
CUST_01816,7.666666666666667,0.3333333333333333,,,,29.0,29,3,29,0,Stable,1,SMB,Basic,North America,E-commerce,37,2
CUST_01817,27.916666666666668,2.0833333333333335,0.75,7.0,26.0,29.0,29,24,29,0,Stable,1,SMB,Basic,Latin America,Healthcare,13,23
CUST_01818,16.0,1.5,,,,29.0,29,8,29,0,Stable,1,SMB,Basic,North America,E-commerce,34,7
CUST_01819,20.0,2.0,1.0,,,199.0,199,3,199,0,Stable,1,Mid-market,Pro,North America,Finance,306,2
CUST_01820,40.13636363636363,3.3636363636363638,0.6875,9.0,35.0,199.0,199,22,199,0,Stable,0,Mid-market,Pro,Asia-Pacific,Education,426,21
CUST_01821,21.0,1.75,,,,99.0,99,4,99,0,Stable,1,SMB,Pro,Latin America,E-commerce,3,3
CUST_01822,10.5,1.0,0.0,,,99.0,99,2,99,0,Stable,1,SMB,Pro,Europe,Education,48,1
CUST_01823,21.0,4.0,,,,99.0,99,1,99,0,Stable,1,Enterprise,Basic,Asia-Pacific,Technology,1286,0
CUST_01824,18.77777777777778,2.2222222222222223,0.3333333333333333,,,29.0,29,9,29,0,Stable,1,SMB,Basic,North America,Retail,35,8
CUST_01825,14.142857142857142,1.7142857142857142,0.5,,,29.0,29,7,29,0,Stable,1,SMB,Basic,Latin America,Healthcare,40,6
CUST_01826,29.75,2.5,1.0,,,199.0,199,4,199,0,Stable,1,Mid-market,Pro,Europe,Education,361,3
CUST_01827,13.0,0.0,,,,29.0,29,2,29,0,Stable,1,SMB,Basic,Latin America,Healthcare,12,1
CUST_01828,27.727272727272727,2.5454545454545454,0.0,,,29.0,29,11,29,0,Stable,1,SMB,Basic,North America,Education,3,10
CUST_01829,23.333333333333332,2.111111111111111,,,,29.0,29,9,29,0,Stable,1,SMB,Basic,North America,Healthcare,27,8
CUST_01830,26.466666666666665,2.066666666666667,0.75,7.8,22.6,29.0,29,15,29,0,Stable,1,SMB,Basic,Asia-Pacific,E-commerce,22,14
CUST_01831,25.636363636363637,1.3636363636363635,0.5,,,99.0,99,11,99,0,Stable,1,SMB,Pro,North America,Education,37,10
CUST_01832,20.714285714285715,1.7142857142857142,0.5,,,29.0,29,7,29,0,Stable,1,SMB,Basic,Asia-Pacific,Education,47,6
CUST_01833,16.25,1.0,1.0,8.0,46.0,99.0,99,4,99,0,Stable,1,SMB,Pro,North America,Technology,19,3
CUST_01834,33.25,2.5,1.0,,,49.0,49,4,49,0,Stable,1,Mid-market,Basic,Europe,Finance,308,3
CUST_01835,24.333333333333332,2.0,1.0,,,99.0,99,9,99,0,Stable,1,SMB,Pro,North America,Healthcare,5,8
CUST_01836,22.071428571428573,1.8571428571428572,0.5,6.0,20.0,29.0,29,14,29,0,Stable,1,SMB,Basic,Asia-Pacific,Technology,7,13
CUST_01837,24.666666666666668,1.3333333333333333,0.0,7.0,24.0,29.0,29,9,29,0,Stable,1,SMB,Basic,Latin America,Retail,48,8
CUST_01838,23.625,2.4375,0.5,,,299.0,299,16,299,0,Stable,1,SMB,Enterprise,Europe,Finance,37,15
CUST_01839,25.642857142857142,2.0714285714285716,,6.5,7.5,99.0,99,14,99,0,Stable,1,SMB,Pro,Europe,Education,4,13
CUST_01840,25.956521739130434,1.391304347826087,0.25,7.0,28.0,29.0,29,23,29,0,Stable,1,SMB,Basic,Europe,Technology,46,22
CUST_01841,25.5,1.75,,,,29.0,29,16,29,0,Stable,1,SMB,Basic,Latin America,E-commerce,6,15
CUST_01842,72.72727272727273,6.636363636363637,0.9166666666666666,,,99.0,99,22,99,0,Stable,0,Enterprise,Basic,Asia-Pacific,Education,648,21
CUST_01843,25.541666666666668,1.5833333333333333,0.4,,,29.0,29,24,29,0,Stable,1,SMB,Basic,North America,E-commerce,26,23
CUST_01844,36.92857142857143,3.9285714285714284,1.0,8.0,20.0,49.0,49,14,49,0,Stable,1,Mid-market,Basic,North America,Healthcare,342,13
CUST_01845,37.733333333333334,3.466666666666667,0.5,,,199.0,199,15,199,0,Stable,1,Mid-market,Pro,Europe,Technology,230,14
CUST_01846,41.470588235294116,4.0588235294117645,0.3333333333333333,,,199.0,199,17,199,0,Stable,1,Mid-market,Pro,North America,Healthcare,357,16
CUST_01847,20.0,2.0,,,,199.0,199,3,199,0,Stable,1,Mid-market,Pro,Europe,Finance,268,2
CUST_01848,71.52380952380952,7.190476190476191,0.7619047619047619,10.0,41.0,999.0,999,21,999,0,Stable,0,Enterprise,Enterprise,North America,Technology,4571,20
CUST_01849,40.611111111111114,3.9444444444444446,0.5,7.0,22.5,199.0,199,18,199,0,Stable,1,Mid-market,Pro,Europe,Healthcare,177,17
CUST_01850,23.88888888888889,1.6111111111111112,0.5,,,99.0,99,18,99,0,Stable,1,SMB,Pro,Latin America,Education,2,17
CUST_01851,22.09090909090909,2.3181818181818183,0.25,5.0,-9.0,29.0,29,22,29,0,Stable,1,SMB,Basic,Latin America,Finance,9,21
CUST_01852,19.25,1.5,0.0,,,29.0,29,4,29,0,Stable,1,SMB,Basic,Asia-Pacific,Healthcare,1,3
CUST_01853,46.869565217391305,3.869565217391304,0.4,6.0,6.0,499.0,499,23,499,0,Stable,1,Mid-market,Enterprise,North America,Healthcare,432,22
CUST_01854,11.0,1.3333333333333333,0.0,6.0,0.0,29.0,29,3,29,0,Stable,1,SMB,Basic,Europe,Technology,44,2
CUST_01855,35.0,5.0,,,,999.0,999,3,999,0,Stable,0,Enterprise,Enterprise,North America,Healthcare,4620,2
CUST_01856,18.333333333333332,0.6666666666666666,,,,29.0,29,3,29,0,Stable,1,SMB,Basic,Europe,Technology,14,2
CUST_01857,24.5,3.75,,,,199.0,199,4,199,0,Stable,1,Mid-market,Pro,North America,Technology,382,3
CUST_01858,28.0,2.1666666666666665,0.5555555555555555,6.0,24.0,29.0,29,18,29,0,Stable,1,SMB,Basic,Asia-Pacific,Healthcare,27,17
CUST_01859,23.055555555555557,1.8333333333333333,1.0,,,29.0,29,18,29,0,Stable,1,SMB,Basic,North America,Healthcare,39,17
CUST_01860,28.0,1.0,,,,99.0,99,1,99,0,Stable,1,SMB,Pro,Asia-Pacific,Healthcare,7,0
CUST_01861,66.0,8.444444444444445,0.7,8.0,23.0,999.0,999,18,999,0,Stable,0,Enterprise,Enterprise,Asia-Pacific,Retail,1737,17
CUST_01862,20.636363636363637,1.4545454545454546,1.0,,,29.0,29,11,29,0,Stable,1,SMB,Basic,North America,Retail,23,10
CUST_01863,21.473684210526315,1.2105263157894737,,,,29.0,29,19,29,0,Stable,1,SMB,Basic,Europe,Healthcare,17,18
CUST_01864,30.1,1.45,0.3333333333333333,6.0,-4.0,29.0,29,20,29,0,Stable,1,SMB,Basic,Europe,Retail,23,19
CUST_01865,25.764705882352942,2.0588235294117645,0.3333333333333333,7.0,3.0,99.0,99,17,99,0,Stable,1,SMB,Pro,Asia-Pacific,Education,42,16
CUST_01866,20.333333333333332,1.3333333333333333,,,,29.0,29,3,29,0,Stable,1,SMB,Basic,Asia-Pacific,Healthcare,30,2
CUST_01867,36.61538461538461,3.8461538461538463,0.8333333333333334,6.0,25.0,49.0,49,13,49,0,Stable,1,Mid-market,Basic,Europe,Technology,354,12
CUST_01868,73.625,8.3125,0.6,,,999.0,999,16,999,0,Stable,0,Enterprise,Enterprise,Europe,Healthcare,3555,15
CUST_01869,40.06666666666667,3.8666666666666667,0.5,,,499.0,499,15,499,0,Stable,1,Mid-market,Enterprise,Asia-Pacific,Healthcare,103,14
CUST_01870,5.0,1.0,,,,29.0,29,1,29,0,Stable,1,SMB,Basic,North America,Education,48,0
CUST_01871,20.904761904761905,1.5714285714285714,0.375,8.0,31.0,29.0,29,21,29,0,Stable,1,SMB,Basic,North America,E-commerce,20,20
CUST_01872,26.291666666666668,2.375,0.2,6.5,1.0,299.0,299,24,299,0,Stable,1,SMB,Enterprise,North America,Technology,14,23
CUST_01873,41.1578947368421,3.9473684210526314,0.6,,,499.0,499,19,499,0,Stable,0,Mid-market,Enterprise,North America,E-commerce,140,18
CUST_01874,68.38095238095238,7.428571428571429,0.7272727272727273,,,299.0,299,21,299,0,Stable,0,Enterprise,Pro,Asia-Pacific,Retail,4164,20
CUST_01875,25.444444444444443,1.4444444444444444,0.3333333333333333,,,29.0,29,9,29,0,Stable,1,SMB,Basic,Europe,Finance,4,8
CUST_01876,26.214285714285715,1.9285714285714286,0.16666666666666666,,,29.0,29,14,29,0,Stable,1,SMB,Basic,Latin America,E-commerce,4,13
CUST_01877,29.214285714285715,2.0,0.0,6.0,27.0,29.0,29,14,29,0,Stable,1,SMB,Basic,Asia-Pacific,E-commerce,48,13
CUST_01878,26.3,1.6,1.0,,,29.0,29,10,29,0,Stable,1,SMB,Basic,Asia-Pacific,Healthcare,16,9
CUST_01879,73.125,7.875,0.75,,,299.0,299,16,299,0,Stable,0,Enterprise,Pro,Asia-Pacific,Finance,975,15
CUST_01880,17.8,1.4,,,,99.0,99,10,99,0,Stable,1,SMB,Pro,Europe,E-commerce,17,9
CUST_01881,24.27777777777778,1.7777777777777777,,,,29.0,29,18,29,0,Stable,1,SMB,Basic,Europe,Education,24,17
CUST_01882,23.058823529411764,1.7647058823529411,0.7916666666666666,,,29.0,29,17,29,0,Stable,1,SMB,Basic,Europe,Healthcare,49,16
CUST_01883,23.583333333333332,2.75,0.3333333333333333,,,29.0,29,12,29,0,Stable,1,SMB,Basic,North America,Finance,48,11
CUST_01884,25.625,2.0833333333333335,0.3333333333333333,7.0,-2.0,299.0,299,24,299,0,Stable,1,SMB,Enterprise,Europe,E-commerce,38,23
CUST_01885,14.5,1.0,,,,29.0,29,2,29,0,Stable,1,SMB,Basic,Europe,Retail,11,1
CUST_01886,23.2,0.4,,,,99.0,99,5,99,0,Stable,1,SMB,Pro,North America,Retail,42,4
CUST_01887,63.5,8.3,0.4166666666666667,,,999.0,999,10,999,0,Stable,0,Enterprise,Enterprise,North America,E-commerce,2112,9
CUST_01888,74.0,6.611111111111111,0.6428571428571429,7.0,31.0,299.0,299,18,299,0,Stable,0,Enterprise,Pro,Latin America,Retail,3530,17
CUST_01889,71.21739130434783,8.08695652173913,1.0,,,999.0,999,23,999,0,Stable,0,Enterprise,Enterprise,North America,Healthcare,3860,22
CUST_01890,39.166666666666664,4.583333333333333,0.5,9.0,16.0,199.0,199,12,199,0,Stable,1,Mid-market,Pro,North America,Retail,116,11
CUST_01891,13.0,0.3333333333333333,1.0,,,29.0,29,3,29,0,Stable,1,SMB,Basic,Europe,Education,18,2
CUST_01892,25.0,1.8888888888888888,0.5,,,29.0,29,18,29,0,Stable,1,SMB,Basic,Europe,E-commerce,12,17
CUST_01893,19.571428571428573,1.8571428571428572,0.5,,,99.0,99,7,99,0,Stable,1,SMB,Pro,North America,Technology,2,6
CUST_01894,42.875,2.375,0.5,,,49.0,49,8,49,0,Stable,1,Mid-market,Basic,Europe,E-commerce,483,7
CUST_01895,60.46153846153846,8.846153846153847,0.9166666666666666,,,999.0,999,13,999,0,Stable,0,Enterprise,Enterprise,Asia-Pacific,Retail,3208,12
CUST_01896,20.6,0.8,0.0,,,29.0,29,5,29,0,Stable,1,SMB,Basic,Asia-Pacific,Technology,1,4
CUST_01897,11.0,1.0,,,,99.0,99,2,99,0,Stable,1,SMB,Pro,North America,Technology,44,1
CUST_01898,23.0625,2.75,0.0,,,99.0,99,16,99,0,Stable,1,SMB,Pro,North America,Retail,35,15
CUST_01899,69.05555555555556,7.5,0.8571428571428571,9.0,44.0,999.0,999,18,999,0,Stable,0,Enterprise,Enterprise,North America,Healthcare,2053,17
CUST_01900,20.75,1.125,,,,29.0,29,8,29,0,Stable,1,SMB,Basic,North America,Education,40,7
CUST_01901,20.4,1.2,1.0,8.0,26.0,29.0,29,10,29,0,Stable,1,SMB,Basic,North America,Technology,45,9
CUST_01902,9.0,2.0,,,,29.0,29,1,29,0,Stable,1,SMB,Basic,North America,E-commerce,43,0
CUST_01903,36.666666666666664,5.666666666666667,0.6666666666666666,,,999.0,999,3,999,0,Stable,0,Enterprise,Enterprise,North America,Finance,4570,2
CUST_01904,27.333333333333332,1.8333333333333333,0.25,,,99.0,99,12,99,0,Stable,1,SMB,Pro,Europe,Education,39,11
CUST_01905,46.416666666666664,4.083333333333333,0.75,,,49.0,49,24,49,0,Stable,1,Mid-market,Basic,Europe,Education,76,23
CUST_01906,75.16666666666667,7.055555555555555,1.0,8.0,13.5,999.0,999,18,999,0,Stable,0,Enterprise,Enterprise,Latin America,E-commerce,1132,17
CUST_01907,21.0,0.8333333333333334,,6.0,7.0,29.0,29,6,29,0,Stable,1,SMB,Basic,North America,Healthcare,13,5
CUST_01908,20.363636363636363,1.9090909090909092,0.0,,,29.0,29,11,29,0,Stable,1,SMB,Basic,North America,E-commerce,4,10
CUST_01909,70.6842105263158,7.631578947368421,0.4444444444444444,8.0,47.5,999.0,999,19,999,0,Stable,0,Enterprise,Enterprise,North America,Technology,4128,18
CUST_01910,19.4,1.4,,,,99.0,99,5,99,0,Stable,1,SMB,Pro,North America,E-commerce,19,4
CUST_01911,36.26315789473684,3.1052631578947367,0.5,8.0,18.5,49.0,49,19,49,0,Stable,1,Mid-market,Basic,North America,Technology,456,18
CUST_01912,40.94444444444444,3.2777777777777777,1.0,,,199.0,199,18,199,0,Stable,1,Mid-market,Pro,Latin America,Retail,270,17
CUST_01913,28.17391304347826,1.0869565217391304,0.0625,,,29.0,29,23,29,0,Stable,1,SMB,Basic,North America,Education,10,22
CUST_01914,67.47619047619048,7.333333333333333,0.8333333333333334,,,999.0,999,21,999,0,Stable,0,Enterprise,Enterprise,North America,Finance,1974,20
CUST_01915,23.333333333333332,1.8333333333333333,1.0,,,29.0,29,6,29,0,Stable,1,SMB,Basic,North America,Healthcare,24,5
CUST_01916,31.2,1.8,,,,49.0,49,5,49,0,Stable,1,Mid-market,Basic,Europe,Healthcare,142,4
CUST_01917,20.11111111111111,1.3333333333333333,0.3333333333333333,,,29.0,29,9,29,0,Stable,1,SMB,Basic,Europe,Finance,22,8
CUST_01918,24.041666666666668,1.25,0.4166666666666667,,,29.0,29,24,29,0,Stable,1,SMB,Basic,North America,Education,7,23
CUST_01919,27.363636363636363,2.0,0.0,,,29.0,29,11,29,0,Stable,1,SMB,Basic,North America,Retail,14,10
CUST_01920,26.333333333333332,1.3333333333333333,0.2,,,299.0,299,15,299,0,Stable,1,SMB,Enterprise,North America,Technology,14,14
CUST_01921,26.842105263157894,2.0,0.5,6.5,22.5,99.0,99,19,99,0,Stable,1,SMB,Pro,North America,Retail,3,18
CUST_01922,21.25,1.8333333333333333,0.0,6.0,19.0,99.0,99,12,99,0,Stable,1,SMB,Pro,Europe,Technology,40,11
CUST_01923,35.25,3.75,0.6666666666666666,8.0,15.0,199.0,199,8,199,0,Stable,1,Mid-market,Pro,North America,Retail,165,7
CUST_01924,41.73913043478261,3.782608695652174,0.5833333333333334,8.0,23.5,499.0,499,23,499,0,Stable,0,Mid-market,Enterprise,North America,E-commerce,95,22
CUST_01925,19.0,0.75,0.0,,,29.0,29,4,29,0,Stable,1,SMB,Basic,North America,Technology,17,3
CUST_01926,11.666666666666666,1.0,1.0,,,29.0,29,3,29,0,Stable,1,SMB,Basic,North America,Finance,36,2
CUST_01927,27.071428571428573,2.5714285714285716,0.0,,,99.0,99,14,99,0,Stable,1,SMB,Pro,North America,E-commerce,10,13
CUST_01928,44.91304347826087,2.9565217391304346,0.3125,,,49.0,49,23,49,0,Stable,1,Mid-market,Basic,Latin America,Finance,137,22
CUST_01929,16.285714285714285,1.1428571428571428,0.0,,,29.0,29,7,29,0,Stable,1,SMB,Basic,North America,Education,44,6
CUST_01930,37.2,3.5,0.5,,,199.0,199,10,199,0,Stable,1,Mid-market,Pro,Asia-Pacific,Technology,220,9
CUST_01931,40.77777777777778,3.888888888888889,1.0,,,199.0,199,9,199,0,Stable,1,Mid-market,Pro,North America,E-commerce,221,8
CUST_01932,37.294117647058826,3.176470588235294,0.25,,,199.0,199,17,199,0,Stable,1,Mid-market,Pro,Asia-Pacific,E-commerce,432,16
CUST_01933,40.0,6.0,,,,999.0,999,1,999,0,Stable,0,Enterprise,Enterprise,North America,Technology,4127,0
CUST_01934,11.0,0.5,1.0,,,29.0,29,2,29,0,Stable,1,SMB,Basic,North America,Technology,17,1
CUST_01935,42.375,3.4375,0.3333333333333333,,,499.0,499,16,499,0,Stable,1,Mid-market,Enterprise,North America,Healthcare,189,15
CUST_01936,61.904761904761905,7.476190476190476,0.7916666666666666,,,999.0,999,21,999,0,Stable,0,Enterprise,Enterprise,Asia-Pacific,Healthcare,3027,20
CUST_01937,24.333333333333332,2.5,0.0,,,49.0,49,6,49,0,Stable,1,Mid-market,Basic,Asia-Pacific,Technology,339,5
CUST_01938,17.0,1.0,0.25,7.0,30.0,99.0,99,4,99,0,Stable,1,SMB,Pro,Europe,Technology,39,3
CUST_01939,15.75,1.0,,,,29.0,29,4,29,0,Stable,1,SMB,Basic,Latin America,Retail,9,3
CUST_01940,25.19047619047619,1.5238095238095237,0.6666666666666666,,,29.0,29,21,29,0,Stable,1,SMB,Basic,North America,Retail,27,20
CUST_01941,23.125,1.875,0.75,7.0,24.0,99.0,99,16,99,0,Stable,1,SMB,Pro,North America,Technology,9,15
CUST_01942,43.285714285714285,4.142857142857143,0.25,,,499.0,499,7,499,0,Stable,1,Mid-market,Enterprise,Europe,Education,112,6
CUST_01943,69.44444444444444,6.333333333333333,1.0,,,999.0,999,9,999,0,Stable,0,Enterprise,Enterprise,Latin America,E-commerce,716,8
CUST_01944,27.72222222222222,2.0,,,,29.0,29,18,29,0,Stable,1,SMB,Basic,Europe,Technology,43,17
CUST_01945,25.652173913043477,1.7826086956521738,0.0,,,99.0,99,23,99,0,Stable,1,SMB,Pro,North America,Healthcare,37,22
CUST_01946,40.64705882352941,3.6470588235294117,1.0,7.0,-22.0,49.0,49,17,49,0,Stable,1,Mid-market,Basic,North America,Technology,277,16
CUST_01947,45.63636363636363,3.5454545454545454,0.8571428571428571,,,199.0,199,22,199,0,Stable,1,Mid-market,Pro,Europe,E-commerce,452,21
CUST_01948,19.0,3.5,,,,199.0,199,2,199,0,Stable,1,Mid-market,Pro,North America,Education,498,1
CUST_01949,30.17391304347826,1.6956521739130435,0.6,8.0,20.0,99.0,99,23,99,0,Stable,1,SMB,Pro,Latin America,Finance,36,22
CUST_01950,80.375,7.875,0.5714285714285714,,,299.0,299,16,299,0,Stable,0,Enterprise,Pro,North America,E-commerce,835,15
CUST_01951,35.91304347826087,4.391304347826087,0.5,,,199.0,199,23,199,0,Stable,1,Mid-market,Pro,Asia-Pacific,Technology,125,22
CUST_01952,25.5,1.5,0.0,,,99.0,99,14,99,0,Stable,1,SMB,Pro,North America,Healthcare,28,13
CUST_01953,76.04545454545455,8.181818181818182,0.6666666666666666,9.0,59.0,999.0,999,22,999,0,Stable,0,Enterprise,Enterprise,Europe,Education,1945,21
CUST_01954,24.55,1.8,0.0,,,29.0,29,20,29,0,Stable,1,SMB,Basic,North America,Finance,37,19
CUST_01955,23.571428571428573,1.5714285714285714,,,,99.0,99,7,99,0,Stable,1,SMB,Pro,Latin America,Education,39,6
CUST_01956,37.125,2.875,1.0,,,49.0,49,8,49,0,Stable,1,Mid-market,Basic,North America,Finance,156,7
CUST_01957,40.857142857142854,3.0,,,,199.0,199,7,199,0,Stable,1,Mid-market,Pro,Europe,E-commerce,264,6
CUST_01958,22.6,2.0,0.3333333333333333,6.5,19.0,99.0,99,15,99,0,Stable,1,SMB,Pro,Europe,Technology,40,14
CUST_01959,27.47826086956522,2.260869565217391,0.6666666666666666,7.0,22.0,299.0,299,23,299,0,Stable,1,SMB,Enterprise,Asia-Pacific,Healthcare,26,22
CUST_01960,40.125,3.875,0.7142857142857143,,,49.0,49,24,49,0,Stable,1,Mid-market,Basic,North America,Finance,489,23
CUST_01961,33.0,1.5,,,,199.0,199,2,199,0,Stable,1,Mid-market,Pro,Asia-Pacific,Finance,442,1
CUST_01962,79.14285714285714,5.571428571428571,0.875,,,999.0,999,7,999,0,Stable,0,Enterprise,Enterprise,North America,Retail,2792,6
CUST_01963,65.3,8.25,0.5,,,999.0,999,20,999,0,Stable,0,Enterprise,Enterprise,Latin America,Technology,2179,19
CUST_01964,20.2,2.4,0.0,,,29.0,29,5,29,0,Stable,1,SMB,Basic,Asia-Pacific,E-commerce,30,4
CUST_01965,27.0,1.9375,0.5,6.0,12.0,29.0,29,16,29,0,Stable,1,SMB,Basic,North America,Education,15,15
CUST_01966,25.333333333333332,2.0,0.5,6.0,-6.0,29.0,29,12,29,0,Stable,1,SMB,Basic,Europe,Retail,27,11
CUST_01967,22.705882352941178,1.8235294117647058,0.25,,,29.0,29,17,29,0,Stable,1,SMB,Basic,Asia-Pacific,Retail,31,16
CUST_01968,40.3,2.6,1.0,,,49.0,49,10,49,0,Stable,1,Mid-market,Basic,North America,Technology,304,9
CUST_01969,15.444444444444445,1.5555555555555556,0.6666666666666666,,,29.0,29,9,29,0,Stable,1,SMB,Basic,North America,Finance,48,8
CUST_01970,26.666666666666668,2.6666666666666665,0.8333333333333334,,,49.0,49,6,49,0,Stable,1,Mid-market,Basic,North America,Education,453,5
CUST_01971,19.357142857142858,1.7857142857142858,0.5,,,29.0,29,14,29,0,Stable,1,SMB,Basic,Europe,Technology,2,13
CUST_01972,26.375,1.875,0.3333333333333333,,,29.0,29,16,29,0,Stable,1,SMB,Basic,North America,Technology,28,15
CUST_01973,25.583333333333332,1.9166666666666667,0.0,,,99.0,99,12,99,0,Stable,1,SMB,Pro,Asia-Pacific,Finance,41,11
CUST_01974,74.0,7.928571428571429,1.0,,,999.0,999,14,999,0,Stable,0,Enterprise,Enterprise,Europe,Healthcare,3637,13
CUST_01975,20.75,1.0,0.0,,,99.0,99,8,99,0,Stable,1,SMB,Pro,North America,Technology,46,7
CUST_01976,20.0,1.75,,,,299.0,299,4,299,0,Stable,1,SMB,Enterprise,Latin America,Technology,41,3
CUST_01977,30.5,3.0,,,,199.0,199,2,199,0,Stable,1,Mid-market,Pro,Asia-Pacific,Technology,336,1
CUST_01978,18.333333333333332,0.6666666666666666,,,,29.0,29,3,29,0,Stable,1,SMB,Basic,Europe,Education,17,2
CUST_01979,46.0,2.9,0.3333333333333333,9.0,33.0,49.0,49,20,49,0,Stable,1,Mid-market,Basic,Asia-Pacific,E-commerce,497,19
CUST_01980,13.0,1.5,,,,29.0,29,2,29,0,Stable,1,SMB,Basic,Europe,Retail,29,1
CUST_01981,68.54166666666667,6.625,0.75,,,999.0,999,24,999,0,Stable,0,Enterprise,Enterprise,North America,Finance,4890,23
CUST_01982,38.5,3.111111111111111,0.5714285714285714,7.0,21.5,49.0,49,18,49,0,Stable,1,Mid-market,Basic,Asia-Pacific,E-commerce,132,17
CUST_01983,25.473684210526315,1.5263157894736843,0.42857142857142855,,,99.0,99,19,99,0,Stable,1,SMB,Pro,Asia-Pacific,Healthcare,48,18
CUST_01984,64.83333333333333,6.833333333333333,0.75,,,999.0,999,6,999,0,Stable,0,Enterprise,Enterprise,North America,E-commerce,3691,5
CUST_01985,23.5,1.6,0.0,7.0,17.0,29.0,29,10,29,0,Stable,1,SMB,Basic,North America,E-commerce,26,9
CUST_01986,38.666666666666664,5.0,,,,999.0,999,3,999,0,Stable,0,Enterprise,Enterprise,North America,Technology,860,2
CUST_01987,13.5,1.0,0.0,,,29.0,29,2,29,0,Stable,1,SMB,Basic,Europe,Retail,27,1
CUST_01988,51.25,5.0,,,,999.0,999,4,999,0,Stable,0,Enterprise,Enterprise,Latin America,Healthcare,3353,3
CUST_01989,68.0,6.666666666666667,1.0,,,99.0,99,18,99,0,Stable,0,Enterprise,Basic,Europe,E-commerce,1054,17
CUST_01990,15.0,0.5,,,,29.0,29,2,29,0,Stable,1,SMB,Basic,Europe,Education,16,1
CUST_01991,24.142857142857142,2.142857142857143,0.75,7.0,29.0,99.0,99,7,99,0,Stable,1,SMB,Pro,Europe,Finance,36,6
CUST_01992,27.307692307692307,1.3846153846153846,0.0,,,29.0,29,13,29,0,Stable,1,SMB,Basic,Europe,E-commerce,17,12
CUST_01993,23.0,1.4166666666666667,0.0,,,29.0,29,12,29,0,Stable,1,SMB,Basic,Europe,Finance,27,11
CUST_01994,5.0,0.0,,,,29.0,29,1,29,0,Stable,1,SMB,Basic,Asia-Pacific,Education,2,0
CUST_01995,54.125,8.75,0.7857142857142857,,,999.0,999,8,999,0,Stable,0,Enterprise,Enterprise,North America,E-commerce,4727,7
CUST_01996,23.2,2.1,1.0,,,29.0,29,10,29,0,Stable,1,SMB,Basic,North America,Healthcare,2,9
CUST_01997,27.058823529411764,0.9411764705882353,0.5,6.0,7.0,29.0,29,17,29,0,Stable,1,SMB,Basic,Europe,E-commerce,6,16
CUST_01998,27.545454545454547,1.9090909090909092,0.25,,,99.0,99,22,99,0,Stable,1,SMB,Pro,Asia-Pacific,Retail,39,21
CUST_01999,26.0,1.3333333333333333,0.25,7.0,34.0,99.0,99,15,99,0,Stable,1,SMB,Pro,Latin America,E-commerce,10,14
CUST_02000,42.2,3.2,0.6666666666666666,,,49.0,49,10,49,0,Stable,1,Mid-market,Basic,Europe,Retail,72,9
CUST_02001,25.476190476190474,1.7142857142857142,0.75,7.0,41.0,29.0,29,21,29,0,Stable,1,SMB,Basic,Asia-Pacific,E-commerce,22,20
CUST_02002,23.375,2.5,1.0,,,29.0,29,8,29,0,Stable,1,SMB,Basic,Europe,Healthcare,46,7
CUST_02003,13.6,1.4,,,,29.0,29,5,29,0,Stable,1,SMB,Basic,Europe,Healthcare,2,4
CUST_02004,24.705882352941178,1.5294117647058822,1.0,,,29.0,29,17,29,0,Stable,1,SMB,Basic,Asia-Pacific,Finance,27,16
CUST_02005,22.25,1.625,0.5,,,99.0,99,8,99,0,Stable,1,SMB,Pro,North America,Healthcare,13,7
CUST_02006,21.25,1.75,,,,99.0,99,4,99,0,Stable,1,SMB,Pro,Europe,E-commerce,7,3
CUST_02007,9.0,2.0,,,,29.0,29,1,29,0,Stable,1,SMB,Basic,North America,Education,44,0
CUST_02008,37.1875,3.5,1.0,,,499.0,499,16,499,0,Stable,0,Mid-market,Enterprise,Europe,E-commerce,393,15
CUST_02009,19.0,1.75,0.5,,,29.0,29,4,29,0,Stable,1,SMB,Basic,North America,Finance,29,3
CUST_02010,73.0,6.4,1.0,,,999.0,999,5,999,0,Stable,0,Enterprise,Enterprise,Asia-Pacific,Retail,3848,4
CUST_02011,16.0,1.2857142857142858,0.4,,,29.0,29,7,29,0,Stable,1,SMB,Basic,Europe,Education,28,6
CUST_02012,20.0,2.0,1.0,8.0,18.0,29.0,29,9,29,0,Stable,1,SMB,Basic,Latin America,Healthcare,35,8
CUST_02013,19.8,0.6,,,,29.0,29,5,29,0,Stable,1,SMB,Basic,North America,Healthcare,49,4
CUST_02014,22.73913043478261,1.9565217391304348,0.6,7.5,25.5,29.0,29,23,29,0,Stable,1,SMB,Basic,Europe,E-commerce,9,22
CUST_02015,13.25,1.75,1.0,,,29.0,29,4,29,0,Stable,1,SMB,Basic,North America,Healthcare,7,3
CUST_02016,21.0,2.0833333333333335,0.6,8.0,36.0,29.0,29,12,29,0,Stable,1,SMB,Basic,Asia-Pacific,Technology,39,11
CUST_02017,26.0,1.0,0.5,,,29.0,29,9,29,0,Stable,1,SMB,Basic,North America,Education,47,8
CUST_02018,29.652173913043477,1.6521739130434783,0.0,7.0,16.0,29.0,29,23,29,0,Stable,1,SMB,Basic,Europe,Finance,48,22
CUST_02019,26.045454545454547,1.8181818181818181,0.0,,,99.0,99,22,99,0,Stable,1,SMB,Pro,Latin America,Finance,21,21
CUST_02020,22.736842105263158,2.0,0.4,10.0,51.0,29.0,29,19,29,0,Stable,1,SMB,Basic,Europe,Healthcare,40,18
CUST_02021,53.416666666666664,7.0,0.7,,,999.0,999,12,999,0,Stable,0,Enterprise,Enterprise,North America,Education,2686,11
CUST_02022,43.11764705882353,3.588235294117647,0.5,,,199.0,199,17,199,0,Stable,1,Mid-market,Pro,Latin America,Education,471,16
CUST_02023,22.0,1.8666666666666667,0.0,5.5,11.0,29.0,29,15,29,0,Stable,1,SMB,Basic,Latin America,Finance,29,14
CUST_02024,23.75,1.9,0.9166666666666666,6.0,-7.0,29.0,29,20,29,0,Stable,1,SMB,Basic,North America,Technology,42,19
CUST_02025,23.75,1.95,0.5,7.0,32.5,99.0,99,20,99,0,Stable,1,SMB,Pro,Europe,E-commerce,2,19
CUST_02026,39.35294117647059,3.235294117647059,0.3333333333333333,,,199.0,199,17,199,0,Stable,1,Mid-market,Pro,North America,Retail,229,16
CUST_02027,31.0,1.0,,,,99.0,99,1,99,0,Stable,1,SMB,Pro,Europe,Healthcare,45,0
CUST_02028,34.2,3.2,0.0,,,49.0,49,10,49,0,Stable,1,Mid-market,Basic,North America,Retail,440,9
CUST_02029,10.5,0.0,,,,29.0,29,2,29,0,Stable,1,SMB,Basic,North America,Healthcare,6,1
CUST_02030,15.0,0.75,1.0,,,99.0,99,4,99,0,Stable,1,SMB,Pro,Latin America,Healthcare,2,3
CUST_02031,23.0,1.875,0.0,,,99.0,99,8,99,0,Stable,1,SMB,Pro,Europe,Education,9,7
CUST_02032,20.0,1.6,1.0,,,99.0,99,5,99,0,Stable,1,SMB,Pro,Latin America,E-commerce,43,4
CUST_02033,39.4,3.0,,,,199.0,199,5,199,0,Stable,1,Mid-market,Pro,Asia-Pacific,Retail,188,4
CUST_02034,20.88888888888889,1.6666666666666667,0.6666666666666666,,,299.0,299,9,299,0,Stable,1,SMB,Enterprise,North America,Finance,12,8
CUST_02035,35.7,3.4,0.5,,,199.0,199,10,199,0,Stable,1,Mid-market,Pro,Latin America,Healthcare,182,9
CUST_02036,21.0,1.3333333333333333,,,,29.0,29,3,29,0,Stable,1,SMB,Basic,Asia-Pacific,Retail,1,2
CUST_02037,17.375,1.875,0.25,,,29.0,29,8,29,0,Stable,1,SMB,Basic,Asia-Pacific,Retail,25,7
CUST_02038,57.44444444444444,7.555555555555555,0.8,,,999.0,999,9,999,0,Stable,0,Enterprise,Enterprise,North America,E-commerce,1169,8
CUST_02039,12.0,0.0,,,,29.0,29,1,29,0,Stable,1,SMB,Basic,Latin America,E-commerce,12,0
CUST_02040,33.0,3.3636363636363638,1.0,6.666666666666667,10.0,199.0,199,11,199,0,Stable,1,Mid-market,Pro,North America,Retail,455,9
CUST_02041,35.5,1.75,0.75,,,499.0,499,4,499,0,Stable,1,Mid-market,Enterprise,North America,Healthcare,299,3
CUST_02042,45.07142857142857,3.7857142857142856,1.0,,,499.0,499,14,499,0,Stable,0,Mid-market,Enterprise,North America,Education,62,13
CUST_02043,55.875,6.375,1.0,6.0,-1.0,299.0,299,8,299,0,Stable,0,Enterprise,Pro,North America,Finance,2075,7
CUST_02044,18.666666666666668,1.8333333333333333,,,,99.0,99,6,99,0,Stable,1,SMB,Pro,Europe,Finance,49,5
CUST_02045,56.333333333333336,6.111111111111111,1.0,,,99.0,99,9,99,0,Stable,0,Enterprise,Basic,Latin America,Technology,692,8
CUST_02046,22.727272727272727,1.3636363636363635,1.0,,,29.0,29,11,29,0,Stable,1,SMB,Basic,Asia-Pacific,Technology,13,10
CUST_02047,8.5,0.5,,,,29.0,29,2,29,0,Stable,1,SMB,Basic,Asia-Pacific,Education,14,1
CUST_02048,40.5,3.6,0.6666666666666666,,,49.0,49,20,49,0,Stable,1,Mid-market,Basic,North America,E-commerce,143,19
CUST_02049,27.4,1.9333333333333333,,,,99.0,99,15,99,0,Stable,1,SMB,Pro,Europe,Retail,24,14
CUST_02050,66.42857142857143,7.571428571428571,1.0,8.0,10.0,999.0,999,7,999,0,Stable,0,Enterprise,Enterprise,Europe,Technology,1716,6
CUST_02051,26.043478260869566,2.0,1.0,,,99.0,99,23,99,0,Stable,1,SMB,Pro,Europe,Retail,3,22
CUST_02052,42.476190476190474,4.285714285714286,0.375,7.0,27.0,199.0,199,21,199,0,Stable,1,Mid-market,Pro,Europe,E-commerce,463,20
CUST_02053,21.61904761904762,1.7619047619047619,0.25,7.0,27.0,99.0,99,21,99,0,Stable,1,SMB,Pro,North America,Retail,38,20
CUST_02054,33.666666666666664,3.0,0.5,,,199.0,199,12,199,0,Stable,1,Mid-market,Pro,Asia-Pacific,E-commerce,454,11
CUST_02055,57.095238095238095,7.761904761904762,1.0,8.5,42.5,999.0,999,21,999,0,Stable,0,Enterprise,Enterprise,Latin America,Education,3106,20
CUST_02056,20.0,1.7777777777777777,0.0,,,29.0,29,9,29,0,Stable,1,SMB,Basic,Asia-Pacific,Technology,2,8
CUST_02057,25.0,5.0,0.0,,,999.0,999,3,999,0,Stable,0,Enterprise,Enterprise,Latin America,E-commerce,514,2
CUST_02058,38.54545454545455,3.727272727272727,1.0,,,49.0,49,11,49,0,Stable,1,Mid-market,Basic,Latin America,Finance,296,10
CUST_02059,23.5,2.3333333333333335,0.25,,,99.0,99,24,99,0,Stable,1,SMB,Pro,Europe,Finance,34,23
CUST_02060,16.5,1.25,1.0,,,29.0,29,4,29,0,Stable,1,SMB,Basic,Latin America,Retail,49,3
CUST_02061,38.30769230769231,4.384615384615385,0.6666666666666666,,,199.0,199,13,199,0,Stable,1,Mid-market,Pro,Europe,Healthcare,352,12
CUST_02062,28.0,3.5,,,,199.0,199,2,199,0,Stable,1,Mid-market,Pro,North America,Finance,373,1
CUST_02063,24.666666666666668,1.4166666666666667,0.0,,,29.0,29,12,29,0,Stable,1,SMB,Basic,North America,Education,15,11
CUST_02064,21.6,1.8,0.5,,,29.0,29,10,29,0,Stable,1,SMB,Basic,Europe,Healthcare,30,9
CUST_02065,23.083333333333332,1.25,0.6666666666666666,,,99.0,99,12,99,0,Stable,1,SMB,Pro,North America,Technology,4,11
CUST_02066,22.4,2.7,0.6666666666666666,,,29.0,29,20,29,0,Stable,1,SMB,Basic,Latin America,Healthcare,22,19
CUST_02067,25.416666666666668,1.5833333333333333,0.0,,,29.0,29,12,29,0,Stable,1,SMB,Basic,North America,Healthcare,16,11
CUST_02068,35.0,2.5,0.5,7.0,15.0,499.0,499,4,499,0,Stable,1,Mid-market,Enterprise,North America,Technology,399,3
CUST_02069,39.44444444444444,4.222222222222222,0.5,,,199.0,199,9,199,0,Stable,1,Mid-market,Pro,North America,Retail,61,8
CUST_02070,24.40909090909091,1.4545454545454546,0.5555555555555556,6.0,21.0,99.0,99,22,99,0,Stable,1,SMB,Pro,Asia-Pacific,Technology,34,21
CUST_02071,20.25,1.0,0.0,,,29.0,29,4,29,0,Stable,1,SMB,Basic,North America,Retail,13,3
CUST_02072,15.333333333333334,0.6666666666666666,,,,29.0,29,3,29,0,Stable,1,SMB,Basic,Asia-Pacific,E-commerce,47,2
CUST_02073,18.0,0.5,0.5,,,29.0,29,2,29,0,Stable,1,SMB,Basic,Europe,E-commerce,47,1
CUST_02074,40.0,3.0,0.625,,,49.0,49,15,49,0,Stable,1,Mid-market,Basic,Europe,Healthcare,395,14
CUST_02075,22.4,1.9,0.0,,,29.0,29,10,29,0,Stable,1,SMB,Basic,Asia-Pacific,Education,33,9
CUST_02076,26.5,1.6,,,,29.0,29,10,29,0,Stable,1,SMB,Basic,North America,Finance,43,9
CUST_02077,31.555555555555557,3.5555555555555554,0.5,,,499.0,499,18,499,0,Stable,1,Mid-market,Enterprise,North America,Finance,347,17
CUST_02078,24.7,1.3,1.0,,,29.0,29,10,29,0,Stable,1,SMB,Basic,Asia-Pacific,Finance,27,9
CUST_02079,21.6,1.2,,,,29.0,29,5,29,0,Stable,1,SMB,Basic,Asia-Pacific,Healthcare,4,4
CUST_02080,18.166666666666668,0.6666666666666666,0.3333333333333333,,,29.0,29,6,29,0,Stable,1,SMB,Basic,Europe,Retail,41,5
CUST_02081,26.666666666666668,2.3333333333333335,,,,49.0,49,3,49,0,Stable,1,Mid-market,Basic,Europe,Retail,112,2
CUST_02082,20.7,2.3,0.0,,,29.0,29,10,29,0,Stable,1,SMB,Basic,North America,Retail,9,9
CUST_02083,65.3529411764706,7.176470588235294,0.7,8.0,15.0,299.0,299,17,299,0,Stable,0,Enterprise,Pro,Europe,Education,526,16
CUST_02084,18.0,0.6666666666666666,0.0,,,29.0,29,6,29,0,Stable,1,SMB,Basic,Asia-Pacific,E-commerce,3,5
CUST_02085,23.055555555555557,2.2222222222222223,0.4,8.0,27.0,99.0,99,18,99,0,Stable,1,SMB,Pro,North America,Finance,38,17
CUST_02086,60.07692307692308,6.461538461538462,0.5,,,99.0,99,13,99,0,Stable,0,Enterprise,Basic,Europe,E-commerce,2524,12
CUST_02087,70.875,7.875,1.0,,,999.0,999,8,999,0,Stable,0,Enterprise,Enterprise,North America,Education,2019,7
CUST_02088,29.0,2.0,0.0,,,499.0,499,2,499,0,Stable,1,Mid-market,Enterprise,Asia-Pacific,Healthcare,454,1
CUST_02089,25.7,1.5,0.3333333333333333,,,29.0,29,10,29,0,Stable,1,SMB,Basic,Europe,E-commerce,23,9
CUST_02090,36.4,3.6,0.6666666666666666,,,49.0,49,10,49,0,Stable,1,Mid-market,Basic,Asia-Pacific,Healthcare,338,9
CUST_02091,67.94117647058823,7.0588235294117645,0.8333333333333334,,,299.0,299,17,299,0,Stable,0,Enterprise,Pro,North America,Healthcare,4377,16
CUST_02092,72.1,6.9,1.0,,,999.0,999,10,999,0,Stable,0,Enterprise,Enterprise,Latin America,Finance,3091,9
CUST_02093,11.666666666666666,1.0,0.0,,,29.0,29,3,29,0,Stable,1,SMB,Basic,North America,Technology,21,2
CUST_02094,58.07142857142857,7.5,0.5,,,999.0,999,14,999,0,Stable,0,Enterprise,Enterprise,Latin America,E-commerce,3732,13
CUST_02095,61.1,7.5,0.5,,,999.0,999,10,999,0,Stable,0,Enterprise,Enterprise,Asia-Pacific,Retail,2840,9
CUST_02096,28.0,2.3333333333333335,0.8333333333333334,,,29.0,29,9,29,0,Stable,1,SMB,Basic,Asia-Pacific,E-commerce,37,8
CUST_02097,29.0,3.0,0.0,,,199.0,199,4,199,0,Stable,1,Mid-market,Pro,Asia-Pacific,Finance,269,3
CUST_02098,31.933333333333334,4.133333333333334,0.625,,,49.0,49,15,49,0,Stable,1,Mid-market,Basic,Europe,Education,442,14
CUST_02099,26.0,5.0,,,,999.0,999,1,999,0,Stable,0,Enterprise,Enterprise,Europe,Technology,1874,0
CUST_02100,21.714285714285715,1.2142857142857142,0.5,,,29.0,29,14,29,0,Stable,1,SMB,Basic,Latin America,Finance,19,13
CUST_02101,56.69230769230769,7.6923076923076925,0.42857142857142855,,,999.0,999,13,999,0,Stable,0,Enterprise,Enterprise,Europe,Education,2071,12
CUST_02102,24.666666666666668,2.0833333333333335,0.0,,,29.0,29,12,29,0,Stable,1,SMB,Basic,North America,Education,26,11
CUST_02103,26.6875,1.75,0.375,8.0,26.0,29.0,29,16,29,0,Stable,1,SMB,Basic,North America,Technology,22,15
CUST_02104,15.0,2.0,,,,29.0,29,1,29,0,Stable,1,SMB,Basic,Europe,E-commerce,15,0
CUST_02105,26.19047619047619,1.7619047619047619,0.16666666666666666,,,29.0,29,21,29,0,Stable,1,SMB,Basic,Latin America,Education,41,20
CUST_02106,28.5,2.0,,,,199.0,199,2,199,0,Stable,1,Mid-market,Pro,Europe,Healthcare,270,1
CUST_02107,19.625,1.5,0.0,,,99.0,99,8,99,0,Stable,1,SMB,Pro,North America,Education,22,7
CUST_02108,21.25,1.25,0.0,,,29.0,29,4,29,0,Stable,1,SMB,Basic,Asia-Pacific,Healthcare,34,3
CUST_02109,45.578947368421055,4.2105263157894735,0.875,7.0,18.0,499.0,499,19,499,0,Stable,0,Mid-market,Enterprise,North America,Education,229,18
CUST_02110,14.0,0.5,,,,29.0,29,2,29,0,Stable,1,SMB,Basic,Asia-Pacific,Technology,46,1
CUST_02111,42.84615384615385,3.3076923076923075,0.5,,,199.0,199,13,199,0,Stable,1,Mid-market,Pro,Europe,E-commerce,254,12
CUST_02112,16.571428571428573,0.5714285714285714,0.0,,,29.0,29,7,29,0,Stable,1,SMB,Basic,Asia-Pacific,E-commerce,23,6
CUST_02113,24.647058823529413,1.588235294117647,0.0,6.0,0.0,99.0,99,17,99,0,Stable,1,SMB,Pro,North America,Retail,43,16
CUST_02114,73.33333333333333,8.0,0.85,,,999.0,999,21,999,0,Stable,0,Enterprise,Enterprise,Europe,E-commerce,1582,20
CUST_02115,69.0,6.6923076923076925,0.7857142857142857,10.0,40.0,299.0,299,13,299,0,Stable,0,Enterprise,Pro,Europe,Technology,1952,12
CUST_02116,20.333333333333332,0.6666666666666666,,,,299.0,299,3,299,0,Stable,1,SMB,Enterprise,North America,Education,2,2
CUST_02117,24.23076923076923,2.1538461538461537,0.5,,,99.0,99,13,99,0,Stable,1,SMB,Pro,North America,Finance,32,12
CUST_02118,17.0,1.0,,,,29.0,29,4,29,0,Stable,1,SMB,Basic,Europe,Education,1,3
CUST_02119,74.04166666666667,6.875,0.8333333333333334,7.0,9.0,99.0,99,24,99,0,Stable,0,Enterprise,Basic,Asia-Pacific,Finance,1444,23
CUST_02120,40.75,3.875,0.6666666666666666,,,49.0,49,8,49,0,Stable,1,Mid-market,Basic,Latin America,Retail,227,7
CUST_02121,23.0,1.4545454545454546,1.0,9.0,37.0,29.0,29,11,29,0,Stable,1,SMB,Basic,North America,Retail,47,10
CUST_02122,43.09090909090909,3.409090909090909,0.5238095238095238,,,49.0,49,22,49,0,Stable,1,Mid-market,Basic,Latin America,Finance,59,21
CUST_02123,46.25,6.75,1.0,,,299.0,299,4,299,0,Stable,0,Enterprise,Pro,Europe,Healthcare,4884,3
CUST_02124,17.2,1.2,0.0,,,99.0,99,5,99,0,Stable,1,SMB,Pro,North America,Education,25,4
CUST_02125,24.9,1.7,0.5,6.0,-12.0,99.0,99,10,99,0,Stable,1,SMB,Pro,North America,Healthcare,17,9
CUST_02126,19.5,0.5,,5.0,11.0,29.0,29,2,29,0,Stable,1,SMB,Basic,North America,Retail,8,1
CUST_02127,24.357142857142858,1.5714285714285714,0.3333333333333333,7.0,8.0,29.0,29,14,29,0,Stable,1,SMB,Basic,Asia-Pacific,Education,48,13
CUST_02128,26.94736842105263,1.105263157894737,0.5,,,29.0,29,19,29,0,Stable,1,SMB,Basic,Europe,Technology,10,18
CUST_02129,29.0,1.0,0.0,,,49.0,49,2,49,0,Stable,1,Mid-market,Basic,North America,E-commerce,430,1
CUST_02130,18.428571428571427,2.2857142857142856,,,,99.0,99,7,99,0,Stable,1,SMB,Pro,Europe,Finance,40,6
CUST_02131,26.0,1.5,0.25,,,99.0,99,18,99,0,Stable,1,SMB,Pro,Europe,Retail,6,17
CUST_02132,19.736842105263158,1.1578947368421053,0.5,9.0,44.0,299.0,299,19,299,0,Stable,1,SMB,Enterprise,Asia-Pacific,E-commerce,31,18
CUST_02133,70.05555555555556,6.333333333333333,0.9523809523809524,,,299.0,299,18,299,0,Stable,0,Enterprise,Pro,Asia-Pacific,Finance,3871,17
CUST_02134,22.5,1.3,1.0,,,29.0,29,10,29,0,Stable,1,SMB,Basic,Latin America,Finance,11,9
CUST_02135,17.0,1.0,,,,49.0,49,1,49,0,Stable,1,Mid-market,Basic,North America,E-commerce,108,0
CUST_02136,76.0,8.333333333333334,0.9090909090909091,8.0,28.0,999.0,999,24,999,0,Stable,0,Enterprise,Enterprise,North America,Retail,1179,23
CUST_02137,46.388888888888886,3.5,0.6666666666666666,,,49.0,49,18,49,0,Stable,1,Mid-market,Basic,Europe,Technology,152,17
CUST_02138,46.42857142857143,2.857142857142857,1.0,,,49.0,49,14,49,0,Stable,1,Mid-market,Basic,Europe,Technology,209,13
CUST_02139,57.42857142857143,8.571428571428571,0.6666666666666666,,,999.0,999,7,999,0,Stable,0,Enterprise,Enterprise,North America,Technology,2143,6
CUST_02140,27.333333333333332,2.6666666666666665,,,,199.0,199,3,199,0,Stable,1,Mid-market,Pro,North America,Finance,330,2
CUST_02141,28.0,2.5,,,,199.0,199,2,199,0,Stable,1,Mid-market,Pro,Europe,Healthcare,272,1
CUST_02142,26.047619047619047,1.8095238095238095,0.0,,,29.0,29,21,29,0,Stable,1,SMB,Basic,North America,Technology,4,20
CUST_02143,22.285714285714285,1.1428571428571428,,,,29.0,29,7,29,0,Stable,1,SMB,Basic,Europe,E-commerce,41,6
CUST_02144,26.304347826086957,1.8695652173913044,0.25,7.0,23.5,29.0,29,23,29,0,Stable,1,SMB,Basic,North America,Healthcare,21,22
CUST_02145,22.363636363636363,1.0,0.0,,,29.0,29,11,29,0,Stable,1,SMB,Basic,Asia-Pacific,E-commerce,9,10
CUST_02146,76.9375,7.4375,0.875,,,999.0,999,16,999,0,Stable,0,Enterprise,Enterprise,North America,Education,4955,15
CUST_02147,38.8,4.1,0.8333333333333334,,,199.0,199,20,199,0,Stable,1,Mid-market,Pro,North America,Finance,453,19
CUST_02148,29.6,2.0,,6.0,37.0,99.0,99,5,99,0,Stable,1,SMB,Pro,Latin America,Technology,31,4
CUST_02149,18.0,1.6666666666666667,,,,99.0,99,6,99,0,Stable,1,SMB,Pro,Asia-Pacific,Healthcare,29,5
CUST_02150,6.0,0.0,,,,99.0,99,1,99,0,Stable,1,SMB,Pro,Asia-Pacific,Education,22,0
CUST_02151,7.0,0.0,0.0,,,29.0,29,2,29,0,Stable,1,SMB,Basic,Europe,Retail,18,1
CUST_02152,14.333333333333334,0.6666666666666666,0.0,,,29.0,29,3,29,0,Stable,1,SMB,Basic,North America,Technology,16,2
CUST_02153,22.875,1.125,,,,29.0,29,8,29,0,Stable,1,SMB,Basic,Asia-Pacific,Technology,3,7
CUST_02154,45.13636363636363,4.5,0.25,,,199.0,199,22,199,0,Stable,1,Mid-market,Pro,Latin America,E-commerce,67,21
CUST_02155,18.6,1.0,0.0,,,29.0,29,5,29,0,Stable,1,SMB,Basic,Europe,Education,44,4
CUST_02156,14.0,0.5,0.0,,,29.0,29,2,29,0,Stable,1,SMB,Basic,Asia-Pacific,Technology,45,1
CUST_02157,38.21052631578947,4.421052631578948,0.5,,,499.0,499,19,499,0,Stable,0,Mid-market,Enterprise,North America,Education,290,18
CUST_02158,27.142857142857142,1.3571428571428572,0.75,,,29.0,29,14,29,0,Stable,1,SMB,Basic,Asia-Pacific,Retail,15,13
CUST_02159,16.333333333333332,1.6666666666666667,,,,99.0,99,3,99,0,Stable,1,SMB,Pro,Europe,Education,5,2
CUST_02160,22.666666666666668,2.0,0.5,,,29.0,29,15,29,0,Stable,1,SMB,Basic,North America,Finance,11,14
CUST_02161,43.42857142857143,3.142857142857143,,,,49.0,49,7,49,0,Stable,1,Mid-market,Basic,Latin America,E-commerce,477,6
CUST_02162,25.176470588235293,1.7058823529411764,0.0,,,29.0,29,17,29,0,Stable,1,SMB,Basic,Europe,Technology,15,16
CUST_02163,52.857142857142854,6.571428571428571,1.0,,,999.0,999,7,999,0,Stable,0,Enterprise,Enterprise,Europe,Education,1159,6
CUST_02164,25.263157894736842,2.263157894736842,0.4,,,99.0,99,19,99,0,Stable,1,SMB,Pro,Europe,Retail,36,18
CUST_02165,24.9,1.3,0.0,,,29.0,29,10,29,0,Stable,1,SMB,Basic,Europe,Healthcare,29,9
CUST_02166,9.75,1.25,,,,29.0,29,4,29,0,Stable,1,SMB,Basic,Europe,Technology,45,3
CUST_02167,27.4,3.6,1.0,,,49.0,49,5,49,0,Stable,1,Mid-market,Basic,Latin America,Technology,179,4
CUST_02168,24.0,1.0,,,,199.0,199,1,199,0,Stable,1,Mid-market,Pro,North America,Technology,380,0
CUST_02169,21.0,1.1428571428571428,0.75,,,99.0,99,7,99,0,Stable,1,SMB,Pro,North America,Retail,25,6
CUST_02170,58.857142857142854,8.071428571428571,0.9444444444444444,,,999.0,999,14,999,0,Stable,0,Enterprise,Enterprise,Asia-Pacific,Finance,3477,13
CUST_02171,39.294117647058826,3.3529411764705883,0.75,8.0,29.0,199.0,199,17,199,0,Stable,1,Mid-market,Pro,Europe,Finance,176,16
CUST_02172,53.8,7.4,1.0,,,299.0,299,5,299,0,Stable,0,Enterprise,Pro,Latin America,Technology,3242,4
CUST_02173,22.8,0.4,,,,29.0,29,5,29,0,Stable,1,SMB,Basic,Europe,E-commerce,17,4
CUST_02174,45.36363636363637,2.727272727272727,0.25,,,199.0,199,11,199,0,Stable,1,Mid-market,Pro,Latin America,E-commerce,469,10
CUST_02175,24.285714285714285,1.3571428571428572,0.6666666666666666,,,29.0,29,14,29,0,Stable,1,SMB,Basic,Europe,Retail,12,13
CUST_02176,14.5,2.5,1.0,,,29.0,29,6,29,0,Stable,1,SMB,Basic,North America,Education,25,5
CUST_02177,38.95454545454545,3.772727272727273,0.375,,,49.0,49,22,49,0,Stable,1,Mid-market,Basic,North America,Retail,298,21
CUST_02178,21.5,3.5,1.0,,,199.0,199,4,199,0,Stable,1,Mid-market,Pro,Asia-Pacific,Healthcare,132,3
CUST_02179,18.666666666666668,1.6666666666666667,0.0,,,99.0,99,3,99,0,Stable,1,SMB,Pro,Europe,Retail,31,2
CUST_02180,17.666666666666668,1.0,,8.0,17.0,99.0,99,6,99,0,Stable,1,SMB,Pro,Asia-Pacific,E-commerce,25,5
CUST_02181,21.0,1.25,0.5,,,29.0,29,4,29,0,Stable,1,SMB,Basic,North America,Technology,39,3
CUST_02182,38.333333333333336,2.0,,,,999.0,999,3,999,0,Stable,0,Enterprise,Enterprise,North America,Technology,4746,2
CUST_02183,26.0,1.826086956521739,0.3,,,29.0,29,23,29,0,Stable,1,SMB,Basic,Europe,Retail,21,22
CUST_02184,31.043478260869566,1.3043478260869565,0.3333333333333333,,,29.0,29,23,29,0,Stable,1,SMB,Basic,North America,Retail,7,22
CUST_02185,24.1,1.5,0.5,5.0,16.0,29.0,29,20,29,0,Stable,1,SMB,Basic,Europe,Healthcare,44,19
CUST_02186,44.875,4.583333333333333,0.4,,,499.0,499,24,499,0,Stable,0,Mid-market,Enterprise,Europe,E-commerce,221,23
CUST_02187,10.666666666666666,2.0,0.0,,,299.0,299,3,299,0,Stable,1,SMB,Enterprise,Asia-Pacific,Technology,41,2
CUST_02188,10.5,1.0,,,,29.0,29,2,29,0,Stable,1,SMB,Basic,North America,Finance,15,1
CUST_02189,25.7,1.6,,,,29.0,29,10,29,0,Stable,1,SMB,Basic,Europe,Finance,5,9
CUST_02190,22.5,1.5,,,,29.0,29,4,29,0,Stable,1,SMB,Basic,Europe,E-commerce,23,3
CUST_02191,24.583333333333332,1.2916666666666667,1.0,7.0,15.0,29.0,29,24,29,0,Stable,1,SMB,Basic,North America,Retail,22,23
CUST_02192,20.363636363636363,2.0,0.0,7.0,30.0,29.0,29,11,29,0,Stable,1,SMB,Basic,North America,Retail,38,10
CUST_02193,21.0,2.1,0.5,,,29.0,29,10,29,0,Stable,1,SMB,Basic,Latin America,Education,2,9
CUST_02194,28.11764705882353,1.8823529411764706,0.5833333333333334,8.0,59.0,99.0,99,17,99,0,Stable,1,SMB,Pro,Europe,Technology,9,16
CUST_02195,8.0,0.0,,,,99.0,99,1,99,0,Stable,1,SMB,Pro,North America,Education,15,0
CUST_02196,8.5,0.5,,,,29.0,29,2,29,0,Stable,1,SMB,Basic,North America,E-commerce,40,1
CUST_02197,14.5,1.0,,,,29.0,29,4,29,0,Stable,1,SMB,Basic,Latin America,Retail,41,3
CUST_02198,14.0,1.0,0.0,,,29.0,29,1,29,0,Stable,1,SMB,Basic,Europe,Healthcare,24,0
CUST_02199,18.625,1.5,1.0,,,29.0,29,8,29,0,Stable,1,SMB,Basic,Latin America,Healthcare,14,7
CUST_02200,34.90909090909091,4.181818181818182,0.5,8.0,27.0,199.0,199,11,199,0,Stable,1,Mid-market,Pro,North America,E-commerce,206,10
CUST_02201,26.0,1.2,,,,49.0,49,5,49,0,Stable,1,Mid-market,Basic,Asia-Pacific,Technology,385,4
CUST_02202,6.5,2.5,,,,29.0,29,2,29,0,Stable,1,SMB,Basic,North America,Retail,24,1
CUST_02203,24.8,1.6,0.0,,,99.0,99,10,99,0,Stable,1,SMB,Pro,Europe,Finance,36,9
CUST_02204,23.6,1.95,0.75,8.0,38.0,29.0,29,20,29,0,Stable,1,SMB,Basic,North America,Education,43,19
CUST_02205,41.0,4.75,0.75,7.0,18.0,199.0,199,12,199,0,Stable,1,Mid-market,Pro,Europe,Education,439,11
CUST_02206,30.833333333333332,3.0,0.6666666666666666,,,49.0,49,6,49,0,Stable,1,Mid-market,Basic,Latin America,Healthcare,55,5
CUST_02207,21.727272727272727,1.8181818181818181,0.0,,,29.0,29,11,29,0,Stable,1,SMB,Basic,Latin America,Technology,32,10
CUST_02208,36.857142857142854,2.857142857142857,1.0,,,49.0,49,7,49,0,Stable,1,Mid-market,Basic,North America,Education,177,6
CUST_02209,22.5,1.7727272727272727,0.0,,,29.0,29,22,29,0,Stable,1,SMB,Basic,North America,Technology,22,21
CUST_02210,70.93333333333334,5.933333333333334,0.75,,,99.0,99,15,99,0,Stable,0,Enterprise,Basic,Asia-Pacific,Education,4642,14
CUST_02211,16.75,1.75,1.0,,,29.0,29,4,29,0,Stable,1,SMB,Basic,Latin America,Finance,29,3
CUST_02212,61.53333333333333,5.866666666666666,0.5,8.0,37.0,99.0,99,15,99,0,Stable,0,Enterprise,Basic,Asia-Pacific,E-commerce,3411,14
CUST_02213,22.77777777777778,1.9444444444444444,0.5,,,29.0,29,18,29,0,Stable,1,SMB,Basic,North America,Retail,48,17
CUST_02214,21.333333333333332,2.0,0.5,,,99.0,99,9,99,0,Stable,1,SMB,Pro,Asia-Pacific,Education,42,8
CUST_02215,24.583333333333332,1.4166666666666667,,,,29.0,29,12,29,0,Stable,1,SMB,Basic,North America,E-commerce,9,11
CUST_02216,23.285714285714285,1.5714285714285714,,,,29.0,29,7,29,0,Stable,1,SMB,Basic,Asia-Pacific,Education,26,6
CUST_02217,24.5,1.25,,,,29.0,29,12,29,0,Stable,1,SMB,Basic,Latin America,E-commerce,9,11
CUST_02218,37.25,1.5,1.0,,,49.0,49,4,49,0,Stable,1,Mid-market,Basic,Europe,Education,434,3
CUST_02219,24.77777777777778,1.8888888888888888,0.0,,,99.0,99,18,99,0,Stable,1,SMB,Pro,Europe,Finance,47,17
CUST_02220,43.53846153846154,4.076923076923077,0.6666666666666666,,,499.0,499,13,499,0,Stable,0,Mid-market,Enterprise,Asia-Pacific,Retail,479,12
CUST_02221,41.8,7.4,1.0,,,999.0,999,5,999,0,Stable,0,Enterprise,Enterprise,North America,Retail,1027,4
CUST_02222,24.357142857142858,1.7142857142857142,0.0,6.0,28.0,99.0,99,14,99,0,Stable,1,SMB,Pro,North America,Technology,23,13
CUST_02223,24.083333333333332,1.6666666666666667,0.0,,,29.0,29,12,29,0,Stable,1,SMB,Basic,Europe,Finance,31,11
CUST_02224,24.1875,1.3125,0.75,,,29.0,29,16,29,0,Stable,1,SMB,Basic,Europe,Technology,28,15
CUST_02225,25.0,2.0,,,,29.0,29,1,29,0,Stable,1,SMB,Basic,North America,Healthcare,23,0
CUST_02226,24.25,0.75,0.0,8.0,29.0,29.0,29,4,29,0,Stable,1,SMB,Basic,North America,Retail,45,3
CUST_02227,20.0,1.0,,,,29.0,29,1,29,0,Stable,1,SMB,Basic,Europe,Healthcare,35,0
CUST_02228,26.625,1.625,0.0,,,99.0,99,8,99,0,Stable,1,SMB,Pro,North America,Education,28,7
CUST_02229,25.0,5.0,1.0,,,199.0,199,1,199,0,Stable,1,Mid-market,Pro,North America,Finance,95,0
CUST_02230,24.0,2.9,1.0,,,299.0,299,10,299,0,Stable,1,SMB,Enterprise,Latin America,Retail,39,9
CUST_02231,69.08333333333333,6.0,1.0,,,99.0,99,12,99,0,Stable,0,Enterprise,Basic,Latin America,Healthcare,1553,11
CUST_02232,31.5,1.75,1.0,,,199.0,199,4,199,0,Stable,1,Mid-market,Pro,Europe,Healthcare,384,3
CUST_02233,70.78260869565217,7.739130434782608,0.5555555555555556,,,999.0,999,23,999,0,Stable,0,Enterprise,Enterprise,Europe,E-commerce,1955,22
CUST_02234,15.0,1.2857142857142858,0.0,,,99.0,99,7,99,0,Stable,1,SMB,Pro,Asia-Pacific,Education,27,6
CUST_02235,20.0,1.8571428571428572,,,,29.0,29,7,29,0,Stable,1,SMB,Basic,Asia-Pacific,Education,46,6
CUST_02236,21.25,1.875,1.0,,,299.0,299,8,299,0,Stable,1,SMB,Enterprise,Europe,E-commerce,32,7
CUST_02237,24.94736842105263,1.7894736842105263,0.0,,,29.0,29,19,29,0,Stable,1,SMB,Basic,Europe,Technology,22,18
CUST_02238,47.333333333333336,4.666666666666667,,,,999.0,999,3,999,0,Stable,0,Enterprise,Enterprise,Asia-Pacific,Finance,2290,2
CUST_02239,24.8,1.75,0.3333333333333333,,,29.0,29,20,29,0,Stable,1,SMB,Basic,North America,Retail,14,19
CUST_02240,25.347826086956523,1.826086956521739,0.25,,,99.0,99,23,99,0,Stable,1,SMB,Pro,North America,Healthcare,20,22
CUST_02241,74.6,4.2,1.0,,,299.0,299,5,299,0,Stable,0,Enterprise,Pro,North America,E-commerce,1939,4
CUST_02242,21.571428571428573,1.1428571428571428,0.0,,,29.0,29,7,29,0,Stable,1,SMB,Basic,North America,Technology,41,6
CUST_02243,18.333333333333332,3.6666666666666665,0.25,,,199.0,199,3,199,0,Stable,1,Mid-market,Pro,Europe,Finance,153,2
CUST_02244,19.666666666666668,2.0,,,,29.0,29,3,29,0,Stable,1,SMB,Basic,North America,Finance,34,2
CUST_02245,43.888888888888886,2.3333333333333335,0.6666666666666666,,,49.0,49,9,49,0,Stable,1,Mid-market,Basic,Asia-Pacific,Retail,351,8
CUST_02246,21.0,4.0,,,,49.0,49,2,49,0,Stable,1,Mid-market,Basic,Latin America,Finance,402,1
CUST_02247,22.4,1.45,0.0,,,29.0,29,20,29,0,Stable,1,SMB,Basic,North America,Technology,31,19
CUST_02248,68.47368421052632,7.052631578947368,0.8,9.0,35.5,999.0,999,19,999,0,Stable,0,Enterprise,Enterprise,North America,Education,2559,18
CUST_02249,8.333333333333334,0.3333333333333333,0.0,,,299.0,299,3,299,0,Stable,1,SMB,Enterprise,Europe,Healthcare,9,2
CUST_02250,26.0,1.25,0.25,,,99.0,99,12,99,0,Stable,1,SMB,Pro,North America,Technology,15,11
CUST_02251,33.0,3.0,,,,49.0,49,2,49,0,Stable,1,Mid-market,Basic,Latin America,Healthcare,160,1
CUST_02252,27.77777777777778,2.0,0.25,7.0,27.0,99.0,99,9,99,0,Stable,1,SMB,Pro,North America,Technology,43,8
CUST_02253,25.583333333333332,2.3333333333333335,0.0,7.0,15.0,99.0,99,12,99,0,Stable,1,SMB,Pro,Europe,Retail,1,11
CUST_02254,23.19047619047619,1.5238095238095237,0.25,,,29.0,29,21,29,0,Stable,1,SMB,Basic,North America,E-commerce,37,20
CUST_02255,29.846153846153847,1.2307692307692308,0.0,,,29.0,29,13,29,0,Stable,1,SMB,Basic,Asia-Pacific,E-commerce,29,12
CUST_02256,37.25,7.25,,,,999.0,999,4,999,0,Stable,0,Enterprise,Enterprise,Asia-Pacific,Healthcare,1094,3
CUST_02257,19.428571428571427,1.5714285714285714,0.0,,,29.0,29,7,29,0,Stable,1,SMB,Basic,Europe,Education,31,6
CUST_02258,26.0,1.2,0.3333333333333333,7.0,27.0,29.0,29,15,29,0,Stable,1,SMB,Basic,North America,Education,45,14
CUST_02259,43.5,3.4,0.4,,,49.0,49,20,49,0,Stable,1,Mid-market,Basic,Asia-Pacific,Technology,197,19
CUST_02260,20.083333333333332,1.8333333333333333,0.0,,,29.0,29,12,29,0,Stable,1,SMB,Basic,Asia-Pacific,Technology,27,11
CUST_02261,24.35,2.25,0.5,,,29.0,29,20,29,0,Stable,1,SMB,Basic,Latin America,E-commerce,41,19
CUST_02262,26.833333333333332,1.6666666666666667,0.0,,,29.0,29,24,29,0,Stable,1,SMB,Basic,North America,E-commerce,17,23
CUST_02263,10.5,1.0,1.0,,,99.0,99,4,99,0,Stable,1,SMB,Pro,Europe,Healthcare,12,3
CUST_02264,23.615384615384617,1.9230769230769231,1.0,,,99.0,99,13,99,0,Stable,1,SMB,Pro,Latin America,Retail,6,12
CUST_02265,13.5,1.25,,7.0,20.0,29.0,29,4,29,0,Stable,1,SMB,Basic,North America,Healthcare,37,3
CUST_02266,8.0,2.0,,,,29.0,29,1,29,0,Stable,1,SMB,Basic,Europe,Finance,25,0
CUST_02267,66.3125,7.5625,1.0,,,999.0,999,16,999,0,Stable,0,Enterprise,Enterprise,Latin America,Education,3278,15
CUST_02268,25.23076923076923,2.076923076923077,0.0,,,29.0,29,13,29,0,Stable,1,SMB,Basic,Europe,Healthcare,24,12
CUST_02269,39.95,3.65,0.5833333333333334,,,199.0,199,20,199,0,Stable,1,Mid-market,Pro,North America,Healthcare,483,19
CUST_02270,24.26086956521739,1.5217391304347827,0.42857142857142855,,,29.0,29,23,29,0,Stable,1,SMB,Basic,Latin America,Education,4,22
CUST_02271,26.166666666666668,2.3333333333333335,0.4,7.0,16.0,29.0,29,18,29,0,Stable,1,SMB,Basic,Europe,Technology,33,17
CUST_02272,31.736842105263158,1.4210526315789473,0.4,,,29.0,29,19,29,0,Stable,1,SMB,Basic,North America,Retail,31,18
CUST_02273,46.041666666666664,3.625,0.5555555555555556,,,49.0,49,24,49,0,Stable,1,Mid-market,Basic,North America,Technology,481,23
CUST_02274,25.61111111111111,1.6666666666666667,0.25,,,29.0,29,18,29,0,Stable,1,SMB,Basic,Asia-Pacific,Finance,13,17
CUST_02275,21.5,2.5833333333333335,0.0,,,299.0,299,12,299,0,Stable,1,SMB,Enterprise,North America,Education,17,11
CUST_02276,26.176470588235293,1.588235294117647,0.16666666666666666,,,29.0,29,17,29,0,Stable,1,SMB,Basic,Europe,Education,27,16
CUST_02277,44.05882352941177,4.117647058823529,0.2333333333333333,,,199.0,199,17,199,0,Stable,1,Mid-market,Pro,Asia-Pacific,Finance,234,16
CUST_02278,43.05263157894737,4.105263157894737,0.5833333333333333,,,49.0,49,19,49,0,Stable,1,Mid-market,Basic,Europe,Retail,430,18
CUST_02279,21.0,1.75,,,,29.0,29,4,29,0,Stable,1,SMB,Basic,North America,Finance,43,3
CUST_02280,42.083333333333336,3.8333333333333335,1.0,,,49.0,49,12,49,0,Stable,1,Mid-market,Basic,North America,E-commerce,235,11
CUST_02281,81.89473684210526,7.052631578947368,0.7222222222222222,,,999.0,999,19,999,0,Stable,0,Enterprise,Enterprise,North America,Healthcare,2218,18
CUST_02282,63.416666666666664,7.833333333333333,0.8636363636363636,7.0,8.0,999.0,999,24,999,0,Stable,0,Enterprise,Enterprise,Asia-Pacific,Finance,3382,23
CUST_02283,21.8,1.0,0.5,,,99.0,99,5,99,0,Stable,1,SMB,Pro,Europe,Retail,23,4
CUST_02284,13.5,0.5,0.0,,,29.0,29,2,29,0,Stable,1,SMB,Basic,North America,Retail,40,1
CUST_02285,33.2,3.5,0.5,,,199.0,199,10,199,0,Stable,1,Mid-market,Pro,North America,Retail,315,9
CUST_02286,16.857142857142858,1.0,1.0,,,99.0,99,7,99,0,Stable,1,SMB,Pro,North America,Finance,42,6
CUST_02287,14.25,1.25,,,,29.0,29,4,29,0,Stable,1,SMB,Basic,Europe,Technology,7,3
CUST_02288,24.555555555555557,1.7222222222222223,0.5,,,29.0,29,18,29,0,Stable,1,SMB,Basic,Europe,Technology,5,17
CUST_02289,20.153846153846153,1.3846153846153846,,,,99.0,99,13,99,0,Stable,1,SMB,Pro,Asia-Pacific,Retail,14,12
CUST_02290,30.75,2.75,,,,199.0,199,4,199,0,Stable,1,Mid-market,Pro,North America,Technology,389,3
CUST_02291,26.772727272727273,1.5454545454545454,1.0,,,29.0,29,22,29,0,Stable,1,SMB,Basic,North America,Retail,31,21
CUST_02292,24.0,1.75,0.0,,,29.0,29,12,29,0,Stable,1,SMB,Basic,North America,Technology,44,11
CUST_02293,27.2,1.7,1.0,,,99.0,99,10,99,0,Stable,1,SMB,Pro,Europe,Technology,17,9
CUST_02294,17.142857142857142,1.8571428571428572,0.3333333333333333,,,29.0,29,7,29,0,Stable,1,SMB,Basic,North America,E-commerce,29,6
CUST_02295,32.8,3.3,0.0,8.0,37.0,499.0,499,10,499,0,Stable,1,Mid-market,Enterprise,Europe,Education,139,9
CUST_02296,32.5,2.5,1.0,,,199.0,199,2,199,0,Stable,1,Mid-market,Pro,North America,Education,341,1
CUST_02297,45.27272727272727,4.7727272727272725,0.5625,5.0,-21.0,199.0,199,22,199,0,Stable,1,Mid-market,Pro,North America,Finance,320,21
CUST_02298,49.6,6.0,1.0,,,999.0,999,5,999,0,Stable,0,Enterprise,Enterprise,North America,Technology,529,4
CUST_02299,29.95,2.0,0.3333333333333333,6.0,15.0,99.0,99,20,99,0,Stable,1,SMB,Pro,Latin America,Retail,34,19
CUST_02300,21.933333333333334,1.8,0.0,,,99.0,99,15,99,0,Stable,1,SMB,Pro,Latin America,Finance,31,14
CUST_02301,18.5,1.5,,,,99.0,99,2,99,0,Stable,1,SMB,Pro,North America,Education,37,1
CUST_02302,16.0,5.0,1.0,,,99.0,99,1,99,0,Stable,1,Enterprise,Basic,North America,E-commerce,3539,0
CUST_02303,20.09090909090909,2.0,0.0,,,99.0,99,11,99,0,Stable,1,SMB,Pro,North America,Retail,31,10
CUST_02304,23.2,1.3,,,,29.0,29,10,29,0,Stable,1,SMB,Basic,Europe,Technology,36,9
CUST_02305,21.444444444444443,1.1111111111111112,0.0,,,99.0,99,9,99,0,Stable,1,SMB,Pro,North America,Technology,11,8
CUST_02306,12.0,0.0,,,,29.0,29,1,29,0,Stable,1,SMB,Basic,Asia-Pacific,Education,28,0
CUST_02307,30.0,3.3333333333333335,0.25,,,49.0,49,6,49,0,Stable,1,Mid-market,Basic,Europe,E-commerce,240,5
CUST_02308,22.0,2.0,,,,29.0,29,1,29,0,Stable,1,SMB,Basic,Europe,Technology,10,0
CUST_02309,21.0,1.5384615384615385,0.0,6.333333333333333,8.666666666666666,29.0,29,13,29,0,Stable,1,SMB,Basic,Asia-Pacific,Technology,29,12
CUST_02310,25.941176470588236,1.5294117647058822,0.16666666666666666,6.0,15.0,29.0,29,17,29,0,Stable,1,SMB,Basic,North America,Retail,44,16
CUST_02311,37.0,5.5,,,,999.0,999,2,999,0,Stable,0,Enterprise,Enterprise,North America,Retail,2927,1
CUST_02312,9.333333333333334,0.0,,,,99.0,99,3,99,0,Stable,1,SMB,Pro,North America,Healthcare,14,2
CUST_02313,25.555555555555557,2.388888888888889,0.0,,,29.0,29,18,29,0,Stable,1,SMB,Basic,North America,Retail,34,17
CUST_02314,25.916666666666668,1.5833333333333333,1.0,,,29.0,29,24,29,0,Stable,1,SMB,Basic,Europe,Healthcare,25,23
CUST_02315,22.25,2.0,,,,29.0,29,4,29,0,Stable,1,SMB,Basic,Asia-Pacific,Retail,21,3
CUST_02316,23.307692307692307,2.230769230769231,0.0,,,99.0,99,13,99,0,Stable,1,SMB,Pro,Asia-Pacific,E-commerce,37,12
CUST_02317,75.78571428571429,8.571428571428571,0.7,8.0,33.0,999.0,999,14,999,0,Stable,0,Enterprise,Enterprise,Europe,Finance,3038,13
CUST_02318,26.466666666666665,1.7333333333333334,0.38888888888888884,8.0,23.0,29.0,29,15,29,0,Stable,1,SMB,Basic,Latin America,Retail,10,14
CUST_02319,41.1875,3.375,0.5,,,49.0,49,16,49,0,Stable,1,Mid-market,Basic,Latin America,Finance,361,15
CUST_02320,20.0,1.7272727272727273,1.0,,,29.0,29,11,29,0,Stable,1,SMB,Basic,North America,Healthcare,14,10
CUST_02321,27.473684210526315,1.8421052631578947,0.3333333333333333,,,29.0,29,19,29,0,Stable,1,SMB,Basic,Asia-Pacific,Retail,2,18
CUST_02322,25.61904761904762,1.1904761904761905,0.3333333333333333,,,29.0,29,21,29,0,Stable,1,SMB,Basic,Asia-Pacific,Technology,28,20
CUST_02323,26.071428571428573,2.0714285714285716,1.0,,,29.0,29,14,29,0,Stable,1,SMB,Basic,Europe,Finance,27,13
CUST_02324,25.866666666666667,2.3333333333333335,0.6666666666666666,5.0,0.0,29.0,29,15,29,0,Stable,1,SMB,Basic,Asia-Pacific,Healthcare,20,14
CUST_02325,42.21052631578947,3.789473684210526,0.3333333333333333,,,499.0,499,19,499,0,Stable,1,Mid-market,Enterprise,Asia-Pacific,Healthcare,165,18
CUST_02326,43.81818181818182,4.0,0.4,8.0,25.0,499.0,499,11,499,0,Stable,0,Mid-market,Enterprise,Asia-Pacific,Healthcare,354,10
CUST_02327,23.125,1.875,0.0,,,29.0,29,16,29,0,Stable,1,SMB,Basic,North America,Technology,39,15
CUST_02328,34.18181818181818,3.4545454545454546,0.5,,,49.0,49,11,49,0,Stable,1,Mid-market,Basic,Asia-Pacific,Education,402,10
CUST_02329,60.2,6.9,1.0,,,999.0,999,10,999,0,Stable,0,Enterprise,Enterprise,Asia-Pacific,E-commerce,3705,9
CUST_02330,21.363636363636363,1.2727272727272727,,8.0,29.0,29.0,29,11,29,0,Stable,1,SMB,Basic,Asia-Pacific,E-commerce,43,10
CUST_02331,39.08695652173913,4.0,1.0,,,199.0,199,23,199,0,Stable,1,Mid-market,Pro,North America,Healthcare,204,22
CUST_02332,19.75,2.75,0.25,5.0,18.0,29.0,29,8,29,0,Stable,1,SMB,Basic,North America,Technology,48,7
CUST_02333,53.888888888888886,4.666666666666667,0.5,,,299.0,299,9,299,0,Stable,0,Enterprise,Pro,North America,Finance,4456,8
CUST_02334,22.90909090909091,1.9090909090909092,0.5,6.0,6.0,29.0,29,11,29,0,Stable,1,SMB,Basic,Europe,Finance,20,10
CUST_02335,26.2,1.6,0.0,,,49.0,49,5,49,0,Stable,1,Mid-market,Basic,Latin America,Education,493,4
CUST_02336,23.526315789473685,1.263157894736842,0.5,,,29.0,29,19,29,0,Stable,1,SMB,Basic,Asia-Pacific,Finance,36,18
CUST_02337,40.291666666666664,3.5,0.5,,,199.0,199,24,199,0,Stable,1,Mid-market,Pro,Latin America,Retail,416,23
CUST_02338,11.0,0.6666666666666666,,,,29.0,29,3,29,0,Stable,1,SMB,Basic,Asia-Pacific,Education,28,2
CUST_02339,19.615384615384617,1.3076923076923077,0.625,,,29.0,29,13,29,0,Stable,1,SMB,Basic,Latin America,Finance,29,12
CUST_02340,39.13333333333333,4.0,0.6666666666666666,,,199.0,199,15,199,0,Stable,1,Mid-market,Pro,Latin America,E-commerce,280,14
CUST_02341,25.466666666666665,1.6666666666666667,0.5,,,29.0,29,15,29,0,Stable,1,SMB,Basic,North America,Technology,21,14
CUST_02342,25.0,6.5,1.0,,,49.0,49,2,49,0,Stable,1,Mid-market,Basic,Asia-Pacific,Education,85,1
CUST_02343,42.714285714285715,4.0,0.75,9.0,49.0,499.0,499,21,499,0,Stable,0,Mid-market,Enterprise,North America,Finance,287,20
CUST_02344,25.857142857142858,1.0,1.0,,,29.0,29,7,29,0,Stable,1,SMB,Basic,Europe,Technology,18,6
CUST_02345,35.5,2.0,1.0,,,499.0,499,2,499,0,Stable,1,Mid-market,Enterprise,Asia-Pacific,Finance,67,1
CUST_02346,28.25,1.3333333333333333,0.0,,,29.0,29,12,29,0,Stable,1,SMB,Basic,Latin America,Retail,15,11
CUST_02347,62.5,5.25,1.0,,,99.0,99,4,99,0,Stable,0,Enterprise,Basic,North America,Education,3705,3
CUST_02348,56.22222222222222,6.555555555555555,0.8,,,999.0,999,9,999,0,Stable,0,Enterprise,Enterprise,Asia-Pacific,Finance,512,8
CUST_02349,23.571428571428573,0.7142857142857143,,,,29.0,29,7,29,0,Stable,1,SMB,Basic,North America,E-commerce,25,6
CUST_02350,23.0,0.0,,,,199.0,199,1,199,0,Stable,1,Mid-market,Pro,Europe,Finance,361,0
CUST_02351,42.15,3.7,0.5,7.0,18.5,199.0,199,20,199,0,Stable,1,Mid-market,Pro,Europe,Finance,79,19
CUST_02352,63.8,6.4,1.0,,,999.0,999,5,999,0,Stable,0,Enterprise,Enterprise,Europe,Finance,3295,4
CUST_02353,32.8,3.1,1.0,,,199.0,199,10,199,0,Stable,1,Mid-market,Pro,North America,Retail,485,9
CUST_02354,39.5,3.0,0.6666666666666666,8.0,17.0,49.0,49,18,49,0,Stable,1,Mid-market,Basic,North America,Education,58,17
CUST_02355,55.333333333333336,6.222222222222222,0.25,,,999.0,999,9,999,0,Stable,0,Enterprise,Enterprise,Europe,Retail,2325,8
CUST_02356,41.0,3.75,0.0,,,49.0,49,8,49,0,Stable,1,Mid-market,Basic,Europe,Retail,322,7
CUST_02357,24.7,1.75,0.6,,,29.0,29,20,29,0,Stable,1,SMB,Basic,Europe,Education,7,19
CUST_02358,31.428571428571427,2.4285714285714284,,,,199.0,199,7,199,0,Stable,1,Mid-market,Pro,Asia-Pacific,Finance,221,6
CUST_02359,67.2,7.0,0.5714285714285714,10.0,65.0,999.0,999,15,999,0,Stable,0,Enterprise,Enterprise,Europe,Education,3544,14
CUST_02360,27.75,1.5,0.0,,,99.0,99,12,99,0,Stable,1,SMB,Pro,Asia-Pacific,Finance,37,11
CUST_02361,38.733333333333334,3.6666666666666665,1.0,,,49.0,49,15,49,0,Stable,1,Mid-market,Basic,Latin America,Healthcare,97,14
CUST_02362,24.636363636363637,2.0,0.5,,,99.0,99,11,99,0,Stable,1,SMB,Pro,North America,E-commerce,25,10
CUST_02363,25.583333333333332,2.1666666666666665,0.3333333333333333,,,99.0,99,12,99,0,Stable,1,SMB,Pro,North America,Retail,47,11
CUST_02364,22.571428571428573,0.7142857142857143,0.0,,,29.0,29,7,29,0,Stable,1,SMB,Basic,Asia-Pacific,Retail,24,6
CUST_02365,19.571428571428573,1.7142857142857142,1.0,,,29.0,29,7,29,0,Stable,1,SMB,Basic,Asia-Pacific,Finance,42,6
CUST_02366,20.692307692307693,1.6153846153846154,0.0,,,29.0,29,13,29,0,Stable,1,SMB,Basic,North America,E-commerce,27,12
CUST_02367,26.6,1.2,0.0,,,99.0,99,5,99,0,Stable,1,SMB,Pro,Asia-Pacific,Education,40,4
CUST_02368,18.0,1.0,,,,29.0,29,2,29,0,Stable,1,SMB,Basic,North America,Finance,48,1
CUST_02369,15.0,1.2,0.0,,,29.0,29,5,29,0,Stable,1,SMB,Basic,Asia-Pacific,Finance,4,4
CUST_02370,42.1875,3.1875,,7.0,32.0,499.0,499,16,499,0,Stable,1,Mid-market,Enterprise,North America,Technology,374,15
CUST_02371,19.333333333333332,0.6666666666666666,1.0,6.0,11.0,29.0,29,3,29,0,Stable,1,SMB,Basic,Europe,Finance,31,2
CUST_02372,30.238095238095237,1.6666666666666667,1.0,8.0,41.0,29.0,29,21,29,0,Stable,1,SMB,Basic,North America,Technology,2,20
CUST_02373,22.2,1.8,,,,29.0,29,5,29,0,Stable,1,SMB,Basic,Europe,Healthcare,2,4
CUST_02374,23.166666666666668,1.4444444444444444,1.0,,,29.0,29,18,29,0,Stable,1,SMB,Basic,North America,Finance,8,17
CUST_02375,23.375,1.375,0.0,,,29.0,29,8,29,0,Stable,1,SMB,Basic,Europe,Finance,23,7
CUST_02376,39.1,4.7,1.0,,,199.0,199,10,199,0,Stable,1,Mid-market,Pro,Latin America,Education,182,9
CUST_02377,39.75,4.05,0.5,,,199.0,199,20,199,0,Stable,1,Mid-market,Pro,Latin America,E-commerce,409,19
CUST_02378,54.857142857142854,6.428571428571429,0.16666666666666666,,,299.0,299,7,299,0,Stable,0,Enterprise,Pro,North America,E-commerce,3727,6
CUST_02379,52.5,7.25,0.5,,,999.0,999,4,999,0,Stable,0,Enterprise,Enterprise,Asia-Pacific,Retail,876,3
CUST_02380,21.125,1.75,1.0,7.0,6.0,99.0,99,8,99,0,Stable,1,SMB,Pro,Asia-Pacific,Finance,13,7
CUST_02381,69.05263157894737,7.894736842105263,0.75,8.0,39.0,999.0,999,19,999,0,Stable,0,Enterprise,Enterprise,Asia-Pacific,Technology,2172,18
CUST_02382,42.041666666666664,3.5,0.8,8.0,36.0,49.0,49,24,49,0,Stable,1,Mid-market,Basic,Latin America,Healthcare,179,23
CUST_02383,20.2,1.6,,,,99.0,99,5,99,0,Stable,1,SMB,Pro,Latin America,Finance,11,4
CUST_02384,25.2,1.9,0.375,,,99.0,99,20,99,0,Stable,1,SMB,Pro,Asia-Pacific,Healthcare,31,19
CUST_02385,26.42105263157895,2.0,0.5,,,99.0,99,19,99,0,Stable,1,SMB,Pro,Latin America,Finance,48,18
CUST_02386,25.666666666666668,1.7916666666666667,0.3333333333333333,,,99.0,99,24,99,0,Stable,1,SMB,Pro,North America,Technology,32,23
CUST_02387,43.869565217391305,4.304347826086956,0.5,,,199.0,199,23,199,0,Stable,1,Mid-market,Pro,Europe,Healthcare,92,22
CUST_02388,32.666666666666664,7.0,1.0,,,999.0,999,3,999,0,Stable,0,Enterprise,Enterprise,North America,Technology,3426,2
CUST_02389,9.0,2.0,1.0,,,199.0,199,1,199,0,Stable,1,Mid-market,Pro,Asia-Pacific,E-commerce,402,0
CUST_02390,22.0,1.1818181818181819,0.25,,,299.0,299,11,299,0,Stable,1,SMB,Enterprise,North America,Finance,35,10
CUST_02391,16.6,1.4,,,,29.0,29,5,29,0,Stable,1,SMB,Basic,North America,Healthcare,18,4
CUST_02392,23.5,2.0,,,,29.0,29,4,29,0,Stable,1,SMB,Basic,Asia-Pacific,Education,40,3
CUST_02393,33.714285714285715,2.5,0.6333333333333333,7.0,13.333333333333334,49.0,49,14,49,0,Stable,1,Mid-market,Basic,Europe,Retail,168,13
CUST_02394,24.875,0.75,1.0,5.0,-6.0,29.0,29,8,29,0,Stable,1,SMB,Basic,North America,Finance,33,7
CUST_02395,23.55,1.3,0.5,,,29.0,29,20,29,0,Stable,1,SMB,Basic,North America,Finance,6,19
CUST_02396,43.05882352941177,4.705882352941177,0.5,8.0,32.0,199.0,199,17,199,0,Stable,0,Mid-market,Pro,North America,Healthcare,444,16
CUST_02397,38.0,2.0,,,,99.0,99,1,99,0,Stable,1,Enterprise,Basic,North America,Finance,1925,0
CUST_02398,23.5,1.375,1.0,,,29.0,29,8,29,0,Stable,1,SMB,Basic,North America,Education,1,7
CUST_02399,71.53846153846153,7.3076923076923075,0.3333333333333333,8.0,23.0,999.0,999,13,999,0,Stable,0,Enterprise,Enterprise,Asia-Pacific,E-commerce,2586,12
CUST_02400,72.63636363636364,8.0,1.0,,,299.0,299,11,299,0,Stable,0,Enterprise,Pro,Europe,Technology,3453,10
CUST_02401,69.95,7.25,0.6666666666666666,,,299.0,299,20,299,0,Stable,0,Enterprise,Pro,Europe,Finance,3462,19
CUST_02402,21.0,1.5,,,,99.0,99,4,99,0,Stable,1,SMB,Pro,Europe,E-commerce,19,3
CUST_02403,15.5,0.5,,,,99.0,99,2,99,0,Stable,1,SMB,Pro,North America,E-commerce,10,1
CUST_02404,20.5,0.25,0.5,,,29.0,29,4,29,0,Stable,1,SMB,Basic,North America,Healthcare,28,3
CUST_02405,28.0,2.1333333333333333,0.5,6.0,-11.0,99.0,99,15,99,0,Stable,1,SMB,Pro,Europe,Finance,12,14
CUST_02406,22.0,2.3333333333333335,,,,49.0,49,3,49,0,Stable,1,Mid-market,Basic,Europe,Healthcare,299,2
CUST_02407,22.571428571428573,1.7142857142857142,0.0,,,29.0,29,7,29,0,Stable,1,SMB,Basic,Europe,E-commerce,21,6
CUST_02408,23.75,1.6,0.2222222222222222,5.0,8.0,29.0,29,20,29,0,Stable,1,SMB,Basic,North America,Healthcare,28,19
CUST_02409,8.0,0.0,,,,99.0,99,1,99,0,Stable,1,SMB,Pro,North America,E-commerce,33,0
CUST_02410,20.125,2.25,0.0,,,99.0,99,8,99,0,Stable,1,SMB,Pro,Europe,Education,16,7
CUST_02411,15.857142857142858,1.4285714285714286,1.0,,,29.0,29,7,29,0,Stable,1,SMB,Basic,North America,Technology,48,6
CUST_02412,31.75,2.25,1.0,,,199.0,199,4,199,0,Stable,1,Mid-market,Pro,North America,Healthcare,104,3
CUST_02413,34.666666666666664,3.0,,,,199.0,199,6,199,0,Stable,1,Mid-market,Pro,Latin America,Finance,164,5
CUST_02414,23.8,2.3,1.0,,,29.0,29,10,29,0,Stable,1,SMB,Basic,Latin America,Healthcare,23,9
CUST_02415,37.857142857142854,3.0,0.5,,,49.0,49,7,49,0,Stable,1,Mid-market,Basic,Europe,Finance,183,6
CUST_02416,12.0,0.5,,,,299.0,299,2,299,0,Stable,1,SMB,Enterprise,Europe,Education,37,1
CUST_02417,45.0,6.0,1.0,,,999.0,999,3,999,0,Stable,0,Enterprise,Enterprise,North America,Retail,2191,2
CUST_02418,26.0,1.8181818181818181,0.0,,,99.0,99,11,99,0,Stable,1,SMB,Pro,Latin America,Technology,49,10
CUST_02419,23.714285714285715,0.7142857142857143,0.5,,,29.0,29,7,29,0,Stable,1,SMB,Basic,Latin America,Healthcare,9,6
CUST_02420,25.041666666666668,1.5833333333333333,0.375,,,29.0,29,24,29,0,Stable,1,SMB,Basic,North America,Technology,38,23
CUST_02421,22.0,0.0,,,,29.0,29,1,29,0,Stable,1,SMB,Basic,Europe,Retail,3,0
CUST_02422,27.166666666666668,1.8333333333333333,0.5,,,29.0,29,24,29,0,Stable,1,SMB,Basic,North America,Retail,25,23
CUST_02423,40.833333333333336,3.8333333333333335,1.0,,,499.0,499,6,499,0,Stable,0,Mid-market,Enterprise,North America,Education,394,5
CUST_02424,23.076923076923077,1.9230769230769231,1.0,5.0,-11.0,29.0,29,13,29,0,Stable,1,SMB,Basic,Latin America,E-commerce,17,12
CUST_02425,22.22222222222222,1.2222222222222223,0.0,,,29.0,29,9,29,0,Stable,1,SMB,Basic,Asia-Pacific,E-commerce,41,8
CUST_02426,63.5,8.125,0.875,,,999.0,999,8,999,0,Stable,0,Enterprise,Enterprise,North America,Retail,2932,7
CUST_02427,42.470588235294116,3.9411764705882355,0.8333333333333334,,,199.0,199,17,199,0,Stable,1,Mid-market,Pro,Asia-Pacific,Retail,207,16
CUST_02428,40.529411764705884,3.3529411764705883,0.6666666666666666,,,49.0,49,17,49,0,Stable,1,Mid-market,Basic,Europe,E-commerce,264,16
CUST_02429,21.666666666666668,1.3333333333333333,0.5,8.0,20.0,499.0,499,3,499,0,Stable,1,Mid-market,Enterprise,North America,Finance,276,2
CUST_02430,28.0,2.75,,,,199.0,199,4,199,0,Stable,1,Mid-market,Pro,North America,Retail,451,3
CUST_02431,41.333333333333336,3.466666666666667,0.6666666666666666,,,49.0,49,15,49,0,Stable,1,Mid-market,Basic,North America,E-commerce,442,14
CUST_02432,40.333333333333336,3.5238095238095237,0.5,,,49.0,49,21,49,0,Stable,1,Mid-market,Basic,Asia-Pacific,E-commerce,201,20
CUST_02433,59.4,6.4,1.0,,,999.0,999,5,999,0,Stable,0,Enterprise,Enterprise,Latin America,Technology,2071,4
CUST_02434,21.0,1.0,,,,29.0,29,4,29,0,Stable,1,SMB,Basic,Europe,Education,6,3
CUST_02435,24.27777777777778,1.7777777777777777,0.21428571428571427,,,29.0,29,18,29,0,Stable,1,SMB,Basic,Europe,Retail,32,17
CUST_02436,23.875,2.0,0.0,,,99.0,99,8,99,0,Stable,1,SMB,Pro,Europe,Retail,19,7
CUST_02437,19.125,1.125,0.0,5.0,-21.0,99.0,99,8,99,0,Stable,1,SMB,Pro,North America,E-commerce,38,7
CUST_02438,20.1,1.5,0.0,,,29.0,29,10,29,0,Stable,1,SMB,Basic,Europe,Retail,5,9
CUST_02439,26.857142857142858,1.4285714285714286,0.5,,,99.0,99,14,99,0,Stable,1,SMB,Pro,Latin America,E-commerce,37,13
CUST_02440,23.0,2.625,,,,29.0,29,8,29,0,Stable,1,SMB,Basic,Europe,Finance,23,7
CUST_02441,55.333333333333336,6.111111111111111,1.0,8.0,29.0,999.0,999,9,999,0,Stable,0,Enterprise,Enterprise,North America,Finance,3387,8
CUST_02442,25.529411764705884,1.7058823529411764,0.0,,,29.0,29,17,29,0,Stable,1,SMB,Basic,North America,Healthcare,18,16
CUST_02443,16.0,1.7142857142857142,0.0,,,29.0,29,7,29,0,Stable,1,SMB,Basic,Latin America,E-commerce,7,6
CUST_02444,19.666666666666668,1.3333333333333333,,,,29.0,29,3,29,0,Stable,1,SMB,Basic,Asia-Pacific,Technology,31,2
CUST_02445,23.0,1.0,,,,99.0,99,4,99,0,Stable,1,SMB,Pro,Asia-Pacific,Retail,33,3
CUST_02446,6.0,1.0,,,,29.0,29,2,29,0,Stable,1,SMB,Basic,North America,Education,11,1
CUST_02447,25.333333333333332,1.7142857142857142,0.6666666666666666,9.0,32.0,29.0,29,21,29,0,Stable,1,SMB,Basic,Europe,Technology,2,20
CUST_02448,43.2,3.1333333333333333,0.2,,,199.0,199,15,199,0,Stable,1,Mid-market,Pro,Asia-Pacific,Technology,154,14
CUST_02449,37.36363636363637,3.0,0.0,,,49.0,49,11,49,0,Stable,1,Mid-market,Basic,North America,Education,402,10
CUST_02450,27.125,1.75,,,,99.0,99,8,99,0,Stable,1,SMB,Pro,North America,Healthcare,35,7
CUST_02451,27.76923076923077,1.7692307692307692,0.0,,,29.0,29,13,29,0,Stable,1,SMB,Basic,Asia-Pacific,Retail,35,12
CUST_02452,16.0,0.0,,,,99.0,99,1,99,0,Stable,1,SMB,Pro,Europe,Technology,15,0
CUST_02453,18.6,2.0,,,,29.0,29,5,29,0,Stable,1,SMB,Basic,Asia-Pacific,Education,28,4
CUST_02454,57.76923076923077,7.230769230769231,0.8,8.0,34.0,299.0,299,13,299,0,Stable,0,Enterprise,Pro,Latin America,Technology,2444,12
CUST_02455,62.22727272727273,8.318181818181818,0.85,10.0,57.0,999.0,999,22,999,0,Stable,0,Enterprise,Enterprise,Europe,Finance,2395,21
CUST_02456,14.0,1.0,,,,29.0,29,2,29,0,Stable,1,SMB,Basic,Europe,Finance,1,1
CUST_02457,24.5,1.7857142857142858,0.5,,,299.0,299,14,299,0,Stable,1,SMB,Enterprise,North America,Education,42,13
CUST_02458,26.8,3.2,1.0,,,49.0,49,5,49,0,Stable,1,Mid-market,Basic,Asia-Pacific,Education,480,4
CUST_02459,20.0,3.0,,,,299.0,299,1,299,0,Stable,1,SMB,Enterprise,North America,Technology,48,0
CUST_02460,66.06666666666666,8.133333333333333,0.6428571428571429,10.0,64.0,999.0,999,15,999,0,Stable,0,Enterprise,Enterprise,North America,Technology,1580,14
CUST_02461,74.80952380952381,7.714285714285714,0.5384615384615384,,,999.0,999,21,999,0,Stable,0,Enterprise,Enterprise,Europe,Healthcare,3581,20
CUST_02462,12.5,0.5,,,,29.0,29,2,29,0,Stable,1,SMB,Basic,Europe,E-commerce,24,1
CUST_02463,21.4,2.0,0.5,,,99.0,99,10,99,0,Stable,1,SMB,Pro,North America,Technology,36,9
CUST_02464,26.823529411764707,1.411764705882353,1.0,6.0,24.0,29.0,29,17,29,0,Stable,1,SMB,Basic,Europe,Education,23,16
CUST_02465,37.333333333333336,3.0,0.5,,,49.0,49,18,49,0,Stable,1,Mid-market,Basic,Europe,Education,317,17
CUST_02466,40.0,1.0,1.0,,,49.0,49,2,49,0,Stable,1,Mid-market,Basic,Asia-Pacific,Technology,471,1
CUST_02467,26.0,2.25,,,,49.0,49,4,49,0,Stable,1,Mid-market,Basic,North America,Education,146,3
CUST_02468,48.3,4.65,0.5714285714285714,7.5,22.0,499.0,499,20,499,0,Stable,0,Mid-market,Enterprise,North America,Finance,182,19
CUST_02469,68.15,7.75,0.75,,,999.0,999,20,999,0,Stable,0,Enterprise,Enterprise,Europe,E-commerce,781,19
CUST_02470,26.041666666666668,1.9166666666666667,0.5,,,29.0,29,24,29,0,Stable,1,SMB,Basic,Europe,Education,30,23
CUST_02471,21.5,1.0,1.0,,,99.0,99,2,99,0,Stable,1,SMB,Pro,Asia-Pacific,Retail,4,1
CUST_02472,20.8,2.1333333333333333,,4.0,10.0,29.0,29,15,29,0,Stable,1,SMB,Basic,North America,Technology,18,14
CUST_02473,22.8,1.8,0.5,,,29.0,29,5,29,0,Stable,1,SMB,Basic,North America,Healthcare,2,4
CUST_02474,25.416666666666668,2.25,1.0,,,99.0,99,12,99,0,Stable,1,SMB,Pro,Europe,Healthcare,34,11
CUST_02475,10.666666666666666,0.3333333333333333,,,,299.0,299,3,299,0,Stable,1,SMB,Enterprise,Europe,Education,14,2
CUST_02476,19.2,1.7,,5.5,10.0,99.0,99,10,99,0,Stable,1,SMB,Pro,North America,E-commerce,48,9
CUST_02477,38.357142857142854,3.9285714285714284,0.2,7.0,25.0,199.0,199,14,199,0,Stable,1,Mid-market,Pro,Asia-Pacific,E-commerce,494,13
CUST_02478,24.0,2.0,0.0,,,99.0,99,2,99,0,Stable,1,SMB,Pro,Latin America,Healthcare,39,1
CUST_02479,16.666666666666668,0.6666666666666666,,,,29.0,29,3,29,0,Stable,1,SMB,Basic,Latin America,Technology,4,2
CUST_02480,34.07142857142857,4.071428571428571,0.6666666666666666,,,199.0,199,14,199,0,Stable,1,Mid-market,Pro,North America,Finance,451,13
CUST_02481,17.5,1.0,,,,29.0,29,2,29,0,Stable,1,SMB,Basic,North America,E-commerce,4,1
CUST_02482,38.1,3.2,0.0,,,49.0,49,10,49,0,Stable,1,Mid-market,Basic,North America,E-commerce,134,9
CUST_02483,23.5,1.0,,,,199.0,199,2,199,0,Stable,1,Mid-market,Pro,North America,Education,232,1
CUST_02484,44.6,2.35,0.41666666666666663,,,199.0,199,20,199,0,Stable,1,Mid-market,Pro,North America,E-commerce,342,19
CUST_02485,41.0625,4.125,0.4166666666666667,,,199.0,199,16,199,0,Stable,1,Mid-market,Pro,Asia-Pacific,Education,493,15
CUST_02486,19.0,1.0,,,,29.0,29,1,29,0,Stable,1,SMB,Basic,Europe,Education,42,0
CUST_02487,24.583333333333332,1.5833333333333333,0.6,6.0,5.0,99.0,99,12,99,0,Stable,1,SMB,Pro,Europe,Healthcare,34,11
CUST_02488,7.0,0.5,1.0,,,29.0,29,2,29,0,Stable,1,SMB,Basic,Asia-Pacific,Healthcare,14,1
CUST_02489,43.13333333333333,3.7333333333333334,0.3333333333333333,,,49.0,49,15,49,0,Stable,1,Mid-market,Basic,North America,E-commerce,234,14
CUST_02490,43.4,3.4,0.75,,,49.0,49,10,49,0,Stable,1,Mid-market,Basic,Europe,Healthcare,206,9
CUST_02491,27.565217391304348,1.565217391304348,0.2222222222222222,,,29.0,29,23,29,0,Stable,1,SMB,Basic,North America,Healthcare,37,22
CUST_02492,17.4,1.8,0.0,,,99.0,99,5,99,0,Stable,1,SMB,Pro,North America,E-commerce,32,4
CUST_02493,28.4,2.0,0.0,6.0,9.0,99.0,99,10,99,0,Stable,1,SMB,Pro,Asia-Pacific,Finance,8,9
CUST_02494,13.5,2.5,,4.0,-28.0,199.0,199,2,199,0,Stable,1,Mid-market,Pro,Europe,Technology,131,1
CUST_02495,18.0,0.5,,,,29.0,29,2,29,0,Stable,1,SMB,Basic,Europe,Education,3,1
CUST_02496,17.6,1.2,0.0,,,29.0,29,5,29,0,Stable,1,SMB,Basic,Europe,Retail,17,4
CUST_02497,64.2,8.6,0.75,,,999.0,999,5,999,0,Stable,0,Enterprise,Enterprise,North America,Healthcare,2129,4
CUST_02498,36.142857142857146,2.5714285714285716,0.5,,,199.0,199,7,199,0,Stable,1,Mid-market,Pro,Europe,Retail,295,6
CUST_02499,22.8,1.7,0.0,,,29.0,29,10,29,0,Stable,1,SMB,Basic,Asia-Pacific,Retail,26,9
CUST_02500,71.8125,6.3125,0.7,,,299.0,299,16,299,0,Stable,0,Enterprise,Pro,North America,Technology,2546,15
CUST_02501,26.818181818181817,1.3636363636363635,0.5,,,29.0,29,22,29,0,Stable,1,SMB,Basic,Asia-Pacific,Finance,8,21
CUST_02502,14.0,1.6,1.0,,,29.0,29,5,29,0,Stable,1,SMB,Basic,North America,Education,10,4
CUST_02503,39.588235294117645,3.0,0.42857142857142855,,,49.0,49,17,49,0,Stable,1,Mid-market,Basic,Asia-Pacific,Finance,475,16
CUST_02504,34.5,2.75,0.0,8.0,20.0,199.0,199,4,199,0,Stable,1,Mid-market,Pro,North America,Finance,126,3
CUST_02505,24.8,1.4666666666666666,0.0,7.0,21.0,29.0,29,15,29,0,Stable,1,SMB,Basic,North America,Technology,33,14
CUST_02506,18.857142857142858,0.8571428571428571,,,,29.0,29,7,29,0,Stable,1,SMB,Basic,Latin America,Healthcare,31,6
CUST_02507,28.133333333333333,1.7333333333333334,0.0,7.0,12.5,99.0,99,15,99,0,Stable,1,SMB,Pro,Asia-Pacific,Finance,29,13
CUST_02508,22.85,2.1,0.0,,,99.0,99,20,99,0,Stable,1,SMB,Pro,North America,Retail,17,19
CUST_02509,24.083333333333332,1.7916666666666667,0.75,6.0,-6.0,29.0,29,24,29,0,Stable,1,SMB,Basic,North America,E-commerce,4,23
CUST_02510,30.0,3.3333333333333335,1.0,,,49.0,49,3,49,0,Stable,1,Mid-market,Basic,Latin America,E-commerce,294,2
CUST_02511,34.0,3.8,0.0,7.0,29.0,199.0,199,10,199,0,Stable,1,Mid-market,Pro,North America,Finance,117,9
CUST_02512,43.47826086956522,4.086956521739131,0.3888888888888889,,,199.0,199,23,199,0,Stable,1,Mid-market,Pro,Asia-Pacific,Education,269,22
CUST_02513,37.625,3.3125,0.0,6.0,10.0,49.0,49,16,49,0,Stable,1,Mid-market,Basic,North America,E-commerce,121,15
CUST_02514,22.666666666666668,1.3333333333333333,0.6666666666666666,,,99.0,99,6,99,0,Stable,1,SMB,Pro,Asia-Pacific,Healthcare,33,5
CUST_02515,24.727272727272727,2.0,0.4166666666666667,,,99.0,99,22,99,0,Stable,1,SMB,Pro,North America,Healthcare,40,21
CUST_02516,35.833333333333336,3.3333333333333335,,,,199.0,199,6,199,0,Stable,1,Mid-market,Pro,Europe,E-commerce,256,5
CUST_02517,22.181818181818183,1.7272727272727273,0.0,,,99.0,99,11,99,0,Stable,1,SMB,Pro,North America,Healthcare,49,10
CUST_02518,36.5,3.875,1.0,8.0,38.0,49.0,49,8,49,0,Stable,1,Mid-market,Basic,Europe,Retail,118,7
CUST_02519,20.6,1.4,0.0,6.0,4.0,29.0,29,5,29,0,Stable,1,SMB,Basic,Asia-Pacific,Healthcare,26,4
CUST_02520,16.0,1.0,0.0,,,29.0,29,2,29,0,Stable,1,SMB,Basic,North America,Healthcare,23,1
CUST_02521,23.523809523809526,2.2857142857142856,0.6666666666666666,,,29.0,29,21,29,0,Stable,1,SMB,Basic,Asia-Pacific,Technology,21,20
CUST_02522,16.0,2.0,,,,199.0,199,1,199,0,Stable,1,Mid-market,Pro,Europe,E-commerce,338,0
CUST_02523,16.666666666666668,1.5,0.0,,,29.0,29,6,29,0,Stable,1,SMB,Basic,North America,E-commerce,46,5
CUST_02524,23.4,1.6,0.5,,,29.0,29,10,29,0,Stable,1,SMB,Basic,Asia-Pacific,Education,5,9
CUST_02525,39.411764705882355,2.8823529411764706,0.4166666666666667,6.0,-9.0,199.0,199,17,199,0,Stable,1,Mid-market,Pro,Asia-Pacific,Technology,275,16
CUST_02526,19.0,2.1,0.3333333333333333,,,99.0,99,10,99,0,Stable,1,SMB,Pro,Europe,Finance,32,9
CUST_02527,21.2,2.1,1.0,7.0,18.0,299.0,299,20,299,0,Stable,1,SMB,Enterprise,Latin America,Education,17,19
CUST_02528,25.45,2.05,0.0,,,99.0,99,20,99,0,Stable,1,SMB,Pro,Europe,Healthcare,22,19
CUST_02529,25.31578947368421,1.4210526315789473,0.16666666666666666,,,29.0,29,19,29,0,Stable,1,SMB,Basic,North America,Technology,5,18
CUST_02530,29.0,3.3333333333333335,,,,199.0,199,3,199,0,Stable,1,Mid-market,Pro,North America,Technology,454,2
CUST_02531,16.0,1.6666666666666667,,,,29.0,29,3,29,0,Stable,1,SMB,Basic,North America,Retail,14,2
CUST_02532,27.2,1.4,1.0,,,199.0,199,5,199,0,Stable,1,Mid-market,Pro,North America,Finance,166,4
CUST_02533,66.33333333333333,7.333333333333333,0.8333333333333334,,,999.0,999,21,999,0,Stable,0,Enterprise,Enterprise,Asia-Pacific,Healthcare,4992,20
CUST_02534,12.5,0.5,,,,29.0,29,2,29,0,Stable,1,SMB,Basic,Europe,Technology,40,1
CUST_02535,36.42857142857143,3.4285714285714284,0.0,8.0,31.0,49.0,49,7,49,0,Stable,1,Mid-market,Basic,Asia-Pacific,E-commerce,265,6
CUST_02536,19.8,0.8,,,,29.0,29,5,29,0,Stable,1,SMB,Basic,Asia-Pacific,E-commerce,45,4
CUST_02537,24.571428571428573,1.6666666666666667,0.4,,,29.0,29,21,29,0,Stable,1,SMB,Basic,North America,Finance,36,20
CUST_02538,63.0,6.25,0.6428571428571429,,,999.0,999,16,999,0,Stable,0,Enterprise,Enterprise,Europe,E-commerce,2771,15
CUST_02539,25.708333333333332,1.2083333333333333,0.5,,,29.0,29,24,29,0,Stable,1,SMB,Basic,Latin America,Education,44,23
CUST_02540,15.5,2.0,,,,99.0,99,2,99,0,Stable,1,SMB,Pro,North America,Education,23,1
CUST_02541,24.9,1.8,,,,29.0,29,10,29,0,Stable,1,SMB,Basic,Europe,Education,28,9
CUST_02542,28.444444444444443,1.6666666666666667,1.0,,,29.0,29,18,29,0,Stable,1,SMB,Basic,Europe,Education,49,17
CUST_02543,24.0,1.0,1.0,,,29.0,29,5,29,0,Stable,1,SMB,Basic,Latin America,Retail,7,4
CUST_02544,25.894736842105264,1.368421052631579,,,,29.0,29,19,29,0,Stable,1,SMB,Basic,Asia-Pacific,Retail,7,18
CUST_02545,17.666666666666668,0.6666666666666666,,,,29.0,29,3,29,0,Stable,1,SMB,Basic,North America,E-commerce,15,2
CUST_02546,38.833333333333336,3.3333333333333335,1.0,7.0,27.5,199.0,199,18,199,0,Stable,1,Mid-market,Pro,North America,Technology,169,17
CUST_02547,19.833333333333332,0.8333333333333334,1.0,,,29.0,29,6,29,0,Stable,1,SMB,Basic,North America,Education,29,5
CUST_02548,24.142857142857142,1.5714285714285714,0.0,,,29.0,29,7,29,0,Stable,1,SMB,Basic,North America,E-commerce,33,6
CUST_02549,9.0,0.5,0.0,,,299.0,299,2,299,0,Stable,1,SMB,Enterprise,Europe,Finance,12,1
CUST_02550,26.0,1.2727272727272727,1.0,,,29.0,29,11,29,0,Stable,1,SMB,Basic,Europe,Education,46,10
CUST_02551,39.0,2.0,,,,499.0,499,1,499,0,Stable,1,Mid-market,Enterprise,North America,Retail,251,0
CUST_02552,22.0,2.142857142857143,1.0,6.0,10.0,299.0,299,7,299,0,Stable,1,SMB,Enterprise,North America,Healthcare,49,6
CUST_02553,19.333333333333332,1.2222222222222223,0.3333333333333333,7.5,32.0,99.0,99,9,99,0,Stable,1,SMB,Pro,Europe,Education,1,8
CUST_02554,25.0,0.8,0.0,,,29.0,29,5,29,0,Stable,1,SMB,Basic,Latin America,Finance,23,4
CUST_02555,22.0,1.0,,,,99.0,99,1,99,0,Stable,1,SMB,Pro,North America,Education,25,0
CUST_02556,41.705882352941174,3.588235294117647,0.5833333333333334,,,199.0,199,17,199,0,Stable,1,Mid-market,Pro,North America,E-commerce,417,16
CUST_02557,24.285714285714285,1.2857142857142858,0.0,7.0,4.0,29.0,29,7,29,0,Stable,1,SMB,Basic,Asia-Pacific,Retail,35,6
CUST_02558,25.142857142857142,0.8571428571428571,,,,29.0,29,7,29,0,Stable,1,SMB,Basic,Latin America,E-commerce,29,6
CUST_02559,28.0,3.75,0.16666666666666666,,,499.0,499,8,499,0,Stable,1,Mid-market,Enterprise,Europe,E-commerce,357,7
CUST_02560,20.333333333333332,1.3333333333333333,0.0,,,29.0,29,6,29,0,Stable,1,SMB,Basic,North America,Healthcare,17,5
CUST_02561,73.72727272727273,8.545454545454545,0.8809523809523808,9.0,43.0,999.0,999,22,999,0,Stable,0,Enterprise,Enterprise,North America,Education,2447,21
CUST_02562,21.333333333333332,1.6666666666666667,1.0,,,29.0,29,9,29,0,Stable,1,SMB,Basic,North America,Education,38,8
CUST_02563,42.27777777777778,2.888888888888889,0.875,,,49.0,49,18,49,0,Stable,1,Mid-market,Basic,North America,E-commerce,285,17
CUST_02564,24.391304347826086,1.608695652173913,0.0,,,29.0,29,23,29,0,Stable,1,SMB,Basic,North America,Finance,13,22
CUST_02565,43.666666666666664,3.9166666666666665,0.6,7.0,5.0,199.0,199,12,199,0,Stable,1,Mid-market,Pro,Europe,Education,184,11
CUST_02566,19.5,2.0,0.0,,,99.0,99,6,99,0,Stable,1,SMB,Pro,Europe,Education,15,5
CUST_02567,52.0,4.75,1.0,,,99.0,99,4,99,0,Stable,0,Enterprise,Basic,North America,Finance,3402,3
CUST_02568,12.333333333333334,0.3333333333333333,,8.0,43.0,299.0,299,3,299,0,Stable,1,SMB,Enterprise,Europe,Retail,22,2
CUST_02569,37.55555555555556,4.0,1.0,,,49.0,49,9,49,0,Stable,1,Mid-market,Basic,Asia-Pacific,Finance,114,8
CUST_02570,22.555555555555557,2.3333333333333335,0.0,,,99.0,99,9,99,0,Stable,1,SMB,Pro,North America,Technology,23,8
CUST_02571,23.714285714285715,1.5,0.25,5.333333333333333,9.0,99.0,99,14,99,0,Stable,1,SMB,Pro,North America,E-commerce,2,13
CUST_02572,23.9,2.0,0.0,,,29.0,29,10,29,0,Stable,1,SMB,Basic,Latin America,Healthcare,27,9
CUST_02573,21.8125,1.6875,0.0,7.0,46.0,29.0,29,16,29,0,Stable,1,SMB,Basic,Latin America,Education,19,15
CUST_02574,17.0,2.0,,,,299.0,299,3,299,0,Stable,1,SMB,Enterprise,North America,Technology,39,2
CUST_02575,10.0,3.0,,,,99.0,99,1,99,0,Stable,1,SMB,Pro,North America,Technology,22,0
CUST_02576,40.61904761904762,3.1904761904761907,0.8,,,199.0,199,21,199,0,Stable,1,Mid-market,Pro,Europe,Retail,230,20
CUST_02577,31.4,2.8,,8.0,32.0,49.0,49,5,49,0,Stable,1,Mid-market,Basic,North America,Finance,324,4
CUST_02578,21.0,1.25,0.0,,,299.0,299,8,299,0,Stable,1,SMB,Enterprise,Asia-Pacific,E-commerce,18,7
CUST_02579,22.4,2.2,0.0,,,29.0,29,5,29,0,Stable,1,SMB,Basic,North America,Healthcare,44,4
CUST_02580,25.727272727272727,2.3181818181818183,0.42857142857142855,7.0,27.0,29.0,29,22,29,0,Stable,1,SMB,Basic,Asia-Pacific,Retail,1,21
CUST_02581,28.0,1.7692307692307692,0.3333333333333333,,,29.0,29,13,29,0,Stable,1,SMB,Basic,Asia-Pacific,Retail,37,12
CUST_02582,45.75,3.0,0.6666666666666666,,,499.0,499,20,499,0,Stable,0,Mid-market,Enterprise,Europe,Healthcare,369,19
CUST_02583,34.857142857142854,3.142857142857143,1.0,,,199.0,199,7,199,0,Stable,1,Mid-market,Pro,North America,Retail,471,6
CUST_02584,41.526315789473685,3.526315789473684,0.16666666666666666,9.0,60.0,49.0,49,19,49,0,Stable,1,Mid-market,Basic,Europe,Finance,428,18
CUST_02585,28.4,1.2,1.0,,,29.0,29,5,29,0,Stable,1,SMB,Basic,Asia-Pacific,Education,39,4
CUST_02586,22.0,3.0,0.5,,,49.0,49,4,49,0,Stable,1,Mid-market,Basic,North America,Technology,341,3
CUST_02587,41.666666666666664,6.333333333333333,0.25,,,999.0,999,3,999,0,Stable,0,Enterprise,Enterprise,Asia-Pacific,Technology,1657,2
CUST_02588,25.636363636363637,1.1818181818181819,1.0,,,29.0,29,11,29,0,Stable,1,SMB,Basic,Europe,Finance,49,10
CUST_02589,23.3,1.2,,,,29.0,29,10,29,0,Stable,1,SMB,Basic,North America,Technology,3,9
CUST_02590,17.333333333333332,0.0,,,,29.0,29,3,29,0,Stable,1,SMB,Basic,North America,Technology,28,2
CUST_02591,42.25,3.375,0.5,,,49.0,49,16,49,0,Stable,1,Mid-market,Basic,North America,Healthcare,99,15
CUST_02592,33.6,3.0,,,,199.0,199,5,199,0,Stable,1,Mid-market,Pro,North America,Education,69,4
CUST_02593,63.166666666666664,7.277777777777778,1.0,,,999.0,999,18,999,0,Stable,0,Enterprise,Enterprise,Latin America,Finance,2396,17
CUST_02594,71.47368421052632,6.7368421052631575,0.7777777777777778,,,99.0,99,19,99,0,Stable,0,Enterprise,Basic,North America,Finance,4277,18
CUST_02595,14.8,2.0,0.0,,,99.0,99,5,99,0,Stable,1,SMB,Pro,Europe,Finance,38,4
CUST_02596,41.869565217391305,4.0,0.5,,,499.0,499,23,499,0,Stable,0,Mid-market,Enterprise,North America,Retail,398,22
CUST_02597,22.75,1.875,0.25,,,29.0,29,8,29,0,Stable,1,SMB,Basic,Europe,Technology,9,7
CUST_02598,27.95,2.65,0.5,7.0,22.0,299.0,299,20,299,0,Stable,1,SMB,Enterprise,Latin America,Healthcare,7,19
CUST_02599,24.0,1.9230769230769231,0.0,,,29.0,29,13,29,0,Stable,1,SMB,Basic,North America,Retail,18,12
CUST_02600,10.0,0.0,0.0,,,99.0,99,1,99,0,Stable,1,SMB,Pro,Asia-Pacific,Finance,26,0
CUST_02601,39.0,4.2272727272727275,0.75,9.0,48.0,199.0,199,22,199,0,Stable,0,Mid-market,Pro,Latin America,Retail,452,21
CUST_02602,23.416666666666668,2.0,0.0,6.0,4.0,29.0,29,12,29,0,Stable,1,SMB,Basic,North America,Finance,7,11
CUST_02603,38.875,4.125,0.25,5.0,-2.0,199.0,199,8,199,0,Stable,1,Mid-market,Pro,Latin America,Technology,426,7
CUST_02604,37.4,2.2,1.0,,,499.0,499,5,499,0,Stable,1,Mid-market,Enterprise,North America,Healthcare,406,4
CUST_02605,22.583333333333332,1.1666666666666667,0.0,,,29.0,29,24,29,0,Stable,1,SMB,Basic,Europe,Technology,6,23
CUST_02606,25.5,1.5,0.0,5.0,-5.0,29.0,29,16,29,0,Stable,1,SMB,Basic,Europe,Retail,40,15
CUST_02607,27.666666666666668,1.7083333333333333,0.619047619047619,8.0,23.0,29.0,29,24,29,0,Stable,1,SMB,Basic,Europe,Finance,31,23
CUST_02608,23.0,1.0,,,,29.0,29,5,29,0,Stable,1,SMB,Basic,Asia-Pacific,Healthcare,24,4
CUST_02609,25.5,1.375,,,,99.0,99,8,99,0,Stable,1,SMB,Pro,Europe,Finance,13,7
CUST_02610,22.73913043478261,1.826086956521739,0.3333333333333333,,,29.0,29,23,29,0,Stable,1,SMB,Basic,North America,Retail,26,22
CUST_02611,21.11111111111111,2.0,0.0,,,99.0,99,9,99,0,Stable,1,SMB,Pro,Europe,E-commerce,28,8
CUST_02612,75.04347826086956,7.565217391304348,0.7857142857142857,,,999.0,999,23,999,0,Stable,0,Enterprise,Enterprise,North America,Healthcare,2995,22
CUST_02613,23.5,1.75,1.0,,,29.0,29,8,29,0,Stable,1,SMB,Basic,North America,Retail,15,7
CUST_02614,27.11764705882353,1.588235294117647,0.375,8.0,31.0,99.0,99,17,99,0,Stable,1,SMB,Pro,North America,Retail,49,16
CUST_02615,22.727272727272727,2.3636363636363638,1.0,4.0,-17.0,29.0,29,11,29,0,Stable,1,SMB,Basic,Europe,Healthcare,30,10
CUST_02616,20.375,0.875,1.0,,,99.0,99,8,99,0,Stable,1,SMB,Pro,North America,Technology,9,7
CUST_02617,45.26086956521739,3.4782608695652173,0.4583333333333333,,,49.0,49,23,49,0,Stable,1,Mid-market,Basic,Europe,Technology,229,22
CUST_02618,39.42857142857143,2.857142857142857,0.2,,,199.0,199,7,199,0,Stable,1,Mid-market,Pro,North America,Education,59,6
CUST_02619,66.25,6.4,0.75,,,99.0,99,20,99,0,Stable,0,Enterprise,Basic,North America,Healthcare,3755,19
CUST_02620,18.0,0.6666666666666666,,,,29.0,29,3,29,0,Stable,1,SMB,Basic,North America,Education,34,2
CUST_02621,20.571428571428573,1.4285714285714286,0.0,,,29.0,29,7,29,0,Stable,1,SMB,Basic,North America,Retail,36,6
CUST_02622,48.2,6.4,,,,299.0,299,5,299,0,Stable,0,Enterprise,Pro,North America,Healthcare,4465,4
CUST_02623,26.125,2.0833333333333335,0.6666666666666666,9.0,31.0,29.0,29,24,29,0,Stable,1,SMB,Basic,Europe,E-commerce,16,23
CUST_02624,9.75,1.0,,,,29.0,29,4,29,0,Stable,1,SMB,Basic,North America,Healthcare,38,3
CUST_02625,39.40909090909091,3.6363636363636362,0.4,9.0,43.5,49.0,49,22,49,0,Stable,1,Mid-market,Basic,North America,Technology,421,21
CUST_02626,37.8125,2.6875,0.8,,,49.0,49,16,49,0,Stable,1,Mid-market,Basic,Asia-Pacific,Technology,80,15
CUST_02627,30.75,5.0,1.0,,,99.0,99,4,99,0,Stable,1,Enterprise,Basic,Europe,Finance,1519,3
CUST_02628,44.0,3.0,,,,299.0,299,1,299,0,Stable,1,Enterprise,Pro,Latin America,Technology,3479,0
CUST_02629,23.25,1.75,1.0,,,99.0,99,4,99,0,Stable,1,SMB,Pro,North America,Healthcare,26,3
CUST_02630,17.0,0.0,,,,29.0,29,1,29,0,Stable,1,SMB,Basic,Asia-Pacific,E-commerce,13,0
CUST_02631,26.954545454545453,1.5,0.75,,,29.0,29,22,29,0,Stable,1,SMB,Basic,Latin America,Technology,3,21
CUST_02632,35.333333333333336,2.6666666666666665,0.5833333333333334,,,49.0,49,12,49,0,Stable,1,Mid-market,Basic,North America,Retail,418,11
CUST_02633,40.92857142857143,3.9285714285714284,0.6,,,49.0,49,14,49,0,Stable,1,Mid-market,Basic,Europe,Finance,202,13
CUST_02634,41.142857142857146,3.7142857142857144,0.6,,,499.0,499,14,499,0,Stable,1,Mid-market,Enterprise,Europe,E-commerce,53,13
CUST_02635,74.6470588235294,7.823529411764706,0.9,8.0,15.0,999.0,999,17,999,0,Stable,0,Enterprise,Enterprise,Asia-Pacific,Finance,1736,16
CUST_02636,25.5,0.75,0.0,5.0,7.0,29.0,29,4,29,0,Stable,1,SMB,Basic,North America,Technology,2,3
CUST_02637,25.35,1.0,0.375,,,99.0,99,20,99,0,Stable,1,SMB,Pro,North America,Retail,11,19
CUST_02638,79.27272727272727,7.545454545454546,0.875,9.0,41.0,299.0,299,22,299,0,Stable,0,Enterprise,Pro,North America,Technology,3638,21
CUST_02639,21.5,1.7,0.0,,,29.0,29,10,29,0,Stable,1,SMB,Basic,Europe,E-commerce,45,9
CUST_02640,42.72727272727273,3.727272727272727,0.75,7.0,48.0,49.0,49,11,49,0,Stable,1,Mid-market,Basic,Europe,Retail,171,10
CUST_02641,66.04545454545455,7.045454545454546,0.6666666666666666,7.0,4.0,299.0,299,22,299,0,Stable,0,Enterprise,Pro,North America,Technology,3006,21
CUST_02642,22.529411764705884,2.3529411764705883,0.5,,,99.0,99,17,99,0,Stable,1,SMB,Pro,Europe,Education,3,16
CUST_02643,23.3125,1.5625,0.0,,,29.0,29,16,29,0,Stable,1,SMB,Basic,Europe,Education,30,15
CUST_02644,27.0,2.1363636363636362,0.8,7.0,9.0,99.0,99,22,99,0,Stable,1,SMB,Pro,North America,Education,15,21
CUST_02645,39.285714285714285,3.1904761904761907,0.25925925925925924,,,49.0,49,21,49,0,Stable,1,Mid-market,Basic,Latin America,Technology,145,20
CUST_02646,23.25,1.375,0.0,,,29.0,29,8,29,0,Stable,1,SMB,Basic,Latin America,Education,20,7
CUST_02647,67.8,6.6,1.0,,,999.0,999,5,999,0,Stable,0,Enterprise,Enterprise,North America,E-commerce,3747,4
CUST_02648,23.2,0.9,1.0,,,29.0,29,10,29,0,Stable,1,SMB,Basic,North America,Technology,18,9
CUST_02649,24.63157894736842,1.736842105263158,0.0,,,29.0,29,19,29,0,Stable,1,SMB,Basic,North America,Retail,6,18
CUST_02650,61.23076923076923,7.6923076923076925,0.7857142857142857,,,299.0,299,13,299,0,Stable,0,Enterprise,Pro,North America,Technology,4445,12
CUST_02651,21.4,1.6,,,,29.0,29,5,29,0,Stable,1,SMB,Basic,Latin America,Healthcare,48,4
CUST_02652,36.3,2.6,1.0,,,49.0,49,10,49,0,Stable,1,Mid-market,Basic,North America,Technology,248,9
CUST_02653,60.526315789473685,8.0,0.7142857142857143,7.0,-6.0,999.0,999,19,999,0,Stable,0,Enterprise,Enterprise,Europe,Retail,3291,18
CUST_02654,38.0,3.2,0.8,,,199.0,199,15,199,0,Stable,1,Mid-market,Pro,North America,Education,424,14
CUST_02655,19.0,1.5,,,,29.0,29,4,29,0,Stable,1,SMB,Basic,Latin America,Retail,44,3
CUST_02656,38.0,3.3684210526315788,0.375,,,49.0,49,19,49,0,Stable,1,Mid-market,Basic,Asia-Pacific,E-commerce,146,18
CUST_02657,77.35714285714286,7.428571428571429,0.875,,,999.0,999,14,999,0,Stable,0,Enterprise,Enterprise,Europe,Finance,824,13
CUST_02658,25.5,4.5,,,,499.0,499,2,499,0,Stable,1,Mid-market,Enterprise,Asia-Pacific,Education,364,1
CUST_02659,60.6,4.8,0.5,8.0,19.0,999.0,999,5,999,0,Stable,0,Enterprise,Enterprise,North America,Finance,4813,4
CUST_02660,33.714285714285715,4.428571428571429,0.6,,,199.0,199,7,199,0,Stable,1,Mid-market,Pro,Latin America,Retail,185,6
CUST_02661,19.8,2.4,,,,299.0,299,5,299,0,Stable,1,SMB,Enterprise,Europe,Healthcare,22,4
CUST_02662,44.63636363636363,3.090909090909091,1.0,,,199.0,199,11,199,0,Stable,1,Mid-market,Pro,Asia-Pacific,Technology,332,10
CUST_02663,36.875,3.0,1.0,,,49.0,49,8,49,0,Stable,1,Mid-market,Basic,Asia-Pacific,Finance,192,7
CUST_02664,20.727272727272727,1.3636363636363635,0.3333333333333333,,,99.0,99,11,99,0,Stable,1,SMB,Pro,North America,Education,43,10
CUST_02665,37.26315789473684,3.1578947368421053,0.8571428571428571,,,49.0,49,19,49,0,Stable,1,Mid-market,Basic,North America,E-commerce,209,18
CUST_02666,60.1764705882353,7.294117647058823,0.8571428571428571,,,299.0,299,17,299,0,Stable,0,Enterprise,Pro,North America,Healthcare,4438,16
CUST_02667,43.64705882352941,3.2941176470588234,0.5,8.0,13.0,199.0,199,17,199,0,Stable,1,Mid-market,Pro,North America,Retail,189,16
CUST_02668,13.666666666666666,0.3333333333333333,,,,29.0,29,3,29,0,Stable,1,SMB,Basic,Europe,E-commerce,31,2
CUST_02669,11.0,0.6666666666666666,,,,29.0,29,3,29,0,Stable,1,SMB,Basic,North America,Retail,25,2
CUST_02670,38.1578947368421,3.3157894736842106,0.5714285714285714,,,199.0,199,19,199,0,Stable,1,Mid-market,Pro,Asia-Pacific,Healthcare,144,18
CUST_02671,21.785714285714285,1.5,0.6666666666666666,5.0,6.0,99.0,99,14,99,0,Stable,1,SMB,Pro,North America,Education,46,13
CUST_02672,21.363636363636363,1.1818181818181819,0.0,,,29.0,29,11,29,0,Stable,1,SMB,Basic,North America,E-commerce,41,10
CUST_02673,67.4375,6.4375,0.875,,,99.0,99,16,99,0,Stable,0,Enterprise,Basic,Latin America,Retail,2056,15
CUST_02674,40.35,3.6,0.6666666666666666,9.0,28.0,49.0,49,20,49,0,Stable,1,Mid-market,Basic,North America,Retail,373,19
CUST_02675,26.31578947368421,2.473684210526316,0.4,6.0,-1.0,99.0,99,19,99,0,Stable,1,SMB,Pro,Latin America,Technology,39,18
CUST_02676,21.0,0.8333333333333334,1.0,,,99.0,99,6,99,0,Stable,1,SMB,Pro,Asia-Pacific,Healthcare,21,5
CUST_02677,30.294117647058822,1.5294117647058822,0.0,,,29.0,29,17,29,0,Stable,1,SMB,Basic,Latin America,Healthcare,28,16
CUST_02678,12.833333333333334,0.8333333333333334,1.0,,,99.0,99,6,99,0,Stable,1,SMB,Pro,North America,Technology,10,5
CUST_02679,40.111111111111114,2.111111111111111,0.0,,,49.0,49,9,49,0,Stable,1,Mid-market,Basic,North America,Education,429,8
CUST_02680,21.428571428571427,0.8571428571428571,1.0,,,99.0,99,7,99,0,Stable,1,SMB,Pro,North America,Education,42,6
CUST_02681,69.25,6.916666666666667,0.8333333333333334,,,999.0,999,12,999,0,Stable,0,Enterprise,Enterprise,Asia-Pacific,Finance,2341,11
CUST_02682,17.142857142857142,2.2857142857142856,,7.0,10.0,99.0,99,7,99,0,Stable,1,SMB,Pro,Latin America,Technology,30,6
CUST_02683,21.0,0.5714285714285714,,,,29.0,29,7,29,0,Stable,1,SMB,Basic,Latin America,Healthcare,2,6
CUST_02684,28.82608695652174,1.7826086956521738,0.6,,,99.0,99,23,99,0,Stable,1,SMB,Pro,North America,Retail,41,22
CUST_02685,21.875,2.25,0.0,,,29.0,29,8,29,0,Stable,1,SMB,Basic,Europe,Finance,28,7
CUST_02686,14.0,0.0,,,,29.0,29,1,29,0,Stable,1,SMB,Basic,North America,E-commerce,44,0
CUST_02687,19.0,1.5,1.0,,,29.0,29,4,29,0,Stable,1,SMB,Basic,Latin America,Education,44,3
CUST_02688,29.1875,2.25,0.3333333333333333,,,99.0,99,16,99,0,Stable,1,SMB,Pro,Asia-Pacific,Healthcare,12,15
CUST_02689,26.0625,1.5,0.0,,,299.0,299,16,299,0,Stable,1,SMB,Enterprise,Asia-Pacific,E-commerce,24,15
CUST_02690,23.875,2.125,0.0,,,99.0,99,8,99,0,Stable,1,SMB,Pro,North America,E-commerce,1,7
CUST_02691,66.73333333333333,7.933333333333334,0.5,10.0,55.0,299.0,299,15,299,0,Stable,0,Enterprise,Pro,North America,Healthcare,2865,14
CUST_02692,23.833333333333332,1.5555555555555556,1.0,7.0,17.0,29.0,29,18,29,0,Stable,1,SMB,Basic,Europe,Healthcare,29,17
CUST_02693,72.71428571428571,6.0,0.875,,,299.0,299,7,299,0,Stable,0,Enterprise,Pro,Latin America,Retail,786,6
CUST_02694,21.666666666666668,2.0,1.0,,,49.0,49,3,49,0,Stable,1,Mid-market,Basic,Latin America,Retail,233,2
CUST_02695,42.34782608695652,3.739130434782609,0.5714285714285714,7.0,26.0,499.0,499,23,499,0,Stable,0,Mid-market,Enterprise,Europe,Education,445,22
CUST_02696,22.533333333333335,2.2,0.625,,,29.0,29,15,29,0,Stable,1,SMB,Basic,North America,Education,39,14
CUST_02697,23.076923076923077,1.8461538461538463,0.0,,,99.0,99,13,99,0,Stable,1,SMB,Pro,Europe,Education,7,12
CUST_02698,13.333333333333334,0.6666666666666666,,,,29.0,29,3,29,0,Stable,1,SMB,Basic,Latin America,Education,9,2
CUST_02699,22.0,0.5,1.0,,,29.0,29,2,29,0,Stable,1,SMB,Basic,Asia-Pacific,Education,16,1
CUST_02700,23.333333333333332,1.5555555555555556,,4.0,-30.0,29.0,29,18,29,0,Stable,1,SMB,Basic,Europe,Healthcare,15,17
CUST_02701,41.54545454545455,3.590909090909091,0.4,,,199.0,199,22,199,0,Stable,1,Mid-market,Pro,North America,Technology,495,21
CUST_02702,23.25,1.9166666666666667,0.6666666666666666,,,29.0,29,24,29,0,Stable,1,SMB,Basic,Asia-Pacific,Retail,28,23
CUST_02703,23.0,1.8,0.25,,,29.0,29,5,29,0,Stable,1,SMB,Basic,Europe,Finance,24,4
CUST_02704,43.166666666666664,4.375,0.8,,,199.0,199,24,199,0,Stable,1,Mid-market,Pro,Latin America,Healthcare,56,23
CUST_02705,23.666666666666668,1.8666666666666667,0.0,,,29.0,29,15,29,0,Stable,1,SMB,Basic,Europe,Technology,44,14
CUST_02706,24.77777777777778,1.0,0.3333333333333333,,,29.0,29,9,29,0,Stable,1,SMB,Basic,Latin America,Finance,14,8
CUST_02707,22.5,1.4444444444444444,0.6666666666666666,,,29.0,29,18,29,0,Stable,1,SMB,Basic,Asia-Pacific,Retail,22,17
CUST_02708,26.5,1.5,0.0,,,29.0,29,6,29,0,Stable,1,SMB,Basic,Europe,E-commerce,26,5
CUST_02709,71.25,7.35,0.7,,,999.0,999,20,999,0,Stable,0,Enterprise,Enterprise,Europe,Healthcare,1144,19
CUST_02710,18.666666666666668,1.0,1.0,,,29.0,29,3,29,0,Stable,1,SMB,Basic,Europe,Finance,8,2
CUST_02711,67.89473684210526,8.473684210526315,0.8888888888888888,6.0,4.0,999.0,999,19,999,0,Stable,0,Enterprise,Enterprise,Asia-Pacific,Retail,2881,18
CUST_02712,22.80952380952381,2.142857142857143,0.25,8.0,39.0,29.0,29,21,29,0,Stable,1,SMB,Basic,North America,E-commerce,31,20
CUST_02713,28.266666666666666,2.066666666666667,0.0,,,99.0,99,15,99,0,Stable,1,SMB,Pro,Latin America,Finance,11,14
CUST_02714,27.833333333333332,1.6666666666666667,0.5,,,99.0,99,6,99,0,Stable,1,SMB,Pro,Europe,Technology,23,5
CUST_02715,70.70588235294117,7.117647058823529,1.0,,,999.0,999,17,999,0,Stable,0,Enterprise,Enterprise,North America,Healthcare,3217,16
CUST_02716,24.75,0.0,,,,29.0,29,4,29,0,Stable,1,SMB,Basic,Asia-Pacific,Healthcare,18,3
CUST_02717,19.076923076923077,1.3076923076923077,0.0,,,99.0,99,13,99,0,Stable,1,SMB,Pro,North America,Finance,36,12
CUST_02718,38.0,1.0,,,,999.0,999,1,999,0,Stable,1,Enterprise,Enterprise,North America,E-commerce,3521,0
CUST_02719,23.761904761904763,1.8095238095238095,0.5,6.0,7.0,29.0,29,21,29,0,Stable,1,SMB,Basic,North America,Healthcare,17,20
CUST_02720,24.36842105263158,1.5789473684210527,0.5,7.0,1.0,99.0,99,19,99,0,Stable,1,SMB,Pro,North America,E-commerce,43,18
CUST_02721,23.90909090909091,1.4545454545454546,0.0,,,29.0,29,11,29,0,Stable,1,SMB,Basic,North America,Technology,44,10
CUST_02722,81.0,3.0,,,,299.0,299,1,299,0,Stable,0,Enterprise,Pro,North America,Healthcare,2403,0
CUST_02723,23.77777777777778,1.5555555555555556,0.6666666666666666,,,29.0,29,9,29,0,Stable,1,SMB,Basic,North America,Technology,1,8
CUST_02724,24.272727272727273,1.2727272727272727,,,,99.0,99,11,99,0,Stable,1,SMB,Pro,Europe,Retail,41,10
CUST_02725,64.41176470588235,7.823529411764706,0.8888888888888888,,,999.0,999,17,999,0,Stable,0,Enterprise,Enterprise,Latin America,E-commerce,4315,16
CUST_02726,23.533333333333335,2.4,0.5,8.0,55.0,99.0,99,15,99,0,Stable,1,SMB,Pro,Europe,Finance,4,14
CUST_02727,43.1578947368421,4.2105263157894735,0.6,7.0,17.0,499.0,499,19,499,0,Stable,0,Mid-market,Enterprise,North America,Healthcare,254,18
CUST_02728,25.833333333333332,1.7916666666666667,0.4,6.5,14.5,29.0,29,24,29,0,Stable,1,SMB,Basic,Asia-Pacific,Retail,35,23
CUST_02729,7.5,1.0,,,,29.0,29,2,29,0,Stable,1,SMB,Basic,North America,E-commerce,33,1
CUST_02730,31.125,3.25,1.0,,,49.0,49,8,49,0,Stable,1,Mid-market,Basic,Asia-Pacific,Retail,290,7
CUST_02731,30.88235294117647,1.6470588235294117,1.0,6.0,-18.0,29.0,29,17,29,0,Stable,1,SMB,Basic,North America,Technology,15,16
CUST_02732,25.454545454545453,1.9090909090909092,,,,29.0,29,11,29,0,Stable,1,SMB,Basic,Latin America,E-commerce,2,10
CUST_02733,18.285714285714285,1.8571428571428572,0.0,,,29.0,29,7,29,0,Stable,1,SMB,Basic,Asia-Pacific,Education,31,6
CUST_02734,23.357142857142858,2.0714285714285716,1.0,7.0,9.0,29.0,29,14,29,0,Stable,1,SMB,Basic,North America,E-commerce,8,13
CUST_02735,9.5,1.5,,,,29.0,29,2,29,0,Stable,1,SMB,Basic,Asia-Pacific,E-commerce,31,1
CUST_02736,24.1,1.7,,,,29.0,29,10,29,0,Stable,1,SMB,Basic,Latin America,Finance,32,9
CUST_02737,25.545454545454547,2.3636363636363638,0.0,,,29.0,29,11,29,0,Stable,1,SMB,Basic,North America,Education,47,10
CUST_02738,21.2,1.5,1.0,6.0,6.0,29.0,29,10,29,0,Stable,1,SMB,Basic,Latin America,E-commerce,36,9
CUST_02739,48.0,3.5,0.3333333333333333,,,199.0,199,16,199,0,Stable,1,Mid-market,Pro,Latin America,Retail,98,15
CUST_02740,38.6,4.4,0.75,,,499.0,499,10,499,0,Stable,0,Mid-market,Enterprise,Asia-Pacific,Retail,137,9
CUST_02741,19.076923076923077,1.6153846153846154,0.375,,,299.0,299,13,299,0,Stable,1,SMB,Enterprise,North America,Retail,7,12
CUST_02742,26.0,0.0,,,,499.0,499,1,499,0,Stable,1,Mid-market,Enterprise,North America,Finance,484,0
CUST_02743,67.44444444444444,7.611111111111111,0.7,,,999.0,999,18,999,0,Stable,0,Enterprise,Enterprise,Latin America,Healthcare,712,17
CUST_02744,21.75,1.125,1.0,,,29.0,29,8,29,0,Stable,1,SMB,Basic,Europe,Healthcare,36,7
CUST_02745,36.5,3.2,0.0,,,499.0,499,10,499,0,Stable,1,Mid-market,Enterprise,Latin America,Technology,296,9
CUST_02746,40.69230769230769,2.923076923076923,0.0,,,199.0,199,13,199,0,Stable,1,Mid-market,Pro,Latin America,Technology,177,12
CUST_02747,14.0,0.5,,,,29.0,29,2,29,0,Stable,1,SMB,Basic,Europe,Finance,38,1
CUST_02748,31.153846153846153,1.6923076923076923,0.25,8.0,23.0,29.0,29,13,29,0,Stable,1,SMB,Basic,North America,Healthcare,40,12
CUST_02749,19.77777777777778,1.6666666666666667,0.3333333333333333,,,29.0,29,9,29,0,Stable,1,SMB,Basic,Asia-Pacific,E-commerce,8,8
CUST_02750,47.041666666666664,3.6666666666666665,0.625,6.0,21.0,49.0,49,24,49,0,Stable,1,Mid-market,Basic,North America,Retail,261,23
CUST_02751,28.90909090909091,1.5454545454545454,0.3333333333333333,,,29.0,29,22,29,0,Stable,1,SMB,Basic,North America,E-commerce,16,21
CUST_02752,17.09090909090909,2.090909090909091,1.0,,,29.0,29,11,29,0,Stable,1,SMB,Basic,North America,Healthcare,18,10
CUST_02753,22.833333333333332,1.0,0.0,,,29.0,29,6,29,0,Stable,1,SMB,Basic,Europe,Technology,29,5
CUST_02754,17.1,1.1,0.6666666666666666,,,29.0,29,10,29,0,Stable,1,SMB,Basic,North America,Retail,40,9
CUST_02755,40.81818181818182,3.409090909090909,0.5,7.0,17.0,49.0,49,22,49,0,Stable,1,Mid-market,Basic,North America,Education,118,21
CUST_02756,22.333333333333332,1.5,1.0,,,29.0,29,12,29,0,Stable,1,SMB,Basic,Europe,Finance,48,11
CUST_02757,17.0,0.0,,,,29.0,29,3,29,0,Stable,1,SMB,Basic,Europe,Technology,38,2
CUST_02758,23.7,1.5,0.3333333333333333,6.0,24.0,29.0,29,10,29,0,Stable,1,SMB,Basic,Asia-Pacific,Education,14,9
CUST_02759,25.25,3.0,0.5,,,49.0,49,4,49,0,Stable,1,Mid-market,Basic,Latin America,Technology,152,3
CUST_02760,42.78260869565217,3.260869565217391,0.8125,,,199.0,199,23,199,0,Stable,1,Mid-market,Pro,Latin America,Retail,108,22
CUST_02761,28.764705882352942,1.2352941176470589,0.0,,,29.0,29,17,29,0,Stable,1,SMB,Basic,Asia-Pacific,Finance,18,16
CUST_02762,15.666666666666666,1.6666666666666667,,,,299.0,299,3,299,0,Stable,1,SMB,Enterprise,Europe,Technology,49,2
CUST_02763,67.27272727272727,7.454545454545454,0.8888888888888888,,,999.0,999,22,999,0,Stable,0,Enterprise,Enterprise,North America,Education,4722,21
CUST_02764,16.0,2.0,,,,49.0,49,1,49,0,Stable,1,Mid-market,Basic,North America,Finance,138,0
CUST_02765,13.4,1.2,1.0,,,29.0,29,5,29,0,Stable,1,SMB,Basic,Latin America,Education,40,4
CUST_02766,13.25,0.25,,,,29.0,29,4,29,0,Stable,1,SMB,Basic,Asia-Pacific,Healthcare,5,3
CUST_02767,11.666666666666666,0.0,,,,99.0,99,3,99,0,Stable,1,SMB,Pro,Asia-Pacific,E-commerce,4,2
CUST_02768,43.0,3.95,0.42857142857142855,7.0,22.0,49.0,49,20,49,0,Stable,1,Mid-market,Basic,Europe,E-commerce,110,19
CUST_02769,36.15384615384615,2.4615384615384617,0.0,,,49.0,49,13,49,0,Stable,1,Mid-market,Basic,Asia-Pacific,Healthcare,353,12
CUST_02770,15.0,2.0,,,,299.0,299,1,299,0,Stable,1,SMB,Enterprise,Asia-Pacific,Retail,7,0
CUST_02771,10.5,0.0,,,,29.0,29,2,29,0,Stable,1,SMB,Basic,North America,Finance,28,1
CUST_02772,19.22222222222222,1.6666666666666667,0.0,,,99.0,99,9,99,0,Stable,1,SMB,Pro,Latin America,Education,26,8
CUST_02773,23.46153846153846,2.1538461538461537,0.0,,,99.0,99,13,99,0,Stable,1,SMB,Pro,Europe,E-commerce,3,12
CUST_02774,20.666666666666668,1.6666666666666667,1.0,,,99.0,99,6,99,0,Stable,1,SMB,Pro,North America,E-commerce,23,5
CUST_02775,27.863636363636363,2.1818181818181817,0.0,,,299.0,299,22,299,0,Stable,1,SMB,Enterprise,Latin America,Finance,42,21
CUST_02776,16.666666666666668,1.6666666666666667,,,,49.0,49,3,49,0,Stable,1,Mid-market,Basic,Europe,Retail,60,2
CUST_02777,47.0,8.8,1.0,,,999.0,999,5,999,0,Stable,0,Enterprise,Enterprise,Asia-Pacific,Technology,2680,4
CUST_02778,26.166666666666668,1.8333333333333333,0.5,,,29.0,29,18,29,0,Stable,1,SMB,Basic,North America,Technology,23,17
CUST_02779,21.0,1.8,0.3333333333333333,,,29.0,29,10,29,0,Stable,1,SMB,Basic,Europe,Retail,5,9
CUST_02780,20.818181818181817,1.7272727272727273,1.0,6.0,26.0,29.0,29,11,29,0,Stable,1,SMB,Basic,Asia-Pacific,Retail,5,10
CUST_02781,27.933333333333334,2.533333333333333,0.0,,,29.0,29,15,29,0,Stable,1,SMB,Basic,Europe,Retail,25,14
CUST_02782,14.8,1.4,0.0,,,29.0,29,5,29,0,Stable,1,SMB,Basic,North America,Education,20,4
CUST_02783,43.25,7.5,0.5,,,99.0,99,4,99,0,Stable,0,Enterprise,Basic,North America,Retail,532,3
CUST_02784,11.666666666666666,1.0,,,,99.0,99,3,99,0,Stable,1,SMB,Pro,Asia-Pacific,Finance,17,2
CUST_02785,34.5,2.8333333333333335,1.0,,,49.0,49,6,49,0,Stable,1,Mid-market,Basic,Europe,Education,165,5
CUST_02786,47.5,2.75,0.6666666666666666,,,499.0,499,12,499,0,Stable,1,Mid-market,Enterprise,North America,Healthcare,369,11
CUST_02787,19.0,2.1,,,,29.0,29,10,29,0,Stable,1,SMB,Basic,Latin America,Education,15,9
CUST_02788,21.454545454545453,1.5454545454545454,0.0,,,99.0,99,11,99,0,Stable,1,SMB,Pro,Europe,Education,35,10
CUST_02789,44.0,3.3333333333333335,0.5,,,199.0,199,9,199,0,Stable,1,Mid-market,Pro,Asia-Pacific,Retail,480,8
CUST_02790,20.0,1.0,,,,29.0,29,1,29,0,Stable,1,SMB,Basic,Asia-Pacific,Education,13,0
CUST_02791,19.25,1.5,,,,29.0,29,4,29,0,Stable,1,SMB,Basic,Latin America,Finance,24,3
CUST_02792,19.88888888888889,0.8888888888888888,0.0,,,299.0,299,9,299,0,Stable,1,SMB,Enterprise,Europe,Education,11,8
CUST_02793,39.0625,4.5625,1.0,,,499.0,499,16,499,0,Stable,0,Mid-market,Enterprise,Latin America,Retail,127,15
CUST_02794,36.23529411764706,3.1176470588235294,0.3333333333333333,8.0,26.0,49.0,49,17,49,0,Stable,1,Mid-market,Basic,Asia-Pacific,Technology,439,16
CUST_02795,24.0,1.5384615384615385,0.0,,,29.0,29,13,29,0,Stable,1,SMB,Basic,North America,Healthcare,21,12
CUST_02796,22.833333333333332,1.4166666666666667,1.0,,,29.0,29,12,29,0,Stable,1,SMB,Basic,Latin America,E-commerce,22,11
CUST_02797,33.38461538461539,2.6153846153846154,0.8333333333333334,,,49.0,49,13,49,0,Stable,1,Mid-market,Basic,Latin America,Healthcare,371,12
CUST_02798,40.391304347826086,3.391304347826087,0.619047619047619,,,199.0,199,23,199,0,Stable,1,Mid-market,Pro,Europe,Finance,149,22
CUST_02799,67.70833333333333,7.458333333333333,0.8333333333333334,9.0,34.0,299.0,299,24,299,0,Stable,0,Enterprise,Pro,North America,Retail,2456,23
CUST_02800,12.0,1.6666666666666667,,7.0,27.0,29.0,29,3,29,0,Stable,1,SMB,Basic,North America,E-commerce,34,2
CUST_02801,24.46153846153846,1.1538461538461537,0.0,,,29.0,29,13,29,0,Stable,1,SMB,Basic,Latin America,Education,4,12
CUST_02802,25.25,1.25,0.5,,,29.0,29,12,29,0,Stable,1,SMB,Basic,Europe,Healthcare,16,11
CUST_02803,20.6,1.4,,,,299.0,299,5,299,0,Stable,1,SMB,Enterprise,Latin America,Retail,19,4
CUST_02804,25.0,1.4615384615384615,0.5,,,29.0,29,13,29,0,Stable,1,SMB,Basic,North America,Education,9,12
CUST_02805,42.285714285714285,1.8571428571428572,0.0,,,199.0,199,7,199,0,Stable,1,Mid-market,Pro,Asia-Pacific,Healthcare,421,6
CUST_02806,24.944444444444443,1.0555555555555556,0.3333333333333333,,,29.0,29,18,29,0,Stable,1,SMB,Basic,Europe,Technology,1,17
CUST_02807,23.52173913043478,2.0,0.25,6.0,-2.0,29.0,29,23,29,0,Stable,1,SMB,Basic,North America,Finance,12,22
CUST_02808,61.0,6.818181818181818,1.0,,,999.0,999,11,999,0,Stable,0,Enterprise,Enterprise,Latin America,Retail,2624,10
CUST_02809,36.44444444444444,3.7777777777777777,1.0,7.0,22.0,49.0,49,9,49,0,Stable,1,Mid-market,Basic,Europe,Education,89,8
CUST_02810,16.625,2.5,0.0,,,29.0,29,8,29,0,Stable,1,SMB,Basic,Europe,Education,39,7
CUST_02811,30.90909090909091,1.9090909090909092,,,,29.0,29,11,29,0,Stable,1,SMB,Basic,North America,Healthcare,26,10
CUST_02812,29.533333333333335,2.2666666666666666,0.5,,,99.0,99,15,99,0,Stable,1,SMB,Pro,North America,Healthcare,33,14
CUST_02813,21.555555555555557,1.6666666666666667,0.5,,,29.0,29,9,29,0,Stable,1,SMB,Basic,Europe,Retail,22,8
CUST_02814,21.666666666666668,1.3333333333333333,,,,29.0,29,3,29,0,Stable,1,SMB,Basic,Europe,Technology,46,2
CUST_02815,38.0,4.0,,,,99.0,99,2,99,0,Stable,1,Enterprise,Basic,Latin America,Technology,4316,1
CUST_02816,14.333333333333334,1.6666666666666667,,,,29.0,29,3,29,0,Stable,1,SMB,Basic,Europe,E-commerce,20,2
CUST_02817,62.625,7.125,0.9375,9.0,16.0,999.0,999,24,999,0,Stable,0,Enterprise,Enterprise,Latin America,Finance,2602,23
CUST_02818,40.526315789473685,4.2631578947368425,0.5833333333333334,8.0,17.0,499.0,499,19,499,0,Stable,0,Mid-market,Enterprise,Europe,Healthcare,162,18
CUST_02819,31.90909090909091,2.909090909090909,1.0,7.0,27.0,49.0,49,11,49,0,Stable,1,Mid-market,Basic,Asia-Pacific,Finance,204,10
CUST_02820,73.36842105263158,6.7368421052631575,0.6428571428571429,,,999.0,999,19,999,0,Stable,0,Enterprise,Enterprise,Europe,Healthcare,686,18
CUST_02821,68.91304347826087,6.956521739130435,0.8181818181818182,,,999.0,999,23,999,0,Stable,0,Enterprise,Enterprise,Latin America,Education,4771,22
CUST_02822,45.857142857142854,3.9285714285714284,0.5,,,49.0,49,14,49,0,Stable,1,Mid-market,Basic,Asia-Pacific,Technology,111,13
CUST_02823,23.5,2.0,1.0,,,29.0,29,6,29,0,Stable,1,SMB,Basic,Latin America,Healthcare,25,5
CUST_02824,39.0,3.5555555555555554,0.5,,,499.0,499,9,499,0,Stable,1,Mid-market,Enterprise,North America,Education,301,8
CUST_02825,33.0,4.0,0.5,,,49.0,49,6,49,0,Stable,1,Mid-market,Basic,Europe,Healthcare,98,5
CUST_02826,25.733333333333334,2.0,0.5,7.0,21.0,29.0,29,15,29,0,Stable,1,SMB,Basic,North America,Healthcare,17,14
CUST_02827,25.272727272727273,1.7272727272727273,1.0,,,29.0,29,11,29,0,Stable,1,SMB,Basic,North America,Finance,7,10
CUST_02828,22.083333333333332,1.3333333333333333,0.8,,,29.0,29,24,29,0,Stable,1,SMB,Basic,Europe,Healthcare,43,23
CUST_02829,25.0,3.0,0.3333333333333333,,,99.0,99,15,99,0,Stable,1,SMB,Pro,North America,Retail,24,14
CUST_02830,33.44444444444444,3.6666666666666665,0.6666666666666666,,,199.0,199,9,199,0,Stable,1,Mid-market,Pro,Latin America,Retail,186,8
CUST_02831,11.5,1.5,0.0,6.0,22.0,29.0,29,4,29,0,Stable,1,SMB,Basic,North America,Technology,32,3
CUST_02832,25.545454545454547,1.5454545454545454,0.35714285714285715,,,29.0,29,22,29,0,Stable,1,SMB,Basic,North America,Technology,22,21
CUST_02833,22.0,2.142857142857143,,,,29.0,29,7,29,0,Stable,1,SMB,Basic,Latin America,Finance,43,6
CUST_02834,64.0,8.333333333333334,0.5714285714285714,,,999.0,999,18,999,0,Stable,0,Enterprise,Enterprise,North America,Retail,1059,17
CUST_02835,23.666666666666668,1.6666666666666667,,,,99.0,99,6,99,0,Stable,1,SMB,Pro,Asia-Pacific,Healthcare,19,5
CUST_02836,24.0,2.0,0.0,,,49.0,49,4,49,0,Stable,1,Mid-market,Basic,North America,Finance,223,3
CUST_02837,16.0,3.0,,,,199.0,199,2,199,0,Stable,1,Mid-market,Pro,Latin America,Healthcare,194,1
CUST_02838,47.8421052631579,3.1578947368421053,0.5,,,49.0,49,19,49,0,Stable,1,Mid-market,Basic,North America,Technology,134,18
CUST_02839,22.75,1.75,0.0,,,29.0,29,12,29,0,Stable,1,SMB,Basic,Asia-Pacific,E-commerce,38,11
CUST_02840,25.476190476190474,1.7619047619047619,0.6,,,29.0,29,21,29,0,Stable,1,SMB,Basic,North America,E-commerce,48,20
CUST_02841,39.55555555555556,4.111111111111111,1.0,,,199.0,199,9,199,0,Stable,1,Mid-market,Pro,North America,Technology,339,8
CUST_02842,20.25,1.375,1.0,,,29.0,29,8,29,0,Stable,1,SMB,Basic,Europe,Technology,22,7
CUST_02843,22.46153846153846,2.076923076923077,1.0,,,29.0,29,13,29,0,Stable,1,SMB,Basic,Europe,Finance,12,12
CUST_02844,41.9,4.05,0.6875,10.0,66.0,499.0,499,20,499,0,Stable,0,Mid-market,Enterprise,Europe,Healthcare,177,19
CUST_02845,78.16666666666667,4.5,1.0,,,299.0,299,6,299,0,Stable,0,Enterprise,Pro,Latin America,Healthcare,1494,5
CUST_02846,55.470588235294116,8.117647058823529,1.0,9.0,40.0,999.0,999,17,999,0,Stable,0,Enterprise,Enterprise,Latin America,E-commerce,2654,16
CUST_02847,18.0,0.75,,,,99.0,99,4,99,0,Stable,1,SMB,Pro,Asia-Pacific,Technology,2,3
CUST_02848,38.36842105263158,3.473684210526316,0.5,8.0,8.0,49.0,49,19,49,0,Stable,1,Mid-market,Basic,North America,Retail,324,18
CUST_02849,19.0,1.0,0.5,,,29.0,29,2,29,0,Stable,1,SMB,Basic,Latin America,Retail,9,1
CUST_02850,24.583333333333332,1.7083333333333333,0.0,,,29.0,29,24,29,0,Stable,1,SMB,Basic,Europe,Education,25,23
CUST_02851,28.571428571428573,1.6666666666666667,0.8,7.0,45.0,99.0,99,21,99,0,Stable,1,SMB,Pro,Latin America,Finance,39,20
CUST_02852,33.2,3.2,1.0,,,49.0,49,5,49,0,Stable,1,Mid-market,Basic,North America,E-commerce,183,4
CUST_02853,12.75,1.0,0.0,,,29.0,29,4,29,0,Stable,1,SMB,Basic,North America,Retail,46,3
CUST_02854,22.0,0.6666666666666666,,,,99.0,99,6,99,0,Stable,1,SMB,Pro,Europe,Retail,23,5
CUST_02855,42.333333333333336,4.0,0.625,,,199.0,199,9,199,0,Stable,1,Mid-market,Pro,North America,Retail,278,8
CUST_02856,41.4,4.15,0.3333333333333333,,,199.0,199,20,199,0,Stable,1,Mid-market,Pro,Europe,Retail,382,19
CUST_02857,14.333333333333334,0.3333333333333333,0.0,,,29.0,29,3,29,0,Stable,1,SMB,Basic,North America,Finance,38,2
CUST_02858,18.2,1.4,,,,29.0,29,5,29,0,Stable,1,SMB,Basic,Latin America,Technology,12,4
CUST_02859,67.9090909090909,7.545454545454546,0.9333333333333333,8.5,25.5,999.0,999,11,999,0,Stable,0,Enterprise,Enterprise,North America,Technology,1222,10
CUST_02860,12.833333333333334,2.5,0.0,,,29.0,29,6,29,0,Stable,1,SMB,Basic,North America,Education,13,5
CUST_02861,26.11111111111111,2.111111111111111,1.0,,,99.0,99,9,99,0,Stable,1,SMB,Pro,North America,Finance,3,8
CUST_02862,18.5,1.75,0.5,,,29.0,29,4,29,0,Stable,1,SMB,Basic,North America,E-commerce,49,3
CUST_02863,26.772727272727273,1.8181818181818181,0.5,,,299.0,299,22,299,0,Stable,1,SMB,Enterprise,North America,Education,2,21
CUST_02864,23.9,2.35,0.25,,,99.0,99,20,99,0,Stable,1,SMB,Pro,Latin America,Finance,8,19
CUST_02865,23.38095238095238,1.8571428571428572,0.3333333333333333,5.0,-13.0,99.0,99,21,99,0,Stable,1,SMB,Pro,Latin America,Technology,21,20
CUST_02866,25.05,1.5,0.0,,,99.0,99,20,99,0,Stable,1,SMB,Pro,North America,Healthcare,14,19
CUST_02867,66.6,4.4,1.0,,,99.0,99,5,99,0,Stable,0,Enterprise,Basic,Europe,E-commerce,1270,4
CUST_02868,26.210526315789473,1.5263157894736843,0.25,,,99.0,99,19,99,0,Stable,1,SMB,Pro,North America,Finance,32,18
CUST_02869,25.0,1.5,,,,499.0,499,2,499,0,Stable,1,Mid-market,Enterprise,North America,Retail,146,1
CUST_02870,26.75,1.9166666666666667,0.0,10.0,51.0,29.0,29,12,29,0,Stable,1,SMB,Basic,North America,E-commerce,38,11
CUST_02871,21.875,1.75,0.5,,,29.0,29,8,29,0,Stable,1,SMB,Basic,North America,Finance,26,7
CUST_02872,25.25,1.125,0.75,,,29.0,29,8,29,0,Stable,1,SMB,Basic,Latin America,Technology,31,7
CUST_02873,20.9,2.4,0.3333333333333333,,,29.0,29,20,29,0,Stable,1,SMB,Basic,Latin America,Retail,7,19
CUST_02874,66.4,7.4,0.9523809523809523,,,999.0,999,20,999,0,Stable,0,Enterprise,Enterprise,Asia-Pacific,Retail,2215,19
CUST_02875,73.0,4.0,,,,299.0,299,1,299,0,Stable,0,Enterprise,Pro,Europe,Healthcare,2296,0
CUST_02876,21.25,2.0,1.0,,,99.0,99,8,99,0,Stable,1,SMB,Pro,North America,Finance,44,7
CUST_02877,16.8,0.8,0.0,,,29.0,29,5,29,0,Stable,1,SMB,Basic,North America,Education,13,4
CUST_02878,29.0,4.4,,,,199.0,199,5,199,0,Stable,1,Mid-market,Pro,Europe,Education,322,4
CUST_02879,42.4,3.4,0.5,8.0,34.0,199.0,199,15,199,0,Stable,1,Mid-market,Pro,North America,Healthcare,467,14
CUST_02880,20.0,1.0,,,,99.0,99,3,99,0,Stable,1,SMB,Pro,Latin America,Retail,47,2
CUST_02881,23.05,1.9,0.0,7.0,9.0,29.0,29,20,29,0,Stable,1,SMB,Basic,North America,E-commerce,37,19
CUST_02882,23.77777777777778,0.7777777777777778,0.5,,,29.0,29,9,29,0,Stable,1,SMB,Basic,North America,Healthcare,1,8
CUST_02883,36.666666666666664,3.7333333333333334,0.6,6.0,-2.0,499.0,499,15,499,0,Stable,1,Mid-market,Enterprise,Europe,Technology,93,14
CUST_02884,19.875,1.625,0.3333333333333333,,,29.0,29,8,29,0,Stable,1,SMB,Basic,Europe,Retail,42,7
CUST_02885,38.75,2.75,0.0,,,49.0,49,4,49,0,Stable,1,Mid-market,Basic,North America,Technology,468,3
CUST_02886,21.8,1.4,,,,29.0,29,5,29,0,Stable,1,SMB,Basic,North America,Retail,48,4
CUST_02887,36.4,2.4,,8.0,29.0,49.0,49,10,49,0,Stable,1,Mid-market,Basic,North America,E-commerce,368,9
CUST_02888,22.0,2.6666666666666665,,,,29.0,29,9,29,0,Stable,1,SMB,Basic,Europe,Technology,14,8
CUST_02889,40.1,4.05,0.6,,,499.0,499,20,499,0,Stable,0,Mid-market,Enterprise,North America,Education,273,19
CUST_02890,22.625,1.625,0.875,,,29.0,29,16,29,0,Stable,1,SMB,Basic,Asia-Pacific,Technology,11,15
CUST_02891,67.07692307692308,8.307692307692308,0.6666666666666666,,,999.0,999,13,999,0,Stable,0,Enterprise,Enterprise,Europe,Healthcare,2043,12
CUST_02892,60.333333333333336,6.666666666666667,1.0,,,999.0,999,9,999,0,Stable,0,Enterprise,Enterprise,North America,Finance,2646,8
CUST_02893,24.88235294117647,1.411764705882353,0.1,,,29.0,29,17,29,0,Stable,1,SMB,Basic,Asia-Pacific,Retail,48,16
CUST_02894,42.4,3.6,0.3333333333333333,,,199.0,199,15,199,0,Stable,1,Mid-market,Pro,Asia-Pacific,Technology,147,14
CUST_02895,34.5625,3.5,0.2,,,199.0,199,16,199,0,Stable,1,Mid-market,Pro,North America,Finance,189,15
CUST_02896,68.14285714285714,6.928571428571429,0.75,,,299.0,299,14,299,0,Stable,0,Enterprise,Pro,North America,Healthcare,3602,13
CUST_02897,71.35714285714286,7.5,0.8,,,999.0,999,14,999,0,Stable,0,Enterprise,Enterprise,North America,Retail,4060,13
CUST_02898,41.857142857142854,2.142857142857143,0.2,5.0,-13.0,49.0,49,14,49,0,Stable,1,Mid-market,Basic,Asia-Pacific,E-commerce,264,13
CUST_02899,17.0,0.0,0.0,,,29.0,29,3,29,0,Stable,1,SMB,Basic,North America,Finance,46,2
CUST_02900,20.5,1.75,1.0,,,99.0,99,4,99,0,Stable,1,SMB,Pro,Asia-Pacific,Finance,34,3
CUST_02901,28.0,2.0,,,,199.0,199,2,199,0,Stable,1,Mid-market,Pro,Latin America,Finance,395,1
CUST_02902,37.57142857142857,3.142857142857143,1.0,7.0,29.0,199.0,199,7,199,0,Stable,1,Mid-market,Pro,North America,Retail,477,6
CUST_02903,17.0,1.5,,,,29.0,29,4,29,0,Stable,1,SMB,Basic,Europe,Education,44,3
CUST_02904,25.0,0.0,,,,299.0,299,1,299,0,Stable,1,SMB,Enterprise,Europe,Education,6,0
CUST_02905,28.545454545454547,1.4090909090909092,0.75,,,29.0,29,22,29,0,Stable,1,SMB,Basic,North America,Education,1,21
CUST_02906,24.88235294117647,1.7647058823529411,0.6666666666666666,,,29.0,29,17,29,0,Stable,1,SMB,Basic,Europe,Technology,36,16
CUST_02907,60.416666666666664,7.25,0.875,8.0,48.0,999.0,999,12,999,0,Stable,0,Enterprise,Enterprise,Asia-Pacific,Technology,1598,11
CUST_02908,24.76923076923077,1.2307692307692308,0.0,,,99.0,99,13,99,0,Stable,1,SMB,Pro,North America,Healthcare,36,12
CUST_02909,33.0,3.3636363636363638,1.0,9.0,49.0,499.0,499,11,499,0,Stable,0,Mid-market,Enterprise,North America,E-commerce,376,10
CUST_02910,22.0,4.0,0.0,,,49.0,49,1,49,0,Stable,1,Mid-market,Basic,North America,E-commerce,120,0
CUST_02911,26.0625,1.75,0.0,,,29.0,29,16,29,0,Stable,1,SMB,Basic,Europe,Technology,14,15
CUST_02912,19.2,1.2,0.0,,,99.0,99,5,99,0,Stable,1,SMB,Pro,North America,Retail,20,4
CUST_02913,20.705882352941178,2.1176470588235294,0.0,,,99.0,99,17,99,0,Stable,1,SMB,Pro,Europe,E-commerce,45,16
CUST_02914,16.8,1.2,0.0,,,29.0,29,10,29,0,Stable,1,SMB,Basic,Europe,E-commerce,17,9
CUST_02915,68.56521739130434,8.304347826086957,0.8,,,999.0,999,23,999,0,Stable,0,Enterprise,Enterprise,Europe,Finance,1571,22
CUST_02916,22.4,1.4,,,,29.0,29,5,29,0,Stable,1,SMB,Basic,Asia-Pacific,Finance,25,4
CUST_02917,70.375,8.208333333333334,0.8095238095238094,8.0,35.0,999.0,999,24,999,0,Stable,0,Enterprise,Enterprise,North America,Finance,872,23
CUST_02918,16.333333333333332,0.6666666666666666,1.0,7.0,5.0,29.0,29,3,29,0,Stable,1,SMB,Basic,Asia-Pacific,E-commerce,32,2
CUST_02919,29.666666666666668,1.619047619047619,0.0,8.0,30.0,29.0,29,21,29,0,Stable,1,SMB,Basic,Latin America,Technology,45,20
CUST_02920,59.46153846153846,7.769230769230769,0.5,,,299.0,299,13,299,0,Stable,0,Enterprise,Pro,Europe,Healthcare,1649,12
CUST_02921,65.7,6.5,0.5,,,999.0,999,10,999,0,Stable,0,Enterprise,Enterprise,Europe,Healthcare,555,9
CUST_02922,46.4,5.0,,,,299.0,299,5,299,0,Stable,1,Enterprise,Pro,Asia-Pacific,Education,3376,4
CUST_02923,45.54545454545455,4.136363636363637,0.6111111111111112,6.0,23.0,199.0,199,22,199,0,Stable,1,Mid-market,Pro,Europe,Finance,490,21
CUST_02924,26.4,1.55,0.5,,,29.0,29,20,29,0,Stable,1,SMB,Basic,Latin America,Finance,35,19
CUST_02925,26.6,1.75,0.5,,,99.0,99,20,99,0,Stable,1,SMB,Pro,North America,Technology,39,19
CUST_02926,49.25,5.25,1.0,,,999.0,999,4,999,0,Stable,0,Enterprise,Enterprise,Asia-Pacific,Education,3052,3
CUST_02927,34.6,3.0,,,,199.0,199,5,199,0,Stable,1,Mid-market,Pro,Latin America,Education,436,4
CUST_02928,41.0,3.5,1.0,,,199.0,199,12,199,0,Stable,1,Mid-market,Pro,North America,Healthcare,381,11
CUST_02929,22.666666666666668,1.4444444444444444,1.0,7.0,15.0,29.0,29,9,29,0,Stable,1,SMB,Basic,North America,Finance,9,8
CUST_02930,44.5,3.642857142857143,1.0,6.0,-5.0,199.0,199,14,199,0,Stable,1,Mid-market,Pro,North America,E-commerce,70,13
CUST_02931,72.6,10.333333333333334,1.0,,,999.0,999,15,999,0,Stable,0,Enterprise,Enterprise,Asia-Pacific,Technology,1644,14
CUST_02932,39.86363636363637,4.0,1.0,,,499.0,499,22,499,0,Stable,0,Mid-market,Enterprise,North America,Education,382,21
CUST_02933,20.22222222222222,1.2222222222222223,0.5,7.0,40.0,99.0,99,9,99,0,Stable,1,SMB,Pro,North America,Finance,24,8
CUST_02934,22.0,0.75,,,,29.0,29,4,29,0,Stable,1,SMB,Basic,Latin America,Technology,13,3
CUST_02935,62.8421052631579,8.157894736842104,0.625,,,299.0,299,19,299,0,Stable,0,Enterprise,Pro,North America,Technology,2703,18
CUST_02936,20.928571428571427,1.4285714285714286,0.25,7.5,9.5,29.0,29,14,29,0,Stable,1,SMB,Basic,North America,Finance,36,13
CUST_02937,24.0,1.5,0.5,,,29.0,29,8,29,0,Stable,1,SMB,Basic,Latin America,Technology,9,7
CUST_02938,50.8,5.8,1.0,,,999.0,999,5,999,0,Stable,0,Enterprise,Enterprise,Asia-Pacific,Finance,3543,4
CUST_02939,25.77777777777778,1.0,,,,99.0,99,9,99,0,Stable,1,SMB,Pro,North America,Healthcare,48,8
CUST_02940,19.714285714285715,2.0,,,,29.0,29,7,29,0,Stable,1,SMB,Basic,North America,Education,5,6
CUST_02941,42.53846153846154,3.230769230769231,0.4444444444444444,,,199.0,199,13,199,0,Stable,1,Mid-market,Pro,North America,Finance,492,12
CUST_02942,25.333333333333332,2.533333333333333,0.0,,,99.0,99,15,99,0,Stable,1,SMB,Pro,North America,Technology,8,14
CUST_02943,20.714285714285715,1.5714285714285714,0.25,,,29.0,29,7,29,0,Stable,1,SMB,Basic,Asia-Pacific,Finance,41,6
CUST_02944,38.76923076923077,4.153846153846154,0.9,,,49.0,49,13,49,0,Stable,1,Mid-market,Basic,North America,E-commerce,102,12
CUST_02945,42.458333333333336,3.5,0.8571428571428571,,,49.0,49,24,49,0,Stable,1,Mid-market,Basic,Asia-Pacific,Technology,207,23
CUST_02946,38.46153846153846,3.4615384615384617,1.0,,,49.0,49,13,49,0,Stable,1,Mid-market,Basic,Europe,Retail,298,12
CUST_02947,33.857142857142854,4.0,0.6666666666666666,,,199.0,199,7,199,0,Stable,1,Mid-market,Pro,Asia-Pacific,Healthcare,69,6
CUST_02948,22.75,0.75,,,,99.0,99,8,99,0,Stable,1,SMB,Pro,Asia-Pacific,Retail,25,7
CUST_02949,27.5625,2.375,0.25,,,29.0,29,16,29,0,Stable,1,SMB,Basic,Latin America,Technology,28,15
CUST_02950,25.263157894736842,2.1052631578947367,0.125,,,29.0,29,19,29,0,Stable,1,SMB,Basic,Europe,Retail,44,18
CUST_02951,22.0,1.75,1.0,,,29.0,29,8,29,0,Stable,1,SMB,Basic,North America,Technology,13,7
CUST_02952,62.04761904761905,7.476190476190476,0.8888888888888888,,,999.0,999,21,999,0,Stable,0,Enterprise,Enterprise,North America,Education,3159,20
CUST_02953,27.958333333333332,2.1666666666666665,0.5,6.0,24.0,99.0,99,24,99,0,Stable,1,SMB,Pro,North America,Technology,33,23
CUST_02954,20.0,0.0,,,,29.0,29,1,29,0,Stable,1,SMB,Basic,North America,E-commerce,15,0
CUST_02955,27.2,2.2,0.75,8.0,29.0,199.0,199,5,199,0,Stable,1,Mid-market,Pro,Asia-Pacific,Technology,146,4
CUST_02956,39.857142857142854,3.2142857142857144,0.8,,,49.0,49,14,49,0,Stable,1,Mid-market,Basic,Europe,Retail,265,13
CUST_02957,56.4,7.4,0.3333333333333333,,,999.0,999,5,999,0,Stable,0,Enterprise,Enterprise,Europe,E-commerce,4528,4
CUST_02958,26.5,1.2,,,,29.0,29,10,29,0,Stable,1,SMB,Basic,North America,Healthcare,25,9
CUST_02959,28.25,1.65,0.6666666666666666,,,99.0,99,20,99,0,Stable,1,SMB,Pro,Latin America,Healthcare,36,19
CUST_02960,37.2,2.933333333333333,0.6666666666666666,,,199.0,199,15,199,0,Stable,1,Mid-market,Pro,Europe,Education,320,14
CUST_02961,19.0,1.5,0.0,,,29.0,29,6,29,0,Stable,1,SMB,Basic,Latin America,E-commerce,33,5
CUST_02962,23.0,1.8,0.0,,,29.0,29,5,29,0,Stable,1,SMB,Basic,Europe,Finance,30,4
CUST_02963,16.5,0.5,,,,29.0,29,2,29,0,Stable,1,SMB,Basic,Latin America,Finance,47,1
CUST_02964,39.4,2.4,0.75,,,199.0,199,5,199,0,Stable,1,Mid-market,Pro,Europe,Technology,489,4
CUST_02965,21.153846153846153,1.5384615384615385,0.6666666666666666,,,29.0,29,13,29,0,Stable,1,SMB,Basic,Europe,Finance,3,12
CUST_02966,40.0,4.0588235294117645,0.0,,,499.0,499,17,499,0,Stable,1,Mid-market,Enterprise,Latin America,Education,160,16
CUST_02967,18.0,0.5,0.0,,,29.0,29,2,29,0,Stable,1,SMB,Basic,Latin America,Technology,26,1
CUST_02968,22.22222222222222,1.4444444444444444,1.0,,,29.0,29,9,29,0,Stable,1,SMB,Basic,North America,E-commerce,21,8
CUST_02969,32.0,6.5,,,,999.0,999,2,999,0,Stable,0,Enterprise,Enterprise,Asia-Pacific,Retail,828,1
CUST_02970,24.90909090909091,2.0,0.6666666666666666,,,99.0,99,11,99,0,Stable,1,SMB,Pro,Europe,Retail,3,10
CUST_02971,26.307692307692307,1.8461538461538463,0.5,,,29.0,29,13,29,0,Stable,1,SMB,Basic,Asia-Pacific,Retail,27,12
CUST_02972,13.75,0.5,,,,29.0,29,4,29,0,Stable,1,SMB,Basic,North America,E-commerce,28,3
CUST_02973,36.46666666666667,4.733333333333333,0.0,,,199.0,199,15,199,0,Stable,1,Mid-market,Pro,Europe,Education,136,14
CUST_02974,26.59090909090909,2.0,0.6666666666666666,7.0,18.0,29.0,29,22,29,0,Stable,1,SMB,Basic,Europe,E-commerce,5,21
CUST_02975,23.2,1.9,0.0,,,29.0,29,10,29,0,Stable,1,SMB,Basic,North America,Healthcare,15,9
CUST_02976,26.0,2.25,,,,199.0,199,4,199,0,Stable,1,Mid-market,Pro,Europe,Healthcare,210,3
CUST_02977,44.69565217391305,3.5217391304347827,0.75,,,199.0,199,23,199,0,Stable,1,Mid-market,Pro,Latin America,Retail,311,22
CUST_02978,61.7,6.9,0.8,,,299.0,299,10,299,0,Stable,0,Enterprise,Pro,Europe,E-commerce,3294,9
CUST_02979,20.625,1.875,0.2857142857142857,,,29.0,29,16,29,0,Stable,1,SMB,Basic,Latin America,Healthcare,39,15
CUST_02980,42.8235294117647,3.6470588235294117,0.5,,,199.0,199,17,199,0,Stable,1,Mid-market,Pro,Latin America,Retail,324,16
CUST_02981,26.285714285714285,1.8571428571428572,1.0,,,29.0,29,14,29,0,Stable,1,SMB,Basic,North America,Finance,35,13
CUST_02982,25.11111111111111,1.2222222222222223,0.5,,,29.0,29,9,29,0,Stable,1,SMB,Basic,Asia-Pacific,Education,6,8
CUST_02983,46.166666666666664,3.1666666666666665,0.25,,,199.0,199,6,199,0,Stable,1,Mid-market,Pro,Latin America,Healthcare,405,5
CUST_02984,18.0,2.0,,,,49.0,49,3,49,0,Stable,1,Mid-market,Basic,Latin America,Healthcare,51,2
CUST_02985,24.1,2.0,0.3333333333333333,,,29.0,29,10,29,0,Stable,1,SMB,Basic,North America,Finance,18,9
CUST_02986,26.736842105263158,2.0526315789473686,0.375,,,29.0,29,19,29,0,Stable,1,SMB,Basic,North America,Retail,7,18
CUST_02987,20.333333333333332,1.5555555555555556,0.3333333333333333,,,29.0,29,9,29,0,Stable,1,SMB,Basic,North America,Education,10,8
CUST_02988,24.46153846153846,1.4615384615384615,0.4,,,29.0,29,13,29,0,Stable,1,SMB,Basic,North America,Retail,25,12
CUST_02989,65.7,8.2,0.7142857142857143,9.0,43.0,999.0,999,20,999,0,Stable,0,Enterprise,Enterprise,North America,E-commerce,2359,19
CUST_02990,27.526315789473685,1.8421052631578947,0.5,,,29.0,29,19,29,0,Stable,1,SMB,Basic,North America,Technology,35,18
CUST_02991,30.75,3.5,0.8333333333333334,,,199.0,199,4,199,0,Stable,1,Mid-market,Pro,North America,Healthcare,182,3
CUST_02992,34.833333333333336,2.0,0.5,9.0,28.0,49.0,49,6,49,0,Stable,1,Mid-market,Basic,North America,Finance,75,5
CUST_02993,54.42857142857143,6.0,0.75,,,999.0,999,7,999,0,Stable,0,Enterprise,Enterprise,North America,Technology,970,6
CUST_02994,15.833333333333334,1.1666666666666667,0.0,,,29.0,29,6,29,0,Stable,1,SMB,Basic,Asia-Pacific,E-commerce,3,5
CUST_02995,61.8,5.8,0.375,,,999.0,999,5,999,0,Stable,0,Enterprise,Enterprise,Latin America,Finance,4860,4
CUST_02996,25.0,1.0833333333333333,0.0,,,29.0,29,12,29,0,Stable,1,SMB,Basic,Europe,Healthcare,46,11
CUST_02997,19.375,1.125,0.0,,,29.0,29,8,29,0,Stable,1,SMB,Basic,Latin America,Technology,39,7
CUST_02998,42.61904761904762,3.6666666666666665,0.8333333333333334,6.0,8.0,199.0,199,21,199,0,Stable,1,Mid-market,Pro,Latin America,Retail,447,20
CUST_02999,25.25,1.75,1.0,8.0,22.0,29.0,29,12,29,0,Stable,1,SMB,Basic,North America,E-commerce,32,11
CUST_03000,25.863636363636363,1.3636363636363635,0.0,,,99.0,99,22,99,0,Stable,1,SMB,Pro,North America,Technology,47,21
CUST_03001,84.81818181818181,5.636363636363637,0.9,,,99.0,99,11,99,0,Stable,0,Enterprise,Basic,Asia-Pacific,Retail,3737,10
CUST_03002,23.65,1.3,0.5,7.0,24.0,29.0,29,20,29,0,Stable,1,SMB,Basic,Latin America,Retail,49,19
CUST_03003,42.888888888888886,3.0,0.75,,,199.0,199,9,199,0,Stable,1,Mid-market,Pro,North America,E-commerce,274,8
CUST_03004,24.5,1.5,,,,29.0,29,2,29,0,Stable,1,SMB,Basic,Europe,E-commerce,13,1
CUST_03005,20.666666666666668,1.0,0.0,,,29.0,29,6,29,0,Stable,1,SMB,Basic,North America,Finance,19,5
CUST_03006,14.75,0.75,,,,29.0,29,4,29,0,Stable,1,SMB,Basic,Europe,Education,39,3
CUST_03007,49.333333333333336,1.6666666666666667,,,,999.0,999,3,999,0,Stable,0,Enterprise,Enterprise,North America,Healthcare,2250,2
CUST_03008,22.09090909090909,1.9090909090909092,0.0,,,29.0,29,11,29,0,Stable,1,SMB,Basic,Europe,Healthcare,41,10
CUST_03009,11.0,0.5,,,,29.0,29,2,29,0,Stable,1,SMB,Basic,North America,Technology,3,1
CUST_03010,24.25,1.4166666666666667,0.25,,,29.0,29,12,29,0,Stable,1,SMB,Basic,North America,Healthcare,25,11
CUST_03011,28.31578947368421,1.7894736842105263,0.3333333333333333,,,29.0,29,19,29,0,Stable,1,SMB,Basic,North America,E-commerce,4,18
CUST_03012,29.4,1.4,1.0,,,29.0,29,10,29,0,Stable,1,SMB,Basic,North America,Healthcare,41,9
CUST_03013,49.6,4.4,,8.0,30.0,299.0,299,5,299,0,Stable,0,Enterprise,Pro,North America,Retail,2256,4
CUST_03014,19.333333333333332,0.6666666666666666,1.0,,,99.0,99,3,99,0,Stable,1,SMB,Pro,North America,Finance,14,2
CUST_03015,27.875,1.8333333333333333,0.25,,,29.0,29,24,29,0,Stable,1,SMB,Basic,Latin America,Education,9,23
CUST_03016,59.285714285714285,5.714285714285714,0.875,,,99.0,99,7,99,0,Stable,0,Enterprise,Basic,North America,Education,1089,6
CUST_03017,24.0,1.0,,,,29.0,29,1,29,0,Stable,1,SMB,Basic,Europe,Healthcare,20,0
CUST_03018,27.705882352941178,1.8823529411764706,0.16666666666666666,,,29.0,29,17,29,0,Stable,1,SMB,Basic,Latin America,Technology,6,16
CUST_03019,15.5,0.5,0.0,,,299.0,299,2,299,0,Stable,1,SMB,Enterprise,Asia-Pacific,Technology,33,1
CUST_03020,35.333333333333336,2.7777777777777777,0.75,,,199.0,199,9,199,0,Stable,1,Mid-market,Pro,Asia-Pacific,Finance,395,8
CUST_03021,47.64705882352941,3.1176470588235294,0.625,6.0,33.0,49.0,49,17,49,0,Stable,1,Mid-market,Basic,Europe,Healthcare,264,16
CUST_03022,33.2,2.4,1.0,,,199.0,199,5,199,0,Stable,1,Mid-market,Pro,Asia-Pacific,Technology,192,4
CUST_03023,67.92857142857143,6.714285714285714,1.0,8.0,18.5,999.0,999,14,999,0,Stable,0,Enterprise,Enterprise,Asia-Pacific,Education,4145,13
CUST_03024,35.6,3.4,0.0,,,499.0,499,5,499,0,Stable,1,Mid-market,Enterprise,North America,Retail,463,4
CUST_03025,17.5,2.0,,,,29.0,29,2,29,0,Stable,1,SMB,Basic,North America,Technology,22,1
CUST_03026,63.77272727272727,7.590909090909091,0.6111111111111112,,,299.0,299,22,299,0,Stable,0,Enterprise,Pro,Europe,E-commerce,1573,21
CUST_03027,22.11111111111111,1.1111111111111112,1.0,,,29.0,29,9,29,0,Stable,1,SMB,Basic,Latin America,Finance,31,8
CUST_03028,64.66666666666667,5.0,1.0,,,999.0,999,9,999,0,Stable,0,Enterprise,Enterprise,North America,Technology,4488,8
CUST_03029,36.6,3.7,0.5,,,499.0,499,10,499,0,Stable,1,Mid-market,Enterprise,Europe,Retail,487,9
CUST_03030,56.125,6.125,0.8333333333333334,,,999.0,999,8,999,0,Stable,0,Enterprise,Enterprise,Asia-Pacific,Education,3233,7
CUST_03031,30.6,2.8,1.0,,,199.0,199,10,199,0,Stable,1,Mid-market,Pro,North America,Retail,405,9
CUST_03032,34.8,4.8,1.0,,,999.0,999,5,999,0,Stable,0,Enterprise,Enterprise,North America,Education,2512,4
CUST_03033,71.29411764705883,7.294117647058823,0.8333333333333334,,,999.0,999,17,999,0,Stable,0,Enterprise,Enterprise,North America,Technology,1748,16
CUST_03034,28.65,2.35,0.5,,,29.0,29,20,29,0,Stable,1,SMB,Basic,North America,Technology,49,19
CUST_03035,13.4,1.6,1.0,,,99.0,99,5,99,0,Stable,1,SMB,Pro,Europe,Retail,49,4
CUST_03036,24.0,1.1666666666666667,0.0,,,29.0,29,12,29,0,Stable,1,SMB,Basic,North America,Healthcare,6,11
CUST_03037,23.583333333333332,1.5833333333333333,0.0,8.0,63.0,29.0,29,12,29,0,Stable,1,SMB,Basic,Europe,Technology,34,11
CUST_03038,69.28571428571429,7.857142857142857,0.6666666666666666,,,999.0,999,7,999,0,Stable,0,Enterprise,Enterprise,Europe,Retail,693,6
CUST_03039,24.8,1.6,0.4166666666666667,7.0,41.0,29.0,29,20,29,0,Stable,1,SMB,Basic,North America,Finance,40,19
CUST_03040,28.565217391304348,1.8695652173913044,0.25,7.5,29.5,29.0,29,23,29,0,Stable,1,SMB,Basic,Asia-Pacific,Technology,47,22
CUST_03041,25.38095238095238,1.8571428571428572,0.3333333333333333,7.0,12.0,299.0,299,21,299,0,Stable,1,SMB,Enterprise,Europe,Healthcare,1,20
CUST_03042,24.333333333333332,1.5333333333333334,0.0,,,29.0,29,15,29,0,Stable,1,SMB,Basic,Asia-Pacific,Education,30,14
CUST_03043,21.214285714285715,1.4285714285714286,0.5,7.0,19.0,29.0,29,14,29,0,Stable,1,SMB,Basic,Europe,Technology,15,13
CUST_03044,24.714285714285715,1.5714285714285714,1.0,,,29.0,29,7,29,0,Stable,1,SMB,Basic,Latin America,E-commerce,3,6
CUST_03045,65.0,5.777777777777778,0.5,,,999.0,999,9,999,0,Stable,0,Enterprise,Enterprise,Asia-Pacific,E-commerce,4112,8
CUST_03046,44.44444444444444,3.2222222222222223,0.0,,,49.0,49,9,49,0,Stable,1,Mid-market,Basic,North America,Finance,234,8
CUST_03047,43.22222222222222,3.2222222222222223,0.0,7.0,15.0,199.0,199,9,199,0,Stable,1,Mid-market,Pro,North America,Healthcare,124,8
CUST_03048,39.470588235294116,4.9411764705882355,0.6,6.0,7.0,499.0,499,17,499,0,Stable,1,Mid-market,Enterprise,Latin America,Retail,428,16
CUST_03049,33.4,2.2,,,,49.0,49,5,49,0,Stable,1,Mid-market,Basic,Europe,Finance,233,4
CUST_03050,27.05263157894737,2.6842105263157894,,,,99.0,99,19,99,0,Stable,1,SMB,Pro,Europe,Education,10,18
CUST_03051,41.19047619047619,3.142857142857143,0.9,,,199.0,199,21,199,0,Stable,1,Mid-market,Pro,Europe,Healthcare,338,20
CUST_03052,40.125,4.4375,0.5833333333333334,10.0,38.0,49.0,49,16,49,0,Stable,0,Mid-market,Basic,North America,Education,440,15
CUST_03053,20.5,2.1666666666666665,,,,29.0,29,6,29,0,Stable,1,SMB,Basic,North America,Healthcare,7,5
CUST_03054,62.166666666666664,7.555555555555555,0.6666666666666666,,,299.0,299,18,299,0,Stable,0,Enterprise,Pro,North America,Healthcare,1410,17
CUST_03055,17.75,1.0,0.0,,,29.0,29,4,29,0,Stable,1,SMB,Basic,Asia-Pacific,Technology,49,3
CUST_03056,14.0,1.6666666666666667,,,,29.0,29,3,29,0,Stable,1,SMB,Basic,Europe,Education,12,2
CUST_03057,27.6,1.4,0.0,,,99.0,99,10,99,0,Stable,1,SMB,Pro,Europe,E-commerce,3,9
CUST_03058,24.307692307692307,1.9230769230769231,0.0,,,99.0,99,13,99,0,Stable,1,SMB,Pro,North America,Retail,16,12
CUST_03059,23.25,2.55,0.0,8.0,14.0,299.0,299,20,299,0,Stable,1,SMB,Enterprise,Europe,Retail,46,19
CUST_03060,21.88888888888889,1.8888888888888888,0.3333333333333333,,,29.0,29,9,29,0,Stable,1,SMB,Basic,Europe,Finance,41,8
CUST_03061,58.166666666666664,5.583333333333333,0.7,9.0,45.0,999.0,999,12,999,0,Stable,0,Enterprise,Enterprise,North America,Education,3731,11
CUST_03062,19.5,1.0,,,,299.0,299,2,299,0,Stable,1,SMB,Enterprise,North America,E-commerce,39,1
CUST_03063,20.333333333333332,1.5555555555555556,1.0,,,29.0,29,9,29,0,Stable,1,SMB,Basic,Europe,Finance,28,8
CUST_03064,6.0,2.0,,,,99.0,99,1,99,0,Stable,1,SMB,Pro,Asia-Pacific,Retail,16,0
CUST_03065,43.0,3.0,,,,999.0,999,1,999,0,Stable,0,Enterprise,Enterprise,Latin America,Retail,3239,0
CUST_03066,20.0,2.3333333333333335,,,,199.0,199,3,199,0,Stable,1,Mid-market,Pro,Europe,Technology,275,2
CUST_03067,26.8,1.3,0.0,7.0,18.0,29.0,29,10,29,0,Stable,1,SMB,Basic,North America,Finance,40,9
CUST_03068,28.25,1.875,0.0,,,29.0,29,16,29,0,Stable,1,SMB,Basic,North America,Technology,8,15
CUST_03069,27.45,1.55,,,,29.0,29,20,29,0,Stable,1,SMB,Basic,Asia-Pacific,Retail,45,19
CUST_03070,25.6,2.2,0.5,,,29.0,29,10,29,0,Stable,1,SMB,Basic,North America,Finance,31,9
CUST_03071,36.875,3.5,1.0,,,199.0,199,8,199,0,Stable,1,Mid-market,Pro,Latin America,E-commerce,418,7
CUST_03072,29.6,2.0,1.0,,,49.0,49,5,49,0,Stable,1,Mid-market,Basic,Asia-Pacific,E-commerce,167,4
CUST_03073,33.4,2.2,,,,499.0,499,5,499,0,Stable,1,Mid-market,Enterprise,North America,Retail,162,4
CUST_03074,26.789473684210527,2.1052631578947367,0.6666666666666666,,,29.0,29,19,29,0,Stable,1,SMB,Basic,North America,Education,43,18
CUST_03075,40.041666666666664,3.75,0.5,9.0,59.0,199.0,199,24,199,0,Stable,0,Mid-market,Pro,Asia-Pacific,Finance,194,23
CUST_03076,25.363636363636363,1.6363636363636365,0.0,,,29.0,29,11,29,0,Stable,1,SMB,Basic,Europe,Education,47,10
CUST_03077,15.0,2.0,,,,499.0,499,1,499,0,Stable,1,Mid-market,Enterprise,North America,Finance,497,0
CUST_03078,48.5,3.6666666666666665,0.7142857142857143,,,199.0,199,12,199,0,Stable,1,Mid-market,Pro,North America,E-commerce,217,11
CUST_03079,27.5,2.4,,,,29.0,29,10,29,0,Stable,1,SMB,Basic,North America,Healthcare,9,9
CUST_03080,24.125,2.2083333333333335,0.16666666666666666,6.5,28.0,29.0,29,24,29,0,Stable,1,SMB,Basic,Europe,Technology,13,23
CUST_03081,25.77777777777778,1.7777777777777777,1.0,4.0,-14.0,29.0,29,9,29,0,Stable,1,SMB,Basic,Asia-Pacific,Retail,43,8
CUST_03082,64.125,7.708333333333333,0.7857142857142857,,,999.0,999,24,999,0,Stable,0,Enterprise,Enterprise,North America,Education,2536,23
CUST_03083,22.9375,1.0625,0.7142857142857143,7.0,21.0,29.0,29,16,29,0,Stable,1,SMB,Basic,North America,E-commerce,3,15
CUST_03084,66.0,6.545454545454546,0.8,6.0,23.0,999.0,999,11,999,0,Stable,0,Enterprise,Enterprise,Latin America,E-commerce,610,10
CUST_03085,72.0,6.0,0.6,,,299.0,299,8,299,0,Stable,0,Enterprise,Pro,Latin America,Technology,2879,7
CUST_03086,25.75,2.0833333333333335,0.5,,,29.0,29,12,29,0,Stable,1,SMB,Basic,Asia-Pacific,Education,42,11
CUST_03087,21.7,2.1,0.0,,,29.0,29,10,29,0,Stable,1,SMB,Basic,North America,Finance,36,9
CUST_03088,25.8,2.6,,,,29.0,29,5,29,0,Stable,1,SMB,Basic,North America,Retail,44,4
CUST_03089,41.833333333333336,3.0,1.0,8.0,40.0,199.0,199,12,199,0,Stable,0,Mid-market,Pro,Europe,Finance,68,11
CUST_03090,30.307692307692307,1.0769230769230769,1.0,,,29.0,29,13,29,0,Stable,1,SMB,Basic,Asia-Pacific,Technology,2,12
CUST_03091,23.8125,2.6875,0.25,7.0,49.0,299.0,299,16,299,0,Stable,1,SMB,Enterprise,North America,Technology,48,15
CUST_03092,26.3125,1.9375,0.25,6.0,8.0,99.0,99,16,99,0,Stable,1,SMB,Pro,Asia-Pacific,Technology,25,15
CUST_03093,63.45454545454545,6.818181818181818,0.5,,,999.0,999,11,999,0,Stable,0,Enterprise,Enterprise,North America,Retail,2716,10
CUST_03094,49.0,6.8,0.5,,,999.0,999,5,999,0,Stable,0,Enterprise,Enterprise,Asia-Pacific,Healthcare,678,4
CUST_03095,27.565217391304348,1.6521739130434783,0.4375,6.0,24.0,99.0,99,23,99,0,Stable,1,SMB,Pro,Europe,Technology,35,22
CUST_03096,28.666666666666668,1.619047619047619,0.25,9.0,33.0,29.0,29,21,29,0,Stable,1,SMB,Basic,Europe,Finance,38,20
CUST_03097,26.347826086956523,1.9130434782608696,0.5,5.0,7.0,99.0,99,23,99,0,Stable,1,SMB,Pro,Latin America,E-commerce,37,22
CUST_03098,77.5625,5.625,0.5,,,299.0,299,16,299,0,Stable,0,Enterprise,Pro,North America,Education,1309,15
CUST_03099,39.75,2.75,0.7,,,199.0,199,24,199,0,Stable,1,Mid-market,Pro,Latin America,Education,67,23
CUST_03100,26.5,1.4,,,,29.0,29,10,29,0,Stable,1,SMB,Basic,Asia-Pacific,Retail,19,9
CUST_03101,21.333333333333332,2.1666666666666665,0.75,,,29.0,29,6,29,0,Stable,1,SMB,Basic,Asia-Pacific,Finance,39,5
CUST_03102,21.46153846153846,1.2307692307692308,1.0,,,29.0,29,13,29,0,Stable,1,SMB,Basic,North America,Retail,4,12
CUST_03103,22.94736842105263,1.4210526315789473,,6.0,10.0,29.0,29,19,29,0,Stable,1,SMB,Basic,Europe,Technology,20,18
CUST_03104,20.5,1.5,,,,29.0,29,2,29,0,Stable,1,SMB,Basic,Europe,Technology,42,1
CUST_03105,39.411764705882355,3.823529411764706,0.5,,,49.0,49,17,49,0,Stable,1,Mid-market,Basic,Europe,Retail,150,16
CUST_03106,16.0,2.0,0.0,,,29.0,29,1,29,0,Stable,1,SMB,Basic,North America,Technology,48,0
CUST_03107,21.0,1.2,0.25,8.0,38.0,29.0,29,5,29,0,Stable,1,SMB,Basic,Asia-Pacific,E-commerce,48,4
CUST_03108,76.28571428571429,7.0,1.0,,,299.0,299,7,299,0,Stable,0,Enterprise,Pro,Europe,Retail,2457,6
CUST_03109,34.0,3.0,0.8333333333333334,,,49.0,49,8,49,0,Stable,1,Mid-market,Basic,North America,E-commerce,417,7
CUST_03110,35.875,2.375,0.6666666666666666,,,49.0,49,8,49,0,Stable,1,Mid-market,Basic,Europe,E-commerce,282,7
CUST_03111,24.416666666666668,1.5,0.5,,,29.0,29,12,29,0,Stable,1,SMB,Basic,Latin America,Retail,48,11
CUST_03112,54.666666666666664,4.833333333333333,0.5,,,299.0,299,6,299,0,Stable,0,Enterprise,Pro,North America,E-commerce,1894,5
CUST_03113,14.0,0.0,,,,29.0,29,2,29,0,Stable,1,SMB,Basic,North America,Retail,28,1
CUST_03114,22.933333333333334,1.5333333333333334,0.25,,,29.0,29,15,29,0,Stable,1,SMB,Basic,North America,Education,34,14
CUST_03115,20.0,0.7142857142857143,1.0,,,99.0,99,7,99,0,Stable,1,SMB,Pro,Asia-Pacific,Technology,25,6
CUST_03116,24.416666666666668,1.5,0.5,,,99.0,99,12,99,0,Stable,1,SMB,Pro,North America,Retail,20,11
CUST_03117,24.88888888888889,1.5555555555555556,0.5,,,29.0,29,18,29,0,Stable,1,SMB,Basic,Asia-Pacific,Education,34,17
CUST_03118,66.72222222222223,9.11111111111111,0.55,,,999.0,999,18,999,0,Stable,0,Enterprise,Enterprise,Europe,Retail,3379,17
CUST_03119,76.52380952380952,7.619047619047619,0.9285714285714286,8.0,25.0,299.0,299,21,299,0,Stable,0,Enterprise,Pro,Asia-Pacific,E-commerce,2391,20
CUST_03120,41.904761904761905,4.380952380952381,0.625,,,199.0,199,21,199,0,Stable,1,Mid-market,Pro,North America,Finance,58,20
CUST_03121,20.375,1.875,0.25,,,29.0,29,8,29,0,Stable,1,SMB,Basic,Europe,Retail,36,7
CUST_03122,21.75,1.8333333333333333,0.1,,,99.0,99,12,99,0,Stable,1,SMB,Pro,Latin America,Healthcare,36,11
CUST_03123,65.66666666666667,6.333333333333333,0.8333333333333333,6.0,10.0,999.0,999,6,999,0,Stable,0,Enterprise,Enterprise,North America,Retail,4484,5
CUST_03124,24.076923076923077,2.3076923076923075,0.6666666666666666,,,29.0,29,13,29,0,Stable,1,SMB,Basic,Asia-Pacific,Healthcare,5,12
CUST_03125,13.666666666666666,0.3333333333333333,,,,29.0,29,3,29,0,Stable,1,SMB,Basic,North America,Technology,30,2
CUST_03126,23.041666666666668,2.0416666666666665,0.25,7.0,27.0,29.0,29,24,29,0,Stable,1,SMB,Basic,Europe,Education,22,23
CUST_03127,52.714285714285715,4.428571428571429,0.8333333333333333,,,99.0,99,7,99,0,Stable,1,Enterprise,Basic,North America,Technology,4930,6
CUST_03128,13.0,1.0,,,,29.0,29,3,29,0,Stable,1,SMB,Basic,North America,Technology,23,2
CUST_03129,26.875,1.5,0.5,7.666666666666667,22.333333333333332,29.0,29,16,29,0,Stable,1,SMB,Basic,Asia-Pacific,Healthcare,29,15
CUST_03130,35.75,4.875,0.5,,,499.0,499,8,499,0,Stable,1,Mid-market,Enterprise,North America,E-commerce,406,7
CUST_03131,24.9,1.95,0.16666666666666666,,,29.0,29,20,29,0,Stable,1,SMB,Basic,North America,E-commerce,43,19
CUST_03132,22.958333333333332,1.125,0.3,7.5,28.5,29.0,29,24,29,0,Stable,1,SMB,Basic,North America,Retail,24,23
CUST_03133,24.25,0.75,0.5,,,29.0,29,8,29,0,Stable,1,SMB,Basic,Latin America,Education,33,7
CUST_03134,37.0,4.117647058823529,0.375,,,199.0,199,17,199,0,Stable,1,Mid-market,Pro,North America,Retail,289,16
CUST_03135,36.0,3.0,0.0,,,499.0,499,6,499,0,Stable,1,Mid-market,Enterprise,Asia-Pacific,Finance,469,5
CUST_03136,16.833333333333332,1.5,0.0,,,99.0,99,6,99,0,Stable,1,SMB,Pro,North America,E-commerce,45,5
CUST_03137,16.333333333333332,0.3333333333333333,,,,29.0,29,3,29,0,Stable,1,SMB,Basic,Latin America,Finance,31,2
CUST_03138,12.0,0.3333333333333333,0.0,,,29.0,29,3,29,0,Stable,1,SMB,Basic,North America,Healthcare,46,2
CUST_03139,18.0,1.7142857142857142,0.5,,,29.0,29,7,29,0,Stable,1,SMB,Basic,Europe,Retail,43,6
CUST_03140,14.333333333333334,0.3333333333333333,,,,29.0,29,3,29,0,Stable,1,SMB,Basic,North America,Finance,2,2
CUST_03141,24.61111111111111,2.5,0.5,,,99.0,99,18,99,0,Stable,1,SMB,Pro,North America,Education,37,17
CUST_03142,24.22222222222222,1.6666666666666667,0.5,,,29.0,29,18,29,0,Stable,1,SMB,Basic,Latin America,Healthcare,42,17
CUST_03143,26.923076923076923,1.5384615384615385,0.25,,,29.0,29,13,29,0,Stable,1,SMB,Basic,North America,Education,44,12
CUST_03144,23.857142857142858,1.3571428571428572,0.6666666666666666,6.0,-1.0,29.0,29,14,29,0,Stable,1,SMB,Basic,Latin America,E-commerce,6,13
CUST_03145,25.95,1.65,1.0,,,29.0,29,20,29,0,Stable,1,SMB,Basic,Europe,E-commerce,8,19
CUST_03146,23.357142857142858,1.2857142857142858,0.5,,,29.0,29,14,29,0,Stable,1,SMB,Basic,Europe,Retail,20,13
CUST_03147,28.0,0.0,,,,199.0,199,1,199,0,Stable,1,Mid-market,Pro,North America,Retail,206,0
CUST_03148,29.25,1.1875,0.3333333333333333,,,29.0,29,16,29,0,Stable,1,SMB,Basic,North America,Healthcare,33,15
CUST_03149,5.0,1.0,0.5,,,29.0,29,2,29,0,Stable,1,SMB,Basic,Europe,E-commerce,5,1
CUST_03150,41.4,3.35,0.0,8.0,49.0,199.0,199,20,199,0,Stable,1,Mid-market,Pro,Europe,E-commerce,305,19
CUST_03151,11.333333333333334,0.3333333333333333,0.5,,,299.0,299,3,299,0,Stable,1,SMB,Enterprise,North America,Technology,18,2
CUST_03152,25.77777777777778,2.0,0.6666666666666666,8.0,33.0,29.0,29,9,29,0,Stable,1,SMB,Basic,Europe,Retail,7,8
CUST_03153,16.833333333333332,1.3333333333333333,0.0,,,299.0,299,6,299,0,Stable,1,SMB,Enterprise,North America,Education,36,5
CUST_03154,43.11764705882353,3.7058823529411766,0.3333333333333333,7.0,25.0,199.0,199,17,199,0,Stable,1,Mid-market,Pro,Europe,Finance,425,16
CUST_03155,42.09090909090909,3.590909090909091,0.6666666666666666,7.0,16.0,199.0,199,22,199,0,Stable,1,Mid-market,Pro,Latin America,Finance,405,21
CUST_03156,16.333333333333332,1.1666666666666667,0.0,,,29.0,29,6,29,0,Stable,1,SMB,Basic,Latin America,Retail,25,5
CUST_03157,20.2,0.8,0.5,8.0,42.0,29.0,29,10,29,0,Stable,1,SMB,Basic,Latin America,Education,3,9
CUST_03158,11.666666666666666,0.6666666666666666,0.0,,,29.0,29,3,29,0,Stable,1,SMB,Basic,North America,Retail,41,2
CUST_03159,63.529411764705884,8.705882352941176,0.5,9.0,6.0,999.0,999,17,999,0,Stable,0,Enterprise,Enterprise,Europe,Finance,2661,16
CUST_03160,20.75,1.75,0.25,,,29.0,29,8,29,0,Stable,1,SMB,Basic,Europe,E-commerce,46,7
CUST_03161,70.375,6.75,0.625,,,299.0,299,16,299,0,Stable,0,Enterprise,Pro,North America,Finance,3692,15
CUST_03162,43.75,4.6875,0.6,,,199.0,199,16,199,0,Stable,1,Mid-market,Pro,North America,Technology,269,15
CUST_03163,63.411764705882355,7.411764705882353,0.7333333333333333,10.0,47.0,999.0,999,17,999,0,Stable,0,Enterprise,Enterprise,Europe,Technology,3824,16
CUST_03164,27.3,1.9,0.5,8.0,63.0,99.0,99,10,99,0,Stable,1,SMB,Pro,Europe,Retail,27,9
CUST_03165,79.0,5.647058823529412,0.8571428571428571,,,99.0,99,17,99,0,Stable,0,Enterprise,Basic,Europe,E-commerce,3082,16
CUST_03166,43.833333333333336,5.0,0.5,6.0,18.0,999.0,999,6,999,0,Stable,0,Enterprise,Enterprise,North America,Education,3353,5
CUST_03167,29.266666666666666,1.7333333333333334,0.5,7.0,14.0,299.0,299,15,299,0,Stable,1,SMB,Enterprise,Europe,Finance,22,14
CUST_03168,27.0,1.0,,,,99.0,99,1,99,0,Stable,1,SMB,Pro,Europe,Finance,3,0
CUST_03169,21.5,1.9166666666666667,0.0,,,299.0,299,12,299,0,Stable,1,SMB,Enterprise,Latin America,E-commerce,42,11
CUST_03170,26.0,1.75,0.0,,,99.0,99,8,99,0,Stable,1,SMB,Pro,Latin America,Healthcare,3,7
CUST_03171,32.142857142857146,3.0,0.6666666666666666,,,199.0,199,7,199,0,Stable,1,Mid-market,Pro,North America,Finance,464,6
CUST_03172,16.0,2.0,,,,29.0,29,1,29,0,Stable,1,SMB,Basic,Asia-Pacific,E-commerce,46,0
CUST_03173,25.9375,2.0,0.0,,,299.0,299,16,299,0,Stable,1,SMB,Enterprise,Europe,Retail,13,15
CUST_03174,42.0,2.875,0.75,8.0,43.0,49.0,49,8,49,0,Stable,1,Mid-market,Basic,Europe,Technology,183,7
CUST_03175,21.0,4.0,,,,199.0,199,1,199,0,Stable,1,Mid-market,Pro,North America,E-commerce,161,0
CUST_03176,17.75,1.375,1.0,,,299.0,299,8,299,0,Stable,1,SMB,Enterprise,Asia-Pacific,Education,49,7
CUST_03177,29.4,1.4666666666666666,0.75,,,99.0,99,15,99,0,Stable,1,SMB,Pro,North America,E-commerce,39,14
CUST_03178,21.76923076923077,1.7692307692307692,1.0,,,99.0,99,13,99,0,Stable,1,SMB,Pro,North America,Retail,15,12
CUST_03179,6.0,1.0,,,,99.0,99,2,99,0,Stable,1,SMB,Pro,Asia-Pacific,Technology,38,1
CUST_03180,59.77777777777778,7.777777777777778,1.0,8.0,36.0,99.0,99,18,99,0,Stable,0,Enterprise,Basic,Asia-Pacific,Retail,4976,17
CUST_03181,56.142857142857146,8.0,0.6666666666666666,,,999.0,999,7,999,0,Stable,0,Enterprise,Enterprise,North America,Education,1044,6
CUST_03182,10.0,0.0,,,,29.0,29,1,29,0,Stable,1,SMB,Basic,Europe,Finance,2,0
CUST_03183,26.692307692307693,1.3846153846153846,0.25,,,29.0,29,13,29,0,Stable,1,SMB,Basic,North America,E-commerce,15,12
CUST_03184,20.25,1.25,0.0,,,29.0,29,4,29,0,Stable,1,SMB,Basic,Latin America,Healthcare,38,3
CUST_03185,17.285714285714285,1.7142857142857142,0.0,,,29.0,29,7,29,0,Stable,1,SMB,Basic,North America,Technology,5,6
CUST_03186,61.857142857142854,5.571428571428571,0.5,,,299.0,299,7,299,0,Stable,0,Enterprise,Pro,Europe,Finance,3280,6
CUST_03187,17.666666666666668,1.0,,,,499.0,499,3,499,0,Stable,1,Mid-market,Enterprise,Asia-Pacific,Technology,495,2
CUST_03188,15.0,1.0,,,,29.0,29,2,29,0,Stable,1,SMB,Basic,Latin America,Healthcare,45,1
CUST_03189,15.5,1.5,,,,29.0,29,2,29,0,Stable,1,SMB,Basic,Europe,Education,30,1
CUST_03190,24.09090909090909,1.0,1.0,,,29.0,29,11,29,0,Stable,1,SMB,Basic,North America,Finance,40,10
CUST_03191,39.15384615384615,3.3076923076923075,0.8,7.0,28.0,49.0,49,13,49,0,Stable,1,Mid-market,Basic,North America,Healthcare,104,12
CUST_03192,34.5,3.1666666666666665,0.5,,,199.0,199,6,199,0,Stable,1,Mid-market,Pro,Latin America,Education,414,5
CUST_03193,27.555555555555557,1.6666666666666667,1.0,,,29.0,29,9,29,0,Stable,1,SMB,Basic,Asia-Pacific,Education,31,8
CUST_03194,74.0909090909091,6.454545454545454,0.7272727272727273,8.0,35.0,299.0,299,22,299,0,Stable,0,Enterprise,Pro,Europe,Education,732,21
CUST_03195,44.45454545454545,3.090909090909091,0.0,,,49.0,49,11,49,0,Stable,1,Mid-market,Basic,Asia-Pacific,Technology,162,10
CUST_03196,59.90909090909091,6.181818181818182,0.6666666666666666,,,999.0,999,11,999,0,Stable,0,Enterprise,Enterprise,Europe,Healthcare,2260,10
CUST_03197,66.28571428571429,6.428571428571429,0.75,,,999.0,999,7,999,0,Stable,0,Enterprise,Enterprise,Latin America,Finance,1474,6
CUST_03198,27.333333333333332,2.25,0.75,,,99.0,99,12,99,0,Stable,1,SMB,Pro,Asia-Pacific,E-commerce,32,11
CUST_03199,67.85714285714286,6.142857142857143,1.0,8.0,27.0,999.0,999,7,999,0,Stable,0,Enterprise,Enterprise,North America,Healthcare,4599,6
CUST_03200,23.75,1.5,0.0,,,29.0,29,8,29,0,Stable,1,SMB,Basic,Europe,E-commerce,42,7
CUST_03201,22.0,1.6666666666666667,0.0,,,29.0,29,6,29,0,Stable,1,SMB,Basic,North America,Education,42,5
CUST_03202,16.0,1.0,1.0,,,199.0,199,3,199,0,Stable,1,Mid-market,Pro,Europe,Healthcare,267,2
CUST_03203,27.3,1.3,,6.0,26.0,29.0,29,10,29,0,Stable,1,SMB,Basic,North America,Retail,13,9
CUST_03204,24.11111111111111,1.3333333333333333,0.5,,,29.0,29,9,29,0,Stable,1,SMB,Basic,Latin America,Education,17,8
CUST_03205,18.25,1.75,0.0,,,29.0,29,4,29,0,Stable,1,SMB,Basic,Europe,Technology,6,3
CUST_03206,20.583333333333332,1.4166666666666667,0.1111111111111111,7.0,7.0,29.0,29,12,29,0,Stable,1,SMB,Basic,North America,Healthcare,10,11
CUST_03207,41.0,3.6666666666666665,0.3333333333333333,7.5,8.5,49.0,49,15,49,0,Stable,1,Mid-market,Basic,North America,Finance,396,14
CUST_03208,71.66666666666667,6.555555555555555,1.0,,,999.0,999,9,999,0,Stable,0,Enterprise,Enterprise,Europe,Finance,1441,8
CUST_03209,24.0,3.25,1.0,,,299.0,299,4,299,0,Stable,1,Enterprise,Pro,Europe,E-commerce,4386,3
CUST_03210,39.95454545454545,3.6363636363636362,0.5714285714285714,,,49.0,49,22,49,0,Stable,1,Mid-market,Basic,Asia-Pacific,Healthcare,90,21
CUST_03211,28.142857142857142,1.8571428571428572,0.6666666666666666,7.25,16.5,29.0,29,21,29,0,Stable,1,SMB,Basic,North America,Education,23,19
CUST_03212,15.0,2.5,,,,29.0,29,2,29,0,Stable,1,SMB,Basic,Asia-Pacific,Retail,21,1
CUST_03213,19.0,0.75,,,,29.0,29,4,29,0,Stable,1,SMB,Basic,North America,E-commerce,14,3
CUST_03214,44.0,7.0,,,,99.0,99,1,99,0,Stable,1,Enterprise,Basic,Asia-Pacific,Technology,2551,0
CUST_03215,30.125,1.75,0.5,,,99.0,99,8,99,0,Stable,1,SMB,Pro,Europe,Retail,31,7
CUST_03216,17.75,1.75,,,,99.0,99,4,99,0,Stable,1,SMB,Pro,Latin America,Technology,33,3
CUST_03217,40.541666666666664,3.375,0.6428571428571429,,,499.0,499,24,499,0,Stable,0,Mid-market,Enterprise,North America,E-commerce,322,23
CUST_03218,29.0,2.1666666666666665,0.0,,,49.0,49,6,49,0,Stable,1,Mid-market,Basic,North America,Education,198,5
CUST_03219,40.26315789473684,3.210526315789474,0.5,,,199.0,199,19,199,0,Stable,1,Mid-market,Pro,Latin America,Education,394,18
CUST_03220,16.0,1.5,,,,99.0,99,2,99,0,Stable,1,SMB,Pro,Europe,Healthcare,31,1
CUST_03221,42.0,6.0,1.0,,,999.0,999,2,999,0,Stable,0,Enterprise,Enterprise,Asia-Pacific,Technology,2984,1
CUST_03222,35.76923076923077,3.230769230769231,0.5,,,49.0,49,13,49,0,Stable,1,Mid-market,Basic,North America,E-commerce,273,12
CUST_03223,71.75,6.791666666666667,0.65,,,299.0,299,24,299,0,Stable,0,Enterprise,Pro,North America,E-commerce,3774,23
CUST_03224,23.0625,2.0625,0.5,,,29.0,29,16,29,0,Stable,1,SMB,Basic,Asia-Pacific,Education,5,15
CUST_03225,21.5,1.5,,6.0,27.0,499.0,499,2,499,0,Stable,1,Mid-market,Enterprise,Asia-Pacific,Technology,124,1
CUST_03226,20.5,1.7,0.5,,,99.0,99,10,99,0,Stable,1,SMB,Pro,Asia-Pacific,Finance,12,9
CUST_03227,20.428571428571427,2.5714285714285716,0.0,,,29.0,29,7,29,0,Stable,1,SMB,Basic,Asia-Pacific,Healthcare,9,6
CUST_03228,23.058823529411764,1.2941176470588236,0.25,,,99.0,99,17,99,0,Stable,1,SMB,Pro,North America,Finance,23,16
CUST_03229,39.333333333333336,3.1666666666666665,0.5,,,199.0,199,6,199,0,Stable,1,Mid-market,Pro,North America,E-commerce,280,5
CUST_03230,23.0,1.0,,,,99.0,99,1,99,0,Stable,1,SMB,Pro,Asia-Pacific,Education,19,0
CUST_03231,25.916666666666668,2.0,0.5,,,29.0,29,12,29,0,Stable,1,SMB,Basic,North America,Finance,36,11
CUST_03232,65.45454545454545,8.0,0.5,8.0,35.0,999.0,999,11,999,0,Stable,0,Enterprise,Enterprise,Latin America,Retail,720,10
CUST_03233,24.166666666666668,2.0,0.5,,,99.0,99,6,99,0,Stable,1,SMB,Pro,Latin America,Finance,34,5
CUST_03234,28.0,1.5,,,,199.0,199,2,199,0,Stable,1,Mid-market,Pro,North America,Education,496,1
CUST_03235,27.0,1.1363636363636365,0.6,,,29.0,29,22,29,0,Stable,1,SMB,Basic,North America,Finance,22,21
CUST_03236,47.142857142857146,3.642857142857143,0.4166666666666667,,,199.0,199,14,199,0,Stable,1,Mid-market,Pro,Latin America,E-commerce,376,13
CUST_03237,40.166666666666664,2.9166666666666665,0.6666666666666666,,,49.0,49,12,49,0,Stable,1,Mid-market,Basic,North America,Technology,179,11
CUST_03238,20.0,4.0,,,,49.0,49,2,49,0,Stable,1,Mid-market,Basic,Europe,Retail,399,1
CUST_03239,18.333333333333332,0.6666666666666666,,,,29.0,29,3,29,0,Stable,1,SMB,Basic,North America,Technology,38,2
CUST_03240,20.3,1.8,,,,99.0,99,10,99,0,Stable,1,SMB,Pro,North America,Technology,2,9
CUST_03241,68.92307692307692,7.615384615384615,,9.0,39.5,999.0,999,13,999,0,Stable,0,Enterprise,Enterprise,North America,Healthcare,3387,12
CUST_03242,19.0,1.5,,,,29.0,29,2,29,0,Stable,1,SMB,Basic,North America,Technology,31,1
CUST_03243,45.05882352941177,3.6470588235294117,0.5,,,499.0,499,17,499,0,Stable,0,Mid-market,Enterprise,Latin America,Technology,259,16
CUST_03244,14.666666666666666,1.6666666666666667,1.0,,,29.0,29,3,29,0,Stable,1,SMB,Basic,Europe,Healthcare,2,2
CUST_03245,19.857142857142858,0.7142857142857143,0.0,,,29.0,29,7,29,0,Stable,1,SMB,Basic,North America,Technology,15,6
CUST_03246,22.0,1.5,,,,29.0,29,2,29,0,Stable,1,SMB,Basic,North America,Retail,30,1
CUST_03247,54.0,8.333333333333334,,,,999.0,999,3,999,0,Stable,0,Enterprise,Enterprise,Asia-Pacific,E-commerce,2791,2
CUST_03248,22.555555555555557,2.0,0.0,,,99.0,99,9,99,0,Stable,1,SMB,Pro,North America,Healthcare,18,8
CUST_03249,19.714285714285715,2.4285714285714284,,,,99.0,99,7,99,0,Stable,1,SMB,Pro,North America,Finance,11,6
CUST_03250,21.8,1.4,,,,29.0,29,5,29,0,Stable,1,SMB,Basic,Asia-Pacific,Healthcare,32,4
CUST_03251,36.72727272727273,3.6363636363636362,0.8571428571428571,,,49.0,49,11,49,0,Stable,1,Mid-market,Basic,Europe,Retail,199,10
CUST_03252,69.29166666666667,7.958333333333333,0.7142857142857143,,,299.0,299,24,299,0,Stable,0,Enterprise,Pro,Europe,Retail,1182,23
CUST_03253,16.0,1.0,1.0,,,29.0,29,4,29,0,Stable,1,SMB,Basic,Asia-Pacific,Technology,28,3
CUST_03254,18.6,1.6,0.25,,,29.0,29,10,29,0,Stable,1,SMB,Basic,Asia-Pacific,Technology,22,9
CUST_03255,16.0,1.5,,,,29.0,29,2,29,0,Stable,1,SMB,Basic,Latin America,Technology,28,1
CUST_03256,45.18181818181818,3.909090909090909,0.5,,,499.0,499,11,499,0,Stable,0,Mid-market,Enterprise,North America,Education,124,10
CUST_03257,24.41176470588235,1.5294117647058822,0.25,,,29.0,29,17,29,0,Stable,1,SMB,Basic,Asia-Pacific,Education,43,16
CUST_03258,36.0,4.0,0.5,,,199.0,199,7,199,0,Stable,1,Mid-market,Pro,North America,Education,100,6
CUST_03259,34.0,2.5,1.0,8.0,18.0,199.0,199,6,199,0,Stable,1,Mid-market,Pro,Asia-Pacific,Education,280,5
CUST_03260,56.416666666666664,6.916666666666667,0.625,9.0,24.0,999.0,999,12,999,0,Stable,0,Enterprise,Enterprise,Asia-Pacific,Healthcare,4129,11
CUST_03261,21.75,2.0,0.3333333333333333,,,29.0,29,8,29,0,Stable,1,SMB,Basic,North America,Technology,4,7
CUST_03262,23.2,1.2,0.3333333333333333,,,99.0,99,10,99,0,Stable,1,SMB,Pro,Latin America,Technology,44,9
CUST_03263,18.5,2.5,,,,29.0,29,6,29,0,Stable,1,SMB,Basic,North America,Technology,27,5
CUST_03264,27.583333333333332,1.8333333333333333,0.0,,,29.0,29,12,29,0,Stable,1,SMB,Basic,North America,Education,21,11
CUST_03265,27.285714285714285,1.4285714285714286,0.0,,,29.0,29,14,29,0,Stable,1,SMB,Basic,North America,Retail,29,13
CUST_03266,43.45454545454545,3.727272727272727,0.5,,,49.0,49,11,49,0,Stable,1,Mid-market,Basic,Latin America,Technology,323,10
CUST_03267,40.470588235294116,4.117647058823529,0.6666666666666666,,,199.0,199,17,199,0,Stable,1,Mid-market,Pro,North America,E-commerce,53,16
CUST_03268,26.0,1.5555555555555556,0.0,,,29.0,29,9,29,0,Stable,1,SMB,Basic,North America,Education,44,8
CUST_03269,28.047619047619047,1.7619047619047619,0.625,7.0,29.0,29.0,29,21,29,0,Stable,1,SMB,Basic,Europe,Healthcare,15,20
CUST_03270,20.4,1.6,1.0,,,29.0,29,10,29,0,Stable,1,SMB,Basic,North America,Retail,24,9
CUST_03271,20.2,1.8,,,,29.0,29,5,29,0,Stable,1,SMB,Basic,Europe,Education,13,4
CUST_03272,24.0,1.8,0.625,4.0,5.0,29.0,29,10,29,0,Stable,1,SMB,Basic,Latin America,Healthcare,31,9
CUST_03273,35.55555555555556,3.4444444444444446,0.4,,,499.0,499,9,499,0,Stable,1,Mid-market,Enterprise,Europe,Technology,207,8
CUST_03274,53.13333333333333,6.6,0.9285714285714286,,,999.0,999,15,999,0,Stable,0,Enterprise,Enterprise,North America,Education,2202,14
CUST_03275,28.0,2.8333333333333335,0.0,,,199.0,199,6,199,0,Stable,1,Mid-market,Pro,North America,E-commerce,401,5
CUST_03276,31.0,1.6666666666666667,0.0,,,199.0,199,6,199,0,Stable,1,Mid-market,Pro,North America,Technology,289,5
CUST_03277,24.5,0.0,,5.0,-15.0,29.0,29,2,29,0,Stable,1,SMB,Basic,Latin America,Finance,15,1
CUST_03278,18.5,1.625,,6.0,27.0,29.0,29,8,29,0,Stable,1,SMB,Basic,Asia-Pacific,Healthcare,22,7
CUST_03279,21.692307692307693,1.5384615384615385,0.0,,,99.0,99,13,99,0,Stable,1,SMB,Pro,Europe,Technology,38,12
CUST_03280,60.25,6.75,0.75,10.0,52.0,999.0,999,8,999,0,Stable,0,Enterprise,Enterprise,Latin America,E-commerce,1584,7
CUST_03281,42.36363636363637,3.909090909090909,1.0,,,499.0,499,11,499,0,Stable,0,Mid-market,Enterprise,Asia-Pacific,Technology,280,10
CUST_03282,62.90909090909091,7.909090909090909,1.0,,,999.0,999,11,999,0,Stable,0,Enterprise,Enterprise,North America,Retail,4835,10
CUST_03283,39.4,2.2,0.16666666666666666,,,49.0,49,5,49,0,Stable,1,Mid-market,Basic,Asia-Pacific,Finance,498,4
CUST_03284,33.35294117647059,4.0,0.4,8.0,24.0,49.0,49,17,49,0,Stable,1,Mid-market,Basic,Latin America,Retail,386,16
CUST_03285,66.9047619047619,7.9523809523809526,0.75,,,999.0,999,21,999,0,Stable,0,Enterprise,Enterprise,Europe,Healthcare,4867,20
CUST_03286,17.571428571428573,1.5714285714285714,,,,29.0,29,7,29,0,Stable,1,SMB,Basic,Asia-Pacific,Healthcare,21,6
CUST_03287,26.666666666666668,1.3333333333333333,0.0,5.0,-26.0,29.0,29,12,29,0,Stable,1,SMB,Basic,Asia-Pacific,E-commerce,3,11
CUST_03288,16.2,1.4,,,,29.0,29,5,29,0,Stable,1,SMB,Basic,North America,Finance,10,4
CUST_03289,65.36363636363636,7.636363636363637,0.75,,,999.0,999,11,999,0,Stable,0,Enterprise,Enterprise,North America,Retail,854,10
CUST_03290,19.2,0.8,0.0,,,29.0,29,5,29,0,Stable,1,SMB,Basic,North America,Education,26,4
CUST_03291,16.0,0.5,,,,99.0,99,2,99,0,Stable,1,SMB,Pro,North America,Healthcare,40,1
CUST_03292,22.8,1.5,0.0,,,29.0,29,10,29,0,Stable,1,SMB,Basic,Latin America,Retail,36,9
CUST_03293,23.88888888888889,1.5555555555555556,,,,29.0,29,9,29,0,Stable,1,SMB,Basic,Europe,E-commerce,35,8
CUST_03294,45.0,3.869565217391304,0.5,,,49.0,49,23,49,0,Stable,1,Mid-market,Basic,Asia-Pacific,E-commerce,138,22
CUST_03295,24.0,1.5,1.0,,,99.0,99,14,99,0,Stable,1,SMB,Pro,Europe,Technology,44,13
CUST_03296,28.68421052631579,1.4210526315789473,0.5,6.0,3.0,29.0,29,19,29,0,Stable,1,SMB,Basic,North America,Retail,31,18
CUST_03297,28.545454545454547,1.8181818181818181,0.5,,,29.0,29,22,29,0,Stable,1,SMB,Basic,North America,Technology,4,21
CUST_03298,26.82608695652174,1.4782608695652173,0.5,6.0,-5.0,29.0,29,23,29,0,Stable,1,SMB,Basic,Asia-Pacific,Healthcare,18,22
CUST_03299,46.642857142857146,3.4285714285714284,0.8333333333333334,,,49.0,49,14,49,0,Stable,1,Mid-market,Basic,Europe,Technology,179,13
CUST_03300,28.25,2.75,0.5,,,49.0,49,4,49,0,Stable,1,Mid-market,Basic,North America,Healthcare,63,3
CUST_03301,41.5,3.590909090909091,0.2857142857142857,,,199.0,199,22,199,0,Stable,1,Mid-market,Pro,Latin America,E-commerce,193,21
CUST_03302,18.428571428571427,1.5714285714285714,0.5,,,99.0,99,7,99,0,Stable,1,SMB,Pro,Latin America,Healthcare,7,6
CUST_03303,22.125,1.5,0.25,,,29.0,29,8,29,0,Stable,1,SMB,Basic,North America,Finance,20,7
CUST_03304,20.666666666666668,1.8888888888888888,,6.0,-11.0,29.0,29,9,29,0,Stable,1,SMB,Basic,North America,Technology,42,8
CUST_03305,24.6,2.8,0.0,,,29.0,29,10,29,0,Stable,1,SMB,Basic,Asia-Pacific,E-commerce,2,9
CUST_03306,24.4,2.4,0.0,,,49.0,49,5,49,0,Stable,1,Mid-market,Basic,North America,E-commerce,149,4
CUST_03307,24.80952380952381,2.0,0.125,,,29.0,29,21,29,0,Stable,1,SMB,Basic,North America,Healthcare,30,20
CUST_03308,22.0,0.6666666666666666,0.25,,,29.0,29,3,29,0,Stable,1,SMB,Basic,Asia-Pacific,E-commerce,48,2
CUST_03309,18.666666666666668,0.6666666666666666,,,,99.0,99,3,99,0,Stable,1,SMB,Pro,Latin America,Healthcare,19,2
CUST_03310,21.77777777777778,1.5555555555555556,1.0,,,29.0,29,9,29,0,Stable,1,SMB,Basic,North America,Healthcare,23,8
CUST_03311,29.857142857142858,2.142857142857143,0.25,,,499.0,499,7,499,0,Stable,1,Mid-market,Enterprise,Asia-Pacific,Finance,215,6
CUST_03312,22.3,1.8,1.0,,,99.0,99,10,99,0,Stable,1,SMB,Pro,North America,E-commerce,20,9
CUST_03313,64.6,7.6,0.5,8.0,41.0,299.0,299,15,299,0,Stable,0,Enterprise,Pro,Latin America,E-commerce,3704,14
CUST_03314,24.454545454545453,1.5454545454545454,0.5,,,29.0,29,11,29,0,Stable,1,SMB,Basic,Europe,Technology,23,10
CUST_03315,12.25,1.25,,,,29.0,29,4,29,0,Stable,1,SMB,Basic,North America,E-commerce,11,3
CUST_03316,24.75,2.75,0.0,,,99.0,99,8,99,0,Stable,1,SMB,Pro,North America,Healthcare,38,7
CUST_03317,33.833333333333336,3.2777777777777777,0.3333333333333333,9.0,41.0,49.0,49,18,49,0,Stable,1,Mid-market,Basic,Europe,Technology,478,17
CUST_03318,48.5,5.75,1.0,,,299.0,299,4,299,0,Stable,0,Enterprise,Pro,Europe,Healthcare,2451,3
CUST_03319,26.285714285714285,2.857142857142857,0.5,7.0,31.0,199.0,199,7,199,0,Stable,1,Mid-market,Pro,Asia-Pacific,E-commerce,97,6
CUST_03320,27.0,1.6666666666666667,0.5,,,29.0,29,9,29,0,Stable,1,SMB,Basic,Europe,Retail,19,8
CUST_03321,53.166666666666664,5.666666666666667,1.0,,,999.0,999,6,999,0,Stable,0,Enterprise,Enterprise,Latin America,Technology,3554,5
CUST_03322,29.333333333333332,4.5,0.3333333333333333,,,499.0,499,6,499,0,Stable,1,Mid-market,Enterprise,Latin America,Education,170,5
CUST_03323,24.25,1.5,1.0,,,99.0,99,4,99,0,Stable,1,SMB,Pro,Europe,Technology,46,3
CUST_03324,39.86666666666667,2.8,0.6666666666666666,7.5,5.5,49.0,49,15,49,0,Stable,1,Mid-market,Basic,Latin America,E-commerce,365,14
CUST_03325,17.6,1.4,,,,29.0,29,5,29,0,Stable,1,SMB,Basic,Europe,Finance,30,4
CUST_03326,25.263157894736842,1.5789473684210527,0.25,8.0,30.0,29.0,29,19,29,0,Stable,1,SMB,Basic,North America,Education,17,18
CUST_03327,17.0,1.6,0.0,,,29.0,29,5,29,0,Stable,1,SMB,Basic,Latin America,E-commerce,45,4
CUST_03328,20.8,1.8,0.6666666666666666,,,299.0,299,10,299,0,Stable,1,SMB,Enterprise,Europe,Healthcare,6,9
CUST_03329,17.5,1.5,1.0,,,99.0,99,2,99,0,Stable,1,SMB,Pro,North America,Finance,9,1
CUST_03330,20.0,0.6666666666666666,,,,29.0,29,3,29,0,Stable,1,SMB,Basic,Europe,Education,14,2
CUST_03331,15.0,1.0,,,,29.0,29,2,29,0,Stable,1,SMB,Basic,Asia-Pacific,Education,34,1
CUST_03332,21.818181818181817,1.5454545454545454,0.3333333333333333,,,29.0,29,11,29,0,Stable,1,SMB,Basic,North America,Technology,4,10
CUST_03333,22.625,1.875,0.3333333333333333,,,99.0,99,8,99,0,Stable,1,SMB,Pro,Asia-Pacific,Healthcare,4,7
CUST_03334,22.833333333333332,1.3333333333333333,0.0,,,29.0,29,6,29,0,Stable,1,SMB,Basic,North America,Finance,9,5
CUST_03335,36.2,3.15,1.0,,,49.0,49,20,49,0,Stable,1,Mid-market,Basic,North America,Finance,384,19
CUST_03336,28.857142857142858,1.4285714285714286,,,,99.0,99,7,99,0,Stable,1,SMB,Pro,Asia-Pacific,E-commerce,17,6
CUST_03337,44.6,3.2,0.0,,,299.0,299,5,299,0,Stable,1,Enterprise,Pro,Asia-Pacific,Technology,3876,4
CUST_03338,47.07692307692308,3.230769230769231,0.3333333333333333,,,499.0,499,13,499,0,Stable,1,Mid-market,Enterprise,North America,Retail,194,12
CUST_03339,22.1,1.3,0.5,,,29.0,29,10,29,0,Stable,1,SMB,Basic,Latin America,E-commerce,30,9
CUST_03340,24.5,1.0,,,,99.0,99,2,99,0,Stable,1,SMB,Pro,Asia-Pacific,Healthcare,39,1
CUST_03341,19.0,1.4285714285714286,,,,29.0,29,7,29,0,Stable,1,SMB,Basic,North America,Education,43,6
CUST_03342,13.8,1.4,0.5,,,29.0,29,5,29,0,Stable,1,SMB,Basic,Europe,Retail,16,4
CUST_03343,24.666666666666668,1.7142857142857142,0.4,8.0,38.0,29.0,29,21,29,0,Stable,1,SMB,Basic,Asia-Pacific,Healthcare,43,20
CUST_03344,15.8,1.2,0.0,,,29.0,29,5,29,0,Stable,1,SMB,Basic,Asia-Pacific,Technology,26,4
CUST_03345,62.6,6.933333333333334,1.0,,,299.0,299,15,299,0,Stable,0,Enterprise,Pro,Latin America,Education,2578,14
CUST_03346,28.142857142857142,1.5714285714285714,0.0,,,29.0,29,7,29,0,Stable,1,SMB,Basic,North America,Technology,38,6
CUST_03347,63.833333333333336,6.5,0.75,,,299.0,299,6,299,0,Stable,0,Enterprise,Pro,Europe,Healthcare,1356,5
CUST_03348,63.73684210526316,7.421052631578948,1.0,9.0,53.5,999.0,999,19,999,0,Stable,0,Enterprise,Enterprise,Latin America,Finance,3991,18
CUST_03349,84.7,6.1,0.7777777777777778,7.0,13.0,99.0,99,20,99,0,Stable,0,Enterprise,Basic,Europe,Technology,4165,19
CUST_03350,18.666666666666668,1.3333333333333333,,,,299.0,299,3,299,0,Stable,1,SMB,Enterprise,Europe,E-commerce,11,2
CUST_03351,71.47368421052632,7.157894736842105,0.7222222222222222,8.0,6.0,999.0,999,19,999,0,Stable,0,Enterprise,Enterprise,Europe,Retail,1759,18
CUST_03352,17.333333333333332,0.3333333333333333,,,,29.0,29,3,29,0,Stable,1,SMB,Basic,North America,Education,38,2
CUST_03353,22.0,1.7777777777777777,0.3333333333333333,,,29.0,29,9,29,0,Stable,1,SMB,Basic,North America,Technology,9,8
CUST_03354,23.22222222222222,1.1111111111111112,1.0,,,29.0,29,9,29,0,Stable,1,SMB,Basic,Europe,Technology,7,8
CUST_03355,18.2,1.2,,,,99.0,99,5,99,0,Stable,1,SMB,Pro,North America,Technology,48,4
CUST_03356,58.5,8.11111111111111,0.8333333333333334,9.0,30.0,99.0,99,18,99,0,Stable,0,Enterprise,Basic,Europe,Finance,4845,17
CUST_03357,30.5,4.75,,,,999.0,999,4,999,0,Stable,0,Enterprise,Enterprise,Latin America,Education,2325,3
CUST_03358,25.166666666666668,1.8333333333333333,0.0,,,29.0,29,12,29,0,Stable,1,SMB,Basic,Europe,Healthcare,4,11
CUST_03359,41.44444444444444,4.0,1.0,,,199.0,199,9,199,0,Stable,1,Mid-market,Pro,Asia-Pacific,Technology,73,8
CUST_03360,41.708333333333336,4.25,0.875,8.0,35.0,199.0,199,24,199,0,Stable,0,Mid-market,Pro,North America,Healthcare,119,23
CUST_03361,18.5,0.0,,,,29.0,29,2,29,0,Stable,1,SMB,Basic,Europe,Education,13,1
CUST_03362,27.0,1.75,0.0,,,29.0,29,16,29,0,Stable,1,SMB,Basic,North America,Technology,34,15
CUST_03363,39.142857142857146,3.5714285714285716,0.7,,,499.0,499,21,499,0,Stable,0,Mid-market,Enterprise,North America,Technology,184,20
CUST_03364,39.44444444444444,3.111111111111111,0.0,7.0,21.5,49.0,49,9,49,0,Stable,1,Mid-market,Basic,Europe,Retail,163,8
CUST_03365,24.125,1.5,,,,29.0,29,8,29,0,Stable,1,SMB,Basic,Asia-Pacific,Education,10,7
CUST_03366,10.0,0.0,,,,29.0,29,2,29,0,Stable,1,SMB,Basic,Asia-Pacific,Healthcare,33,1
CUST_03367,23.454545454545453,2.0,0.3333333333333333,,,29.0,29,22,29,0,Stable,1,SMB,Basic,Europe,Education,34,21
CUST_03368,17.25,1.0,0.0,,,99.0,99,4,99,0,Stable,1,SMB,Pro,Asia-Pacific,E-commerce,33,3
CUST_03369,25.77777777777778,1.6666666666666667,,,,29.0,29,9,29,0,Stable,1,SMB,Basic,Asia-Pacific,Technology,38,8
CUST_03370,40.125,4.4375,0.6666666666666666,,,499.0,499,16,499,0,Stable,0,Mid-market,Enterprise,North America,Healthcare,322,15
CUST_03371,21.375,1.25,0.0,,,29.0,29,8,29,0,Stable,1,SMB,Basic,North America,E-commerce,36,7
CUST_03372,45.833333333333336,3.5,0.5769230769230769,,,49.0,49,24,49,0,Stable,1,Mid-market,Basic,Asia-Pacific,Technology,399,23
CUST_03373,24.666666666666668,3.6666666666666665,,,,199.0,199,3,199,0,Stable,1,Mid-market,Pro,Asia-Pacific,Retail,323,2
CUST_03374,30.0,1.1428571428571428,1.0,,,299.0,299,7,299,0,Stable,1,SMB,Enterprise,Europe,Technology,5,6
CUST_03375,13.6,1.4,0.5,,,99.0,99,5,99,0,Stable,1,SMB,Pro,North America,E-commerce,19,4
CUST_03376,16.75,0.75,0.0,,,99.0,99,4,99,0,Stable,1,SMB,Pro,North America,Retail,41,3
CUST_03377,25.75,2.5,0.0,,,29.0,29,4,29,0,Stable,1,SMB,Basic,North America,Retail,33,3
CUST_03378,67.66666666666667,7.083333333333333,0.0,,,999.0,999,12,999,0,Stable,0,Enterprise,Enterprise,North America,E-commerce,1951,11
CUST_03379,50.666666666666664,5.0,1.0,,,99.0,99,3,99,0,Stable,0,Enterprise,Basic,North America,Healthcare,2015,2
CUST_03380,73.25,7.791666666666667,0.7666666666666667,,,299.0,299,24,299,0,Stable,0,Enterprise,Pro,Latin America,E-commerce,1518,23
CUST_03381,23.76923076923077,1.7692307692307692,0.5,,,99.0,99,13,99,0,Stable,1,SMB,Pro,Europe,Healthcare,12,12
CUST_03382,39.0,3.15,1.0,,,199.0,199,20,199,0,Stable,1,Mid-market,Pro,Latin America,Finance,449,19
CUST_03383,20.5,1.5,,,,49.0,49,2,49,0,Stable,1,Mid-market,Basic,Asia-Pacific,Finance,389,1
CUST_03384,45.1,4.2,1.0,,,49.0,49,10,49,0,Stable,1,Mid-market,Basic,Asia-Pacific,Education,170,9
CUST_03385,38.166666666666664,6.0,1.0,,,999.0,999,6,999,0,Stable,0,Enterprise,Enterprise,North America,Healthcare,4170,5
CUST_03386,39.95652173913044,3.391304347826087,0.5,5.0,28.0,49.0,49,23,49,0,Stable,1,Mid-market,Basic,Europe,Technology,173,22
CUST_03387,16.333333333333332,1.6666666666666667,,,,29.0,29,3,29,0,Stable,1,SMB,Basic,North America,Education,39,2
CUST_03388,14.666666666666666,1.5,1.0,,,29.0,29,6,29,0,Stable,1,SMB,Basic,Asia-Pacific,Education,14,5
CUST_03389,23.0,2.0,,,,199.0,199,1,199,0,Stable,1,Mid-market,Pro,North America,Healthcare,220,0
CUST_03390,37.31818181818182,3.0,0.75,6.0,7.0,49.0,49,22,49,0,Stable,1,Mid-market,Basic,North America,E-commerce,304,21
CUST_03391,23.384615384615383,1.6923076923076923,0.0,,,29.0,29,13,29,0,Stable,1,SMB,Basic,North America,Finance,1,12
CUST_03392,19.8,1.4,,7.0,25.0,29.0,29,10,29,0,Stable,1,SMB,Basic,North America,Education,11,9
CUST_03393,27.0,2.0,,,,199.0,199,3,199,0,Stable,1,Mid-market,Pro,Europe,E-commerce,417,2
CUST_03394,22.8,1.2,0.5,,,29.0,29,5,29,0,Stable,1,SMB,Basic,North America,Finance,27,4
CUST_03395,71.25,8.25,0.0,9.0,45.0,999.0,999,4,999,0,Stable,0,Enterprise,Enterprise,Latin America,E-commerce,4982,3
CUST_03396,13.0,0.5,1.0,,,29.0,29,2,29,0,Stable,1,SMB,Basic,Europe,E-commerce,31,1
CUST_03397,70.4,7.666666666666667,0.75,7.0,20.0,999.0,999,15,999,0,Stable,0,Enterprise,Enterprise,North America,Healthcare,2473,14
CUST_03398,16.0,2.0,,,,49.0,49,2,49,0,Stable,1,Mid-market,Basic,Europe,Retail,389,1
CUST_03399,17.0,0.6666666666666666,,,,99.0,99,3,99,0,Stable,1,SMB,Pro,North America,Retail,2,2
CUST_03400,24.692307692307693,1.4615384615384615,0.75,,,99.0,99,13,99,0,Stable,1,SMB,Pro,Europe,Healthcare,43,12
CUST_03401,22.27777777777778,1.2222222222222223,0.0,,,29.0,29,18,29,0,Stable,1,SMB,Basic,Asia-Pacific,Finance,19,17
CUST_03402,44.666666666666664,3.5833333333333335,0.7,,,499.0,499,12,499,0,Stable,0,Mid-market,Enterprise,Asia-Pacific,Technology,328,11
CUST_03403,25.785714285714285,1.5,0.5,8.0,46.0,99.0,99,14,99,0,Stable,1,SMB,Pro,Europe,Healthcare,49,13
CUST_03404,29.53846153846154,1.9230769230769231,1.0,,,29.0,29,13,29,0,Stable,1,SMB,Basic,North America,Finance,36,12
CUST_03405,23.90909090909091,1.7727272727272727,1.0,6.5,19.5,29.0,29,22,29,0,Stable,1,SMB,Basic,North America,E-commerce,2,21
CUST_03406,43.529411764705884,3.7058823529411766,0.0,,,199.0,199,17,199,0,Stable,1,Mid-market,Pro,North America,Education,286,16
CUST_03407,42.44444444444444,3.0,0.25,,,499.0,499,9,499,0,Stable,1,Mid-market,Enterprise,Europe,Retail,326,8
CUST_03408,39.0625,3.625,0.6666666666666666,7.0,42.0,499.0,499,16,499,0,Stable,0,Mid-market,Enterprise,North America,Finance,258,15
CUST_03409,9.0,1.0,,,,99.0,99,1,99,0,Stable,1,SMB,Pro,North America,Healthcare,31,0
CUST_03410,26.46153846153846,1.5384615384615385,0.6666666666666666,,,29.0,29,13,29,0,Stable,1,SMB,Basic,North America,Education,38,12
CUST_03411,24.0,1.7142857142857142,1.0,,,299.0,299,7,299,0,Stable,1,SMB,Enterprise,North America,Healthcare,11,6
CUST_03412,47.8,5.2,0.5,,,999.0,999,5,999,0,Stable,0,Enterprise,Enterprise,Asia-Pacific,Finance,1026,4
CUST_03413,15.125,2.25,,,,29.0,29,8,29,0,Stable,1,SMB,Basic,Asia-Pacific,Education,10,7
CUST_03414,18.0,2.8,,,,29.0,29,5,29,0,Stable,1,SMB,Basic,North America,E-commerce,10,4
CUST_03415,26.5,3.0,,,,49.0,49,2,49,0,Stable,1,Mid-market,Basic,Europe,Finance,138,1
CUST_03416,18.625,1.625,1.0,,,29.0,29,8,29,0,Stable,1,SMB,Basic,North America,E-commerce,2,7
CUST_03417,38.470588235294116,3.2941176470588234,0.8,,,49.0,49,17,49,0,Stable,1,Mid-market,Basic,Asia-Pacific,Technology,496,16
CUST_03418,42.09090909090909,4.818181818181818,0.4166666666666667,,,199.0,199,22,199,0,Stable,1,Mid-market,Pro,North America,Finance,152,21
CUST_03419,29.0,2.0,1.0,,,299.0,299,16,299,0,Stable,1,SMB,Enterprise,Asia-Pacific,Healthcare,33,15
CUST_03420,18.666666666666668,0.6666666666666666,0.0,,,29.0,29,3,29,0,Stable,1,SMB,Basic,North America,Healthcare,7,2
CUST_03421,45.92307692307692,2.769230769230769,0.6,,,199.0,199,13,199,0,Stable,1,Mid-market,Pro,North America,E-commerce,125,12
CUST_03422,42.857142857142854,2.4285714285714284,0.8333333333333333,,,49.0,49,7,49,0,Stable,1,Mid-market,Basic,Europe,E-commerce,389,6
CUST_03423,20.5,2.0,0.0,,,299.0,299,10,299,0,Stable,1,SMB,Enterprise,Europe,Technology,18,9
CUST_03424,67.28571428571429,5.285714285714286,0.6666666666666666,8.0,37.0,999.0,999,7,999,0,Stable,0,Enterprise,Enterprise,Latin America,Finance,2752,6
CUST_03425,14.5,1.25,,,,29.0,29,4,29,0,Stable,1,SMB,Basic,North America,Technology,42,3
CUST_03426,22.5,2.0,1.0,,,29.0,29,2,29,0,Stable,1,SMB,Basic,North America,Technology,33,1
CUST_03427,24.142857142857142,1.2857142857142858,1.0,,,29.0,29,7,29,0,Stable,1,SMB,Basic,Asia-Pacific,Education,2,6
CUST_03428,22.5,1.8571428571428572,,6.0,27.0,29.0,29,14,29,0,Stable,1,SMB,Basic,Europe,Technology,3,13
CUST_03429,19.6,1.0,0.0,,,29.0,29,5,29,0,Stable,1,SMB,Basic,North America,Healthcare,34,4
CUST_03430,63.0,8.583333333333334,0.9,,,999.0,999,24,999,0,Stable,0,Enterprise,Enterprise,North America,Retail,3685,23
CUST_03431,40.22727272727273,4.363636363636363,0.5,,,199.0,199,22,199,0,Stable,1,Mid-market,Pro,Latin America,Finance,157,21
CUST_03432,49.083333333333336,3.0833333333333335,0.5,8.0,30.0,49.0,49,24,49,0,Stable,1,Mid-market,Basic,North America,Healthcare,176,23
CUST_03433,38.13333333333333,3.2666666666666666,0.6666666666666666,,,199.0,199,15,199,0,Stable,1,Mid-market,Pro,North America,Finance,99,14
CUST_03434,18.0,1.375,0.0,,,29.0,29,8,29,0,Stable,1,SMB,Basic,Europe,Healthcare,47,7
CUST_03435,46.708333333333336,3.625,0.5,7.0,31.0,199.0,199,24,199,0,Stable,1,Mid-market,Pro,Europe,Finance,148,23
CUST_03436,26.2,2.2,1.0,,,99.0,99,5,99,0,Stable,1,SMB,Pro,North America,Finance,32,4
CUST_03437,46.25,4.166666666666667,0.75,6.0,12.0,199.0,199,24,199,0,Stable,1,Mid-market,Pro,Europe,Finance,454,23
CUST_03438,40.81818181818182,4.181818181818182,0.4,,,499.0,499,22,499,0,Stable,0,Mid-market,Enterprise,North America,Technology,277,21
CUST_03439,35.266666666666666,3.6666666666666665,0.8,8.0,52.0,49.0,49,15,49,0,Stable,1,Mid-market,Basic,North America,Technology,437,14
CUST_03440,27.5,2.5,,,,199.0,199,4,199,0,Stable,1,Mid-market,Pro,North America,Retail,238,3
CUST_03441,26.05263157894737,1.8421052631578947,0.3333333333333333,5.0,-4.0,99.0,99,19,99,0,Stable,1,SMB,Pro,North America,E-commerce,25,18
CUST_03442,26.391304347826086,2.217391304347826,0.25,,,99.0,99,23,99,0,Stable,1,SMB,Pro,Europe,Healthcare,2,22
CUST_03443,31.25,3.5,0.0,,,49.0,49,4,49,0,Stable,1,Mid-market,Basic,Latin America,Healthcare,134,3
CUST_03444,16.0,1.0,,,,199.0,199,1,199,0,Stable,1,Mid-market,Pro,North America,E-commerce,194,0
CUST_03445,16.142857142857142,1.2857142857142858,,,,29.0,29,7,29,0,Stable,1,SMB,Basic,Asia-Pacific,Education,23,6
CUST_03446,20.625,1.25,0.0,,,99.0,99,8,99,0,Stable,1,SMB,Pro,Asia-Pacific,Technology,3,7
CUST_03447,20.8,2.0,,,,29.0,29,5,29,0,Stable,1,SMB,Basic,Europe,Education,11,4
CUST_03448,20.166666666666668,1.1666666666666667,0.6666666666666666,,,29.0,29,6,29,0,Stable,1,SMB,Basic,Latin America,Education,48,5
CUST_03449,24.1,1.5,0.0,,,29.0,29,10,29,0,Stable,1,SMB,Basic,Europe,E-commerce,18,9
CUST_03450,10.5,0.0,0.0,,,99.0,99,2,99,0,Stable,1,SMB,Pro,North America,Retail,38,1
CUST_03451,13.0,2.0,,,,99.0,99,1,99,0,Stable,1,SMB,Pro,North America,Finance,7,0
CUST_03452,53.833333333333336,5.666666666666667,1.0,,,999.0,999,6,999,0,Stable,0,Enterprise,Enterprise,Latin America,E-commerce,1999,5
CUST_03453,27.5,1.7,1.0,,,29.0,29,10,29,0,Stable,1,SMB,Basic,Latin America,E-commerce,24,9
CUST_03454,15.0,2.0,,,,499.0,499,1,499,0,Stable,1,Mid-market,Enterprise,Europe,Retail,481,0
CUST_03455,37.0,3.409090909090909,0.7,8.0,7.0,199.0,199,22,199,0,Stable,1,Mid-market,Pro,Europe,E-commerce,73,21
CUST_03456,14.666666666666666,1.0,0.0,,,29.0,29,3,29,0,Stable,1,SMB,Basic,North America,Technology,10,2
CUST_03457,23.23076923076923,1.6153846153846154,1.0,6.0,-8.0,299.0,299,13,299,0,Stable,1,SMB,Enterprise,North America,E-commerce,48,12
CUST_03458,20.363636363636363,1.5454545454545454,0.0,,,29.0,29,11,29,0,Stable,1,SMB,Basic,Latin America,Healthcare,47,10
CUST_03459,21.25,1.375,,,,99.0,99,8,99,0,Stable,1,SMB,Pro,North America,Technology,16,7
CUST_03460,14.5,1.5,,6.0,15.0,29.0,29,4,29,0,Stable,1,SMB,Basic,North America,Education,14,3
CUST_03461,19.5,0.75,,,,99.0,99,4,99,0,Stable,1,SMB,Pro,Latin America,Healthcare,20,3
CUST_03462,25.294117647058822,1.9411764705882353,0.0,6.5,17.0,99.0,99,17,99,0,Stable,1,SMB,Pro,North America,Healthcare,16,16
CUST_03463,20.5,2.5,1.0,,,49.0,49,2,49,0,Stable,1,Mid-market,Basic,Latin America,E-commerce,321,1
CUST_03464,70.3,7.0,0.5,,,99.0,99,20,99,0,Stable,0,Enterprise,Basic,North America,Healthcare,2802,19
CUST_03465,12.0,3.0,,,,199.0,199,1,199,0,Stable,1,Mid-market,Pro,North America,Finance,419,0
CUST_03466,43.44444444444444,4.111111111111111,0.0,,,199.0,199,18,199,0,Stable,1,Mid-market,Pro,Europe,Education,129,17
CUST_03467,19.0,1.0,0.0,,,29.0,29,2,29,0,Stable,1,SMB,Basic,Europe,Finance,30,1
CUST_03468,46.75,4.0,1.0,,,999.0,999,4,999,0,Stable,0,Enterprise,Enterprise,North America,Finance,2892,3
CUST_03469,21.833333333333332,1.5,0.0,,,29.0,29,6,29,0,Stable,1,SMB,Basic,Europe,Technology,34,5
CUST_03470,21.3,1.8,0.0,,,29.0,29,10,29,0,Stable,1,SMB,Basic,Asia-Pacific,Retail,27,9
CUST_03471,51.55555555555556,6.888888888888889,0.0,,,999.0,999,9,999,0,Stable,0,Enterprise,Enterprise,North America,Retail,2788,8
CUST_03472,18.0,8.0,1.0,,,999.0,999,1,999,0,Stable,0,Enterprise,Enterprise,Latin America,Retail,4610,0
CUST_03473,21.25,1.375,0.3333333333333333,,,29.0,29,8,29,0,Stable,1,SMB,Basic,Latin America,E-commerce,13,7
CUST_03474,38.5,3.375,0.3333333333333333,,,199.0,199,8,199,0,Stable,1,Mid-market,Pro,North America,Retail,120,7
CUST_03475,24.5,2.1,0.0,,,29.0,29,10,29,0,Stable,1,SMB,Basic,Latin America,Finance,11,9
CUST_03476,21.5,1.375,0.0,,,29.0,29,8,29,0,Stable,1,SMB,Basic,Europe,Healthcare,16,7
CUST_03477,53.333333333333336,7.0,0.75,,,999.0,999,6,999,0,Stable,0,Enterprise,Enterprise,Asia-Pacific,Healthcare,3363,5
CUST_03478,40.64705882352941,4.882352941176471,0.25,,,499.0,499,17,499,0,Stable,0,Mid-market,Enterprise,Asia-Pacific,Retail,132,16
CUST_03479,71.8,6.733333333333333,0.7,,,999.0,999,15,999,0,Stable,0,Enterprise,Enterprise,North America,Education,1725,14
CUST_03480,14.333333333333334,1.0,,,,29.0,29,3,29,0,Stable,1,SMB,Basic,North America,Technology,30,2
CUST_03481,17.666666666666668,0.3333333333333333,,,,29.0,29,3,29,0,Stable,1,SMB,Basic,Latin America,Retail,15,2
CUST_03482,19.0,1.0,,,,499.0,499,1,499,0,Stable,1,Mid-market,Enterprise,Latin America,Healthcare,161,0
CUST_03483,24.833333333333332,2.0,1.0,,,99.0,99,6,99,0,Stable,1,SMB,Pro,North America,Technology,39,5
CUST_03484,40.285714285714285,4.428571428571429,1.0,,,49.0,49,7,49,0,Stable,1,Mid-market,Basic,Asia-Pacific,Finance,151,6
CUST_03485,25.833333333333332,2.0,0.2857142857142857,,,29.0,29,18,29,0,Stable,1,SMB,Basic,North America,Retail,12,17
CUST_03486,17.166666666666668,1.8333333333333333,1.0,8.0,25.5,299.0,299,6,299,0,Stable,1,SMB,Enterprise,Europe,Healthcare,27,5
CUST_03487,15.0,1.0,,,,99.0,99,1,99,0,Stable,1,SMB,Pro,North America,Finance,3,0
CUST_03488,21.0,0.75,,,,299.0,299,4,299,0,Stable,1,SMB,Enterprise,North America,Technology,42,3
CUST_03489,62.0,4.0,,,,299.0,299,1,299,0,Stable,0,Enterprise,Pro,Europe,Healthcare,2527,0
CUST_03490,42.523809523809526,3.3333333333333335,0.9,8.0,19.0,199.0,199,21,199,0,Stable,1,Mid-market,Pro,Europe,Finance,214,20
CUST_03491,24.5,1.6,0.25,,,29.0,29,10,29,0,Stable,1,SMB,Basic,North America,Education,10,9
CUST_03492,43.0,7.0,,,,299.0,299,1,299,0,Stable,0,Enterprise,Pro,Europe,Finance,4451,0
CUST_03493,27.0,1.7777777777777777,1.0,,,299.0,299,9,299,0,Stable,1,SMB,Enterprise,North America,Education,27,8
CUST_03494,42.285714285714285,3.857142857142857,1.0,,,49.0,49,7,49,0,Stable,1,Mid-market,Basic,Europe,Retail,67,6
CUST_03495,17.5,0.5,0.0,,,299.0,299,2,299,0,Stable,1,SMB,Enterprise,Latin America,E-commerce,44,1
CUST_03496,22.0,4.0,,,,999.0,999,1,999,0,Stable,0,Enterprise,Enterprise,Latin America,E-commerce,4916,0
CUST_03497,18.0,5.0,,,,999.0,999,1,999,0,Stable,0,Enterprise,Enterprise,Europe,Retail,1216,0
CUST_03498,24.88888888888889,1.7777777777777777,0.3333333333333333,,,99.0,99,9,99,0,Stable,1,SMB,Pro,North America,Finance,16,8
CUST_03499,22.75,1.625,,,,29.0,29,8,29,0,Stable,1,SMB,Basic,North America,Healthcare,43,7
CUST_03500,63.458333333333336,8.666666666666666,1.0,,,999.0,999,24,999,0,Stable,0,Enterprise,Enterprise,Asia-Pacific,Finance,3987,23
CUST_03501,57.0,5.0,,,,999.0,999,1,999,0,Stable,0,Enterprise,Enterprise,Latin America,Education,4848,0
CUST_03502,22.454545454545453,1.0909090909090908,0.3333333333333333,,,29.0,29,11,29,0,Stable,1,SMB,Basic,Latin America,Technology,38,10
CUST_03503,11.0,1.0,,,,299.0,299,1,299,0,Stable,1,SMB,Enterprise,Asia-Pacific,E-commerce,24,0
CUST_03504,38.0,3.1176470588235294,0.4166666666666667,,,49.0,49,17,49,0,Stable,1,Mid-market,Basic,North America,Technology,294,16
CUST_03505,12.8,1.4,,,,29.0,29,5,29,0,Stable,1,SMB,Basic,Europe,E-commerce,45,4
CUST_03506,70.5,7.0,1.0,,,299.0,299,18,299,0,Stable,0,Enterprise,Pro,Europe,Healthcare,3009,17
CUST_03507,18.166666666666668,0.6666666666666666,,,,29.0,29,6,29,0,Stable,1,SMB,Basic,Latin America,Retail,8,5
CUST_03508,24.0,0.0,,,,29.0,29,1,29,0,Stable,1,SMB,Basic,North America,Education,39,0
CUST_03509,36.0,2.857142857142857,1.0,8.0,32.0,499.0,499,7,499,0,Stable,0,Mid-market,Enterprise,Latin America,Education,338,6
CUST_03510,27.125,1.5,,,,29.0,29,8,29,0,Stable,1,SMB,Basic,Europe,Finance,3,7
CUST_03511,24.666666666666668,1.5555555555555556,0.0,9.0,37.0,29.0,29,9,29,0,Stable,1,SMB,Basic,Asia-Pacific,Education,8,8
CUST_03512,26.526315789473685,1.7894736842105263,0.0,9.0,50.0,29.0,29,19,29,0,Stable,1,SMB,Basic,Asia-Pacific,E-commerce,38,18
CUST_03513,21.0,1.25,,,,29.0,29,8,29,0,Stable,1,SMB,Basic,North America,E-commerce,40,7
CUST_03514,23.1,1.4,0.3,,,299.0,299,10,299,0,Stable,1,SMB,Enterprise,Europe,Finance,6,9
CUST_03515,23.473684210526315,1.4736842105263157,0.375,6.0,-9.0,99.0,99,19,99,0,Stable,1,SMB,Pro,Europe,E-commerce,16,18
CUST_03516,33.5,4.0,0.5,,,499.0,499,6,499,0,Stable,1,Mid-market,Enterprise,Asia-Pacific,Education,65,5
CUST_03517,40.476190476190474,3.380952380952381,0.4375,,,199.0,199,21,199,0,Stable,1,Mid-market,Pro,Asia-Pacific,Education,144,20
CUST_03518,35.5,4.8,0.0,8.0,37.0,199.0,199,10,199,0,Stable,1,Mid-market,Pro,Europe,Retail,411,9
CUST_03519,16.0,0.6666666666666666,,,,29.0,29,3,29,0,Stable,1,SMB,Basic,North America,E-commerce,37,2
CUST_03520,25.5,1.3,,,,29.0,29,10,29,0,Stable,1,SMB,Basic,Europe,Retail,19,9
CUST_03521,42.57142857142857,4.5,0.25,9.0,48.0,199.0,199,14,199,0,Stable,0,Mid-market,Pro,North America,Healthcare,142,13
CUST_03522,31.333333333333332,4.666666666666667,,,,999.0,999,3,999,0,Stable,0,Enterprise,Enterprise,Latin America,Finance,3419,2
CUST_03523,18.25,1.25,,,,29.0,29,4,29,0,Stable,1,SMB,Basic,Latin America,Finance,11,3
CUST_03524,47.0,5.0,,,,999.0,999,2,999,0,Stable,0,Enterprise,Enterprise,North America,E-commerce,3253,1
CUST_03525,38.30769230769231,4.153846153846154,0.6666666666666666,,,199.0,199,13,199,0,Stable,1,Mid-market,Pro,Asia-Pacific,E-commerce,338,12
CUST_03526,43.083333333333336,4.333333333333333,0.5,,,499.0,499,12,499,0,Stable,0,Mid-market,Enterprise,North America,Retail,310,11
CUST_03527,38.21052631578947,3.210526315789474,0.4,,,49.0,49,19,49,0,Stable,1,Mid-market,Basic,Europe,Retail,351,18
CUST_03528,40.63157894736842,4.105263157894737,0.4166666666666667,,,49.0,49,19,49,0,Stable,1,Mid-market,Basic,Europe,Education,162,18
CUST_03529,17.833333333333332,2.6666666666666665,,,,99.0,99,6,99,0,Stable,1,SMB,Pro,North America,Technology,48,5
CUST_03530,41.84615384615385,3.769230769230769,0.25,,,199.0,199,13,199,0,Stable,1,Mid-market,Pro,Europe,Finance,401,12
CUST_03531,24.454545454545453,1.0909090909090908,1.0,,,29.0,29,11,29,0,Stable,1,SMB,Basic,Asia-Pacific,Retail,13,10
CUST_03532,71.27272727272727,6.090909090909091,0.7727272727272727,,,99.0,99,22,99,0,Stable,0,Enterprise,Basic,Latin America,Technology,3387,21
CUST_03533,28.625,2.0416666666666665,0.3,,,29.0,29,24,29,0,Stable,1,SMB,Basic,Asia-Pacific,Retail,17,23
CUST_03534,34.875,4.25,0.3333333333333333,,,199.0,199,8,199,0,Stable,1,Mid-market,Pro,North America,Education,361,7
CUST_03535,23.764705882352942,1.6470588235294117,0.5,5.0,19.0,29.0,29,17,29,0,Stable,1,SMB,Basic,Europe,E-commerce,47,16
CUST_03536,22.0,1.0,,,,29.0,29,1,29,0,Stable,1,SMB,Basic,Asia-Pacific,Healthcare,34,0
CUST_03537,36.63636363636363,4.2272727272727275,0.3333333333333333,8.0,23.0,199.0,199,22,199,0,Stable,1,Mid-market,Pro,North America,Education,218,21
CUST_03538,44.333333333333336,5.0,1.0,,,299.0,299,3,299,0,Stable,0,Enterprise,Pro,North America,E-commerce,1981,2
CUST_03539,26.0625,2.0,0.5,10.0,29.0,29.0,29,16,29,0,Stable,1,SMB,Basic,Asia-Pacific,Finance,46,15
CUST_03540,34.55555555555556,2.3333333333333335,1.0,9.0,28.0,499.0,499,9,499,0,Stable,0,Mid-market,Enterprise,North America,Healthcare,333,8
CUST_03541,59.666666666666664,6.944444444444445,0.875,7.0,20.0,999.0,999,18,999,0,Stable,0,Enterprise,Enterprise,North America,E-commerce,1838,17
CUST_03542,22.0,3.5,,,,999.0,999,2,999,0,Stable,1,Enterprise,Enterprise,Europe,Retail,3058,1
CUST_03543,67.78947368421052,7.7368421052631575,0.8,,,999.0,999,19,999,0,Stable,0,Enterprise,Enterprise,Europe,Technology,3311,18
CUST_03544,63.9,6.4,0.8333333333333334,8.0,33.0,99.0,99,10,99,0,Stable,0,Enterprise,Basic,North America,Technology,3200,9
CUST_03545,53.666666666666664,3.6666666666666665,,,,999.0,999,3,999,0,Stable,0,Enterprise,Enterprise,Europe,Retail,4154,2
CUST_03546,39.1875,4.8125,0.375,,,499.0,499,16,499,0,Stable,0,Mid-market,Enterprise,North America,E-commerce,217,15
CUST_03547,15.0,1.8,,,,29.0,29,5,29,0,Stable,1,SMB,Basic,North America,Healthcare,15,4
CUST_03548,70.52380952380952,6.761904761904762,0.825,,,999.0,999,21,999,0,Stable,0,Enterprise,Enterprise,North America,Healthcare,2322,20
CUST_03549,25.4,1.4,,,,29.0,29,5,29,0,Stable,1,SMB,Basic,Latin America,Retail,10,4
CUST_03550,21.666666666666668,0.6666666666666666,0.0,,,29.0,29,3,29,0,Stable,1,SMB,Basic,North America,Healthcare,1,2
CUST_03551,31.428571428571427,2.0,1.0,,,199.0,199,7,199,0,Stable,1,Mid-market,Pro,Latin America,E-commerce,465,6
CUST_03552,18.333333333333332,1.6666666666666667,0.0,,,29.0,29,3,29,0,Stable,1,SMB,Basic,Asia-Pacific,E-commerce,19,2
CUST_03553,24.235294117647058,1.7058823529411764,0.0,,,29.0,29,17,29,0,Stable,1,SMB,Basic,North America,Healthcare,18,16
CUST_03554,39.22222222222222,2.4444444444444446,0.6666666666666666,,,499.0,499,9,499,0,Stable,1,Mid-market,Enterprise,North America,Education,106,8
CUST_03555,25.5,1.25,,,,99.0,99,4,99,0,Stable,1,SMB,Pro,North America,Finance,23,3
CUST_03556,27.363636363636363,1.0909090909090908,0.0,,,29.0,29,11,29,0,Stable,1,SMB,Basic,North America,Education,36,10
CUST_03557,43.083333333333336,3.2916666666666665,0.8,7.0,26.0,499.0,499,24,499,0,Stable,0,Mid-market,Enterprise,Latin America,Technology,141,23
CUST_03558,24.444444444444443,1.3333333333333333,,,,29.0,29,9,29,0,Stable,1,SMB,Basic,Asia-Pacific,E-commerce,35,8
CUST_03559,21.0,1.2,0.0,,,29.0,29,5,29,0,Stable,1,SMB,Basic,Asia-Pacific,Retail,40,4
CUST_03560,24.73913043478261,2.0,0.625,,,29.0,29,23,29,0,Stable,1,SMB,Basic,Asia-Pacific,Healthcare,25,22
CUST_03561,21.444444444444443,1.2222222222222223,1.0,,,29.0,29,9,29,0,Stable,1,SMB,Basic,Asia-Pacific,Finance,19,8
CUST_03562,23.076923076923077,1.3076923076923077,0.0,,,99.0,99,13,99,0,Stable,1,SMB,Pro,Asia-Pacific,Healthcare,34,12
CUST_03563,41.54545454545455,2.909090909090909,0.0,,,499.0,499,11,499,0,Stable,1,Mid-market,Enterprise,Asia-Pacific,Finance,160,10
CUST_03564,45.69230769230769,3.076923076923077,0.3333333333333333,,,199.0,199,13,199,0,Stable,1,Mid-market,Pro,North America,Finance,484,12
CUST_03565,54.75,3.75,1.0,,,299.0,299,4,299,0,Stable,0,Enterprise,Pro,North America,Technology,4585,3
CUST_03566,26.0,1.0,1.0,,,29.0,29,15,29,0,Stable,1,SMB,Basic,Europe,E-commerce,3,14
CUST_03567,44.0,3.0,0.8333333333333334,,,49.0,49,11,49,0,Stable,1,Mid-market,Basic,North America,Retail,440,10
CUST_03568,7.0,2.0,,,,99.0,99,1,99,0,Stable,1,SMB,Pro,Europe,Retail,2,0
CUST_03569,17.0,5.0,1.0,,,499.0,499,2,499,0,Stable,1,Mid-market,Enterprise,Asia-Pacific,Healthcare,397,1
CUST_03570,34.45454545454545,3.0,1.0,6.0,4.0,199.0,199,11,199,0,Stable,1,Mid-market,Pro,Asia-Pacific,Healthcare,365,10
CUST_03571,23.0,3.0,0.0,,,199.0,199,2,199,0,Stable,1,Mid-market,Pro,Europe,Retail,453,1
CUST_03572,26.291666666666668,2.2916666666666665,0.8,,,99.0,99,24,99,0,Stable,1,SMB,Pro,Europe,Finance,24,23
CUST_03573,41.72727272727273,3.409090909090909,0.9166666666666666,,,199.0,199,22,199,0,Stable,1,Mid-market,Pro,North America,Healthcare,239,21
CUST_03574,23.0,1.6923076923076923,0.0,6.0,4.0,29.0,29,13,29,0,Stable,1,SMB,Basic,North America,Education,21,12
CUST_03575,25.5,2.375,0.4,,,29.0,29,24,29,0,Stable,1,SMB,Basic,Asia-Pacific,Education,38,23
CUST_03576,14.333333333333334,1.6666666666666667,,,,29.0,29,3,29,0,Stable,1,SMB,Basic,North America,Technology,4,2
CUST_03577,25.7,1.1,0.16666666666666666,7.0,35.0,29.0,29,10,29,0,Stable,1,SMB,Basic,Europe,E-commerce,21,9
CUST_03578,16.0,1.0,1.0,,,199.0,199,3,199,0,Stable,1,Mid-market,Pro,Latin America,Education,302,2
CUST_03579,13.333333333333334,1.6666666666666667,,,,99.0,99,3,99,0,Stable,1,SMB,Pro,North America,Retail,34,2
CUST_03580,39.25,2.625,,,,199.0,199,8,199,0,Stable,1,Mid-market,Pro,Europe,Healthcare,162,7
CUST_03581,33.8,2.4,0.5,,,499.0,499,5,499,0,Stable,1,Mid-market,Enterprise,Europe,Education,402,4
CUST_03582,41.857142857142854,2.9523809523809526,0.5185185185185185,,,199.0,199,21,199,0,Stable,1,Mid-market,Pro,Latin America,Finance,297,20
CUST_03583,19.6,1.2,1.0,,,29.0,29,10,29,0,Stable,1,SMB,Basic,Europe,Retail,37,9
CUST_03584,14.333333333333334,0.3333333333333333,1.0,,,29.0,29,3,29,0,Stable,1,SMB,Basic,North America,Finance,47,2
CUST_03585,25.347826086956523,1.7826086956521738,0.7142857142857143,8.0,27.0,29.0,29,23,29,0,Stable,1,SMB,Basic,North America,Education,40,22
CUST_03586,19.8,1.6666666666666667,1.0,7.0,15.0,29.0,29,15,29,0,Stable,1,SMB,Basic,North America,Healthcare,19,14
CUST_03587,44.666666666666664,4.833333333333333,1.0,,,999.0,999,6,999,0,Stable,0,Enterprise,Enterprise,Europe,Healthcare,3001,5
CUST_03588,37.7,3.8,1.0,,,499.0,499,10,499,0,Stable,0,Mid-market,Enterprise,Europe,E-commerce,218,9
CUST_03589,24.23076923076923,1.9230769230769231,0.5,10.0,69.0,29.0,29,13,29,0,Stable,1,SMB,Basic,North America,Retail,20,12
CUST_03590,44.0,3.3,0.4444444444444444,,,199.0,199,20,199,0,Stable,1,Mid-market,Pro,Europe,Healthcare,370,19
CUST_03591,19.5,1.75,,,,99.0,99,4,99,0,Stable,1,SMB,Pro,North America,Technology,40,3
CUST_03592,47.0,4.5,0.5,,,99.0,99,4,99,0,Stable,1,Enterprise,Basic,North America,E-commerce,4407,3
CUST_03593,24.375,1.75,0.16666666666666666,,,29.0,29,8,29,0,Stable,1,SMB,Basic,Europe,Finance,24,7
CUST_03594,25.75,1.9166666666666667,0.5,9.0,31.0,29.0,29,24,29,0,Stable,1,SMB,Basic,Asia-Pacific,E-commerce,13,23
CUST_03595,17.0,2.0,,,,29.0,29,3,29,0,Stable,1,SMB,Basic,Europe,Finance,49,2
CUST_03596,67.89473684210526,8.263157894736842,0.9333333333333332,,,999.0,999,19,999,0,Stable,0,Enterprise,Enterprise,Asia-Pacific,E-commerce,4496,18
CUST_03597,34.166666666666664,3.6666666666666665,0.5,,,199.0,199,6,199,0,Stable,1,Mid-market,Pro,Europe,Technology,216,5
CUST_03598,66.27272727272727,7.545454545454546,0.875,,,999.0,999,11,999,0,Stable,0,Enterprise,Enterprise,North America,Healthcare,4379,10
CUST_03599,23.5,2.3333333333333335,0.75,,,29.0,29,12,29,0,Stable,1,SMB,Basic,Europe,E-commerce,42,11
CUST_03600,17.6,2.4,1.0,8.0,28.0,29.0,29,5,29,0,Stable,1,SMB,Basic,Asia-Pacific,E-commerce,12,4
CUST_03601,22.529411764705884,1.5294117647058822,1.0,,,29.0,29,17,29,0,Stable,1,SMB,Basic,North America,Healthcare,1,16
CUST_03602,44.0,2.5454545454545454,0.6666666666666666,,,49.0,49,11,49,0,Stable,1,Mid-market,Basic,North America,Finance,208,10
CUST_03603,11.5,1.5,,,,29.0,29,2,29,0,Stable,1,SMB,Basic,Europe,Healthcare,25,1
CUST_03604,36.083333333333336,4.25,0.25,,,199.0,199,12,199,0,Stable,1,Mid-market,Pro,North America,Healthcare,333,11
CUST_03605,24.1,1.2,0.25,,,29.0,29,10,29,0,Stable,1,SMB,Basic,North America,Healthcare,35,9
CUST_03606,22.46153846153846,2.1538461538461537,0.5,,,99.0,99,13,99,0,Stable,1,SMB,Pro,North America,Education,12,12
CUST_03607,41.78260869565217,3.217391304347826,0.8,7.5,40.0,199.0,199,23,199,0,Stable,1,Mid-market,Pro,North America,Retail,272,22
CUST_03608,10.25,1.75,0.0,,,29.0,29,4,29,0,Stable,1,SMB,Basic,Asia-Pacific,Finance,49,3
CUST_03609,47.2,4.1,1.0,8.0,24.0,499.0,499,10,499,0,Stable,0,Mid-market,Enterprise,North America,Finance,204,9
CUST_03610,39.42857142857143,2.142857142857143,0.5,7.0,24.0,199.0,199,7,199,0,Stable,1,Mid-market,Pro,Asia-Pacific,Retail,214,6
CUST_03611,34.666666666666664,4.166666666666667,0.5,,,499.0,499,6,499,0,Stable,1,Mid-market,Enterprise,North America,Education,309,5
CUST_03612,33.0,4.111111111111111,0.25,,,49.0,49,9,49,0,Stable,1,Mid-market,Basic,Latin America,Retail,211,8
CUST_03613,56.583333333333336,8.166666666666666,0.5,,,999.0,999,12,999,0,Stable,0,Enterprise,Enterprise,North America,Finance,3476,11
CUST_03614,33.5,3.3333333333333335,,,,49.0,49,6,49,0,Stable,1,Mid-market,Basic,North America,Education,79,5
CUST_03615,20.0,0.5,,,,29.0,29,2,29,0,Stable,1,SMB,Basic,Asia-Pacific,Retail,2,1
CUST_03616,6.0,2.0,,,,29.0,29,1,29,0,Stable,1,SMB,Basic,Europe,Education,43,0
CUST_03617,27.2,1.3,0.5,,,299.0,299,10,299,0,Stable,1,SMB,Enterprise,North America,Retail,5,9
CUST_03618,9.5,0.5,,,,29.0,29,2,29,0,Stable,1,SMB,Basic,Latin America,Education,42,1
CUST_03619,19.0,1.8333333333333333,,,,29.0,29,6,29,0,Stable,1,SMB,Basic,Asia-Pacific,Finance,3,5
CUST_03620,15.5,0.5,,,,29.0,29,4,29,0,Stable,1,SMB,Basic,Asia-Pacific,E-commerce,10,3
CUST_03621,26.38888888888889,1.6111111111111112,0.125,,,29.0,29,18,29,0,Stable,1,SMB,Basic,Europe,E-commerce,38,17
CUST_03622,15.5,0.5,,,,29.0,29,2,29,0,Stable,1,SMB,Basic,Asia-Pacific,Finance,4,1
CUST_03623,63.25,8.0625,0.8333333333333334,,,999.0,999,16,999,0,Stable,0,Enterprise,Enterprise,Latin America,Finance,2554,15
CUST_03624,54.5,7.75,1.0,,,299.0,299,8,299,0,Stable,0,Enterprise,Pro,Europe,Healthcare,2599,7
CUST_03625,31.823529411764707,1.6470588235294117,,8.0,-4.0,29.0,29,17,29,0,Stable,1,SMB,Basic,Europe,Retail,10,16
CUST_03626,41.35294117647059,3.5294117647058822,0.5,,,49.0,49,17,49,0,Stable,1,Mid-market,Basic,Latin America,Technology,358,16
CUST_03627,25.071428571428573,1.9285714285714286,0.0,7.0,27.0,99.0,99,14,99,0,Stable,1,SMB,Pro,North America,Retail,25,13
CUST_03628,20.428571428571427,1.4285714285714286,1.0,,,29.0,29,7,29,0,Stable,1,SMB,Basic,North America,Education,29,6
CUST_03629,37.25,4.125,0.0,,,499.0,499,8,499,0,Stable,1,Mid-market,Enterprise,North America,Education,133,7
CUST_03630,37.916666666666664,3.9166666666666665,0.5,,,199.0,199,12,199,0,Stable,1,Mid-market,Pro,North America,Healthcare,194,11
CUST_03631,70.71428571428571,5.0,1.0,,,299.0,299,7,299,0,Stable,0,Enterprise,Pro,North America,Technology,1449,6
CUST_03632,44.0,3.5652173913043477,0.5,,,499.0,499,23,499,0,Stable,0,Mid-market,Enterprise,Asia-Pacific,Retail,460,22
CUST_03633,68.5,7.9,1.0,,,999.0,999,10,999,0,Stable,0,Enterprise,Enterprise,Asia-Pacific,Retail,3926,9
CUST_03634,21.736842105263158,1.894736842105263,1.0,,,99.0,99,19,99,0,Stable,1,SMB,Pro,North America,Finance,26,18
CUST_03635,37.54545454545455,3.9545454545454546,0.5,,,199.0,199,22,199,0,Stable,1,Mid-market,Pro,Europe,Finance,298,21
CUST_03636,26.77777777777778,2.0555555555555554,0.375,,,29.0,29,18,29,0,Stable,1,SMB,Basic,Latin America,Education,45,17
CUST_03637,25.0,2.0,,,,299.0,299,2,299,0,Stable,1,Enterprise,Pro,North America,Technology,1338,1
CUST_03638,24.0,1.4,1.0,,,29.0,29,5,29,0,Stable,1,SMB,Basic,Europe,Education,3,4
CUST_03639,69.76470588235294,6.470588235294118,0.875,,,299.0,299,17,299,0,Stable,0,Enterprise,Pro,Asia-Pacific,Retail,3194,16
CUST_03640,31.285714285714285,1.4285714285714286,,,,29.0,29,7,29,0,Stable,1,SMB,Basic,Europe,Healthcare,26,6
CUST_03641,14.0,0.5,0.0,,,29.0,29,2,29,0,Stable,1,SMB,Basic,North America,E-commerce,21,1
CUST_03642,25.666666666666668,1.6666666666666667,0.0,,,29.0,29,12,29,0,Stable,1,SMB,Basic,North America,Healthcare,31,11
CUST_03643,27.25,2.5,,,,49.0,49,4,49,0,Stable,1,Mid-market,Basic,Asia-Pacific,E-commerce,130,3
CUST_03644,69.78260869565217,8.391304347826088,0.8571428571428571,,,999.0,999,23,999,0,Stable,0,Enterprise,Enterprise,North America,Healthcare,4766,22
CUST_03645,23.6,2.05,0.3333333333333333,7.0,23.0,99.0,99,20,99,0,Stable,1,SMB,Pro,Latin America,Technology,25,19
CUST_03646,33.4,3.4,,7.0,29.0,49.0,49,5,49,0,Stable,1,Mid-market,Basic,Asia-Pacific,Finance,279,4
CUST_03647,64.84210526315789,7.7368421052631575,1.0,7.0,4.0,999.0,999,19,999,0,Stable,0,Enterprise,Enterprise,Europe,E-commerce,1675,18
CUST_03648,27.7,1.5,0.3333333333333333,,,29.0,29,20,29,0,Stable,1,SMB,Basic,Europe,Finance,28,19
CUST_03649,25.77777777777778,1.5555555555555556,1.0,,,99.0,99,9,99,0,Stable,1,SMB,Pro,North America,Technology,20,8
CUST_03650,29.5,1.0,,7.0,19.0,49.0,49,2,49,0,Stable,1,Mid-market,Basic,Europe,Retail,429,1
CUST_03651,19.785714285714285,1.6428571428571428,0.16666666666666666,,,99.0,99,14,99,0,Stable,1,SMB,Pro,Latin America,Retail,44,13
CUST_03652,44.1578947368421,3.3157894736842106,0.8,7.0,18.0,49.0,49,19,49,0,Stable,1,Mid-market,Basic,Europe,Healthcare,94,18
CUST_03653,61.666666666666664,5.666666666666667,0.6666666666666666,,,99.0,99,9,99,0,Stable,0,Enterprise,Basic,Europe,E-commerce,4977,8
CUST_03654,50.0,2.5,,,,299.0,299,2,299,0,Stable,1,Enterprise,Pro,Latin America,Healthcare,549,1
CUST_03655,15.5,1.5,,,,99.0,99,2,99,0,Stable,1,SMB,Pro,Latin America,Education,19,1
CUST_03656,25.52173913043478,1.6956521739130435,0.4166666666666667,6.0,27.0,99.0,99,23,99,0,Stable,1,SMB,Pro,North America,Retail,25,22
CUST_03657,24.066666666666666,1.4666666666666666,0.0,6.0,9.0,29.0,29,15,29,0,Stable,1,SMB,Basic,Europe,Healthcare,9,14
CUST_03658,37.666666666666664,3.0,0.4,,,49.0,49,18,49,0,Stable,1,Mid-market,Basic,Europe,Retail,273,17
CUST_03659,40.84615384615385,4.3076923076923075,0.4666666666666666,,,199.0,199,13,199,0,Stable,1,Mid-market,Pro,Asia-Pacific,Healthcare,94,12
CUST_03660,39.166666666666664,3.25,0.5,,,199.0,199,12,199,0,Stable,1,Mid-market,Pro,Asia-Pacific,Technology,86,11
CUST_03661,42.04347826086956,3.652173913043478,0.3333333333333333,,,199.0,199,23,199,0,Stable,1,Mid-market,Pro,Latin America,Finance,323,22
CUST_03662,28.25,2.125,0.5,,,29.0,29,16,29,0,Stable,1,SMB,Basic,Latin America,Technology,40,15
CUST_03663,73.53846153846153,8.384615384615385,1.0,,,999.0,999,13,999,0,Stable,0,Enterprise,Enterprise,Asia-Pacific,Healthcare,4023,12
CUST_03664,26.0,1.5,0.5,,,29.0,29,12,29,0,Stable,1,SMB,Basic,Europe,Education,29,11
CUST_03665,14.0,2.6666666666666665,,,,29.0,29,3,29,0,Stable,1,SMB,Basic,Europe,E-commerce,4,2
CUST_03666,23.083333333333332,2.1666666666666665,1.0,,,299.0,299,12,299,0,Stable,1,SMB,Enterprise,North America,Finance,28,11
CUST_03667,26.0,1.0,1.0,,,29.0,29,5,29,0,Stable,1,SMB,Basic,Europe,Education,33,4
CUST_03668,40.266666666666666,3.8,0.5,,,199.0,199,15,199,0,Stable,1,Mid-market,Pro,North America,Finance,297,14
CUST_03669,28.05,2.0,0.5,,,299.0,299,20,299,0,Stable,1,SMB,Enterprise,Europe,Retail,35,19
CUST_03670,39.583333333333336,3.4166666666666665,1.0,8.0,28.0,199.0,199,12,199,0,Stable,1,Mid-market,Pro,Asia-Pacific,Education,492,11
CUST_03671,22.2,1.8,0.0,,,29.0,29,10,29,0,Stable,1,SMB,Basic,North America,E-commerce,44,9
CUST_03672,38.72222222222222,3.9444444444444446,0.75,,,199.0,199,18,199,0,Stable,1,Mid-market,Pro,North America,E-commerce,448,17
CUST_03673,17.666666666666668,1.6666666666666667,0.0,,,99.0,99,6,99,0,Stable,1,SMB,Pro,Europe,E-commerce,3,5
CUST_03674,31.0,3.0,,,,299.0,299,1,299,0,Stable,1,Enterprise,Pro,Latin America,Technology,587,0
CUST_03675,23.333333333333332,1.0,1.0,,,199.0,199,3,199,0,Stable,1,Mid-market,Pro,North America,Education,90,2
CUST_03676,40.90909090909091,3.409090909090909,0.38888888888888884,,,199.0,199,22,199,0,Stable,1,Mid-market,Pro,Asia-Pacific,Finance,280,21
CUST_03677,23.565217391304348,2.347826086956522,0.6,,,29.0,29,23,29,0,Stable,1,SMB,Basic,Europe,Education,47,22
CUST_03678,11.666666666666666,0.6666666666666666,,,,29.0,29,3,29,0,Stable,1,SMB,Basic,Europe,Healthcare,31,2
CUST_03679,16.0,1.3333333333333333,1.0,,,29.0,29,6,29,0,Stable,1,SMB,Basic,North America,Technology,21,5
CUST_03680,33.833333333333336,3.8333333333333335,,,,49.0,49,6,49,0,Stable,1,Mid-market,Basic,North America,Education,445,5
CUST_03681,25.904761904761905,1.6666666666666667,0.5,,,29.0,29,21,29,0,Stable,1,SMB,Basic,North America,Healthcare,16,20
CUST_03682,23.555555555555557,1.8888888888888888,0.4,7.0,27.0,29.0,29,18,29,0,Stable,1,SMB,Basic,North America,Retail,35,17
CUST_03683,24.333333333333332,1.2222222222222223,0.0,,,29.0,29,9,29,0,Stable,1,SMB,Basic,North America,Technology,4,8
CUST_03684,28.941176470588236,1.6470588235294117,0.6666666666666666,,,29.0,29,17,29,0,Stable,1,SMB,Basic,Europe,Retail,11,16
CUST_03685,41.53846153846154,3.6153846153846154,0.3,,,49.0,49,13,49,0,Stable,1,Mid-market,Basic,Asia-Pacific,Finance,358,12
CUST_03686,16.25,2.75,0.0,,,99.0,99,4,99,0,Stable,1,SMB,Pro,Europe,Technology,2,3
CUST_03687,41.470588235294116,2.8823529411764706,0.7142857142857143,,,49.0,49,17,49,0,Stable,1,Mid-market,Basic,Europe,Healthcare,298,16
CUST_03688,39.4,3.4,1.0,,,49.0,49,5,49,0,Stable,1,Mid-market,Basic,North America,E-commerce,123,4
CUST_03689,36.4,3.6,0.75,,,49.0,49,10,49,0,Stable,1,Mid-market,Basic,Asia-Pacific,E-commerce,459,9
CUST_03690,13.0,2.5,0.0,,,29.0,29,2,29,0,Stable,1,SMB,Basic,Europe,Technology,31,1
CUST_03691,21.142857142857142,1.8571428571428572,0.0,,,29.0,29,7,29,0,Stable,1,SMB,Basic,North America,Healthcare,36,6
CUST_03692,25.25,0.75,0.0,,,29.0,29,8,29,0,Stable,1,SMB,Basic,North America,Healthcare,31,7
CUST_03693,39.5,3.5,0.5,5.0,-6.0,49.0,49,14,49,0,Stable,1,Mid-market,Basic,Latin America,Finance,142,13
CUST_03694,25.857142857142858,2.4285714285714284,0.0,,,499.0,499,7,499,0,Stable,1,Mid-market,Enterprise,Europe,Finance,484,6
CUST_03695,10.5,0.0,1.0,,,99.0,99,2,99,0,Stable,1,SMB,Pro,North America,Education,25,1
CUST_03696,42.958333333333336,3.4166666666666665,0.5833333333333334,,,49.0,49,24,49,0,Stable,1,Mid-market,Basic,Latin America,Technology,468,23
CUST_03697,71.04166666666667,7.25,0.9,,,999.0,999,24,999,0,Stable,0,Enterprise,Enterprise,Asia-Pacific,Education,2542,23
CUST_03698,27.15,1.8,1.0,,,99.0,99,20,99,0,Stable,1,SMB,Pro,Asia-Pacific,Healthcare,45,19
CUST_03699,14.5,1.0,,,,99.0,99,2,99,0,Stable,1,SMB,Pro,North America,Healthcare,46,1
CUST_03700,40.2,5.466666666666667,0.5,,,499.0,499,15,499,0,Stable,0,Mid-market,Enterprise,North America,Education,370,14
CUST_03701,10.0,1.0,,,,29.0,29,2,29,0,Stable,1,SMB,Basic,Asia-Pacific,Healthcare,45,1
CUST_03702,23.208333333333332,1.875,0.8,6.0,29.0,29.0,29,24,29,0,Stable,1,SMB,Basic,North America,Finance,7,23
CUST_03703,17.571428571428573,1.8571428571428572,0.5,,,99.0,99,7,99,0,Stable,1,SMB,Pro,Asia-Pacific,Technology,22,6
CUST_03704,43.38461538461539,3.0,0.7,,,49.0,49,13,49,0,Stable,1,Mid-market,Basic,North America,Healthcare,458,12
CUST_03705,20.833333333333332,1.6666666666666667,,,,99.0,99,6,99,0,Stable,1,SMB,Pro,Asia-Pacific,Healthcare,21,5
CUST_03706,37.5,6.0,0.0,,,999.0,999,2,999,0,Stable,0,Enterprise,Enterprise,Europe,Education,2376,1
CUST_03707,16.2,1.2,,,,99.0,99,5,99,0,Stable,1,SMB,Pro,Asia-Pacific,E-commerce,13,4
CUST_03708,33.888888888888886,2.7777777777777777,0.5,,,49.0,49,9,49,0,Stable,1,Mid-market,Basic,North America,Retail,474,8
CUST_03709,24.928571428571427,1.2857142857142858,0.5,8.0,23.0,99.0,99,14,99,0,Stable,1,SMB,Pro,Europe,Education,18,13
CUST_03710,42.30434782608695,4.173913043478261,0.6,,,49.0,49,23,49,0,Stable,1,Mid-market,Basic,Europe,E-commerce,103,22
CUST_03711,41.714285714285715,2.4285714285714284,0.3333333333333333,,,199.0,199,7,199,0,Stable,1,Mid-market,Pro,North America,Education,453,6
CUST_03712,66.0,3.0,1.0,,,99.0,99,5,99,0,Stable,0,Enterprise,Basic,Latin America,Healthcare,3000,4
CUST_03713,9.75,1.5,,,,29.0,29,4,29,0,Stable,1,SMB,Basic,Europe,Education,36,3
CUST_03714,74.44444444444444,8.11111111111111,0.8333333333333334,,,999.0,999,18,999,0,Stable,0,Enterprise,Enterprise,Europe,Finance,2272,17
CUST_03715,14.5,1.0,1.0,6.0,24.0,99.0,99,4,99,0,Stable,1,SMB,Pro,North America,Finance,6,3
CUST_03716,15.0,0.5,,,,29.0,29,2,29,0,Stable,1,SMB,Basic,Europe,Retail,48,1
CUST_03717,72.22727272727273,6.7727272727272725,0.8518518518518517,9.0,33.0,99.0,99,22,99,0,Stable,0,Enterprise,Basic,North America,Healthcare,3643,21
CUST_03718,31.625,4.875,0.0,6.0,1.0,499.0,499,8,499,0,Stable,1,Mid-market,Enterprise,North America,Finance,154,7
CUST_03719,23.80952380952381,1.4761904761904763,0.3333333333333333,,,29.0,29,21,29,0,Stable,1,SMB,Basic,North America,Healthcare,33,20
CUST_03720,59.642857142857146,7.5,0.625,,,999.0,999,14,999,0,Stable,0,Enterprise,Enterprise,Latin America,Technology,1067,13
CUST_03721,12.333333333333334,0.6666666666666666,1.0,,,29.0,29,3,29,0,Stable,1,SMB,Basic,Europe,Education,18,2
CUST_03722,17.75,0.75,,,,29.0,29,4,29,0,Stable,1,SMB,Basic,Europe,Technology,10,3
CUST_03723,18.0,1.0,,,,29.0,29,1,29,0,Stable,1,SMB,Basic,Europe,Technology,11,0
CUST_03724,25.15,1.35,0.0,,,29.0,29,20,29,0,Stable,1,SMB,Basic,Europe,Technology,21,19
CUST_03725,23.4,1.4,0.0,,,29.0,29,10,29,0,Stable,1,SMB,Basic,Europe,Retail,22,9
CUST_03726,25.923076923076923,1.3076923076923077,1.0,,,29.0,29,13,29,0,Stable,1,SMB,Basic,North America,Retail,4,12
CUST_03727,26.0,3.6666666666666665,0.5,,,199.0,199,3,199,0,Stable,1,Mid-market,Pro,Asia-Pacific,Retail,288,2
CUST_03728,25.3,1.55,0.125,,,29.0,29,20,29,0,Stable,1,SMB,Basic,North America,E-commerce,25,19
CUST_03729,20.75,2.25,,8.0,26.5,49.0,49,4,49,0,Stable,1,Mid-market,Basic,North America,Finance,440,2
CUST_03730,22.5,1.625,0.5,,,99.0,99,16,99,0,Stable,1,SMB,Pro,Latin America,E-commerce,13,15
CUST_03731,33.0,2.2857142857142856,1.0,9.0,46.0,499.0,499,7,499,0,Stable,0,Mid-market,Enterprise,Europe,Healthcare,206,6
CUST_03732,9.666666666666666,1.6666666666666667,1.0,,,29.0,29,3,29,0,Stable,1,SMB,Basic,Asia-Pacific,Healthcare,42,2
CUST_03733,13.333333333333334,2.0,,,,99.0,99,3,99,0,Stable,1,SMB,Pro,North America,E-commerce,36,2
CUST_03734,66.0,7.6521739130434785,0.75,9.0,39.0,999.0,999,23,999,0,Stable,0,Enterprise,Enterprise,Europe,Finance,3155,22
CUST_03735,25.0,3.0,,,,99.0,99,1,99,0,Stable,1,SMB,Pro,North America,Technology,24,0
CUST_03736,23.733333333333334,1.8,0.4,5.0,-6.0,29.0,29,15,29,0,Stable,1,SMB,Basic,Europe,E-commerce,47,14
CUST_03737,34.875,3.75,1.0,9.0,25.0,199.0,199,8,199,0,Stable,1,Mid-market,Pro,Latin America,Finance,84,7
CUST_03738,41.333333333333336,3.9583333333333335,0.6,7.5,28.0,199.0,199,24,199,0,Stable,1,Mid-market,Pro,North America,Healthcare,264,23
CUST_03739,22.0,1.3333333333333333,0.0,,,29.0,29,6,29,0,Stable,1,SMB,Basic,North America,E-commerce,46,5
CUST_03740,61.10526315789474,6.947368421052632,0.75,10.0,51.0,99.0,99,19,99,0,Stable,0,Enterprise,Basic,North America,Technology,4761,18
CUST_03741,18.764705882352942,1.7058823529411764,0.2,6.0,18.0,29.0,29,17,29,0,Stable,1,SMB,Basic,Asia-Pacific,Education,34,16
CUST_03742,44.17391304347826,3.6956521739130435,0.8888888888888888,5.0,-8.0,499.0,499,23,499,0,Stable,1,Mid-market,Enterprise,North America,E-commerce,174,22
CUST_03743,57.888888888888886,6.222222222222222,0.85,,,999.0,999,9,999,0,Stable,0,Enterprise,Enterprise,North America,Retail,4786,8
CUST_03744,23.666666666666668,2.3333333333333335,,,,49.0,49,3,49,0,Stable,1,Mid-market,Basic,Asia-Pacific,Technology,242,2
CUST_03745,27.526315789473685,1.5789473684210527,0.5,6.0,3.0,29.0,29,19,29,0,Stable,1,SMB,Basic,Asia-Pacific,Technology,8,18
CUST_03746,24.0,1.1,,,,29.0,29,10,29,0,Stable,1,SMB,Basic,Asia-Pacific,Healthcare,38,9
CUST_03747,26.708333333333332,1.5416666666666667,1.0,8.0,17.0,99.0,99,24,99,0,Stable,1,SMB,Pro,North America,Technology,41,23
CUST_03748,6.0,0.6666666666666666,,,,99.0,99,3,99,0,Stable,1,SMB,Pro,North America,Education,49,2
CUST_03749,62.7,7.7,1.0,,,999.0,999,10,999,0,Stable,0,Enterprise,Enterprise,North America,Healthcare,2485,9
CUST_03750,24.058823529411764,1.7647058823529411,0.6666666666666666,,,29.0,29,17,29,0,Stable,1,SMB,Basic,Latin America,Retail,28,16
CUST_03751,64.34782608695652,7.260869565217392,0.5,,,99.0,99,23,99,0,Stable,0,Enterprise,Basic,Europe,Education,1077,22
CUST_03752,11.666666666666666,0.0,,,,29.0,29,3,29,0,Stable,1,SMB,Basic,Asia-Pacific,Finance,22,2
CUST_03753,24.571428571428573,1.2857142857142858,0.0,,,29.0,29,7,29,0,Stable,1,SMB,Basic,North America,Technology,15,6
CUST_03754,43.666666666666664,2.3333333333333335,1.0,,,49.0,49,6,49,0,Stable,1,Mid-market,Basic,North America,Finance,279,5
CUST_03755,28.642857142857142,1.6428571428571428,0.6666666666666666,,,29.0,29,14,29,0,Stable,1,SMB,Basic,Latin America,Healthcare,44,13
CUST_03756,64.36363636363636,7.909090909090909,0.8888888888888888,,,999.0,999,22,999,0,Stable,0,Enterprise,Enterprise,Asia-Pacific,Education,2444,21
CUST_03757,77.66666666666667,7.476190476190476,1.0,8.333333333333334,26.666666666666668,999.0,999,21,999,0,Stable,0,Enterprise,Enterprise,Europe,Healthcare,911,20
CUST_03758,25.333333333333332,1.6666666666666667,0.0,,,29.0,29,9,29,0,Stable,1,SMB,Basic,Europe,Education,45,8
CUST_03759,21.153846153846153,2.076923076923077,0.5,,,29.0,29,13,29,0,Stable,1,SMB,Basic,North America,Retail,47,12
CUST_03760,68.46666666666667,9.133333333333333,0.8,,,999.0,999,15,999,0,Stable,0,Enterprise,Enterprise,North America,Finance,3867,14
CUST_03761,17.0,0.6666666666666666,,,,29.0,29,3,29,0,Stable,1,SMB,Basic,North America,Technology,49,2
CUST_03762,43.1,3.7,0.8571428571428571,,,199.0,199,20,199,0,Stable,1,Mid-market,Pro,Asia-Pacific,Education,376,19
CUST_03763,26.0,1.9333333333333333,0.25,,,99.0,99,15,99,0,Stable,1,SMB,Pro,North America,Retail,23,14
CUST_03764,22.0,1.0,,,,29.0,29,1,29,0,Stable,1,SMB,Basic,Europe,Finance,18,0
CUST_03765,17.25,1.25,,6.0,-10.0,99.0,99,4,99,0,Stable,1,SMB,Pro,North America,Retail,42,3
CUST_03766,36.09090909090909,3.3636363636363638,1.0,,,49.0,49,11,49,0,Stable,1,Mid-market,Basic,Europe,Education,373,10
CUST_03767,62.0,6.0,,,,999.0,999,1,999,0,Stable,0,Enterprise,Enterprise,Asia-Pacific,Healthcare,2971,0
CUST_03768,31.125,2.125,1.0,,,199.0,199,8,199,0,Stable,1,Mid-market,Pro,North America,Retail,91,7
CUST_03769,17.571428571428573,1.4285714285714286,0.3333333333333333,4.0,8.0,29.0,29,7,29,0,Stable,1,SMB,Basic,Latin America,Finance,12,6
CUST_03770,31.5,4.0,1.0,,,999.0,999,2,999,0,Stable,0,Enterprise,Enterprise,North America,E-commerce,1074,1
CUST_03771,65.11764705882354,6.882352941176471,0.5,,,999.0,999,17,999,0,Stable,0,Enterprise,Enterprise,North America,Technology,1520,16
CUST_03772,24.444444444444443,1.2222222222222223,1.0,,,29.0,29,9,29,0,Stable,1,SMB,Basic,Europe,Education,31,8
CUST_03773,25.90909090909091,1.8181818181818181,0.4,6.0,3.0,29.0,29,22,29,0,Stable,1,SMB,Basic,Europe,Healthcare,6,21
CUST_03774,28.23076923076923,1.9230769230769231,0.75,,,99.0,99,13,99,0,Stable,1,SMB,Pro,Latin America,Healthcare,10,12
CUST_03775,66.71428571428571,6.857142857142857,0.75,,,299.0,299,7,299,0,Stable,0,Enterprise,Pro,Asia-Pacific,Finance,2081,6
CUST_03776,37.5,3.5,1.0,,,999.0,999,2,999,0,Stable,0,Enterprise,Enterprise,Latin America,E-commerce,1464,1
CUST_03777,26.5,1.125,0.5,,,99.0,99,8,99,0,Stable,1,SMB,Pro,North America,Education,1,7
CUST_03778,25.166666666666668,1.7777777777777777,0.2,,,99.0,99,18,99,0,Stable,1,SMB,Pro,North America,Retail,21,17
CUST_03779,26.3,1.65,0.3333333333333333,,,29.0,29,20,29,0,Stable,1,SMB,Basic,Latin America,Education,16,19
CUST_03780,62.45454545454545,7.363636363636363,0.65625,,,299.0,299,22,299,0,Stable,0,Enterprise,Pro,North America,Retail,2249,21
CUST_03781,9.0,0.5,,,,29.0,29,2,29,0,Stable,1,SMB,Basic,North America,Education,28,1
CUST_03782,39.22222222222222,3.5555555555555554,0.5,,,199.0,199,9,199,0,Stable,1,Mid-market,Pro,North America,Healthcare,307,8
CUST_03783,24.0,2.25,0.75,,,29.0,29,12,29,0,Stable,1,SMB,Basic,Europe,Finance,22,11
CUST_03784,24.0,1.8,0.25,,,29.0,29,20,29,0,Stable,1,SMB,Basic,Asia-Pacific,Retail,37,19
CUST_03785,63.44444444444444,7.111111111111111,1.0,,,999.0,999,9,999,0,Stable,0,Enterprise,Enterprise,Europe,Healthcare,3931,8
CUST_03786,38.916666666666664,4.333333333333333,0.3333333333333333,8.0,29.0,199.0,199,12,199,0,Stable,1,Mid-market,Pro,Latin America,Finance,442,11
CUST_03787,19.77777777777778,1.7777777777777777,0.5,,,29.0,29,9,29,0,Stable,1,SMB,Basic,Latin America,Technology,38,8
CUST_03788,70.6086956521739,7.391304347826087,0.7222222222222222,8.5,29.5,999.0,999,23,999,0,Stable,0,Enterprise,Enterprise,North America,Retail,1285,22
CUST_03789,21.0,0.8571428571428571,0.0,,,29.0,29,7,29,0,Stable,1,SMB,Basic,North America,Finance,15,6
CUST_03790,24.428571428571427,1.0,0.0,,,99.0,99,7,99,0,Stable,1,SMB,Pro,Asia-Pacific,Retail,48,6
CUST_03791,24.0,1.9565217391304348,0.375,7.0,37.0,29.0,29,23,29,0,Stable,1,SMB,Basic,Asia-Pacific,Technology,9,22
CUST_03792,19.0,0.0,,,,29.0,29,1,29,0,Stable,1,SMB,Basic,Asia-Pacific,Healthcare,4,0
CUST_03793,23.90909090909091,1.3636363636363635,0.3333333333333333,,,29.0,29,11,29,0,Stable,1,SMB,Basic,North America,Technology,36,10
CUST_03794,37.25,2.6875,1.0,,,49.0,49,16,49,0,Stable,1,Mid-market,Basic,North America,E-commerce,225,15
CUST_03795,18.0,0.0,,,,29.0,29,2,29,0,Stable,1,SMB,Basic,Europe,E-commerce,43,1
CUST_03796,21.31578947368421,1.736842105263158,,,,99.0,99,19,99,0,Stable,1,SMB,Pro,Europe,Technology,8,18
CUST_03797,27.714285714285715,2.5714285714285716,0.0,6.0,20.0,49.0,49,7,49,0,Stable,1,Mid-market,Basic,North America,Finance,196,6
CUST_03798,22.0,1.2857142857142858,0.0,,,29.0,29,7,29,0,Stable,1,SMB,Basic,Europe,E-commerce,10,6
CUST_03799,26.833333333333332,1.0833333333333333,0.25,,,299.0,299,12,299,0,Stable,1,SMB,Enterprise,North America,Technology,47,11
CUST_03800,26.09090909090909,2.1363636363636362,0.0,6.0,7.0,99.0,99,22,99,0,Stable,1,SMB,Pro,Europe,E-commerce,30,21
CUST_03801,69.57894736842105,8.105263157894736,0.9285714285714286,,,999.0,999,19,999,0,Stable,0,Enterprise,Enterprise,Latin America,Education,2963,18
CUST_03802,25.333333333333332,2.8666666666666667,0.0,,,99.0,99,15,99,0,Stable,1,SMB,Pro,North America,Healthcare,41,14
CUST_03803,17.333333333333332,1.3333333333333333,0.5,,,29.0,29,3,29,0,Stable,1,SMB,Basic,Europe,Technology,25,2
CUST_03804,15.4,2.2,,7.0,0.0,99.0,99,5,99,0,Stable,1,SMB,Pro,North America,Retail,37,4
CUST_03805,24.304347826086957,1.9130434782608696,0.25,,,29.0,29,23,29,0,Stable,1,SMB,Basic,Europe,Technology,16,22
CUST_03806,19.875,1.75,0.3333333333333333,,,29.0,29,8,29,0,Stable,1,SMB,Basic,North America,E-commerce,23,7
CUST_03807,23.105263157894736,1.631578947368421,0.3333333333333333,6.0,11.0,99.0,99,19,99,0,Stable,1,SMB,Pro,Asia-Pacific,Healthcare,49,18
CUST_03808,36.75,3.5,0.5,,,49.0,49,8,49,0,Stable,1,Mid-market,Basic,Latin America,E-commerce,171,7
CUST_03809,26.294117647058822,1.9411764705882353,0.6666666666666666,8.0,21.0,99.0,99,17,99,0,Stable,1,SMB,Pro,Europe,Finance,9,16
CUST_03810,24.045454545454547,1.8181818181818181,0.5,7.5,26.5,29.0,29,22,29,0,Stable,1,SMB,Basic,Asia-Pacific,Technology,47,21
CUST_03811,62.09090909090909,6.818181818181818,1.0,,,99.0,99,11,99,0,Stable,0,Enterprise,Basic,Europe,Retail,3900,10
CUST_03812,18.75,1.5,0.3333333333333333,6.0,11.0,29.0,29,12,29,0,Stable,1,SMB,Basic,North America,Education,17,11
CUST_03813,28.0,1.5,0.0,,,199.0,199,2,199,0,Stable,1,Mid-market,Pro,Europe,Healthcare,397,1
CUST_03814,9.0,0.0,,,,29.0,29,1,29,0,Stable,1,SMB,Basic,Europe,E-commerce,6,0
CUST_03815,23.533333333333335,1.5333333333333334,0.0,,,29.0,29,15,29,0,Stable,1,SMB,Basic,Europe,Education,6,14
CUST_03816,26.166666666666668,2.5,0.0,,,199.0,199,6,199,0,Stable,1,Mid-market,Pro,Europe,Retail,221,5
CUST_03817,75.33333333333333,7.722222222222222,0.75,7.0,17.0,999.0,999,18,999,0,Stable,0,Enterprise,Enterprise,Latin America,Finance,1169,17
CUST_03818,25.75,2.1875,0.0,10.0,52.0,29.0,29,16,29,0,Stable,1,SMB,Basic,North America,Healthcare,17,15
CUST_03819,50.0,8.2,0.8333333333333334,,,299.0,299,5,299,0,Stable,0,Enterprise,Pro,Asia-Pacific,E-commerce,3323,4
CUST_03820,46.5,6.5,,,,299.0,299,2,299,0,Stable,0,Enterprise,Pro,North America,Retail,4394,1
CUST_03821,22.6,2.2,1.0,,,99.0,99,10,99,0,Stable,1,SMB,Pro,North America,E-commerce,14,9
CUST_03822,21.666666666666668,2.3333333333333335,1.0,,,499.0,499,3,499,0,Stable,1,Mid-market,Enterprise,North America,E-commerce,457,2
CUST_03823,24.727272727272727,1.7272727272727273,0.0,,,299.0,299,11,299,0,Stable,1,SMB,Enterprise,North America,Healthcare,32,10
CUST_03824,8.0,1.0,,,,29.0,29,1,29,0,Stable,1,SMB,Basic,North America,Healthcare,34,0
CUST_03825,63.0625,6.5,0.7,,,99.0,99,16,99,0,Stable,0,Enterprise,Basic,North America,Retail,2880,15
CUST_03826,19.11111111111111,1.6666666666666667,,,,99.0,99,9,99,0,Stable,1,SMB,Pro,Latin America,Education,7,8
CUST_03827,28.333333333333332,3.6666666666666665,,,,999.0,999,3,999,0,Stable,0,Enterprise,Enterprise,Europe,Technology,3793,2
CUST_03828,32.0,3.5,,,,499.0,499,2,499,0,Stable,1,Mid-market,Enterprise,Latin America,E-commerce,134,1
CUST_03829,20.714285714285715,1.8571428571428572,0.6666666666666666,,,29.0,29,7,29,0,Stable,1,SMB,Basic,Asia-Pacific,Healthcare,5,6
CUST_03830,60.38461538461539,7.230769230769231,0.6666666666666666,,,999.0,999,13,999,0,Stable,0,Enterprise,Enterprise,North America,Retail,3493,12
CUST_03831,41.44444444444444,4.444444444444445,1.0,,,499.0,499,9,499,0,Stable,0,Mid-market,Enterprise,North America,E-commerce,211,8
CUST_03832,18.333333333333332,0.3333333333333333,,,,29.0,29,3,29,0,Stable,1,SMB,Basic,Asia-Pacific,Retail,2,2
CUST_03833,24.523809523809526,1.8095238095238095,0.3333333333333333,7.0,25.0,299.0,299,21,299,0,Stable,1,SMB,Enterprise,Asia-Pacific,Retail,46,20
CUST_03834,22.066666666666666,1.3333333333333333,0.0,,,29.0,29,15,29,0,Stable,1,SMB,Basic,North America,Healthcare,43,14
CUST_03835,27.0,1.4166666666666667,0.7,,,99.0,99,24,99,0,Stable,1,SMB,Pro,Asia-Pacific,Finance,45,23
CUST_03836,26.473684210526315,1.631578947368421,0.5,7.0,34.0,29.0,29,19,29,0,Stable,1,SMB,Basic,Europe,E-commerce,1,18
CUST_03837,68.54545454545455,6.7727272727272725,0.75,,,999.0,999,22,999,0,Stable,0,Enterprise,Enterprise,North America,Finance,3014,21
CUST_03838,67.13333333333334,6.933333333333334,0.875,9.0,21.0,999.0,999,15,999,0,Stable,0,Enterprise,Enterprise,Asia-Pacific,Technology,3268,14
CUST_03839,12.0,0.0,0.0,,,29.0,29,1,29,0,Stable,1,SMB,Basic,North America,Retail,27,0
CUST_03840,42.0,3.869565217391304,0.6428571428571429,,,199.0,199,23,199,0,Stable,1,Mid-market,Pro,North America,Finance,498,22
CUST_03841,20.75,1.25,0.0,,,29.0,29,4,29,0,Stable,1,SMB,Basic,Europe,Healthcare,34,3
CUST_03842,28.0,0.0,,,,29.0,29,1,29,0,Stable,1,SMB,Basic,Europe,E-commerce,13,0
CUST_03843,18.333333333333332,1.0,0.3333333333333333,,,29.0,29,6,29,0,Stable,1,SMB,Basic,Latin America,Healthcare,9,5
CUST_03844,57.714285714285715,7.142857142857143,1.0,,,999.0,999,7,999,0,Stable,0,Enterprise,Enterprise,Europe,Education,4216,6
CUST_03845,32.285714285714285,2.5714285714285716,0.6666666666666666,8.0,34.0,499.0,499,7,499,0,Stable,1,Mid-market,Enterprise,North America,Healthcare,103,6
CUST_03846,26.8,3.0,0.16666666666666666,,,499.0,499,5,499,0,Stable,1,Mid-market,Enterprise,Latin America,Finance,240,4
CUST_03847,20.5,1.5,0.0,,,29.0,29,4,29,0,Stable,1,SMB,Basic,Europe,Retail,7,3
CUST_03848,36.416666666666664,4.333333333333333,1.0,,,499.0,499,12,499,0,Stable,0,Mid-market,Enterprise,Europe,Education,217,11
CUST_03849,21.266666666666666,1.8,0.0,6.0,-1.0,29.0,29,15,29,0,Stable,1,SMB,Basic,Europe,Education,43,14
CUST_03850,12.5,0.5,,,,29.0,29,4,29,0,Stable,1,SMB,Basic,Europe,Technology,10,3
CUST_03851,44.63636363636363,3.6363636363636362,0.0,,,199.0,199,11,199,0,Stable,1,Mid-market,Pro,North America,Retail,397,10
CUST_03852,24.304347826086957,2.0434782608695654,0.0,7.0,19.0,29.0,29,23,29,0,Stable,1,SMB,Basic,Asia-Pacific,Technology,39,22
CUST_03853,24.27777777777778,1.2222222222222223,0.0,7.0,13.0,99.0,99,18,99,0,Stable,1,SMB,Pro,Latin America,Retail,13,17
CUST_03854,21.166666666666668,1.3333333333333333,0.0,,,29.0,29,6,29,0,Stable,1,SMB,Basic,Latin America,Retail,43,5
CUST_03855,27.0,1.0909090909090908,0.0,,,29.0,29,11,29,0,Stable,1,SMB,Basic,Asia-Pacific,Finance,34,10
CUST_03856,61.0,9.125,0.5,9.0,40.0,999.0,999,8,999,0,Stable,0,Enterprise,Enterprise,North America,Healthcare,1654,7
CUST_03857,67.28571428571429,6.428571428571429,1.0,8.0,11.0,299.0,299,7,299,0,Stable,0,Enterprise,Pro,North America,Technology,1720,6
CUST_03858,27.095238095238095,1.9523809523809523,0.5,8.0,27.0,29.0,29,21,29,0,Stable,1,SMB,Basic,Latin America,Technology,48,20
CUST_03859,26.791666666666668,1.75,0.3333333333333333,,,29.0,29,24,29,0,Stable,1,SMB,Basic,Latin America,Finance,14,23
CUST_03860,37.18181818181818,3.090909090909091,0.42857142857142855,,,49.0,49,11,49,0,Stable,1,Mid-market,Basic,Europe,Healthcare,384,10
CUST_03861,21.666666666666668,1.6666666666666667,0.0,,,29.0,29,6,29,0,Stable,1,SMB,Basic,North America,E-commerce,7,5
CUST_03862,23.1,1.5,0.0,,,29.0,29,10,29,0,Stable,1,SMB,Basic,North America,Education,34,9
CUST_03863,24.375,2.0,0.0,,,29.0,29,8,29,0,Stable,1,SMB,Basic,North America,Finance,4,7
CUST_03864,20.307692307692307,1.5384615384615385,0.5,,,29.0,29,13,29,0,Stable,1,SMB,Basic,North America,Healthcare,40,12
CUST_03865,14.5,2.0,,,,49.0,49,2,49,0,Stable,1,Mid-market,Basic,Asia-Pacific,Retail,332,1
CUST_03866,15.666666666666666,1.0,,,,29.0,29,3,29,0,Stable,1,SMB,Basic,Latin America,Technology,16,2
CUST_03867,28.42105263157895,1.736842105263158,0.0,,,29.0,29,19,29,0,Stable,1,SMB,Basic,Europe,Healthcare,10,18
CUST_03868,13.0,0.5,,,,29.0,29,2,29,0,Stable,1,SMB,Basic,North America,Healthcare,8,1
CUST_03869,20.0,1.0,,,,29.0,29,1,29,0,Stable,1,SMB,Basic,North America,Technology,39,0
CUST_03870,17.333333333333332,5.333333333333333,,,,49.0,49,3,49,0,Stable,1,Mid-market,Basic,Latin America,Finance,441,2
CUST_03871,23.5,1.6875,0.5,,,29.0,29,16,29,0,Stable,1,SMB,Basic,Asia-Pacific,Healthcare,47,15
CUST_03872,8.0,1.5,0.0,,,29.0,29,2,29,0,Stable,1,SMB,Basic,Asia-Pacific,Technology,48,1
CUST_03873,22.555555555555557,1.8888888888888888,0.5,,,29.0,29,9,29,0,Stable,1,SMB,Basic,Asia-Pacific,Technology,42,8
CUST_03874,72.52173913043478,8.391304347826088,0.6428571428571429,,,299.0,299,23,299,0,Stable,0,Enterprise,Pro,Asia-Pacific,Education,4409,22
CUST_03875,43.09090909090909,2.6363636363636362,0.8,6.0,-1.0,49.0,49,11,49,0,Stable,1,Mid-market,Basic,North America,Technology,154,10
CUST_03876,34.666666666666664,3.6666666666666665,1.0,,,99.0,99,3,99,0,Stable,1,Enterprise,Basic,Asia-Pacific,Healthcare,2252,2
CUST_03877,24.7,1.8,0.0,,,29.0,29,10,29,0,Stable,1,SMB,Basic,North America,Education,15,9
CUST_03878,44.86363636363637,3.727272727272727,0.375,,,49.0,49,22,49,0,Stable,1,Mid-market,Basic,North America,Healthcare,425,21
CUST_03879,24.318181818181817,1.5,1.0,9.0,36.0,99.0,99,22,99,0,Stable,1,SMB,Pro,Europe,Retail,2,21
CUST_03880,30.428571428571427,2.5714285714285716,,,,49.0,49,7,49,0,Stable,1,Mid-market,Basic,Europe,Education,105,6
CUST_03881,50.0,5.5,1.0,,,999.0,999,2,999,0,Stable,0,Enterprise,Enterprise,Latin America,Finance,2839,1
CUST_03882,25.571428571428573,1.7857142857142858,0.5,6.0,4.0,29.0,29,14,29,0,Stable,1,SMB,Basic,Europe,Finance,6,13
CUST_03883,35.142857142857146,3.4285714285714284,0.6428571428571429,,,49.0,49,14,49,0,Stable,1,Mid-market,Basic,Latin America,Technology,310,13
CUST_03884,25.846153846153847,1.7692307692307692,1.0,,,29.0,29,13,29,0,Stable,1,SMB,Basic,Europe,Retail,11,12
CUST_03885,41.0,3.6923076923076925,0.0,,,199.0,199,13,199,0,Stable,1,Mid-market,Pro,Asia-Pacific,Finance,65,12
CUST_03886,38.6,2.8,0.5,,,199.0,199,15,199,0,Stable,1,Mid-market,Pro,Europe,Healthcare,381,14
CUST_03887,24.428571428571427,1.8571428571428572,0.3333333333333333,,,29.0,29,21,29,0,Stable,1,SMB,Basic,North America,Technology,33,20
CUST_03888,16.0,1.6,0.0,,,29.0,29,5,29,0,Stable,1,SMB,Basic,North America,Finance,34,4
CUST_03889,27.0,1.3,0.3333333333333333,,,29.0,29,10,29,0,Stable,1,SMB,Basic,North America,Healthcare,40,9
CUST_03890,26.916666666666668,1.5833333333333333,0.3333333333333333,7.0,15.0,29.0,29,12,29,0,Stable,1,SMB,Basic,Latin America,Healthcare,29,11
CUST_03891,23.0,1.5384615384615385,1.0,,,29.0,29,13,29,0,Stable,1,SMB,Basic,Latin America,Healthcare,8,12
CUST_03892,41.78260869565217,3.9565217391304346,0.6666666666666666,,,199.0,199,23,199,0,Stable,1,Mid-market,Pro,North America,Finance,470,22
CUST_03893,30.5,3.0,,,,199.0,199,2,199,0,Stable,1,Mid-market,Pro,Europe,Education,303,1
CUST_03894,13.0,1.0,,,,29.0,29,1,29,0,Stable,1,SMB,Basic,Asia-Pacific,Education,38,0
CUST_03895,10.0,1.6666666666666667,,6.0,3.0,29.0,29,3,29,0,Stable,1,SMB,Basic,North America,Technology,1,2
CUST_03896,43.45454545454545,3.727272727272727,1.0,,,49.0,49,11,49,0,Stable,1,Mid-market,Basic,Europe,Retail,151,10
CUST_03897,20.2,1.2,1.0,,,29.0,29,5,29,0,Stable,1,SMB,Basic,Asia-Pacific,Healthcare,27,4
CUST_03898,20.666666666666668,1.3333333333333333,0.0,,,29.0,29,6,29,0,Stable,1,SMB,Basic,Latin America,E-commerce,31,5
CUST_03899,25.285714285714285,2.0714285714285716,0.5,,,299.0,299,14,299,0,Stable,1,SMB,Enterprise,Asia-Pacific,Healthcare,30,13
CUST_03900,26.0,1.75,1.0,,,199.0,199,4,199,0,Stable,1,Mid-market,Pro,Asia-Pacific,Technology,215,3
CUST_03901,26.933333333333334,2.466666666666667,0.5,,,29.0,29,15,29,0,Stable,1,SMB,Basic,Europe,Education,5,14
CUST_03902,19.666666666666668,1.3333333333333333,0.0,,,29.0,29,3,29,0,Stable,1,SMB,Basic,Europe,Finance,45,2
CUST_03903,24.6,1.5333333333333334,0.6666666666666666,,,99.0,99,15,99,0,Stable,1,SMB,Pro,North America,Technology,32,14
CUST_03904,26.625,1.75,1.0,6.0,13.0,29.0,29,8,29,0,Stable,1,SMB,Basic,North America,E-commerce,20,7
CUST_03905,19.333333333333332,1.5,0.5,,,29.0,29,6,29,0,Stable,1,SMB,Basic,Asia-Pacific,Education,31,5
CUST_03906,10.333333333333334,0.6666666666666666,,,,29.0,29,3,29,0,Stable,1,SMB,Basic,North America,Finance,37,2
CUST_03907,19.75,0.5,,,,29.0,29,4,29,0,Stable,1,SMB,Basic,North America,Retail,13,3
CUST_03908,13.0,0.0,,,,29.0,29,2,29,0,Stable,1,SMB,Basic,North America,Education,10,1
CUST_03909,41.523809523809526,3.9047619047619047,0.6666666666666666,7.0,10.0,49.0,49,21,49,0,Stable,1,Mid-market,Basic,Latin America,Finance,146,20
CUST_03910,24.0,2.125,0.0,,,29.0,29,8,29,0,Stable,1,SMB,Basic,Europe,Retail,12,7
CUST_03911,25.076923076923077,2.3846153846153846,1.0,,,29.0,29,13,29,0,Stable,1,SMB,Basic,Europe,Finance,2,12
CUST_03912,14.0,1.0,,,,49.0,49,2,49,0,Stable,1,Mid-market,Basic,North America,Technology,433,1
CUST_03913,24.36842105263158,1.5263157894736843,0.375,,,29.0,29,19,29,0,Stable,1,SMB,Basic,North America,Finance,7,18
CUST_03914,20.88888888888889,1.7777777777777777,0.0,,,29.0,29,9,29,0,Stable,1,SMB,Basic,Latin America,E-commerce,31,8
CUST_03915,22.72222222222222,1.8333333333333333,0.3333333333333333,,,29.0,29,18,29,0,Stable,1,SMB,Basic,North America,Healthcare,42,17
CUST_03916,20.11111111111111,1.4444444444444444,0.3333333333333333,,,29.0,29,9,29,0,Stable,1,SMB,Basic,North America,E-commerce,17,8
CUST_03917,20.285714285714285,1.2857142857142858,,,,29.0,29,7,29,0,Stable,1,SMB,Basic,Latin America,Education,39,6
CUST_03918,25.4,1.3333333333333333,0.5,6.0,7.0,29.0,29,15,29,0,Stable,1,SMB,Basic,Europe,Retail,18,14
CUST_03919,45.5,3.3636363636363638,0.5,,,199.0,199,22,199,0,Stable,1,Mid-market,Pro,North America,Finance,76,21
CUST_03920,10.0,0.5,,,,99.0,99,2,99,0,Stable,1,SMB,Pro,Asia-Pacific,Retail,17,1
CUST_03921,25.6,1.1,0.6666666666666666,,,29.0,29,10,29,0,Stable,1,SMB,Basic,Europe,Technology,31,9
CUST_03922,23.571428571428573,2.0,0.25,,,29.0,29,7,29,0,Stable,1,SMB,Basic,Latin America,Finance,31,6
CUST_03923,22.5,1.0,,,,29.0,29,2,29,0,Stable,1,SMB,Basic,Latin America,Healthcare,6,1
CUST_03924,42.857142857142854,2.857142857142857,,,,199.0,199,7,199,0,Stable,1,Mid-market,Pro,Latin America,Education,102,6
CUST_03925,42.65217391304348,4.608695652173913,0.35714285714285715,,,49.0,49,23,49,0,Stable,1,Mid-market,Basic,North America,Finance,312,22
CUST_03926,62.111111111111114,9.11111111111111,0.3333333333333333,,,999.0,999,9,999,0,Stable,0,Enterprise,Enterprise,North America,Healthcare,3822,8
CUST_03927,16.333333333333332,1.6666666666666667,0.5,,,29.0,29,3,29,0,Stable,1,SMB,Basic,North America,Healthcare,45,2
CUST_03928,63.111111111111114,9.0,0.3333333333333333,9.0,21.0,999.0,999,9,999,0,Stable,0,Enterprise,Enterprise,Europe,Finance,3492,8
CUST_03929,81.70588235294117,7.411764705882353,0.8333333333333334,8.0,33.0,999.0,999,17,999,0,Stable,0,Enterprise,Enterprise,North America,Finance,4138,16
CUST_03930,14.0,0.0,0.0,,,29.0,29,3,29,0,Stable,1,SMB,Basic,North America,Retail,5,2
CUST_03931,26.666666666666668,4.333333333333333,1.0,,,199.0,199,6,199,0,Stable,1,Mid-market,Pro,Asia-Pacific,Technology,187,5
CUST_03932,21.444444444444443,2.5555555555555554,0.0,,,299.0,299,9,299,0,Stable,1,SMB,Enterprise,Asia-Pacific,Finance,8,8
CUST_03933,17.5,1.5,,,,29.0,29,2,29,0,Stable,1,SMB,Basic,Europe,Healthcare,15,1
CUST_03934,19.0,1.6,,7.5,20.5,29.0,29,5,29,0,Stable,1,SMB,Basic,North America,E-commerce,15,3
CUST_03935,25.5,1.6875,0.3333333333333333,,,99.0,99,16,99,0,Stable,1,SMB,Pro,Europe,E-commerce,11,15
CUST_03936,20.25,3.0,0.0,,,199.0,199,4,199,0,Stable,1,Mid-market,Pro,Latin America,Retail,292,3
CUST_03937,16.0,2.6666666666666665,1.0,,,49.0,49,3,49,0,Stable,1,Mid-market,Basic,Europe,Technology,148,2
CUST_03938,38.714285714285715,2.142857142857143,1.0,,,49.0,49,7,49,0,Stable,1,Mid-market,Basic,North America,Technology,330,6
CUST_03939,40.47826086956522,3.8260869565217392,0.25,,,49.0,49,23,49,0,Stable,1,Mid-market,Basic,Europe,Finance,358,22
CUST_03940,38.09090909090909,4.363636363636363,1.0,,,199.0,199,11,199,0,Stable,1,Mid-market,Pro,North America,Healthcare,442,10
CUST_03941,15.0,0.5,,,,29.0,29,2,29,0,Stable,1,SMB,Basic,North America,Finance,32,1
CUST_03942,20.363636363636363,2.8181818181818183,0.16666666666666666,,,299.0,299,11,299,0,Stable,1,SMB,Enterprise,Asia-Pacific,Finance,49,10
CUST_03943,11.0,3.0,,,,29.0,29,1,29,0,Stable,1,SMB,Basic,North America,Healthcare,4,0
CUST_03944,22.041666666666668,1.8333333333333333,0.5,6.0,6.0,29.0,29,24,29,0,Stable,1,SMB,Basic,North America,Technology,40,23
CUST_03945,71.71428571428571,7.761904761904762,0.5625,,,299.0,299,21,299,0,Stable,0,Enterprise,Pro,Latin America,Finance,718,20
CUST_03946,35.75,4.25,1.0,9.0,50.0,49.0,49,8,49,0,Stable,0,Mid-market,Basic,North America,Technology,55,7
CUST_03947,31.5,2.5,0.0,,,49.0,49,2,49,0,Stable,1,Mid-market,Basic,North America,E-commerce,419,1
CUST_03948,25.571428571428573,1.0,0.0,8.0,6.0,299.0,299,7,299,0,Stable,1,SMB,Enterprise,North America,Education,48,6
CUST_03949,26.25,1.75,,7.0,36.0,29.0,29,8,29,0,Stable,1,SMB,Basic,Europe,Education,44,7
CUST_03950,24.25,2.25,0.5,,,299.0,299,8,299,0,Stable,1,SMB,Enterprise,North America,Retail,17,7
CUST_03951,26.058823529411764,1.7647058823529411,0.0,,,29.0,29,17,29,0,Stable,1,SMB,Basic,Europe,Finance,13,16
CUST_03952,11.5,1.5,1.0,,,29.0,29,2,29,0,Stable,1,SMB,Basic,Latin America,E-commerce,21,1
CUST_03953,25.0,1.2727272727272727,0.3333333333333333,,,29.0,29,22,29,0,Stable,1,SMB,Basic,Latin America,Finance,28,21
CUST_03954,62.470588235294116,6.9411764705882355,0.7857142857142857,,,999.0,999,17,999,0,Stable,0,Enterprise,Enterprise,Asia-Pacific,Finance,3863,16
CUST_03955,28.666666666666668,1.9333333333333333,1.0,,,29.0,29,15,29,0,Stable,1,SMB,Basic,Latin America,Retail,44,14
CUST_03956,47.541666666666664,4.291666666666667,0.6333333333333333,10.0,58.0,49.0,49,24,49,0,Stable,0,Mid-market,Basic,Latin America,Finance,85,23
CUST_03957,34.6,1.8,0.5,,,49.0,49,5,49,0,Stable,1,Mid-market,Basic,Asia-Pacific,Education,190,4
CUST_03958,43.78260869565217,3.5652173913043477,0.5714285714285714,8.5,32.5,49.0,49,23,49,0,Stable,1,Mid-market,Basic,Latin America,Retail,268,22
CUST_03959,24.76923076923077,1.8461538461538463,0.0,,,29.0,29,13,29,0,Stable,1,SMB,Basic,Asia-Pacific,E-commerce,45,12
CUST_03960,23.4375,1.875,0.3333333333333333,6.0,18.5,29.0,29,16,29,0,Stable,1,SMB,Basic,Asia-Pacific,Retail,17,15
CUST_03961,41.0,3.2941176470588234,0.5,8.0,29.0,199.0,199,17,199,0,Stable,1,Mid-market,Pro,Europe,Retail,324,16
CUST_03962,24.25,1.8333333333333333,0.6666666666666666,,,29.0,29,12,29,0,Stable,1,SMB,Basic,Latin America,Retail,11,11
CUST_03963,18.666666666666668,0.3333333333333333,,,,29.0,29,3,29,0,Stable,1,SMB,Basic,North America,Finance,14,2
CUST_03964,38.68181818181818,3.8181818181818183,0.5,,,199.0,199,22,199,0,Stable,1,Mid-market,Pro,Europe,E-commerce,282,21
CUST_03965,28.25,1.3333333333333333,0.625,,,29.0,29,12,29,0,Stable,1,SMB,Basic,North America,E-commerce,2,11
CUST_03966,20.444444444444443,1.5555555555555556,,,,29.0,29,9,29,0,Stable,1,SMB,Basic,Asia-Pacific,Technology,19,8
CUST_03967,62.857142857142854,5.714285714285714,0.75,,,99.0,99,7,99,0,Stable,0,Enterprise,Basic,Asia-Pacific,Retail,3253,6
CUST_03968,28.77777777777778,0.8888888888888888,0.5,,,99.0,99,9,99,0,Stable,1,SMB,Pro,North America,Retail,39,8
CUST_03969,22.36842105263158,1.5789473684210527,1.0,10.0,46.0,29.0,29,19,29,0,Stable,1,SMB,Basic,Asia-Pacific,Education,27,18
CUST_03970,12.0,0.0,0.0,,,499.0,499,1,499,0,Stable,1,Mid-market,Enterprise,North America,Healthcare,101,0
CUST_03971,32.916666666666664,3.6666666666666665,1.0,,,199.0,199,12,199,0,Stable,1,Mid-market,Pro,North America,Healthcare,224,11
CUST_03972,22.0,1.2,,,,29.0,29,5,29,0,Stable,1,SMB,Basic,Europe,Finance,11,4
CUST_03973,34.5,3.3333333333333335,0.0,,,499.0,499,6,499,0,Stable,1,Mid-market,Enterprise,Asia-Pacific,E-commerce,310,5
CUST_03974,30.416666666666668,1.0,0.0,,,29.0,29,12,29,0,Stable,1,SMB,Basic,Asia-Pacific,Education,25,11
CUST_03975,22.5,1.5,0.0,,,29.0,29,8,29,0,Stable,1,SMB,Basic,North America,E-commerce,40,7
CUST_03976,27.23076923076923,1.6153846153846154,0.0,,,29.0,29,13,29,0,Stable,1,SMB,Basic,Europe,Technology,4,12
CUST_03977,43.57142857142857,3.0,0.6666666666666666,,,199.0,199,7,199,0,Stable,1,Mid-market,Pro,Europe,Education,447,6
CUST_03978,21.5,1.25,0.0,,,29.0,29,4,29,0,Stable,1,SMB,Basic,Latin America,Retail,8,3
CUST_03979,30.428571428571427,2.7142857142857144,,,,199.0,199,7,199,0,Stable,1,Mid-market,Pro,North America,Education,215,6
CUST_03980,73.57142857142857,7.214285714285714,1.0,9.0,31.0,999.0,999,14,999,0,Stable,0,Enterprise,Enterprise,Asia-Pacific,Education,4184,13
CUST_03981,28.583333333333332,1.8333333333333333,0.0,,,99.0,99,12,99,0,Stable,1,SMB,Pro,North America,E-commerce,15,11
CUST_03982,20.2,1.2,,,,29.0,29,5,29,0,Stable,1,SMB,Basic,Europe,Healthcare,41,4
CUST_03983,77.0,7.571428571428571,0.6666666666666666,,,999.0,999,7,999,0,Stable,0,Enterprise,Enterprise,North America,Education,2242,6
CUST_03984,33.888888888888886,3.4444444444444446,0.0,,,499.0,499,9,499,0,Stable,1,Mid-market,Enterprise,North America,Retail,122,8
CUST_03985,21.083333333333332,1.6666666666666667,0.6666666666666666,,,29.0,29,12,29,0,Stable,1,SMB,Basic,North America,Retail,4,11
CUST_03986,25.454545454545453,1.5454545454545454,0.8333333333333334,,,99.0,99,22,99,0,Stable,1,SMB,Pro,Asia-Pacific,Retail,12,21
CUST_03987,37.55555555555556,4.222222222222222,0.3333333333333333,,,499.0,499,9,499,0,Stable,1,Mid-market,Enterprise,Europe,Technology,414,8
CUST_03988,25.210526315789473,1.368421052631579,0.5,,,29.0,29,19,29,0,Stable,1,SMB,Basic,Europe,Healthcare,44,18
CUST_03989,29.375,1.4375,0.3,,,29.0,29,16,29,0,Stable,1,SMB,Basic,Asia-Pacific,Technology,48,15
CUST_03990,80.29411764705883,7.117647058823529,0.75,,,299.0,299,17,299,0,Stable,0,Enterprise,Pro,Asia-Pacific,Finance,1556,16
CUST_03991,27.166666666666668,1.5,0.0,6.0,9.0,29.0,29,18,29,0,Stable,1,SMB,Basic,Europe,Technology,45,17
CUST_03992,25.0,6.0,1.0,,,99.0,99,3,99,0,Stable,1,Enterprise,Basic,Latin America,Retail,1469,2
CUST_03993,26.25,1.6666666666666667,0.0,,,29.0,29,12,29,0,Stable,1,SMB,Basic,North America,Technology,31,11
CUST_03994,12.0,0.25,,,,29.0,29,4,29,0,Stable,1,SMB,Basic,Latin America,Finance,28,3
CUST_03995,28.642857142857142,1.8571428571428572,0.5,7.0,27.0,29.0,29,14,29,0,Stable,1,SMB,Basic,Europe,Retail,13,13
CUST_03996,41.0,3.0,1.0,,,199.0,199,2,199,0,Stable,1,Mid-market,Pro,Europe,Education,246,1
CUST_03997,43.8,2.5,0.5,,,199.0,199,10,199,0,Stable,1,Mid-market,Pro,North America,Technology,172,9
CUST_03998,67.16666666666667,7.125,0.9461538461538462,7.0,4.0,999.0,999,24,999,0,Stable,0,Enterprise,Enterprise,Europe,Healthcare,1210,23
CUST_03999,24.65,1.5,0.3333333333333333,9.0,35.0,99.0,99,20,99,0,Stable,1,SMB,Pro,Latin America,Healthcare,19,19
CUST_04000,31.428571428571427,1.8571428571428572,0.7,8.0,34.0,49.0,49,7,49,0,Stable,1,Mid-market,Basic,North America,Technology,56,6
CUST_04001,34.15384615384615,4.769230769230769,0.0,,,199.0,199,13,199,0,Stable,1,Mid-market,Pro,Europe,Technology,363,12
CUST_04002,68.4,6.8,0.7777777777777778,,,299.0,299,15,299,0,Stable,0,Enterprise,Pro,Latin America,Finance,3595,14
CUST_04003,8.0,0.3333333333333333,1.0,,,99.0,99,3,99,0,Stable,1,SMB,Pro,Latin America,Retail,32,2
CUST_04004,15.0,1.375,0.0,,,99.0,99,8,99,0,Stable,1,SMB,Pro,North America,E-commerce,26,7
CUST_04005,20.583333333333332,1.25,0.0,,,99.0,99,12,99,0,Stable,1,SMB,Pro,Latin America,Finance,12,11
CUST_04006,26.88888888888889,1.4444444444444444,0.3333333333333333,5.0,-20.0,29.0,29,9,29,0,Stable,1,SMB,Basic,Europe,Technology,7,8
CUST_04007,24.8,0.8,,,,29.0,29,5,29,0,Stable,1,SMB,Basic,North America,Finance,25,4
CUST_04008,18.857142857142858,1.8571428571428572,0.25,,,99.0,99,7,99,0,Stable,1,SMB,Pro,Latin America,Education,41,6
CUST_04009,21.09090909090909,1.3636363636363635,0.5,,,99.0,99,11,99,0,Stable,1,SMB,Pro,North America,Finance,18,10
CUST_04010,23.545454545454547,1.9545454545454546,0.16666666666666666,,,99.0,99,22,99,0,Stable,1,SMB,Pro,Latin America,E-commerce,29,21
CUST_04011,26.153846153846153,1.6923076923076923,0.3333333333333333,,,29.0,29,13,29,0,Stable,1,SMB,Basic,North America,E-commerce,7,12
CUST_04012,22.25,0.5,,,,29.0,29,4,29,0,Stable,1,SMB,Basic,North America,Education,43,3
CUST_04013,42.888888888888886,3.2222222222222223,0.6666666666666666,,,199.0,199,9,199,0,Stable,1,Mid-market,Pro,North America,E-commerce,427,8
CUST_04014,41.26315789473684,4.315789473684211,0.5625,,,199.0,199,19,199,0,Stable,1,Mid-market,Pro,Latin America,Healthcare,268,18
CUST_04015,23.11764705882353,2.0588235294117645,0.0,,,29.0,29,17,29,0,Stable,1,SMB,Basic,Asia-Pacific,Finance,21,16
CUST_04016,25.333333333333332,2.0,,,,199.0,199,3,199,0,Stable,1,Mid-market,Pro,North America,Retail,432,2
CUST_04017,20.833333333333332,2.3333333333333335,0.0,,,99.0,99,6,99,0,Stable,1,SMB,Pro,Asia-Pacific,Healthcare,30,5
CUST_04018,56.0,8.571428571428571,0.8333333333333334,7.0,21.0,999.0,999,14,999,0,Stable,0,Enterprise,Enterprise,Europe,Technology,2692,13
CUST_04019,40.0,2.4285714285714284,,,,49.0,49,7,49,0,Stable,1,Mid-market,Basic,Latin America,Education,164,6
CUST_04020,19.0,1.25,1.0,,,99.0,99,4,99,0,Stable,1,SMB,Pro,Latin America,Retail,23,3
CUST_04021,20.9,1.6,,,,29.0,29,10,29,0,Stable,1,SMB,Basic,North America,Education,13,9
CUST_04022,20.5,1.3333333333333333,0.5,9.0,29.0,99.0,99,12,99,0,Stable,1,SMB,Pro,North America,E-commerce,31,11
CUST_04023,68.81818181818181,8.545454545454545,0.75,,,999.0,999,11,999,0,Stable,0,Enterprise,Enterprise,North America,Technology,3925,10
CUST_04024,43.22222222222222,3.2222222222222223,0.5,,,49.0,49,18,49,0,Stable,1,Mid-market,Basic,Latin America,Retail,195,17
CUST_04025,22.88888888888889,1.5555555555555556,1.0,,,29.0,29,9,29,0,Stable,1,SMB,Basic,North America,Technology,1,8
CUST_04026,78.04761904761905,7.238095238095238,0.8,,,999.0,999,21,999,0,Stable,0,Enterprise,Enterprise,Asia-Pacific,Technology,4648,20
CUST_04027,23.9375,1.25,0.6666666666666666,,,29.0,29,16,29,0,Stable,1,SMB,Basic,Latin America,E-commerce,37,15
CUST_04028,29.0,3.8,1.0,,,199.0,199,5,199,0,Stable,1,Mid-market,Pro,Latin America,Education,396,4
CUST_04029,72.44444444444444,5.222222222222222,0.5,,,299.0,299,9,299,0,Stable,0,Enterprise,Pro,Latin America,Technology,1559,8
CUST_04030,20.529411764705884,1.4705882352941178,0.5,8.0,29.0,29.0,29,17,29,0,Stable,1,SMB,Basic,North America,Retail,18,16
CUST_04031,16.0,1.3333333333333333,0.0,,,29.0,29,3,29,0,Stable,1,SMB,Basic,North America,Education,18,2
CUST_04032,22.476190476190474,1.7142857142857142,0.375,6.0,8.0,99.0,99,21,99,0,Stable,1,SMB,Pro,North America,Healthcare,42,20
CUST_04033,22.4,1.4,0.0,,,29.0,29,5,29,0,Stable,1,SMB,Basic,Latin America,Healthcare,3,4
CUST_04034,47.25,3.875,0.625,9.0,32.0,199.0,199,16,199,0,Stable,0,Mid-market,Pro,Latin America,E-commerce,319,15
CUST_04035,21.555555555555557,1.1111111111111112,0.0,,,29.0,29,9,29,0,Stable,1,SMB,Basic,North America,Education,19,8
CUST_04036,14.666666666666666,1.0,,,,99.0,99,3,99,0,Stable,1,SMB,Pro,Latin America,Technology,8,2
CUST_04037,21.75,2.125,0.5,,,29.0,29,8,29,0,Stable,1,SMB,Basic,Europe,E-commerce,16,7
CUST_04038,19.833333333333332,1.3333333333333333,0.5,,,29.0,29,6,29,0,Stable,1,SMB,Basic,North America,Education,36,5
CUST_04039,22.3,1.6,0.0,5.0,2.0,99.0,99,10,99,0,Stable,1,SMB,Pro,North America,E-commerce,46,9
CUST_04040,24.0,2.125,0.0,,,29.0,29,8,29,0,Stable,1,SMB,Basic,Asia-Pacific,E-commerce,44,7
CUST_04041,25.857142857142858,1.5714285714285714,0.6666666666666666,,,29.0,29,21,29,0,Stable,1,SMB,Basic,North America,Retail,16,20
CUST_04042,26.05263157894737,1.736842105263158,0.5,,,99.0,99,19,99,0,Stable,1,SMB,Pro,Asia-Pacific,Finance,8,18
CUST_04043,26.333333333333332,2.3333333333333335,0.5,,,199.0,199,3,199,0,Stable,1,Mid-market,Pro,North America,Technology,222,2
CUST_04044,39.785714285714285,4.642857142857143,0.4,,,199.0,199,14,199,0,Stable,1,Mid-market,Pro,North America,Healthcare,449,13
CUST_04045,45.65217391304348,3.739130434782609,0.8333333333333334,9.0,48.0,49.0,49,23,49,0,Stable,0,Mid-market,Basic,North America,Retail,111,22
CUST_04046,22.636363636363637,1.5454545454545454,0.0,7.0,40.0,99.0,99,11,99,0,Stable,1,SMB,Pro,Latin America,Technology,15,10
CUST_04047,39.94117647058823,4.0588235294117645,0.6666666666666666,10.0,49.0,199.0,199,17,199,0,Stable,0,Mid-market,Pro,Europe,Retail,319,16
CUST_04048,27.41176470588235,1.5294117647058822,0.25,,,29.0,29,17,29,0,Stable,1,SMB,Basic,Europe,Technology,20,16
CUST_04049,18.1,1.3,0.0,,,29.0,29,10,29,0,Stable,1,SMB,Basic,Europe,Technology,49,9
CUST_04050,15.0,2.5,1.0,,,499.0,499,2,499,0,Stable,1,Mid-market,Enterprise,Asia-Pacific,E-commerce,126,1
CUST_04051,23.095238095238095,1.7619047619047619,0.0,7.0,37.0,99.0,99,21,99,0,Stable,1,SMB,Pro,Asia-Pacific,Technology,8,20
CUST_04052,42.07142857142857,3.857142857142857,0.3333333333333333,,,199.0,199,14,199,0,Stable,1,Mid-market,Pro,North America,Education,461,13
CUST_04053,26.083333333333332,2.0,0.0,,,99.0,99,12,99,0,Stable,1,SMB,Pro,North America,Education,16,11
CUST_04054,42.89473684210526,3.1578947368421053,0.6,9.0,40.0,49.0,49,19,49,0,Stable,1,Mid-market,Basic,Asia-Pacific,E-commerce,103,18
CUST_04055,42.38461538461539,3.076923076923077,0.6666666666666666,,,49.0,49,13,49,0,Stable,1,Mid-market,Basic,Latin America,Technology,81,12
CUST_04056,23.545454545454547,1.5454545454545454,0.0,,,29.0,29,11,29,0,Stable,1,SMB,Basic,Europe,Technology,26,10
CUST_04057,27.125,1.25,0.0,,,29.0,29,8,29,0,Stable,1,SMB,Basic,Europe,Finance,13,7
CUST_04058,21.75,1.625,1.0,,,99.0,99,8,99,0,Stable,1,SMB,Pro,Europe,E-commerce,2,7
CUST_04059,46.76923076923077,3.6153846153846154,0.375,6.0,7.5,499.0,499,13,499,0,Stable,1,Mid-market,Enterprise,North America,Healthcare,188,12
CUST_04060,14.0,1.0,,,,99.0,99,1,99,0,Stable,1,SMB,Pro,North America,E-commerce,24,0
CUST_04061,72.95652173913044,8.08695652173913,0.6666666666666666,,,999.0,999,23,999,0,Stable,0,Enterprise,Enterprise,North America,Technology,2446,22
CUST_04062,26.8125,1.75,0.25,,,29.0,29,16,29,0,Stable,1,SMB,Basic,North America,Technology,11,15
CUST_04063,8.0,0.0,,,,29.0,29,1,29,0,Stable,1,SMB,Basic,Europe,Finance,19,0
CUST_04064,17.0,1.0,,,,29.0,29,4,29,0,Stable,1,SMB,Basic,Asia-Pacific,Technology,43,3
CUST_04065,29.0,4.666666666666667,,,,999.0,999,3,999,0,Stable,0,Enterprise,Enterprise,Asia-Pacific,Technology,4517,2
CUST_04066,19.0,0.5,0.0,,,29.0,29,2,29,0,Stable,1,SMB,Basic,Asia-Pacific,Education,14,1
CUST_04067,14.6,1.2,1.0,,,29.0,29,5,29,0,Stable,1,SMB,Basic,North America,Technology,10,4
CUST_04068,63.95,8.2,0.7142857142857143,,,999.0,999,20,999,0,Stable,0,Enterprise,Enterprise,North America,Education,1966,19
CUST_04069,25.615384615384617,1.3846153846153846,0.0,,,29.0,29,13,29,0,Stable,1,SMB,Basic,North America,Finance,12,12
CUST_04070,35.0,3.9,0.3333333333333333,,,199.0,199,10,199,0,Stable,1,Mid-market,Pro,Europe,E-commerce,400,9
CUST_04071,74.71428571428571,6.904761904761905,0.7857142857142857,,,299.0,299,21,299,0,Stable,0,Enterprise,Pro,North America,Healthcare,1129,20
CUST_04072,23.444444444444443,1.4444444444444444,1.0,,,29.0,29,9,29,0,Stable,1,SMB,Basic,Europe,Retail,9,8
CUST_04073,66.78571428571429,8.071428571428571,0.75,,,999.0,999,14,999,0,Stable,0,Enterprise,Enterprise,Asia-Pacific,Technology,2915,13
CUST_04074,26.5,1.9285714285714286,0.25,7.0,9.0,29.0,29,14,29,0,Stable,1,SMB,Basic,North America,E-commerce,14,13
CUST_04075,28.166666666666668,2.0833333333333335,0.375,,,29.0,29,12,29,0,Stable,1,SMB,Basic,Asia-Pacific,Technology,43,11
CUST_04076,18.857142857142858,2.0,1.0,,,29.0,29,7,29,0,Stable,1,SMB,Basic,Europe,E-commerce,37,6
CUST_04077,69.04545454545455,9.272727272727273,0.6296296296296295,,,999.0,999,22,999,0,Stable,0,Enterprise,Enterprise,North America,Retail,1495,21
CUST_04078,20.0,2.1,1.0,7.5,0.0,29.0,29,10,29,0,Stable,1,SMB,Basic,North America,Technology,10,9
CUST_04079,43.1,3.35,0.6666666666666666,,,199.0,199,20,199,0,Stable,1,Mid-market,Pro,North America,Finance,373,19
CUST_04080,71.75,7.166666666666667,0.7083333333333333,8.0,39.0,299.0,299,24,299,0,Stable,0,Enterprise,Pro,North America,Finance,902,23
CUST_04081,24.571428571428573,1.7857142857142858,0.0,,,99.0,99,14,99,0,Stable,1,SMB,Pro,North America,Finance,12,13
CUST_04082,26.142857142857142,1.8571428571428572,1.0,6.0,2.0,99.0,99,7,99,0,Stable,1,SMB,Pro,Asia-Pacific,Education,26,6
CUST_04083,16.0,1.6666666666666667,,,,29.0,29,3,29,0,Stable,1,SMB,Basic,North America,E-commerce,39,2
CUST_04084,21.818181818181817,2.272727272727273,0.0,,,99.0,99,11,99,0,Stable,1,SMB,Pro,Europe,E-commerce,46,10
CUST_04085,8.0,2.0,,,,29.0,29,1,29,0,Stable,1,SMB,Basic,Europe,Retail,37,0
CUST_04086,33.5,2.25,1.0,,,199.0,199,4,199,0,Stable,1,Mid-market,Pro,North America,Retail,385,3
CUST_04087,18.857142857142858,1.8571428571428572,0.5,,,29.0,29,7,29,0,Stable,1,SMB,Basic,Asia-Pacific,E-commerce,23,6
CUST_04088,24.166666666666668,1.5,0.0,,,29.0,29,6,29,0,Stable,1,SMB,Basic,North America,Technology,14,5
CUST_04089,37.76923076923077,3.6153846153846154,1.0,,,199.0,199,13,199,0,Stable,1,Mid-market,Pro,North America,Retail,76,12
CUST_04090,23.26086956521739,1.7826086956521738,0.0,,,29.0,29,23,29,0,Stable,1,SMB,Basic,Europe,Technology,12,22
CUST_04091,15.333333333333334,0.3333333333333333,,,,29.0,29,3,29,0,Stable,1,SMB,Basic,Asia-Pacific,Finance,22,2
CUST_04092,27.833333333333332,0.6666666666666666,,,,29.0,29,6,29,0,Stable,1,SMB,Basic,Latin America,Retail,38,5
CUST_04093,41.0,4.416666666666667,1.0,,,199.0,199,12,199,0,Stable,1,Mid-market,Pro,Europe,Education,303,11
CUST_04094,17.333333333333332,2.0,0.0,,,499.0,499,3,499,0,Stable,1,Mid-market,Enterprise,Asia-Pacific,Retail,425,2
CUST_04095,25.045454545454547,1.9090909090909092,0.5,,,29.0,29,22,29,0,Stable,1,SMB,Basic,North America,Healthcare,35,21
CUST_04096,24.15,1.7,0.5,5.0,9.0,29.0,29,20,29,0,Stable,1,SMB,Basic,Latin America,Finance,8,19
CUST_04097,25.17391304347826,1.4782608695652173,0.16666666666666666,,,29.0,29,23,29,0,Stable,1,SMB,Basic,Europe,Education,45,22
CUST_04098,25.833333333333332,2.3333333333333335,0.75,6.0,25.0,29.0,29,18,29,0,Stable,1,SMB,Basic,North America,Finance,28,17
CUST_04099,46.90909090909091,2.909090909090909,0.5,8.0,32.0,49.0,49,11,49,0,Stable,1,Mid-market,Basic,North America,Healthcare,424,10
CUST_04100,20.6,1.6,,,,29.0,29,5,29,0,Stable,1,SMB,Basic,Europe,Healthcare,20,4
CUST_04101,26.0,1.5,1.0,,,29.0,29,12,29,0,Stable,1,SMB,Basic,North America,Finance,14,11
CUST_04102,46.0,5.0,,,,999.0,999,1,999,0,Stable,0,Enterprise,Enterprise,Europe,Healthcare,1164,0
CUST_04103,41.705882352941174,3.5294117647058822,0.0,,,49.0,49,17,49,0,Stable,1,Mid-market,Basic,Europe,Retail,81,16
CUST_04104,24.9,2.4,0.0,6.0,9.0,99.0,99,10,99,0,Stable,1,SMB,Pro,Europe,Finance,36,9
CUST_04105,17.166666666666668,0.8333333333333334,0.6666666666666666,,,29.0,29,6,29,0,Stable,1,SMB,Basic,Europe,Education,22,5
CUST_04106,18.5,2.0,,,,29.0,29,4,29,0,Stable,1,SMB,Basic,North America,Healthcare,37,3
CUST_04107,22.5,2.5,0.5,,,199.0,199,2,199,0,Stable,1,Mid-market,Pro,North America,Education,296,1
CUST_04108,24.0,1.75,1.0,,,29.0,29,8,29,0,Stable,1,SMB,Basic,Latin America,Education,8,7
CUST_04109,22.2,1.1,,,,29.0,29,10,29,0,Stable,1,SMB,Basic,Europe,Finance,36,9
CUST_04110,74.04545454545455,8.136363636363637,0.9545454545454546,,,999.0,999,22,999,0,Stable,0,Enterprise,Enterprise,Asia-Pacific,Technology,3676,21
CUST_04111,21.5,1.625,1.0,,,29.0,29,8,29,0,Stable,1,SMB,Basic,Asia-Pacific,Education,22,7
CUST_04112,20.0,2.25,1.0,,,99.0,99,8,99,0,Stable,1,SMB,Pro,Europe,Retail,27,7
CUST_04113,44.625,4.5,0.4,,,199.0,199,16,199,0,Stable,1,Mid-market,Pro,North America,Healthcare,297,15
CUST_04114,46.26315789473684,3.6842105263157894,0.5925925925925926,,,199.0,199,19,199,0,Stable,1,Mid-market,Pro,North America,E-commerce,387,18
CUST_04115,23.0,1.0,0.0,,,29.0,29,6,29,0,Stable,1,SMB,Basic,Europe,Education,48,5
CUST_04116,22.142857142857142,0.8571428571428571,0.0,,,29.0,29,7,29,0,Stable,1,SMB,Basic,North America,E-commerce,8,6
CUST_04117,55.1,7.4,0.7916666666666666,,,999.0,999,10,999,0,Stable,0,Enterprise,Enterprise,North America,Education,2390,9
CUST_04118,22.25,1.25,0.0,6.0,21.0,29.0,29,8,29,0,Stable,1,SMB,Basic,Latin America,Education,27,7
CUST_04119,34.77777777777778,3.4444444444444446,0.5,,,49.0,49,9,49,0,Stable,1,Mid-market,Basic,Asia-Pacific,Technology,378,8
CUST_04120,11.5,2.5,0.5,,,29.0,29,2,29,0,Stable,1,SMB,Basic,North America,Healthcare,34,1
CUST_04121,28.52173913043478,1.3478260869565217,0.7222222222222222,,,29.0,29,23,29,0,Stable,1,SMB,Basic,North America,Finance,34,22
CUST_04122,31.1,3.3,0.5,,,49.0,49,10,49,0,Stable,1,Mid-market,Basic,North America,Finance,183,9
CUST_04123,29.0,4.0,0.5,,,999.0,999,2,999,0,Stable,0,Enterprise,Enterprise,North America,Education,3317,1
CUST_04124,33.333333333333336,3.3333333333333335,,,,499.0,499,3,499,0,Stable,1,Mid-market,Enterprise,Europe,Education,352,2
CUST_04125,84.38095238095238,7.857142857142857,0.625,9.0,46.5,999.0,999,21,999,0,Stable,0,Enterprise,Enterprise,Europe,Education,2523,20
CUST_04126,76.56521739130434,7.869565217391305,0.6875,,,299.0,299,23,299,0,Stable,0,Enterprise,Pro,Europe,Education,3093,22
CUST_04127,17.0,1.4,,,,29.0,29,5,29,0,Stable,1,SMB,Basic,North America,Retail,9,4
CUST_04128,33.0,2.142857142857143,0.5,,,49.0,49,7,49,0,Stable,1,Mid-market,Basic,North America,Technology,262,6
CUST_04129,40.5,4.666666666666667,,10.0,53.0,299.0,299,6,299,0,Stable,0,Enterprise,Pro,North America,Finance,2204,5
CUST_04130,36.357142857142854,3.642857142857143,0.25,,,199.0,199,14,199,0,Stable,1,Mid-market,Pro,North America,E-commerce,107,13
CUST_04131,77.76190476190476,6.714285714285714,0.5555555555555556,8.666666666666666,44.666666666666664,299.0,299,21,299,0,Stable,0,Enterprise,Pro,Europe,Healthcare,4863,20
CUST_04132,19.666666666666668,1.6666666666666667,1.0,,,49.0,49,3,49,0,Stable,1,Mid-market,Basic,North America,Education,498,2
CUST_04133,38.75,3.9166666666666665,0.5,,,49.0,49,12,49,0,Stable,1,Mid-market,Basic,Latin America,Healthcare,65,11
CUST_04134,71.57142857142857,6.0,0.7222222222222222,,,99.0,99,21,99,0,Stable,0,Enterprise,Basic,Latin America,Retail,2892,20
CUST_04135,39.3,3.5,1.0,,,49.0,49,10,49,0,Stable,1,Mid-market,Basic,Latin America,Healthcare,488,9
CUST_04136,14.0,0.5,0.5,,,99.0,99,2,99,0,Stable,1,SMB,Pro,Asia-Pacific,Retail,11,1
CUST_04137,30.533333333333335,1.4,0.16666666666666666,,,99.0,99,15,99,0,Stable,1,SMB,Pro,North America,E-commerce,4,14
CUST_04138,65.95454545454545,8.0,0.6666666666666666,,,999.0,999,22,999,0,Stable,0,Enterprise,Enterprise,North America,Retail,3273,21
CUST_04139,42.75,6.75,0.6666666666666666,,,999.0,999,4,999,0,Stable,0,Enterprise,Enterprise,Europe,E-commerce,3625,3
CUST_04140,19.0,1.0,,,,29.0,29,1,29,0,Stable,1,SMB,Basic,North America,Retail,5,0
CUST_04141,37.9,3.2,0.25,,,199.0,199,10,199,0,Stable,1,Mid-market,Pro,Asia-Pacific,Finance,311,9
CUST_04142,65.75,7.0,0.75,,,299.0,299,8,299,0,Stable,0,Enterprise,Pro,Europe,Finance,3710,7
CUST_04143,18.0,1.0,,,,49.0,49,1,49,0,Stable,1,Mid-market,Basic,Europe,Technology,105,0
CUST_04144,43.375,4.375,1.0,7.0,29.0,499.0,499,16,499,0,Stable,0,Mid-market,Enterprise,North America,Retail,152,15
CUST_04145,25.9,2.1,0.0,,,99.0,99,20,99,0,Stable,1,SMB,Pro,Latin America,Retail,26,19
CUST_04146,46.733333333333334,3.466666666666667,0.6,,,199.0,199,15,199,0,Stable,1,Mid-market,Pro,Europe,E-commerce,457,14
CUST_04147,30.25,3.125,0.4166666666666667,,,49.0,49,8,49,0,Stable,1,Mid-market,Basic,Asia-Pacific,Technology,119,7
CUST_04148,23.0,2.35,0.0,,,99.0,99,20,99,0,Stable,1,SMB,Pro,Asia-Pacific,Technology,5,19
CUST_04149,24.333333333333332,1.3333333333333333,0.3333333333333333,9.0,28.0,29.0,29,9,29,0,Stable,1,SMB,Basic,Asia-Pacific,Retail,29,8
CUST_04150,29.0,1.0,,,,99.0,99,1,99,0,Stable,1,SMB,Pro,Asia-Pacific,E-commerce,49,0
CUST_04151,35.166666666666664,2.8333333333333335,0.6666666666666666,,,199.0,199,6,199,0,Stable,1,Mid-market,Pro,North America,Education,136,5
CUST_04152,49.588235294117645,3.588235294117647,0.8333333333333334,,,49.0,49,17,49,0,Stable,1,Mid-market,Basic,Latin America,Finance,88,16
CUST_04153,39.0,4.619047619047619,0.6,,,499.0,499,21,499,0,Stable,0,Mid-market,Enterprise,North America,Education,406,20
CUST_04154,20.125,1.75,0.0,,,99.0,99,8,99,0,Stable,1,SMB,Pro,North America,Finance,27,7
CUST_04155,18.6,1.6,1.0,,,99.0,99,5,99,0,Stable,1,SMB,Pro,North America,E-commerce,6,4
CUST_04156,26.571428571428573,2.5714285714285716,0.0,6.0,-3.0,99.0,99,7,99,0,Stable,1,SMB,Pro,Asia-Pacific,Retail,48,6
CUST_04157,11.5,1.0,,,,29.0,29,4,29,0,Stable,1,SMB,Basic,Latin America,Education,29,3
CUST_04158,22.5,1.6666666666666667,0.5,,,29.0,29,12,29,0,Stable,1,SMB,Basic,North America,Finance,4,11
CUST_04159,42.44444444444444,3.4444444444444446,0.5,,,199.0,199,18,199,0,Stable,1,Mid-market,Pro,Asia-Pacific,Education,234,17
CUST_04160,72.0,7.125,1.0,,,999.0,999,8,999,0,Stable,0,Enterprise,Enterprise,Europe,Retail,1179,7
CUST_04161,72.3076923076923,6.923076923076923,0.5,,,999.0,999,13,999,0,Stable,0,Enterprise,Enterprise,Latin America,Finance,4650,12
CUST_04162,17.5,1.5,,,,99.0,99,2,99,0,Stable,1,SMB,Pro,Europe,E-commerce,15,1
CUST_04163,23.22222222222222,1.2222222222222223,0.5,8.0,25.0,29.0,29,9,29,0,Stable,1,SMB,Basic,Europe,Education,20,8
CUST_04164,13.5,1.5,1.0,,,29.0,29,2,29,0,Stable,1,SMB,Basic,Europe,Retail,13,1
CUST_04165,24.8,2.9,0.0,,,29.0,29,10,29,0,Stable,1,SMB,Basic,Europe,Finance,48,9
CUST_04166,27.285714285714285,1.4285714285714286,0.5,,,99.0,99,14,99,0,Stable,1,SMB,Pro,North America,Finance,16,13
CUST_04167,20.333333333333332,1.3333333333333333,0.5,,,29.0,29,6,29,0,Stable,1,SMB,Basic,North America,E-commerce,8,5
CUST_04168,40.31818181818182,3.0454545454545454,0.4444444444444444,,,49.0,49,22,49,0,Stable,1,Mid-market,Basic,Europe,Retail,155,21
CUST_04169,68.76190476190476,7.190476190476191,1.0,,,999.0,999,21,999,0,Stable,0,Enterprise,Enterprise,North America,Retail,534,20
CUST_04170,59.78947368421053,7.578947368421052,0.9583333333333333,,,999.0,999,19,999,0,Stable,0,Enterprise,Enterprise,North America,Finance,1829,18
CUST_04171,17.75,0.25,0.0,,,29.0,29,4,29,0,Stable,1,SMB,Basic,Latin America,Healthcare,27,3
CUST_04172,25.25,0.875,,,,29.0,29,8,29,0,Stable,1,SMB,Basic,Europe,Education,14,7
CUST_04173,17.333333333333332,0.6666666666666666,1.0,,,29.0,29,3,29,0,Stable,1,SMB,Basic,Europe,Finance,28,2
CUST_04174,27.22222222222222,1.7777777777777777,0.0,7.0,18.0,29.0,29,18,29,0,Stable,1,SMB,Basic,Latin America,Finance,9,17
CUST_04175,21.3,1.6,0.0,,,299.0,299,10,299,0,Stable,1,SMB,Enterprise,North America,Education,36,9
CUST_04176,28.333333333333332,3.6666666666666665,1.0,,,49.0,49,3,49,0,Stable,1,Mid-market,Basic,North America,E-commerce,304,2
CUST_04177,29.9,3.1,0.5,,,499.0,499,10,499,0,Stable,1,Mid-market,Enterprise,North America,Technology,499,9
CUST_04178,15.5,5.0,,,,499.0,499,2,499,0,Stable,1,Mid-market,Enterprise,North America,E-commerce,276,1
CUST_04179,23.4,1.3,,,,29.0,29,10,29,0,Stable,1,SMB,Basic,Europe,Healthcare,4,9
CUST_04180,15.666666666666666,1.3333333333333333,0.0,,,99.0,99,3,99,0,Stable,1,SMB,Pro,North America,Technology,15,2
CUST_04181,30.8,3.2,,,,199.0,199,5,199,0,Stable,1,Mid-market,Pro,Asia-Pacific,Retail,400,4
CUST_04182,25.666666666666668,1.3333333333333333,0.8333333333333334,7.0,-7.0,29.0,29,18,29,0,Stable,1,SMB,Basic,North America,Finance,20,17
CUST_04183,24.642857142857142,2.142857142857143,0.0,8.0,49.0,99.0,99,14,99,0,Stable,1,SMB,Pro,Europe,Healthcare,17,13
CUST_04184,23.941176470588236,1.9411764705882353,0.16666666666666666,,,29.0,29,17,29,0,Stable,1,SMB,Basic,North America,Education,21,16
CUST_04185,24.0625,1.9375,0.0,,,29.0,29,16,29,0,Stable,1,SMB,Basic,Europe,Technology,9,15
CUST_04186,73.5,7.277777777777778,1.0,8.0,12.0,999.0,999,18,999,0,Stable,0,Enterprise,Enterprise,North America,Technology,3103,17
CUST_04187,65.26315789473684,7.894736842105263,0.8333333333333334,8.5,44.0,999.0,999,19,999,0,Stable,0,Enterprise,Enterprise,Latin America,Education,3632,18
CUST_04188,20.6,2.05,0.25,,,29.0,29,20,29,0,Stable,1,SMB,Basic,North America,Technology,34,19
CUST_04189,28.285714285714285,1.9523809523809523,0.5,6.0,3.0,29.0,29,21,29,0,Stable,1,SMB,Basic,Latin America,Healthcare,13,20
CUST_04190,20.0,1.0,,,,299.0,299,2,299,0,Stable,1,SMB,Enterprise,Europe,Healthcare,28,1
CUST_04191,23.5,1.4444444444444444,0.3,,,99.0,99,18,99,0,Stable,1,SMB,Pro,Europe,Education,12,17
CUST_04192,13.666666666666666,1.6666666666666667,,,,29.0,29,3,29,0,Stable,1,SMB,Basic,Europe,Finance,45,2
CUST_04193,23.666666666666668,1.5833333333333333,0.5,,,29.0,29,12,29,0,Stable,1,SMB,Basic,North America,Retail,32,11
CUST_04194,25.38888888888889,1.6666666666666667,0.0,,,29.0,29,18,29,0,Stable,1,SMB,Basic,Asia-Pacific,Finance,18,17
CUST_04195,10.333333333333334,1.3333333333333333,0.0,,,29.0,29,3,29,0,Stable,1,SMB,Basic,Latin America,Healthcare,36,2
CUST_04196,20.636363636363637,1.6363636363636365,0.3333333333333333,,,29.0,29,11,29,0,Stable,1,SMB,Basic,Latin America,Education,12,10
CUST_04197,37.578947368421055,3.1052631578947367,0.42857142857142855,,,199.0,199,19,199,0,Stable,1,Mid-market,Pro,North America,Finance,406,18
CUST_04198,32.285714285714285,3.2857142857142856,0.75,,,199.0,199,7,199,0,Stable,1,Mid-market,Pro,North America,Healthcare,144,6
CUST_04199,25.0,1.3333333333333333,0.5,,,49.0,49,3,49,0,Stable,1,Mid-market,Basic,North America,Finance,127,2
CUST_04200,28.928571428571427,2.142857142857143,0.6666666666666666,,,99.0,99,14,99,0,Stable,1,SMB,Pro,North America,Retail,7,13
CUST_04201,13.5,0.5,,,,99.0,99,2,99,0,Stable,1,SMB,Pro,North America,Healthcare,49,1
CUST_04202,20.166666666666668,2.6666666666666665,1.0,6.0,-3.0,99.0,99,6,99,0,Stable,1,SMB,Pro,Europe,E-commerce,40,5
CUST_04203,19.5,1.5,,,,299.0,299,4,299,0,Stable,1,SMB,Enterprise,North America,Retail,13,3
CUST_04204,59.9,7.0,0.8333333333333334,8.0,22.0,299.0,299,10,299,0,Stable,0,Enterprise,Pro,Europe,Finance,621,9
CUST_04205,23.0,1.7142857142857142,0.0,,,29.0,29,7,29,0,Stable,1,SMB,Basic,Asia-Pacific,Education,19,6
CUST_04206,23.181818181818183,1.7272727272727273,0.4,,,99.0,99,22,99,0,Stable,1,SMB,Pro,North America,Technology,22,21
CUST_04207,22.176470588235293,2.176470588235294,1.0,7.0,27.0,29.0,29,17,29,0,Stable,1,SMB,Basic,Europe,Retail,22,16
CUST_04208,17.75,1.0,1.0,,,29.0,29,4,29,0,Stable,1,SMB,Basic,North America,Finance,48,3
CUST_04209,32.75,3.375,0.25,,,499.0,499,8,499,0,Stable,1,Mid-market,Enterprise,Asia-Pacific,Finance,267,7
CUST_04210,26.333333333333332,1.8333333333333333,0.5,,,29.0,29,12,29,0,Stable,1,SMB,Basic,North America,Retail,3,11
CUST_04211,22.0,1.75,0.5,,,29.0,29,12,29,0,Stable,1,SMB,Basic,Asia-Pacific,Finance,14,11
CUST_04212,25.0,1.3,0.6666666666666666,,,29.0,29,10,29,0,Stable,1,SMB,Basic,Europe,Healthcare,18,9
CUST_04213,42.80952380952381,4.142857142857143,0.625,6.0,25.0,499.0,499,21,499,0,Stable,0,Mid-market,Enterprise,North America,Education,414,20
CUST_04214,19.8,2.2,,7.0,30.0,99.0,99,5,99,0,Stable,1,SMB,Pro,Latin America,Technology,36,4
CUST_04215,41.4,4.2,0.5,,,499.0,499,10,499,0,Stable,1,Mid-market,Enterprise,Europe,Healthcare,404,9
CUST_04216,32.57142857142857,3.0,0.6666666666666666,,,49.0,49,7,49,0,Stable,1,Mid-market,Basic,Asia-Pacific,Technology,90,6
CUST_04217,25.666666666666668,1.5714285714285714,0.3333333333333333,,,29.0,29,21,29,0,Stable,1,SMB,Basic,Europe,Finance,20,20
CUST_04218,50.0,7.875,1.0,,,999.0,999,8,999,0,Stable,0,Enterprise,Enterprise,Asia-Pacific,Retail,1162,7
CUST_04219,24.791666666666668,1.625,0.0,8.0,28.0,29.0,29,24,29,0,Stable,1,SMB,Basic,Latin America,Finance,37,23
CUST_04220,17.75,0.75,1.0,,,29.0,29,4,29,0,Stable,1,SMB,Basic,North America,Technology,31,3
CUST_04221,23.857142857142858,1.0,0.0,,,29.0,29,7,29,0,Stable,1,SMB,Basic,Europe,Education,33,6
CUST_04222,36.166666666666664,2.3333333333333335,0.3333333333333333,,,49.0,49,12,49,0,Stable,1,Mid-market,Basic,Europe,Education,219,11
CUST_04223,23.428571428571427,1.7142857142857142,1.0,,,29.0,29,7,29,0,Stable,1,SMB,Basic,North America,Finance,28,6
CUST_04224,22.555555555555557,1.0,0.5,,,99.0,99,9,99,0,Stable,1,SMB,Pro,North America,Finance,39,8
CUST_04225,53.0,7.5,1.0,,,99.0,99,8,99,0,Stable,0,Enterprise,Basic,North America,Technology,2410,7
CUST_04226,66.26666666666667,8.0,0.7,7.666666666666667,33.666666666666664,999.0,999,15,999,0,Stable,0,Enterprise,Enterprise,Asia-Pacific,Education,925,14
CUST_04227,22.285714285714285,1.1428571428571428,0.5,,,99.0,99,7,99,0,Stable,1,SMB,Pro,Latin America,Healthcare,19,6
CUST_04228,69.85714285714286,8.357142857142858,0.875,,,999.0,999,14,999,0,Stable,0,Enterprise,Enterprise,Asia-Pacific,Retail,1617,13
CUST_04229,74.16666666666667,6.75,0.875,,,299.0,299,12,299,0,Stable,0,Enterprise,Pro,North America,E-commerce,713,11
CUST_04230,20.333333333333332,0.6666666666666666,,,,29.0,29,3,29,0,Stable,1,SMB,Basic,North America,Finance,45,2
CUST_04231,25.444444444444443,1.8888888888888888,0.0,,,99.0,99,18,99,0,Stable,1,SMB,Pro,North America,Technology,17,17
CUST_04232,19.4,1.0,,,,99.0,99,5,99,0,Stable,1,SMB,Pro,Europe,Healthcare,41,4
CUST_04233,39.31818181818182,3.772727272727273,1.0,9.5,51.5,199.0,199,22,199,0,Stable,0,Mid-market,Pro,North America,Technology,325,21
CUST_04234,23.88235294117647,2.176470588235294,0.25,,,299.0,299,17,299,0,Stable,1,SMB,Enterprise,Latin America,Healthcare,32,16
CUST_04235,21.0625,1.9375,0.5,,,29.0,29,16,29,0,Stable,1,SMB,Basic,Asia-Pacific,Retail,6,15
CUST_04236,19.75,1.875,0.0,,,29.0,29,8,29,0,Stable,1,SMB,Basic,North America,Retail,9,7
CUST_04237,45.07692307692308,2.769230769230769,0.0,,,49.0,49,13,49,0,Stable,1,Mid-market,Basic,Europe,Finance,436,12
CUST_04238,25.166666666666668,1.6111111111111112,0.0,,,99.0,99,18,99,0,Stable,1,SMB,Pro,North America,Finance,41,17
CUST_04239,26.142857142857142,1.1428571428571428,,,,99.0,99,7,99,0,Stable,1,SMB,Pro,Asia-Pacific,Finance,2,6
CUST_04240,21.625,1.5,,,,99.0,99,8,99,0,Stable,1,SMB,Pro,Europe,Healthcare,44,7
CUST_04241,23.208333333333332,1.5,0.5,9.0,31.0,29.0,29,24,29,0,Stable,1,SMB,Basic,Europe,Retail,5,23
CUST_04242,37.78947368421053,2.8947368421052633,0.42857142857142855,,,499.0,499,19,499,0,Stable,1,Mid-market,Enterprise,Latin America,Healthcare,78,18
CUST_04243,12.0,1.0,,,,29.0,29,2,29,0,Stable,1,SMB,Basic,Asia-Pacific,Technology,27,1
CUST_04244,30.6,4.2,1.0,,,49.0,49,5,49,0,Stable,1,Mid-market,Basic,North America,Healthcare,244,4
CUST_04245,19.75,3.5,1.0,,,199.0,199,4,199,0,Stable,1,Mid-market,Pro,Asia-Pacific,Finance,322,3
CUST_04246,15.333333333333334,2.3333333333333335,,,,99.0,99,3,99,0,Stable,1,SMB,Pro,North America,Finance,12,2
CUST_04247,11.333333333333334,2.0,0.0,,,29.0,29,3,29,0,Stable,1,SMB,Basic,Latin America,Retail,32,2
CUST_04248,20.428571428571427,1.8571428571428572,0.0,6.0,14.0,29.0,29,14,29,0,Stable,1,SMB,Basic,Latin America,Healthcare,26,13
CUST_04249,10.0,2.0,,,,29.0,29,2,29,0,Stable,1,SMB,Basic,North America,Retail,21,1
CUST_04250,77.7,8.8,1.0,,,999.0,999,10,999,0,Stable,0,Enterprise,Enterprise,North America,Education,3644,9
CUST_04251,24.727272727272727,2.0,0.0,7.0,23.0,29.0,29,22,29,0,Stable,1,SMB,Basic,Asia-Pacific,E-commerce,44,21
CUST_04252,33.4,1.8,0.0,,,49.0,49,5,49,0,Stable,1,Mid-market,Basic,North America,E-commerce,406,4
CUST_04253,27.75,2.125,0.0,,,29.0,29,8,29,0,Stable,1,SMB,Basic,Asia-Pacific,Finance,17,7
CUST_04254,9.5,1.5,,,,29.0,29,2,29,0,Stable,1,SMB,Basic,Asia-Pacific,Education,35,1
CUST_04255,28.15,2.1,0.0,,,29.0,29,20,29,0,Stable,1,SMB,Basic,North America,Technology,31,19
CUST_04256,14.5,1.5,0.0,,,199.0,199,2,199,0,Stable,1,Mid-market,Pro,North America,Retail,392,1
CUST_04257,40.5,4.5,0.5,7.5,21.0,49.0,49,14,49,0,Stable,1,Mid-market,Basic,North America,Retail,313,13
CUST_04258,26.5,1.7777777777777777,0.5,,,29.0,29,18,29,0,Stable,1,SMB,Basic,North America,Technology,6,17
CUST_04259,43.54545454545455,4.0,1.0,,,499.0,499,22,499,0,Stable,0,Mid-market,Enterprise,North America,Education,364,21
CUST_04260,19.0,1.6666666666666667,,,,99.0,99,3,99,0,Stable,1,SMB,Pro,Europe,Technology,19,2
CUST_04261,73.57894736842105,8.105263157894736,0.8125,,,999.0,999,19,999,0,Stable,0,Enterprise,Enterprise,Europe,Technology,4274,18
CUST_04262,42.166666666666664,3.6666666666666665,0.5,,,499.0,499,12,499,0,Stable,1,Mid-market,Enterprise,Europe,E-commerce,88,11
CUST_04263,18.375,2.125,,7.0,29.0,29.0,29,8,29,0,Stable,1,SMB,Basic,Asia-Pacific,Finance,48,7
CUST_04264,56.0,4.0,,,,299.0,299,2,299,0,Stable,1,Enterprise,Pro,North America,Finance,1122,1
CUST_04265,24.266666666666666,2.066666666666667,0.5,,,29.0,29,15,29,0,Stable,1,SMB,Basic,North America,Healthcare,9,14
CUST_04266,25.90909090909091,1.8181818181818181,0.0,,,29.0,29,11,29,0,Stable,1,SMB,Basic,Latin America,Finance,13,10
CUST_04267,19.333333333333332,1.2222222222222223,0.0,6.0,11.0,29.0,29,9,29,0,Stable,1,SMB,Basic,Latin America,Healthcare,31,8
CUST_04268,20.0,1.4,1.0,,,29.0,29,5,29,0,Stable,1,SMB,Basic,Asia-Pacific,Education,16,4
CUST_04269,7.5,1.0,,,,299.0,299,2,299,0,Stable,1,SMB,Enterprise,Europe,Technology,44,1
CUST_04270,67.27272727272727,5.7272727272727275,0.6666666666666666,9.0,41.0,299.0,299,11,299,0,Stable,0,Enterprise,Pro,North America,E-commerce,767,10
CUST_04271,23.791666666666668,2.2083333333333335,0.3888888888888889,,,29.0,29,24,29,0,Stable,1,SMB,Basic,Europe,Retail,4,23
CUST_04272,66.875,8.0,0.875,,,999.0,999,16,999,0,Stable,0,Enterprise,Enterprise,Europe,Retail,4654,15
CUST_04273,22.0,1.3333333333333333,0.0,,,199.0,199,3,199,0,Stable,1,Mid-market,Pro,North America,Technology,203,2
CUST_04274,66.0,7.882352941176471,0.8333333333333334,9.0,44.5,999.0,999,17,999,0,Stable,0,Enterprise,Enterprise,North America,Education,3978,16
CUST_04275,61.86666666666667,7.066666666666666,0.8,,,99.0,99,15,99,0,Stable,0,Enterprise,Basic,North America,Retail,2946,14
CUST_04276,13.0,1.0,,,,99.0,99,3,99,0,Stable,1,SMB,Pro,North America,Technology,3,2
CUST_04277,23.583333333333332,1.75,,,,29.0,29,12,29,0,Stable,1,SMB,Basic,Asia-Pacific,Technology,12,11
CUST_04278,25.863636363636363,1.7272727272727273,0.4,,,99.0,99,22,99,0,Stable,1,SMB,Pro,Latin America,Retail,15,21
CUST_04279,71.52380952380952,8.095238095238095,0.5555555555555555,7.0,27.0,999.0,999,21,999,0,Stable,0,Enterprise,Enterprise,Europe,Healthcare,3768,20
CUST_04280,45.733333333333334,3.8666666666666667,0.625,,,199.0,199,15,199,0,Stable,1,Mid-market,Pro,North America,Retail,340,14
CUST_04281,20.857142857142858,1.5714285714285714,0.0,,,299.0,299,7,299,0,Stable,1,SMB,Enterprise,Latin America,Technology,49,6
CUST_04282,24.695652173913043,2.347826086956522,0.6666666666666666,,,299.0,299,23,299,0,Stable,1,SMB,Enterprise,North America,Technology,14,22
CUST_04283,22.25,1.625,0.3333333333333333,,,29.0,29,16,29,0,Stable,1,SMB,Basic,Europe,Education,17,15
CUST_04284,38.416666666666664,3.75,0.3333333333333333,,,49.0,49,12,49,0,Stable,1,Mid-market,Basic,North America,Technology,336,11
CUST_04285,23.25,1.8333333333333333,1.0,,,99.0,99,12,99,0,Stable,1,SMB,Pro,Europe,Finance,43,11
CUST_04286,75.54545454545455,7.590909090909091,0.9444444444444443,,,999.0,999,22,999,0,Stable,0,Enterprise,Enterprise,Asia-Pacific,Education,2385,21
CUST_04287,23.0,1.7,1.0,5.5,24.0,29.0,29,20,29,0,Stable,1,SMB,Basic,North America,Technology,48,19
CUST_04288,22.454545454545453,1.5454545454545454,0.6666666666666666,,,29.0,29,11,29,0,Stable,1,SMB,Basic,Europe,Finance,4,10
CUST_04289,18.0,1.6666666666666667,0.0,,,99.0,99,3,99,0,Stable,1,SMB,Pro,Europe,E-commerce,30,2
CUST_04290,22.066666666666666,1.5333333333333334,0.6666666666666666,6.0,14.0,29.0,29,15,29,0,Stable,1,SMB,Basic,North America,Retail,45,14
CUST_04291,20.5,1.5,0.5,,,99.0,99,6,99,0,Stable,1,SMB,Pro,Asia-Pacific,E-commerce,16,5
CUST_04292,16.0,1.3333333333333333,,,,29.0,29,3,29,0,Stable,1,SMB,Basic,Europe,Finance,3,2
CUST_04293,16.0,1.5,0.0,8.0,20.0,99.0,99,4,99,0,Stable,1,SMB,Pro,North America,Technology,11,3
CUST_04294,16.0,1.6666666666666667,0.0,,,99.0,99,6,99,0,Stable,1,SMB,Pro,Asia-Pacific,Education,44,5
CUST_04295,22.625,2.25,1.0,,,99.0,99,8,99,0,Stable,1,SMB,Pro,Europe,Education,25,7
CUST_04296,24.363636363636363,1.6363636363636365,0.0,,,99.0,99,11,99,0,Stable,1,SMB,Pro,Europe,Healthcare,31,10
CUST_04297,21.636363636363637,1.8181818181818181,0.0,,,99.0,99,11,99,0,Stable,1,SMB,Pro,North America,Finance,5,10
CUST_04298,24.714285714285715,2.0,1.0,6.0,5.0,29.0,29,7,29,0,Stable,1,SMB,Basic,Asia-Pacific,Finance,4,6
CUST_04299,13.5,1.0,0.0,,,299.0,299,2,299,0,Stable,1,SMB,Enterprise,Latin America,Healthcare,4,1
CUST_04300,65.95652173913044,7.6521739130434785,0.7727272727272727,9.0,69.0,999.0,999,23,999,0,Stable,0,Enterprise,Enterprise,Asia-Pacific,Education,2266,22
CUST_04301,22.47826086956522,1.434782608695652,0.5,6.0,7.0,29.0,29,23,29,0,Stable,1,SMB,Basic,North America,Technology,15,22
CUST_04302,62.833333333333336,7.888888888888889,1.0,,,999.0,999,18,999,0,Stable,0,Enterprise,Enterprise,Latin America,Retail,4503,17
CUST_04303,24.85,1.55,0.625,,,29.0,29,20,29,0,Stable,1,SMB,Basic,Europe,Education,41,19
CUST_04304,20.11111111111111,1.5555555555555556,0.0,,,29.0,29,9,29,0,Stable,1,SMB,Basic,North America,E-commerce,1,8
CUST_04305,39.833333333333336,4.125,0.75,,,199.0,199,24,199,0,Stable,1,Mid-market,Pro,North America,Retail,104,23
CUST_04306,81.44444444444444,8.0,0.6,8.0,33.0,999.0,999,9,999,0,Stable,0,Enterprise,Enterprise,North America,Retail,4858,8
CUST_04307,48.0,4.5,1.0,,,999.0,999,2,999,0,Stable,0,Enterprise,Enterprise,North America,Education,4351,1
CUST_04308,11.333333333333334,1.0,,,,29.0,29,3,29,0,Stable,1,SMB,Basic,Europe,Finance,21,2
CUST_04309,22.5,1.625,0.75,8.0,31.0,299.0,299,16,299,0,Stable,1,SMB,Enterprise,Asia-Pacific,Technology,33,15
CUST_04310,22.5,0.875,1.0,,,99.0,99,8,99,0,Stable,1,SMB,Pro,North America,Education,49,7
CUST_04311,22.692307692307693,1.1538461538461537,0.3,,,99.0,99,13,99,0,Stable,1,SMB,Pro,Europe,E-commerce,35,12
CUST_04312,26.23076923076923,2.076923076923077,0.5,,,29.0,29,13,29,0,Stable,1,SMB,Basic,Asia-Pacific,Healthcare,30,12
CUST_04313,63.6,6.866666666666666,0.8,10.0,62.0,999.0,999,15,999,0,Stable,0,Enterprise,Enterprise,Asia-Pacific,E-commerce,3462,14
CUST_04314,21.1,1.2,,8.0,29.0,99.0,99,10,99,0,Stable,1,SMB,Pro,Latin America,Education,48,9
CUST_04315,20.083333333333332,1.3333333333333333,0.0,,,29.0,29,12,29,0,Stable,1,SMB,Basic,North America,Education,17,11
CUST_04316,21.52173913043478,2.391304347826087,0.3333333333333333,,,99.0,99,23,99,0,Stable,1,SMB,Pro,Europe,Healthcare,37,22
CUST_04317,6.0,1.0,,,,29.0,29,1,29,0,Stable,1,SMB,Basic,Europe,Technology,12,0
CUST_04318,61.0,6.909090909090909,0.8,,,99.0,99,11,99,0,Stable,0,Enterprise,Basic,Asia-Pacific,E-commerce,4559,10
CUST_04319,25.25,0.5,,,,29.0,29,4,29,0,Stable,1,SMB,Basic,Europe,Healthcare,33,3
CUST_04320,44.083333333333336,2.8333333333333335,0.5,,,49.0,49,12,49,0,Stable,1,Mid-market,Basic,Latin America,Retail,231,11
CUST_04321,12.0,0.0,,,,29.0,29,1,29,0,Stable,1,SMB,Basic,North America,Healthcare,20,0
CUST_04322,10.5,0.5,0.0,,,29.0,29,2,29,0,Stable,1,SMB,Basic,North America,E-commerce,44,1
CUST_04323,11.333333333333334,1.6666666666666667,,,,99.0,99,3,99,0,Stable,1,SMB,Pro,North America,Finance,39,2
CUST_04324,28.55,2.2,0.5,,,29.0,29,20,29,0,Stable,1,SMB,Basic,North America,E-commerce,27,19
CUST_04325,78.75,8.7,0.9444444444444444,8.0,19.0,999.0,999,20,999,0,Stable,0,Enterprise,Enterprise,North America,E-commerce,3534,19
CUST_04326,23.77777777777778,1.7777777777777777,0.0,,,29.0,29,9,29,0,Stable,1,SMB,Basic,Asia-Pacific,Finance,44,8
CUST_04327,25.76923076923077,1.5384615384615385,0.4,7.0,28.0,299.0,299,13,299,0,Stable,1,SMB,Enterprise,Europe,E-commerce,24,12
CUST_04328,25.0,1.3333333333333333,0.0,,,29.0,29,9,29,0,Stable,1,SMB,Basic,Asia-Pacific,Finance,12,8
CUST_04329,26.8125,1.1875,0.0,6.0,13.0,29.0,29,16,29,0,Stable,1,SMB,Basic,Latin America,Education,46,15
CUST_04330,33.333333333333336,4.333333333333333,0.0,,,999.0,999,3,999,0,Stable,0,Enterprise,Enterprise,Europe,Healthcare,3603,2
CUST_04331,19.25,1.5,0.0,,,29.0,29,4,29,0,Stable,1,SMB,Basic,Europe,Healthcare,29,3
CUST_04332,45.0,4.4,1.0,,,99.0,99,5,99,0,Stable,1,Enterprise,Basic,North America,Retail,4994,4
CUST_04333,16.5,1.0,0.0,,,99.0,99,2,99,0,Stable,1,SMB,Pro,North America,Education,41,1
CUST_04334,21.0,0.7142857142857143,,5.0,0.0,29.0,29,7,29,0,Stable,1,SMB,Basic,Asia-Pacific,Healthcare,18,6
CUST_04335,21.75,2.0833333333333335,0.625,,,29.0,29,12,29,0,Stable,1,SMB,Basic,Latin America,Retail,37,11
CUST_04336,37.857142857142854,2.5714285714285716,0.75,,,49.0,49,7,49,0,Stable,1,Mid-market,Basic,Europe,Retail,269,6
CUST_04337,80.54545454545455,7.045454545454546,0.8571428571428571,8.5,45.0,999.0,999,22,999,0,Stable,0,Enterprise,Enterprise,Asia-Pacific,Finance,1632,21
CUST_04338,23.8,1.2,0.0,,,29.0,29,10,29,0,Stable,1,SMB,Basic,Asia-Pacific,Retail,19,9
CUST_04339,23.666666666666668,1.4285714285714286,0.3333333333333333,8.0,17.0,29.0,29,21,29,0,Stable,1,SMB,Basic,North America,Retail,49,20
CUST_04340,27.0,2.0,1.0,,,199.0,199,2,199,0,Stable,1,Mid-market,Pro,Europe,Finance,260,1
CUST_04341,42.666666666666664,4.333333333333333,0.6,,,199.0,199,24,199,0,Stable,1,Mid-market,Pro,Asia-Pacific,E-commerce,421,23
CUST_04342,44.53846153846154,3.0,0.9285714285714286,7.0,6.0,49.0,49,13,49,0,Stable,1,Mid-market,Basic,North America,Education,55,12
CUST_04343,38.1764705882353,3.0588235294117645,0.7083333333333333,6.0,3.0,199.0,199,17,199,0,Stable,1,Mid-market,Pro,Europe,Finance,354,16
CUST_04344,25.615384615384617,1.6923076923076923,0.3333333333333333,,,29.0,29,13,29,0,Stable,1,SMB,Basic,Latin America,Technology,26,12
CUST_04345,68.18181818181819,6.181818181818182,0.6666666666666666,,,99.0,99,11,99,0,Stable,0,Enterprise,Basic,Latin America,Education,1845,10
CUST_04346,37.64705882352941,3.0588235294117645,0.6666666666666666,8.5,40.5,49.0,49,17,49,0,Stable,1,Mid-market,Basic,Europe,E-commerce,325,16
CUST_04347,51.6,6.9,0.6666666666666666,,,999.0,999,10,999,0,Stable,0,Enterprise,Enterprise,Asia-Pacific,Retail,2912,9
CUST_04348,68.18181818181819,7.545454545454546,0.6666666666666666,8.0,39.0,999.0,999,11,999,0,Stable,0,Enterprise,Enterprise,Europe,E-commerce,956,10
CUST_04349,20.75,1.125,,,,29.0,29,8,29,0,Stable,1,SMB,Basic,North America,Healthcare,39,7
CUST_04350,25.789473684210527,1.5263157894736843,0.5,5.0,-10.0,29.0,29,19,29,0,Stable,1,SMB,Basic,Europe,Healthcare,43,18
CUST_04351,29.333333333333332,1.3333333333333333,0.5,,,29.0,29,18,29,0,Stable,1,SMB,Basic,Latin America,Retail,42,17
CUST_04352,17.0,1.6666666666666667,,,,29.0,29,3,29,0,Stable,1,SMB,Basic,Asia-Pacific,Healthcare,44,2
CUST_04353,37.5,3.1,0.16666666666666666,,,199.0,199,10,199,0,Stable,1,Mid-market,Pro,Europe,E-commerce,80,9
CUST_04354,25.7,1.2,0.0,,,99.0,99,10,99,0,Stable,1,SMB,Pro,Europe,Healthcare,36,9
CUST_04355,21.22222222222222,1.7777777777777777,0.0,,,99.0,99,9,99,0,Stable,1,SMB,Pro,North America,Healthcare,3,8
CUST_04356,16.833333333333332,1.6666666666666667,0.0,,,29.0,29,6,29,0,Stable,1,SMB,Basic,Europe,Finance,16,5
CUST_04357,12.0,1.0,,,,29.0,29,2,29,0,Stable,1,SMB,Basic,Europe,Retail,38,1
CUST_04358,43.5,3.5,1.0,,,199.0,199,8,199,0,Stable,1,Mid-market,Pro,Europe,E-commerce,407,7
CUST_04359,40.35,3.95,0.75,,,499.0,499,20,499,0,Stable,0,Mid-market,Enterprise,Europe,Education,310,19
CUST_04360,70.83333333333333,5.5,1.0,,,999.0,999,6,999,0,Stable,0,Enterprise,Enterprise,Latin America,E-commerce,946,5
CUST_04361,26.0,0.0,,,,29.0,29,2,29,0,Stable,1,SMB,Basic,Europe,Finance,2,1
CUST_04362,39.375,3.125,0.6666666666666666,,,49.0,49,16,49,0,Stable,1,Mid-market,Basic,North America,Education,499,15
CUST_04363,30.4375,1.875,0.6666666666666666,,,99.0,99,16,99,0,Stable,1,SMB,Pro,North America,Retail,7,15
CUST_04364,19.857142857142858,1.7142857142857142,,,,29.0,29,7,29,0,Stable,1,SMB,Basic,Europe,Education,5,6
CUST_04365,56.5,7.666666666666667,1.0,,,999.0,999,6,999,0,Stable,0,Enterprise,Enterprise,North America,Education,3450,5
CUST_04366,24.2,2.0,0.0,,,29.0,29,10,29,0,Stable,1,SMB,Basic,North America,Healthcare,46,9
CUST_04367,22.153846153846153,1.5384615384615385,0.5,,,29.0,29,13,29,0,Stable,1,SMB,Basic,North America,Technology,3,12
CUST_04368,26.791666666666668,1.5833333333333333,0.3333333333333333,,,99.0,99,24,99,0,Stable,1,SMB,Pro,Latin America,Retail,36,23
CUST_04369,24.130434782608695,1.6521739130434783,0.25,7.0,26.0,29.0,29,23,29,0,Stable,1,SMB,Basic,North America,Retail,33,22
CUST_04370,24.529411764705884,2.5294117647058822,0.0,,,99.0,99,17,99,0,Stable,1,SMB,Pro,North America,Technology,22,16
CUST_04371,25.555555555555557,2.0555555555555554,0.2,7.0,18.0,29.0,29,18,29,0,Stable,1,SMB,Basic,Europe,Technology,13,16
CUST_04372,34.285714285714285,3.7142857142857144,0.0,,,49.0,49,7,49,0,Stable,1,Mid-market,Basic,Europe,Education,193,6
CUST_04373,31.5,2.3333333333333335,0.0,,,49.0,49,6,49,0,Stable,1,Mid-market,Basic,Latin America,Retail,372,5
CUST_04374,39.285714285714285,2.857142857142857,0.0,,,49.0,49,7,49,0,Stable,1,Mid-market,Basic,Latin America,Finance,221,6
CUST_04375,22.0,1.0,,,,99.0,99,1,99,0,Stable,1,SMB,Pro,Latin America,Technology,26,0
CUST_04376,39.666666666666664,3.5,0.875,,,199.0,199,12,199,0,Stable,1,Mid-market,Pro,Europe,E-commerce,178,11
CUST_04377,26.46153846153846,1.1538461538461537,0.75,,,29.0,29,13,29,0,Stable,1,SMB,Basic,Latin America,Finance,36,12
CUST_04378,17.0,3.5,0.0,,,99.0,99,2,99,0,Stable,1,SMB,Pro,Latin America,E-commerce,30,1
CUST_04379,20.4,1.1,0.5,,,29.0,29,10,29,0,Stable,1,SMB,Basic,North America,Healthcare,27,9
CUST_04380,34.22222222222222,2.5555555555555554,0.0,,,199.0,199,9,199,0,Stable,1,Mid-market,Pro,North America,Technology,216,8
CUST_04381,25.083333333333332,2.375,1.0,7.0,9.0,99.0,99,24,99,0,Stable,1,SMB,Pro,Europe,Technology,14,23
CUST_04382,26.076923076923077,1.0769230769230769,0.0,,,29.0,29,13,29,0,Stable,1,SMB,Basic,Latin America,Finance,33,12
CUST_04383,49.0,4.333333333333333,1.0,,,999.0,999,3,999,0,Stable,0,Enterprise,Enterprise,North America,Education,4704,2
CUST_04384,28.2,2.05,0.25,,,299.0,299,20,299,0,Stable,1,SMB,Enterprise,North America,Technology,12,19
CUST_04385,27.333333333333332,1.6666666666666667,0.25,,,29.0,29,24,29,0,Stable,1,SMB,Basic,Europe,Technology,32,23
CUST_04386,23.444444444444443,2.0,1.0,,,29.0,29,9,29,0,Stable,1,SMB,Basic,North America,Finance,10,8
CUST_04387,22.58823529411765,1.8235294117647058,0.25,8.0,41.0,99.0,99,17,99,0,Stable,1,SMB,Pro,North America,Technology,21,16
CUST_04388,49.0,3.0,1.0,,,299.0,299,3,299,0,Stable,1,Enterprise,Pro,Latin America,Finance,2569,2
CUST_04389,37.46153846153846,3.3076923076923075,0.6666666666666666,,,199.0,199,13,199,0,Stable,1,Mid-market,Pro,North America,Retail,65,12
CUST_04390,15.333333333333334,1.3333333333333333,,,,99.0,99,3,99,0,Stable,1,SMB,Pro,Europe,Technology,24,2
CUST_04391,10.0,1.5,,,,29.0,29,2,29,0,Stable,1,SMB,Basic,Asia-Pacific,Retail,3,1
CUST_04392,12.0,1.0,,,,29.0,29,2,29,0,Stable,1,SMB,Basic,Latin America,E-commerce,35,1
CUST_04393,27.181818181818183,1.8181818181818181,1.0,6.0,-4.0,29.0,29,11,29,0,Stable,1,SMB,Basic,Asia-Pacific,Technology,19,10
CUST_04394,14.333333333333334,0.6666666666666666,,,,29.0,29,3,29,0,Stable,1,SMB,Basic,Asia-Pacific,E-commerce,16,2
CUST_04395,31.0,3.0,0.0,,,49.0,49,2,49,0,Stable,1,Mid-market,Basic,Europe,E-commerce,466,1
CUST_04396,37.09090909090909,2.5454545454545454,0.6666666666666666,,,199.0,199,11,199,0,Stable,1,Mid-market,Pro,Europe,Technology,165,10
CUST_04397,18.666666666666668,0.6666666666666666,0.5,,,29.0,29,3,29,0,Stable,1,SMB,Basic,North America,Retail,27,2
CUST_04398,66.92857142857143,7.642857142857143,0.8571428571428571,,,999.0,999,14,999,0,Stable,0,Enterprise,Enterprise,North America,Finance,3106,13
CUST_04399,11.0,1.0,,,,29.0,29,1,29,0,Stable,1,SMB,Basic,Asia-Pacific,E-commerce,21,0
CUST_04400,27.4,1.65,0.0,8.5,16.5,29.0,29,20,29,0,Stable,1,SMB,Basic,Asia-Pacific,Retail,16,19
CUST_04401,22.5,2.3333333333333335,0.5,7.0,29.0,99.0,99,12,99,0,Stable,1,SMB,Pro,North America,E-commerce,30,11
CUST_04402,28.3,1.5,0.5,7.0,36.0,99.0,99,10,99,0,Stable,1,SMB,Pro,Europe,Healthcare,17,8
CUST_04403,22.857142857142858,2.357142857142857,0.6,,,29.0,29,14,29,0,Stable,1,SMB,Basic,Europe,Retail,5,13
CUST_04404,27.153846153846153,2.1538461538461537,0.25,,,29.0,29,13,29,0,Stable,1,SMB,Basic,Asia-Pacific,Retail,44,12
CUST_04405,72.05882352941177,7.705882352941177,1.0,,,99.0,99,17,99,0,Stable,0,Enterprise,Basic,Asia-Pacific,E-commerce,1580,16
CUST_04406,62.0,4.0,,,,999.0,999,1,999,0,Stable,0,Enterprise,Enterprise,Latin America,Technology,3678,0
CUST_04407,36.4,3.0,0.5,,,199.0,199,5,199,0,Stable,1,Mid-market,Pro,Europe,Finance,351,4
CUST_04408,70.5,8.55,0.6166666666666667,,,999.0,999,20,999,0,Stable,0,Enterprise,Enterprise,Europe,Finance,4585,19
CUST_04409,21.0,1.3333333333333333,0.0,,,99.0,99,12,99,0,Stable,1,SMB,Pro,Asia-Pacific,Education,26,11
CUST_04410,15.333333333333334,0.3333333333333333,1.0,7.0,25.0,29.0,29,3,29,0,Stable,1,SMB,Basic,Europe,Healthcare,11,2
CUST_04411,19.0,1.625,0.0,,,99.0,99,8,99,0,Stable,1,SMB,Pro,North America,Technology,48,7
CUST_04412,11.0,1.0,1.0,,,29.0,29,2,29,0,Stable,1,SMB,Basic,North America,Education,11,1
CUST_04413,37.25,1.5,0.0,,,49.0,49,4,49,0,Stable,1,Mid-market,Basic,Europe,Retail,186,3
CUST_04414,11.666666666666666,0.3333333333333333,,,,299.0,299,3,299,0,Stable,1,SMB,Enterprise,Latin America,Retail,20,2
CUST_04415,19.5,2.0,1.0,,,49.0,49,2,49,0,Stable,1,Mid-market,Basic,Europe,Technology,368,1
CUST_04416,30.823529411764707,1.8235294117647058,0.5,,,29.0,29,17,29,0,Stable,1,SMB,Basic,North America,Retail,37,16
CUST_04417,18.307692307692307,2.076923076923077,0.0,7.0,45.0,99.0,99,13,99,0,Stable,1,SMB,Pro,Latin America,Healthcare,25,12
CUST_04418,9.0,2.0,,,,99.0,99,2,99,0,Stable,1,SMB,Pro,Latin America,Finance,24,1
CUST_04419,23.6,3.8,1.0,,,49.0,49,5,49,0,Stable,1,Mid-market,Basic,North America,Finance,391,4
CUST_04420,36.0,1.5,1.0,7.0,26.0,49.0,49,4,49,0,Stable,1,Mid-market,Basic,North America,E-commerce,156,3
CUST_04421,24.833333333333332,1.9444444444444444,0.0,,,99.0,99,18,99,0,Stable,1,SMB,Pro,Latin America,Retail,49,17
CUST_04422,25.583333333333332,1.25,0.0,,,29.0,29,12,29,0,Stable,1,SMB,Basic,North America,E-commerce,21,11
CUST_04423,13.5,0.5,,,,29.0,29,2,29,0,Stable,1,SMB,Basic,Asia-Pacific,Retail,17,1
CUST_04424,20.0,1.4,0.3333333333333333,,,29.0,29,10,29,0,Stable,1,SMB,Basic,Latin America,Retail,22,9
CUST_04425,10.333333333333334,0.6666666666666666,,,,29.0,29,3,29,0,Stable,1,SMB,Basic,Latin America,Technology,28,2
CUST_04426,26.25,2.0,1.0,,,49.0,49,4,49,0,Stable,1,Mid-market,Basic,Asia-Pacific,E-commerce,146,3
CUST_04427,24.384615384615383,1.7692307692307692,0.6666666666666666,,,29.0,29,13,29,0,Stable,1,SMB,Basic,Latin America,Retail,23,12
CUST_04428,60.833333333333336,7.833333333333333,0.5,,,999.0,999,6,999,0,Stable,0,Enterprise,Enterprise,North America,Technology,1295,5
CUST_04429,21.625,1.8125,0.0,5.0,5.0,99.0,99,16,99,0,Stable,1,SMB,Pro,Europe,Finance,44,15
CUST_04430,28.363636363636363,1.0,0.0,,,29.0,29,11,29,0,Stable,1,SMB,Basic,North America,Retail,35,10
CUST_04431,20.166666666666668,1.1666666666666667,,,,29.0,29,6,29,0,Stable,1,SMB,Basic,Europe,Retail,3,5
CUST_04432,18.5,0.75,,,,29.0,29,4,29,0,Stable,1,SMB,Basic,Asia-Pacific,Healthcare,20,3
CUST_04433,66.3,6.5,0.8333333333333334,,,99.0,99,10,99,0,Stable,0,Enterprise,Basic,North America,Retail,4317,9
CUST_04434,78.63157894736842,7.684210526315789,0.9,,,299.0,299,19,299,0,Stable,0,Enterprise,Pro,Asia-Pacific,Finance,3767,18
CUST_04435,26.333333333333332,1.9047619047619047,0.5,,,29.0,29,21,29,0,Stable,1,SMB,Basic,Europe,Technology,8,20
CUST_04436,26.615384615384617,1.6923076923076923,1.0,,,29.0,29,13,29,0,Stable,1,SMB,Basic,Europe,Finance,38,12
CUST_04437,24.916666666666668,1.8333333333333333,1.0,,,29.0,29,12,29,0,Stable,1,SMB,Basic,North America,E-commerce,10,11
CUST_04438,22.833333333333332,1.9166666666666667,0.0,,,29.0,29,12,29,0,Stable,1,SMB,Basic,North America,Retail,20,11
CUST_04439,39.4,3.5,0.3333333333333333,,,199.0,199,10,199,0,Stable,1,Mid-market,Pro,Asia-Pacific,Retail,229,9
CUST_04440,11.0,2.5,,,,29.0,29,4,29,0,Stable,1,SMB,Basic,Asia-Pacific,Technology,20,3
CUST_04441,22.833333333333332,1.0,1.0,,,29.0,29,6,29,0,Stable,1,SMB,Basic,North America,Healthcare,23,5
CUST_04442,38.833333333333336,3.2916666666666665,0.5,8.0,21.0,49.0,49,24,49,0,Stable,1,Mid-market,Basic,Europe,Retail,145,23
CUST_04443,35.8,4.1,0.6666666666666666,9.0,43.0,49.0,49,10,49,0,Stable,1,Mid-market,Basic,North America,E-commerce,451,9
CUST_04444,40.3125,2.9375,0.6666666666666666,7.0,6.0,49.0,49,16,49,0,Stable,1,Mid-market,Basic,Europe,Technology,286,15
CUST_04445,43.46153846153846,4.230769230769231,0.6,,,499.0,499,13,499,0,Stable,0,Mid-market,Enterprise,Latin America,Retail,100,12
CUST_04446,7.666666666666667,1.0,0.5,,,29.0,29,3,29,0,Stable,1,SMB,Basic,Asia-Pacific,Healthcare,9,2
CUST_04447,37.93333333333333,3.8666666666666667,0.8,,,199.0,199,15,199,0,Stable,1,Mid-market,Pro,Asia-Pacific,E-commerce,121,14
CUST_04448,51.0,7.333333333333333,1.0,,,999.0,999,3,999,0,Stable,0,Enterprise,Enterprise,Asia-Pacific,Education,4841,2
CUST_04449,53.4,6.4,0.0,,,999.0,999,5,999,0,Stable,0,Enterprise,Enterprise,Asia-Pacific,E-commerce,2437,4
CUST_04450,27.944444444444443,2.2222222222222223,0.75,7.0,32.0,99.0,99,18,99,0,Stable,1,SMB,Pro,Asia-Pacific,Education,43,17
CUST_04451,19.333333333333332,1.0,0.0,,,29.0,29,3,29,0,Stable,1,SMB,Basic,North America,Retail,45,2
CUST_04452,15.285714285714286,1.5714285714285714,0.0,,,29.0,29,7,29,0,Stable,1,SMB,Basic,North America,Retail,9,6
CUST_04453,14.25,1.75,0.0,,,29.0,29,4,29,0,Stable,1,SMB,Basic,North America,Technology,17,3
CUST_04454,32.166666666666664,3.0,1.0,,,199.0,199,6,199,0,Stable,1,Mid-market,Pro,Asia-Pacific,E-commerce,204,5
CUST_04455,23.444444444444443,0.7777777777777778,0.0,,,29.0,29,9,29,0,Stable,1,SMB,Basic,North America,Healthcare,45,8
CUST_04456,20.0,1.125,0.0,,,99.0,99,8,99,0,Stable,1,SMB,Pro,North America,E-commerce,22,7
CUST_04457,39.38461538461539,2.923076923076923,1.0,,,199.0,199,13,199,0,Stable,1,Mid-market,Pro,Asia-Pacific,E-commerce,465,12
CUST_04458,27.5,1.7916666666666667,0.0,,,299.0,299,24,299,0,Stable,1,SMB,Enterprise,Europe,Education,4,23
CUST_04459,22.9375,0.9375,0.0,,,29.0,29,16,29,0,Stable,1,SMB,Basic,Asia-Pacific,E-commerce,22,15
CUST_04460,39.0,3.8666666666666667,0.4,,,499.0,499,15,499,0,Stable,1,Mid-market,Enterprise,North America,Retail,205,14
CUST_04461,17.5,2.5,,,,29.0,29,6,29,0,Stable,1,SMB,Basic,Asia-Pacific,Technology,38,5
CUST_04462,46.61904761904762,3.761904761904762,0.3333333333333333,9.0,49.0,199.0,199,21,199,0,Stable,0,Mid-market,Pro,Europe,Technology,303,20
CUST_04463,24.041666666666668,1.5833333333333333,0.08333333333333333,,,29.0,29,24,29,0,Stable,1,SMB,Basic,Asia-Pacific,E-commerce,29,23
CUST_04464,19.375,1.625,,,,99.0,99,8,99,0,Stable,1,SMB,Pro,North America,Finance,20,7
CUST_04465,17.0,0.0,,,,29.0,29,2,29,0,Stable,1,SMB,Basic,Latin America,Healthcare,19,1
CUST_04466,27.75,1.4166666666666667,0.4444444444444444,,,29.0,29,24,29,0,Stable,1,SMB,Basic,North America,Healthcare,3,23
CUST_04467,24.5,1.4285714285714286,0.0,7.0,16.0,29.0,29,14,29,0,Stable,1,SMB,Basic,North America,Healthcare,34,13
CUST_04468,13.4,1.4,,,,29.0,29,5,29,0,Stable,1,SMB,Basic,Asia-Pacific,Retail,42,4
CUST_04469,24.142857142857142,0.7142857142857143,,,,29.0,29,7,29,0,Stable,1,SMB,Basic,Asia-Pacific,E-commerce,28,6
CUST_04470,23.818181818181817,1.8181818181818181,0.8,,,29.0,29,11,29,0,Stable,1,SMB,Basic,Europe,Healthcare,1,10
CUST_04471,15.75,1.5,0.0,,,299.0,299,4,299,0,Stable,1,SMB,Enterprise,Europe,Technology,44,3
CUST_04472,43.0,6.0,,,,299.0,299,2,299,0,Stable,0,Enterprise,Pro,North America,Finance,3682,1
CUST_04473,25.0,2.5,,,,29.0,29,2,29,0,Stable,1,SMB,Basic,Europe,Technology,36,1
CUST_04474,24.333333333333332,2.125,0.3333333333333333,,,99.0,99,24,99,0,Stable,1,SMB,Pro,Asia-Pacific,Technology,43,23
CUST_04475,26.15,2.0,0.5,5.0,-7.0,99.0,99,20,99,0,Stable,1,SMB,Pro,North America,E-commerce,48,19
CUST_04476,14.0,0.0,,,,99.0,99,1,99,0,Stable,1,SMB,Pro,North America,E-commerce,30,0
CUST_04477,22.5,1.7777777777777777,0.4,7.0,31.0,29.0,29,18,29,0,Stable,1,SMB,Basic,North America,Finance,33,17
CUST_04478,37.0,3.0,0.0,,,999.0,999,1,999,0,Stable,1,Enterprise,Enterprise,Europe,Retail,1095,0
CUST_04479,28.764705882352942,1.6470588235294117,0.5,,,99.0,99,17,99,0,Stable,1,SMB,Pro,North America,Healthcare,13,16
CUST_04480,17.25,1.75,0.0,,,29.0,29,4,29,0,Stable,1,SMB,Basic,North America,Healthcare,25,3
CUST_04481,35.18181818181818,3.909090909090909,0.0,,,49.0,49,11,49,0,Stable,1,Mid-market,Basic,North America,E-commerce,347,10
CUST_04482,57.0,6.285714285714286,1.0,,,999.0,999,7,999,0,Stable,0,Enterprise,Enterprise,Latin America,E-commerce,1862,6
CUST_04483,51.0,5.0,1.0,,,299.0,299,1,299,0,Stable,0,Enterprise,Pro,North America,Finance,1731,0
CUST_04484,22.0,0.0,,,,99.0,99,1,99,0,Stable,1,SMB,Pro,Europe,Technology,32,0
CUST_04485,26.428571428571427,1.5714285714285714,0.0,8.0,37.0,99.0,99,7,99,0,Stable,1,SMB,Pro,North America,Finance,2,6
CUST_04486,42.77777777777778,2.611111111111111,0.0,,,49.0,49,18,49,0,Stable,1,Mid-market,Basic,North America,E-commerce,345,17
CUST_04487,5.0,2.0,,,,29.0,29,1,29,0,Stable,1,SMB,Basic,North America,Healthcare,48,0
CUST_04488,22.0,0.5,,,,99.0,99,2,99,0,Stable,1,SMB,Pro,North America,Retail,24,1
CUST_04489,23.545454545454547,1.8181818181818181,0.6666666666666666,,,29.0,29,11,29,0,Stable,1,SMB,Basic,Europe,Finance,1,10
CUST_04490,30.5,4.0,,,,499.0,499,2,499,0,Stable,1,Mid-market,Enterprise,Latin America,Finance,392,1
CUST_04491,69.3076923076923,7.384615384615385,1.0,,,999.0,999,13,999,0,Stable,0,Enterprise,Enterprise,North America,Retail,4180,12
CUST_04492,39.90909090909091,3.0,0.8888888888888888,,,199.0,199,11,199,0,Stable,1,Mid-market,Pro,Asia-Pacific,E-commerce,492,10
CUST_04493,18.166666666666668,1.0,0.0,,,29.0,29,6,29,0,Stable,1,SMB,Basic,North America,Education,16,5
CUST_04494,37.46153846153846,3.1538461538461537,1.0,,,199.0,199,13,199,0,Stable,1,Mid-market,Pro,North America,E-commerce,448,12
CUST_04495,20.666666666666668,1.0,0.0,,,29.0,29,6,29,0,Stable,1,SMB,Basic,Europe,E-commerce,22,5
CUST_04496,25.11111111111111,0.8888888888888888,0.0,,,29.0,29,9,29,0,Stable,1,SMB,Basic,North America,Finance,32,8
CUST_04497,26.857142857142858,1.8571428571428572,,,,29.0,29,7,29,0,Stable,1,SMB,Basic,North America,Finance,46,6
CUST_04498,21.0,0.8,0.0,,,99.0,99,5,99,0,Stable,1,SMB,Pro,North America,E-commerce,13,4
CUST_04499,24.25,1.125,0.0,,,29.0,29,8,29,0,Stable,1,SMB,Basic,Asia-Pacific,Finance,13,7
CUST_04500,20.5,4.5,,,,999.0,999,2,999,0,Stable,0,Enterprise,Enterprise,Europe,Retail,2410,1
CUST_04501,69.71428571428571,6.857142857142857,0.6,8.0,42.0,299.0,299,14,299,0,Stable,0,Enterprise,Pro,Latin America,Education,3506,13
CUST_04502,48.57142857142857,7.857142857142857,0.5,,,299.0,299,7,299,0,Stable,0,Enterprise,Pro,Latin America,Education,4786,6
CUST_04503,33.0,6.666666666666667,0.6666666666666666,,,99.0,99,3,99,0,Stable,1,Enterprise,Basic,Latin America,Healthcare,4324,2
CUST_04504,36.666666666666664,2.8333333333333335,,,,199.0,199,6,199,0,Stable,1,Mid-market,Pro,Europe,Healthcare,224,5
CUST_04505,19.25,1.5,,,,29.0,29,4,29,0,Stable,1,SMB,Basic,Latin America,E-commerce,24,3
CUST_04506,60.5,6.333333333333333,0.3333333333333333,,,999.0,999,6,999,0,Stable,0,Enterprise,Enterprise,Europe,Finance,1070,5
CUST_04507,71.35,8.5,0.7,,,999.0,999,20,999,0,Stable,0,Enterprise,Enterprise,North America,E-commerce,4155,19
CUST_04508,17.0,1.4,0.5,,,99.0,99,5,99,0,Stable,1,SMB,Pro,Asia-Pacific,E-commerce,17,4
CUST_04509,23.2,1.6,0.0,,,29.0,29,10,29,0,Stable,1,SMB,Basic,Europe,Healthcare,8,9
CUST_04510,41.0,2.357142857142857,0.75,,,49.0,49,14,49,0,Stable,1,Mid-market,Basic,Asia-Pacific,Healthcare,65,13
CUST_04511,65.81818181818181,6.818181818181818,0.75,,,999.0,999,11,999,0,Stable,0,Enterprise,Enterprise,Latin America,Finance,1627,10
CUST_04512,26.571428571428573,1.5714285714285714,0.5,9.0,40.0,29.0,29,14,29,0,Stable,1,SMB,Basic,North America,Finance,27,13
CUST_04513,63.92307692307692,6.923076923076923,0.5,,,999.0,999,13,999,0,Stable,0,Enterprise,Enterprise,Asia-Pacific,Healthcare,712,12
CUST_04514,25.210526315789473,1.894736842105263,0.6666666666666666,,,99.0,99,19,99,0,Stable,1,SMB,Pro,North America,Education,25,18
CUST_04515,63.705882352941174,7.294117647058823,0.875,8.0,39.0,999.0,999,17,999,0,Stable,0,Enterprise,Enterprise,Europe,Retail,1660,16
CUST_04516,23.333333333333332,1.4444444444444444,0.5,,,29.0,29,9,29,0,Stable,1,SMB,Basic,North America,Finance,21,8
CUST_04517,21.785714285714285,1.9285714285714286,0.25,,,29.0,29,14,29,0,Stable,1,SMB,Basic,Asia-Pacific,Education,9,13
CUST_04518,23.77777777777778,1.5555555555555556,,,,29.0,29,9,29,0,Stable,1,SMB,Basic,Asia-Pacific,Technology,15,8
CUST_04519,23.0,2.1818181818181817,,,,29.0,29,11,29,0,Stable,1,SMB,Basic,North America,E-commerce,20,10
CUST_04520,19.142857142857142,1.8571428571428572,0.0,,,29.0,29,7,29,0,Stable,1,SMB,Basic,North America,Finance,10,6
CUST_04521,22.77777777777778,1.2222222222222223,0.5,,,29.0,29,9,29,0,Stable,1,SMB,Basic,Europe,Healthcare,6,8
CUST_04522,20.46153846153846,1.0769230769230769,0.0,,,29.0,29,13,29,0,Stable,1,SMB,Basic,Asia-Pacific,Technology,28,12
CUST_04523,41.285714285714285,3.5714285714285716,0.0,,,199.0,199,7,199,0,Stable,1,Mid-market,Pro,North America,Healthcare,98,6
CUST_04524,40.45454545454545,3.1818181818181817,0.3333333333333333,,,199.0,199,11,199,0,Stable,1,Mid-market,Pro,North America,Education,238,10
CUST_04525,15.5,0.0,,,,29.0,29,2,29,0,Stable,1,SMB,Basic,Europe,Education,16,1
CUST_04526,42.3125,3.75,0.5714285714285714,8.0,15.0,199.0,199,16,199,0,Stable,1,Mid-market,Pro,Latin America,Healthcare,255,15
CUST_04527,24.333333333333332,1.7083333333333333,0.4,8.0,20.0,29.0,29,24,29,0,Stable,1,SMB,Basic,Asia-Pacific,Finance,8,23
CUST_04528,28.57894736842105,1.894736842105263,0.5,5.0,4.0,99.0,99,19,99,0,Stable,1,SMB,Pro,Asia-Pacific,Finance,32,18
CUST_04529,22.19047619047619,1.8571428571428572,0.3333333333333333,5.0,-17.0,29.0,29,21,29,0,Stable,1,SMB,Basic,North America,Finance,39,20
CUST_04530,74.33333333333333,8.083333333333334,1.0,,,999.0,999,12,999,0,Stable,0,Enterprise,Enterprise,Asia-Pacific,Education,3200,11
CUST_04531,24.363636363636363,2.1818181818181817,0.4,7.0,22.0,29.0,29,22,29,0,Stable,1,SMB,Basic,North America,Technology,42,21
CUST_04532,39.15,2.9,0.25,,,499.0,499,20,499,0,Stable,1,Mid-market,Enterprise,North America,E-commerce,355,19
CUST_04533,45.76190476190476,2.8095238095238093,0.6,9.0,36.0,49.0,49,21,49,0,Stable,1,Mid-market,Basic,North America,Retail,445,20
CUST_04534,18.11111111111111,1.3333333333333333,1.0,,,29.0,29,9,29,0,Stable,1,SMB,Basic,North America,Technology,10,8
CUST_04535,18.0,0.6666666666666666,1.0,,,99.0,99,3,99,0,Stable,1,SMB,Pro,Latin America,Finance,18,2
CUST_04536,61.78947368421053,8.263157894736842,0.75,10.0,70.0,299.0,299,19,299,0,Stable,0,Enterprise,Pro,Asia-Pacific,Finance,1899,18
CUST_04537,27.333333333333332,2.6666666666666665,1.0,,,29.0,29,9,29,0,Stable,1,SMB,Basic,North America,Education,34,8
CUST_04538,26.5,2.6666666666666665,,,,99.0,99,6,99,0,Stable,1,SMB,Pro,North America,E-commerce,18,5
CUST_04539,47.75,5.0,1.0,,,299.0,299,4,299,0,Stable,0,Enterprise,Pro,North America,Retail,4339,3
CUST_04540,17.5,0.5,0.0,,,29.0,29,2,29,0,Stable,1,SMB,Basic,North America,Finance,11,1
CUST_04541,35.111111111111114,3.888888888888889,0.3333333333333333,,,49.0,49,9,49,0,Stable,1,Mid-market,Basic,Asia-Pacific,Healthcare,217,8
CUST_04542,76.125,7.875,0.5,7.0,12.0,299.0,299,16,299,0,Stable,0,Enterprise,Pro,North America,Finance,3541,15
CUST_04543,15.333333333333334,1.0,,,,99.0,99,3,99,0,Stable,1,SMB,Pro,North America,E-commerce,6,2
CUST_04544,58.785714285714285,8.857142857142858,0.6333333333333333,,,999.0,999,14,999,0,Stable,0,Enterprise,Enterprise,Europe,Finance,4083,13
CUST_04545,22.0,1.3333333333333333,,,,499.0,499,3,499,0,Stable,1,Mid-market,Enterprise,North America,E-commerce,404,2
CUST_04546,11.5,0.0,,,,29.0,29,2,29,0,Stable,1,SMB,Basic,Europe,Technology,13,1
CUST_04547,71.36842105263158,6.473684210526316,0.6,7.0,19.0,99.0,99,19,99,0,Stable,0,Enterprise,Basic,Asia-Pacific,Technology,1864,18
CUST_04548,46.083333333333336,3.0,0.4,,,49.0,49,12,49,0,Stable,1,Mid-market,Basic,Europe,Healthcare,167,11
CUST_04549,23.615384615384617,1.1538461538461537,,9.0,50.0,299.0,299,13,299,0,Stable,1,SMB,Enterprise,North America,E-commerce,13,12
CUST_04550,66.5,6.722222222222222,0.5,,,999.0,999,18,999,0,Stable,0,Enterprise,Enterprise,Europe,Finance,3989,17
CUST_04551,24.3,2.0,0.3333333333333333,,,29.0,29,20,29,0,Stable,1,SMB,Basic,North America,Finance,19,19
CUST_04552,26.666666666666668,1.0,,,,29.0,29,6,29,0,Stable,1,SMB,Basic,Asia-Pacific,E-commerce,38,5
CUST_04553,8.0,0.6666666666666666,,,,29.0,29,3,29,0,Stable,1,SMB,Basic,North America,Technology,9,2
CUST_04554,30.0,3.0,0.6666666666666666,,,999.0,999,2,999,0,Stable,0,Enterprise,Enterprise,North America,Technology,2012,1
CUST_04555,40.9,3.5,0.5,,,49.0,49,10,49,0,Stable,1,Mid-market,Basic,Asia-Pacific,Education,53,9
CUST_04556,19.454545454545453,2.090909090909091,,6.0,24.0,99.0,99,11,99,0,Stable,1,SMB,Pro,North America,Healthcare,1,10
CUST_04557,27.75,0.25,,,,49.0,49,4,49,0,Stable,1,Mid-market,Basic,North America,Education,302,3
CUST_04558,21.75,0.75,,,,29.0,29,4,29,0,Stable,1,SMB,Basic,Latin America,Retail,30,3
CUST_04559,22.88888888888889,1.6666666666666667,,,,29.0,29,9,29,0,Stable,1,SMB,Basic,North America,Technology,10,8
CUST_04560,6.5,1.5,,,,29.0,29,2,29,0,Stable,1,SMB,Basic,Europe,Education,35,1
CUST_04561,21.4,1.0,0.5,,,99.0,99,10,99,0,Stable,1,SMB,Pro,North America,Finance,45,9
CUST_04562,22.545454545454547,1.7272727272727273,0.14285714285714285,,,29.0,29,11,29,0,Stable,1,SMB,Basic,North America,Healthcare,10,10
CUST_04563,19.266666666666666,1.6666666666666667,0.0,,,29.0,29,15,29,0,Stable,1,SMB,Basic,Asia-Pacific,Retail,6,14
CUST_04564,22.5,1.75,1.0,,,499.0,499,4,499,0,Stable,1,Mid-market,Enterprise,Asia-Pacific,E-commerce,80,3
CUST_04565,35.25,4.0,1.0,,,499.0,499,8,499,0,Stable,0,Mid-market,Enterprise,North America,Education,368,7
CUST_04566,25.130434782608695,1.6521739130434783,0.25,6.0,22.0,29.0,29,23,29,0,Stable,1,SMB,Basic,North America,E-commerce,2,22
CUST_04567,33.5,2.25,,,,49.0,49,4,49,0,Stable,1,Mid-market,Basic,Latin America,Retail,293,3
CUST_04568,27.263157894736842,1.5789473684210527,1.0,,,29.0,29,19,29,0,Stable,1,SMB,Basic,Europe,Technology,2,18
CUST_04569,28.333333333333332,2.3333333333333335,0.0,,,49.0,49,6,49,0,Stable,1,Mid-market,Basic,North America,Education,329,5
CUST_04570,26.444444444444443,1.2222222222222223,,,,29.0,29,9,29,0,Stable,1,SMB,Basic,Asia-Pacific,Education,41,8
CUST_04571,20.5,1.0,1.0,,,29.0,29,2,29,0,Stable,1,SMB,Basic,Asia-Pacific,Finance,8,1
CUST_04572,37.125,3.875,0.5,,,199.0,199,8,199,0,Stable,1,Mid-market,Pro,Europe,Technology,425,7
CUST_04573,19.666666666666668,1.6666666666666667,0.3333333333333333,6.0,11.5,29.0,29,12,29,0,Stable,1,SMB,Basic,North America,Retail,8,10
CUST_04574,34.7,2.5,0.7,,,49.0,49,10,49,0,Stable,1,Mid-market,Basic,Europe,Education,437,9
CUST_04575,42.52173913043478,3.739130434782609,0.3333333333333333,,,49.0,49,23,49,0,Stable,1,Mid-market,Basic,Asia-Pacific,E-commerce,253,22
CUST_04576,24.055555555555557,1.2222222222222223,0.0,,,29.0,29,18,29,0,Stable,1,SMB,Basic,Asia-Pacific,Education,20,17
CUST_04577,77.66666666666667,6.611111111111111,1.0,10.0,73.0,299.0,299,18,299,0,Stable,0,Enterprise,Pro,North America,Technology,2401,17
CUST_04578,25.454545454545453,2.5454545454545454,0.16666666666666666,,,29.0,29,22,29,0,Stable,1,SMB,Basic,North America,Finance,15,21
CUST_04579,60.23076923076923,7.3076923076923075,0.75,9.0,38.0,999.0,999,13,999,0,Stable,0,Enterprise,Enterprise,Europe,Education,745,12
CUST_04580,25.666666666666668,2.4166666666666665,0.0,,,99.0,99,12,99,0,Stable,1,SMB,Pro,Europe,Healthcare,5,11
CUST_04581,18.5,1.0,,,,99.0,99,4,99,0,Stable,1,SMB,Pro,Asia-Pacific,Education,2,3
CUST_04582,37.5,2.0,0.5,,,999.0,999,2,999,0,Stable,0,Enterprise,Enterprise,Latin America,Technology,3003,1
CUST_04583,23.285714285714285,1.2857142857142858,,,,29.0,29,7,29,0,Stable,1,SMB,Basic,North America,Healthcare,5,6
CUST_04584,30.333333333333332,2.2222222222222223,0.5,,,29.0,29,18,29,0,Stable,1,SMB,Basic,Asia-Pacific,Finance,28,17
CUST_04585,27.0,1.2857142857142858,,,,29.0,29,7,29,0,Stable,1,SMB,Basic,Latin America,E-commerce,32,6
CUST_04586,40.82608695652174,3.3043478260869565,0.3333333333333333,9.0,22.0,49.0,49,23,49,0,Stable,1,Mid-market,Basic,Europe,Retail,123,22
CUST_04587,26.434782608695652,2.0,0.0,8.0,13.0,99.0,99,23,99,0,Stable,1,SMB,Pro,North America,Technology,33,22
CUST_04588,20.5,1.7916666666666667,0.5,7.0,22.5,29.0,29,24,29,0,Stable,1,SMB,Basic,North America,Retail,36,22
CUST_04589,38.611111111111114,3.3333333333333335,0.5,5.0,13.0,199.0,199,18,199,0,Stable,1,Mid-market,Pro,North America,Healthcare,359,17
CUST_04590,43.833333333333336,3.5,0.8,7.666666666666667,35.666666666666664,49.0,49,24,49,0,Stable,1,Mid-market,Basic,Asia-Pacific,Technology,95,22
CUST_04591,21.058823529411764,1.6470588235294117,0.5,,,99.0,99,17,99,0,Stable,1,SMB,Pro,Europe,Education,8,16
CUST_04592,23.25,0.75,,,,29.0,29,4,29,0,Stable,1,SMB,Basic,North America,E-commerce,45,3
CUST_04593,29.35,1.7,0.3333333333333333,5.0,28.0,99.0,99,20,99,0,Stable,1,SMB,Pro,North America,Education,21,19
CUST_04594,37.0,4.0,,,,999.0,999,1,999,0,Stable,0,Enterprise,Enterprise,North America,Technology,1761,0
CUST_04595,25.583333333333332,1.5,0.5,10.0,34.0,29.0,29,24,29,0,Stable,1,SMB,Basic,North America,Retail,44,23
CUST_04596,42.72727272727273,2.727272727272727,0.75,,,199.0,199,11,199,0,Stable,1,Mid-market,Pro,Asia-Pacific,Education,458,10
CUST_04597,24.8,1.6666666666666667,1.0,8.0,25.0,299.0,299,15,299,0,Stable,1,SMB,Enterprise,Latin America,Education,9,14
CUST_04598,19.0,1.0,,,,299.0,299,2,299,0,Stable,1,SMB,Enterprise,Latin America,Finance,38,1
CUST_04599,18.285714285714285,1.2857142857142858,1.0,,,29.0,29,7,29,0,Stable,1,SMB,Basic,North America,Finance,5,6
CUST_04600,21.0,1.0,0.0,,,29.0,29,10,29,0,Stable,1,SMB,Basic,Europe,E-commerce,10,9
CUST_04601,28.333333333333332,1.0,0.5,,,29.0,29,6,29,0,Stable,1,SMB,Basic,North America,Healthcare,24,5
CUST_04602,43.92857142857143,4.285714285714286,0.3333333333333333,,,199.0,199,14,199,0,Stable,1,Mid-market,Pro,Europe,Healthcare,291,13
CUST_04603,27.923076923076923,1.2307692307692308,0.0,5.0,-18.0,99.0,99,13,99,0,Stable,1,SMB,Pro,Europe,Retail,4,12
CUST_04604,30.666666666666668,2.0,,,,199.0,199,3,199,0,Stable,1,Mid-market,Pro,North America,Retail,322,2
CUST_04605,67.41666666666667,7.75,0.875,,,299.0,299,12,299,0,Stable,0,Enterprise,Pro,Europe,Healthcare,2897,11
CUST_04606,41.1578947368421,4.894736842105263,0.5714285714285714,6.0,20.0,199.0,199,19,199,0,Stable,1,Mid-market,Pro,Latin America,Technology,464,18
CUST_04607,27.045454545454547,1.8181818181818181,0.5,,,29.0,29,22,29,0,Stable,1,SMB,Basic,Europe,Education,47,21
CUST_04608,17.6,1.6,0.0,,,29.0,29,5,29,0,Stable,1,SMB,Basic,Europe,E-commerce,34,4
CUST_04609,38.8,3.1,0.0,10.0,70.0,199.0,199,10,199,0,Stable,0,Mid-market,Pro,Europe,Finance,324,9
CUST_04610,24.333333333333332,1.8333333333333333,0.5,6.0,30.0,29.0,29,6,29,0,Stable,1,SMB,Basic,North America,Retail,35,5
CUST_04611,27.0,1.0,,,,49.0,49,2,49,0,Stable,1,Mid-market,Basic,Latin America,Finance,124,1
CUST_04612,37.125,3.875,0.625,8.0,23.0,199.0,199,16,199,0,Stable,1,Mid-market,Pro,Latin America,Education,162,15
CUST_04613,20.0,1.5,0.0,,,29.0,29,4,29,0,Stable,1,SMB,Basic,North America,Education,38,3
CUST_04614,37.142857142857146,3.5714285714285716,0.5,,,199.0,199,7,199,0,Stable,1,Mid-market,Pro,North America,Healthcare,58,6
CUST_04615,34.27272727272727,3.1818181818181817,0.5,9.0,48.0,199.0,199,11,199,0,Stable,1,Mid-market,Pro,Latin America,Technology,484,10
CUST_04616,10.0,0.0,,,,29.0,29,1,29,0,Stable,1,SMB,Basic,Europe,Technology,29,0
CUST_04617,28.4,1.8,0.0,7.0,28.0,99.0,99,10,99,0,Stable,1,SMB,Pro,Asia-Pacific,Retail,23,9
CUST_04618,12.0,1.6666666666666667,,,,29.0,29,3,29,0,Stable,1,SMB,Basic,Europe,Finance,6,2
CUST_04619,16.5,0.5,0.0,,,29.0,29,2,29,0,Stable,1,SMB,Basic,North America,Retail,48,1
CUST_04620,12.666666666666666,0.0,0.0,,,29.0,29,3,29,0,Stable,1,SMB,Basic,North America,E-commerce,12,2
CUST_04621,24.285714285714285,1.2857142857142858,0.5,5.0,16.0,99.0,99,14,99,0,Stable,1,SMB,Pro,Latin America,Healthcare,36,13
CUST_04622,19.0,1.5454545454545454,0.3333333333333333,,,29.0,29,11,29,0,Stable,1,SMB,Basic,North America,Healthcare,34,10
CUST_04623,22.3,1.9,0.5,,,299.0,299,10,299,0,Stable,1,SMB,Enterprise,Europe,Technology,19,9
CUST_04624,24.25,2.0,1.0,,,99.0,99,4,99,0,Stable,1,SMB,Pro,Asia-Pacific,Technology,26,3
CUST_04625,46.4,2.6,0.0,7.0,21.0,49.0,49,10,49,0,Stable,1,Mid-market,Basic,Latin America,Finance,139,9
CUST_04626,70.72727272727273,6.7272727272727275,0.9166666666666666,,,99.0,99,11,99,0,Stable,0,Enterprise,Basic,Latin America,Retail,2627,10
CUST_04627,22.416666666666668,2.0,0.0,,,99.0,99,12,99,0,Stable,1,SMB,Pro,Asia-Pacific,Technology,10,11
CUST_04628,21.375,1.625,,,,29.0,29,8,29,0,Stable,1,SMB,Basic,Asia-Pacific,Healthcare,26,7
CUST_04629,52.25,6.0,1.0,,,299.0,299,4,299,0,Stable,0,Enterprise,Pro,Europe,Retail,948,3
CUST_04630,25.105263157894736,2.3684210526315788,0.35185185185185186,6.0,16.0,99.0,99,19,99,0,Stable,1,SMB,Pro,Asia-Pacific,Healthcare,43,18
CUST_04631,40.8125,4.25,1.0,8.0,31.0,49.0,49,16,49,0,Stable,1,Mid-market,Basic,Asia-Pacific,Retail,425,15
CUST_04632,20.875,1.875,0.0,,,99.0,99,8,99,0,Stable,1,SMB,Pro,Latin America,Healthcare,13,7
CUST_04633,26.714285714285715,1.5714285714285714,0.0,,,29.0,29,7,29,0,Stable,1,SMB,Basic,Asia-Pacific,Technology,28,6
CUST_04634,22.75,1.0,0.0,,,29.0,29,4,29,0,Stable,1,SMB,Basic,Asia-Pacific,Healthcare,40,3
CUST_04635,16.25,1.5,0.0,,,99.0,99,4,99,0,Stable,1,SMB,Pro,Latin America,E-commerce,39,3
CUST_04636,21.75,1.5,0.5,,,29.0,29,8,29,0,Stable,1,SMB,Basic,Europe,Education,40,7
CUST_04637,10.666666666666666,1.3333333333333333,,,,99.0,99,3,99,0,Stable,1,SMB,Pro,Latin America,Retail,29,2
CUST_04638,12.0,1.0,,,,29.0,29,3,29,0,Stable,1,SMB,Basic,Asia-Pacific,Technology,23,2
CUST_04639,16.0,2.0,,,,29.0,29,1,29,0,Stable,1,SMB,Basic,Latin America,Retail,35,0
CUST_04640,57.5,5.833333333333333,1.0,,,999.0,999,6,999,0,Stable,0,Enterprise,Enterprise,Asia-Pacific,Technology,2193,5
CUST_04641,23.17391304347826,1.8695652173913044,0.2,,,29.0,29,23,29,0,Stable,1,SMB,Basic,Asia-Pacific,E-commerce,36,22
CUST_04642,26.4,1.0,0.0,,,29.0,29,15,29,0,Stable,1,SMB,Basic,North America,Retail,12,14
CUST_04643,28.8125,1.9375,0.5,,,29.0,29,16,29,0,Stable,1,SMB,Basic,Europe,Education,20,15
CUST_04644,21.90909090909091,1.6363636363636365,0.0,,,99.0,99,11,99,0,Stable,1,SMB,Pro,North America,Technology,22,10
CUST_04645,14.5,1.1666666666666667,0.0,,,99.0,99,6,99,0,Stable,1,SMB,Pro,Europe,Technology,48,5
CUST_04646,19.09090909090909,1.9090909090909092,0.5,10.0,36.0,29.0,29,11,29,0,Stable,1,SMB,Basic,Latin America,Healthcare,15,10
CUST_04647,43.38461538461539,3.1538461538461537,0.3333333333333333,,,199.0,199,13,199,0,Stable,1,Mid-market,Pro,North America,Education,354,12
CUST_04648,21.0,1.0,1.0,,,29.0,29,2,29,0,Stable,1,SMB,Basic,Latin America,Technology,42,1
CUST_04649,24.529411764705884,1.5294117647058822,0.75,,,99.0,99,17,99,0,Stable,1,SMB,Pro,Asia-Pacific,Education,22,16
CUST_04650,44.72222222222222,3.611111111111111,0.5,,,199.0,199,18,199,0,Stable,1,Mid-market,Pro,Asia-Pacific,Technology,403,17
CUST_04651,22.0,1.875,0.25,,,29.0,29,8,29,0,Stable,1,SMB,Basic,Latin America,Retail,31,7
CUST_04652,75.6,8.5,1.0,9.0,58.0,999.0,999,10,999,0,Stable,0,Enterprise,Enterprise,Europe,Finance,1193,9
CUST_04653,40.916666666666664,3.9166666666666665,0.7857142857142857,,,199.0,199,24,199,0,Stable,1,Mid-market,Pro,Latin America,Technology,400,23
CUST_04654,24.076923076923077,1.6153846153846154,0.5,7.0,23.0,29.0,29,13,29,0,Stable,1,SMB,Basic,Europe,Technology,20,12
CUST_04655,25.75,1.6875,0.0,,,29.0,29,16,29,0,Stable,1,SMB,Basic,Latin America,Finance,41,15
CUST_04656,44.5,4.5,1.0,,,299.0,299,2,299,0,Stable,0,Enterprise,Pro,Europe,Education,4127,1
CUST_04657,25.047619047619047,1.6666666666666667,0.3333333333333333,,,99.0,99,21,99,0,Stable,1,SMB,Pro,Latin America,Technology,8,20
CUST_04658,66.27272727272727,7.818181818181818,0.5833333333333334,,,999.0,999,11,999,0,Stable,0,Enterprise,Enterprise,Europe,Finance,2453,10
CUST_04659,22.5,0.25,0.0,,,29.0,29,4,29,0,Stable,1,SMB,Basic,North America,Technology,24,3
CUST_04660,15.5,2.0,,,,199.0,199,2,199,0,Stable,1,Mid-market,Pro,North America,Retail,79,1
CUST_04661,29.0,3.0,1.0,,,999.0,999,1,999,0,Stable,0,Enterprise,Enterprise,Asia-Pacific,Healthcare,4585,0
CUST_04662,9.5,1.0,,,,29.0,29,2,29,0,Stable,1,SMB,Basic,Europe,Education,32,1
CUST_04663,26.75,1.25,0.0,,,29.0,29,4,29,0,Stable,1,SMB,Basic,Latin America,Healthcare,3,3
CUST_04664,26.11111111111111,1.5555555555555556,0.0,,,29.0,29,9,29,0,Stable,1,SMB,Basic,Europe,Retail,15,8
CUST_04665,46.75,4.75,0.6666666666666666,,,99.0,99,4,99,0,Stable,1,Enterprise,Basic,Europe,Education,3584,3
CUST_04666,22.076923076923077,1.1538461538461537,0.8333333333333334,,,99.0,99,13,99,0,Stable,1,SMB,Pro,Europe,Retail,38,12
CUST_04667,23.375,1.125,1.0,,,29.0,29,8,29,0,Stable,1,SMB,Basic,North America,Healthcare,14,7
CUST_04668,21.88888888888889,2.0,,,,29.0,29,9,29,0,Stable,1,SMB,Basic,North America,E-commerce,36,8
CUST_04669,70.35714285714286,7.071428571428571,0.7777777777777777,,,999.0,999,14,999,0,Stable,0,Enterprise,Enterprise,Latin America,E-commerce,3059,13
CUST_04670,21.636363636363637,1.6363636363636365,0.3333333333333333,,,299.0,299,11,299,0,Stable,1,SMB,Enterprise,North America,Healthcare,32,10
CUST_04671,16.0,1.4,0.0,,,29.0,29,5,29,0,Stable,1,SMB,Basic,Europe,E-commerce,46,4
CUST_04672,16.5,3.0,,,,29.0,29,4,29,0,Stable,1,SMB,Basic,Asia-Pacific,E-commerce,49,3
CUST_04673,25.333333333333332,2.6666666666666665,,,,199.0,199,3,199,0,Stable,1,Mid-market,Pro,North America,Education,468,2
CUST_04674,76.6,6.85,1.0,8.0,33.0,999.0,999,20,999,0,Stable,0,Enterprise,Enterprise,North America,Education,4602,19
CUST_04675,26.0,1.6,0.16666666666666666,,,29.0,29,20,29,0,Stable,1,SMB,Basic,North America,E-commerce,19,19
CUST_04676,39.5,4.083333333333333,0.5,,,499.0,499,12,499,0,Stable,1,Mid-market,Enterprise,North America,Education,190,11
CUST_04677,21.0,1.8333333333333333,0.0,,,29.0,29,6,29,0,Stable,1,SMB,Basic,Asia-Pacific,Finance,4,5
CUST_04678,20.944444444444443,1.6666666666666667,0.5,,,29.0,29,18,29,0,Stable,1,SMB,Basic,North America,Finance,16,17
CUST_04679,20.25,1.0,0.0,,,29.0,29,4,29,0,Stable,1,SMB,Basic,Europe,Healthcare,41,3
CUST_04680,18.428571428571427,1.4285714285714286,0.5,,,99.0,99,7,99,0,Stable,1,SMB,Pro,North America,Retail,23,6
CUST_04681,40.25,3.1666666666666665,0.25,,,499.0,499,12,499,0,Stable,1,Mid-market,Enterprise,Latin America,E-commerce,270,11
CUST_04682,40.72727272727273,3.4545454545454546,0.6666666666666666,8.0,29.0,199.0,199,11,199,0,Stable,1,Mid-market,Pro,North America,Finance,275,10
CUST_04683,44.0,3.764705882352941,0.5833333333333334,8.0,52.0,49.0,49,17,49,0,Stable,1,Mid-market,Basic,Europe,Education,486,16
CUST_04684,21.0,1.0,,,,99.0,99,2,99,0,Stable,1,SMB,Pro,Latin America,E-commerce,32,1
CUST_04685,17.6,1.2,1.0,,,29.0,29,5,29,0,Stable,1,SMB,Basic,Asia-Pacific,Finance,41,4
CUST_04686,11.333333333333334,1.3333333333333333,1.0,,,29.0,29,3,29,0,Stable,1,SMB,Basic,Asia-Pacific,Technology,15,2
CUST_04687,26.23076923076923,0.7692307692307693,,,,29.0,29,13,29,0,Stable,1,SMB,Basic,Asia-Pacific,Finance,19,12
CUST_04688,31.5,4.5,1.0,,,499.0,499,4,499,0,Stable,1,Mid-market,Enterprise,North America,E-commerce,107,3
CUST_04689,64.11764705882354,7.176470588235294,0.6428571428571429,10.0,50.0,299.0,299,17,299,0,Stable,0,Enterprise,Pro,Latin America,Finance,3564,16
CUST_04690,30.5,3.0,,,,99.0,99,2,99,0,Stable,1,Enterprise,Basic,Europe,Finance,1922,1
CUST_04691,25.0,1.0,0.6666666666666666,,,29.0,29,8,29,0,Stable,1,SMB,Basic,Latin America,Education,3,7
CUST_04692,28.608695652173914,1.434782608695652,0.2,6.0,13.0,29.0,29,23,29,0,Stable,1,SMB,Basic,Europe,Education,44,22
CUST_04693,21.625,1.625,0.75,,,99.0,99,8,99,0,Stable,1,SMB,Pro,North America,Retail,21,7
CUST_04694,21.125,2.25,0.0,,,29.0,29,8,29,0,Stable,1,SMB,Basic,Latin America,Healthcare,46,7
CUST_04695,23.625,1.0,,,,29.0,29,8,29,0,Stable,1,SMB,Basic,Asia-Pacific,Finance,4,7
CUST_04696,42.6,2.8,0.7142857142857143,,,199.0,199,10,199,0,Stable,1,Mid-market,Pro,Europe,Technology,404,9
CUST_04697,32.6,2.2,1.0,,,199.0,199,5,199,0,Stable,1,Mid-market,Pro,North America,Finance,54,4
CUST_04698,68.53333333333333,7.933333333333334,1.0,,,999.0,999,15,999,0,Stable,0,Enterprise,Enterprise,Asia-Pacific,Education,626,14
CUST_04699,27.5,1.9,0.5,7.0,12.0,29.0,29,20,29,0,Stable,1,SMB,Basic,Europe,Finance,22,19
CUST_04700,18.714285714285715,1.0,1.0,,,29.0,29,7,29,0,Stable,1,SMB,Basic,Latin America,Education,26,6
CUST_04701,27.714285714285715,0.7142857142857143,,,,29.0,29,7,29,0,Stable,1,SMB,Basic,Latin America,Technology,18,6
CUST_04702,71.9,8.4,0.5714285714285714,,,299.0,299,10,299,0,Stable,0,Enterprise,Pro,Asia-Pacific,Healthcare,4625,9
CUST_04703,41.15384615384615,3.5384615384615383,0.5,,,199.0,199,13,199,0,Stable,1,Mid-market,Pro,Asia-Pacific,E-commerce,171,12
CUST_04704,21.5,1.5625,0.0,,,29.0,29,16,29,0,Stable,1,SMB,Basic,North America,Finance,2,15
CUST_04705,36.5,3.6666666666666665,0.6666666666666666,8.0,31.0,49.0,49,12,49,0,Stable,1,Mid-market,Basic,Asia-Pacific,Retail,446,11
CUST_04706,24.77777777777778,1.4444444444444444,0.5714285714285714,,,29.0,29,18,29,0,Stable,1,SMB,Basic,North America,Healthcare,39,17
CUST_04707,16.4,1.6,0.0,,,29.0,29,5,29,0,Stable,1,SMB,Basic,Asia-Pacific,Finance,29,4
CUST_04708,42.25,3.25,0.75,7.0,41.0,499.0,499,16,499,0,Stable,0,Mid-market,Enterprise,Latin America,Retail,249,15
CUST_04709,20.125,1.25,0.0,,,29.0,29,8,29,0,Stable,1,SMB,Basic,Asia-Pacific,Retail,21,7
CUST_04710,17.0,0.3333333333333333,,,,29.0,29,3,29,0,Stable,1,SMB,Basic,Asia-Pacific,Education,46,2
CUST_04711,14.0,0.0,0.0,,,99.0,99,1,99,0,Stable,1,SMB,Pro,North America,Education,13,0
CUST_04712,27.3125,1.625,0.3888888888888889,7.0,22.0,99.0,99,16,99,0,Stable,1,SMB,Pro,North America,Finance,39,15
CUST_04713,29.0,2.0,,,,199.0,199,2,199,0,Stable,1,Mid-market,Pro,Asia-Pacific,E-commerce,277,1
CUST_04714,23.681818181818183,1.6363636363636365,0.7,7.0,40.0,29.0,29,22,29,0,Stable,1,SMB,Basic,Europe,Technology,13,21
CUST_04715,17.0,0.5,0.3333333333333333,,,29.0,29,2,29,0,Stable,1,SMB,Basic,Asia-Pacific,Healthcare,35,1
CUST_04716,23.75,1.5,0.5,,,99.0,99,8,99,0,Stable,1,SMB,Pro,Latin America,E-commerce,3,7
CUST_04717,20.5,1.0,0.0,,,29.0,29,2,29,0,Stable,1,SMB,Basic,North America,Healthcare,44,1
CUST_04718,10.333333333333334,1.0,,,,29.0,29,3,29,0,Stable,1,SMB,Basic,North America,E-commerce,47,2
CUST_04719,13.0,0.0,0.0,,,29.0,29,2,29,0,Stable,1,SMB,Basic,Europe,Technology,41,1
CUST_04720,43.111111111111114,3.2222222222222223,1.0,,,499.0,499,9,499,0,Stable,0,Mid-market,Enterprise,Europe,Retail,124,8
CUST_04721,39.55555555555556,2.4444444444444446,,,,49.0,49,9,49,0,Stable,1,Mid-market,Basic,Europe,Retail,74,8
CUST_04722,20.5,1.8333333333333333,0.0,,,29.0,29,6,29,0,Stable,1,SMB,Basic,Asia-Pacific,Education,31,5
CUST_04723,18.142857142857142,1.5714285714285714,,,,29.0,29,7,29,0,Stable,1,SMB,Basic,North America,E-commerce,33,6
CUST_04724,26.0,1.5,0.625,8.0,41.0,29.0,29,14,29,0,Stable,1,SMB,Basic,Latin America,Healthcare,12,13
CUST_04725,60.05555555555556,7.055555555555555,0.6875,,,299.0,299,18,299,0,Stable,0,Enterprise,Pro,North America,Education,2934,17
CUST_04726,41.0,2.9444444444444446,0.75,,,49.0,49,18,49,0,Stable,1,Mid-market,Basic,North America,Healthcare,172,17
CUST_04727,18.0,2.5,1.0,,,199.0,199,2,199,0,Stable,1,Mid-market,Pro,Latin America,Finance,126,1
CUST_04728,26.5,1.0,1.0,,,49.0,49,2,49,0,Stable,1,Mid-market,Basic,North America,Education,400,1
CUST_04729,18.0,2.0,,,,29.0,29,2,29,0,Stable,1,SMB,Basic,Asia-Pacific,E-commerce,49,1
CUST_04730,18.8,1.8,1.0,,,29.0,29,5,29,0,Stable,1,SMB,Basic,North America,Healthcare,26,4
CUST_04731,23.571428571428573,1.4285714285714286,,,,29.0,29,7,29,0,Stable,1,SMB,Basic,Europe,Retail,1,6
CUST_04732,34.76470588235294,3.823529411764706,1.0,,,199.0,199,17,199,0,Stable,1,Mid-market,Pro,North America,Retail,89,16
CUST_04733,22.77777777777778,1.1111111111111112,1.0,,,29.0,29,9,29,0,Stable,1,SMB,Basic,Asia-Pacific,Technology,33,8
CUST_04734,26.0,2.4444444444444446,0.0,,,49.0,49,9,49,0,Stable,1,Mid-market,Basic,North America,E-commerce,482,8
CUST_04735,36.6,1.8,0.0,,,49.0,49,5,49,0,Stable,1,Mid-market,Basic,Asia-Pacific,Finance,270,4
CUST_04736,25.75,1.3333333333333333,0.0,,,29.0,29,12,29,0,Stable,1,SMB,Basic,North America,Retail,39,11
CUST_04737,41.21739130434783,3.6956521739130435,0.4,8.0,27.0,499.0,499,23,499,0,Stable,0,Mid-market,Enterprise,Asia-Pacific,Healthcare,400,22
CUST_04738,39.357142857142854,3.4285714285714284,0.0,8.333333333333334,34.333333333333336,499.0,499,14,499,0,Stable,1,Mid-market,Enterprise,Asia-Pacific,Retail,80,13
CUST_04739,25.352941176470587,2.1176470588235294,0.14285714285714285,,,29.0,29,17,29,0,Stable,1,SMB,Basic,Europe,Education,42,16
CUST_04740,41.72727272727273,4.636363636363637,0.3333333333333333,9.0,38.0,199.0,199,11,199,0,Stable,0,Mid-market,Pro,Europe,E-commerce,278,10
CUST_04741,56.42857142857143,6.428571428571429,0.5,,,999.0,999,7,999,0,Stable,0,Enterprise,Enterprise,Europe,Finance,1031,6
CUST_04742,21.181818181818183,2.3636363636363638,0.5,,,99.0,99,11,99,0,Stable,1,SMB,Pro,Europe,Technology,49,10
CUST_04743,82.5,9.0,0.8571428571428571,,,999.0,999,22,999,0,Stable,0,Enterprise,Enterprise,Europe,E-commerce,2891,21
CUST_04744,22.944444444444443,1.5,1.0,7.0,21.0,99.0,99,18,99,0,Stable,1,SMB,Pro,North America,Education,46,17
CUST_04745,10.0,2.0,,,,29.0,29,2,29,0,Stable,1,SMB,Basic,Europe,Education,11,1
CUST_04746,22.53846153846154,2.230769230769231,0.5,,,29.0,29,13,29,0,Stable,1,SMB,Basic,Latin America,Finance,22,12
CUST_04747,23.875,1.625,0.0,6.0,7.0,29.0,29,8,29,0,Stable,1,SMB,Basic,Europe,Retail,9,7
CUST_04748,21.583333333333332,1.4166666666666667,1.0,6.5,18.0,29.0,29,12,29,0,Stable,1,SMB,Basic,Asia-Pacific,Technology,44,11
CUST_04749,36.666666666666664,4.0,1.0,,,999.0,999,3,999,0,Stable,0,Enterprise,Enterprise,Europe,Technology,1851,2
CUST_04750,24.666666666666668,1.5,0.5833333333333334,,,29.0,29,24,29,0,Stable,1,SMB,Basic,Europe,Healthcare,30,23
CUST_04751,18.65,2.05,0.5555555555555555,8.0,31.0,29.0,29,20,29,0,Stable,1,SMB,Basic,North America,Healthcare,12,19
CUST_04752,26.26086956521739,1.7391304347826086,0.6,,,29.0,29,23,29,0,Stable,1,SMB,Basic,North America,Retail,18,22
CUST_04753,40.666666666666664,3.0,1.0,,,199.0,199,6,199,0,Stable,1,Mid-market,Pro,Europe,Education,205,5
CUST_04754,14.714285714285714,2.0,,,,299.0,299,7,299,0,Stable,1,SMB,Enterprise,North America,Finance,4,6
CUST_04755,14.0,1.0,1.0,,,29.0,29,3,29,0,Stable,1,SMB,Basic,North America,Retail,4,2
CUST_04756,19.625,1.875,0.16666666666666666,,,99.0,99,8,99,0,Stable,1,SMB,Pro,Latin America,Finance,35,7
CUST_04757,28.166666666666668,0.9166666666666666,0.6666666666666666,,,29.0,29,12,29,0,Stable,1,SMB,Basic,Europe,Healthcare,14,11
CUST_04758,24.5,1.9,0.0,,,29.0,29,10,29,0,Stable,1,SMB,Basic,Asia-Pacific,Finance,35,9
CUST_04759,23.5,1.125,0.5,,,29.0,29,8,29,0,Stable,1,SMB,Basic,Europe,Retail,33,7
CUST_04760,41.0,3.9583333333333335,0.3333333333333333,,,49.0,49,24,49,0,Stable,1,Mid-market,Basic,North America,Retail,87,23
CUST_04761,70.15,7.5,0.6818181818181818,,,999.0,999,20,999,0,Stable,0,Enterprise,Enterprise,Europe,Technology,1287,19
CUST_04762,21.272727272727273,1.7272727272727273,1.0,,,29.0,29,11,29,0,Stable,1,SMB,Basic,North America,Technology,37,10
CUST_04763,36.92857142857143,3.9285714285714284,0.7142857142857143,,,199.0,199,14,199,0,Stable,1,Mid-market,Pro,North America,Technology,74,13
CUST_04764,41.294117647058826,4.411764705882353,0.7777777777777777,,,49.0,49,17,49,0,Stable,1,Mid-market,Basic,Europe,Finance,485,16
CUST_04765,24.0,2.076923076923077,0.0,8.0,44.0,299.0,299,13,299,0,Stable,1,SMB,Enterprise,North America,Education,38,12
CUST_04766,12.0,2.0,,,,29.0,29,1,29,0,Stable,1,SMB,Basic,North America,Finance,16,0
CUST_04767,44.166666666666664,3.4166666666666665,1.0,,,49.0,49,12,49,0,Stable,1,Mid-market,Basic,Asia-Pacific,Healthcare,330,11
CUST_04768,72.13333333333334,7.933333333333334,1.0,,,299.0,299,15,299,0,Stable,0,Enterprise,Pro,Europe,Education,3638,14
CUST_04769,42.1578947368421,3.6842105263157894,0.6,,,199.0,199,19,199,0,Stable,1,Mid-market,Pro,Europe,E-commerce,364,18
CUST_04770,25.3,1.4,,7.0,20.0,29.0,29,10,29,0,Stable,1,SMB,Basic,North America,Technology,30,9
CUST_04771,22.217391304347824,1.565217391304348,1.0,,,29.0,29,23,29,0,Stable,1,SMB,Basic,North America,Healthcare,4,22
CUST_04772,64.25,6.25,0.75,,,999.0,999,8,999,0,Stable,0,Enterprise,Enterprise,North America,Finance,3384,7
CUST_04773,18.333333333333332,2.1666666666666665,0.0,8.0,14.0,29.0,29,6,29,0,Stable,1,SMB,Basic,North America,Healthcare,45,5
CUST_04774,23.8,1.2,0.5,5.0,4.0,99.0,99,5,99,0,Stable,1,SMB,Pro,Europe,E-commerce,47,4
CUST_04775,20.7,2.5,0.5,,,29.0,29,10,29,0,Stable,1,SMB,Basic,Europe,Healthcare,47,9
CUST_04776,41.2,3.8,0.3333333333333333,7.0,15.0,199.0,199,10,199,0,Stable,1,Mid-market,Pro,Latin America,Finance,223,9
CUST_04777,42.0,4.0,,,,99.0,99,3,99,0,Stable,1,Enterprise,Basic,North America,Healthcare,3404,2
CUST_04778,65.5,8.142857142857142,0.6666666666666666,,,299.0,299,14,299,0,Stable,0,Enterprise,Pro,North America,Education,4621,13
CUST_04779,25.9375,1.5,0.3333333333333333,,,29.0,29,16,29,0,Stable,1,SMB,Basic,North America,Technology,36,15
CUST_04780,26.833333333333332,2.375,0.0,,,99.0,99,24,99,0,Stable,1,SMB,Pro,Asia-Pacific,Finance,13,23
CUST_04781,29.0,1.2222222222222223,0.0,,,29.0,29,9,29,0,Stable,1,SMB,Basic,Asia-Pacific,Retail,8,8
CUST_04782,19.0,4.0,1.0,,,199.0,199,1,199,0,Stable,1,Mid-market,Pro,Asia-Pacific,Retail,266,0
CUST_04783,52.25,5.25,,,,299.0,299,4,299,0,Stable,0,Enterprise,Pro,Latin America,Healthcare,1765,3
CUST_04784,20.75,1.125,1.0,,,29.0,29,8,29,0,Stable,1,SMB,Basic,North America,Retail,24,7
CUST_04785,18.375,1.25,0.25,,,299.0,299,8,299,0,Stable,1,SMB,Enterprise,Latin America,Retail,4,7
CUST_04786,38.30769230769231,4.769230769230769,0.75,,,499.0,499,13,499,0,Stable,0,Mid-market,Enterprise,Asia-Pacific,E-commerce,337,12
CUST_04787,62.61538461538461,7.846153846153846,0.5833333333333334,,,999.0,999,13,999,0,Stable,0,Enterprise,Enterprise,Europe,Retail,4057,12
CUST_04788,49.6,7.4,0.7142857142857143,,,999.0,999,10,999,0,Stable,0,Enterprise,Enterprise,Latin America,Healthcare,4963,9
CUST_04789,26.6,2.8,0.0,,,499.0,499,5,499,0,Stable,1,Mid-market,Enterprise,Europe,E-commerce,496,4
CUST_04790,18.0,1.8333333333333333,0.5,,,29.0,29,6,29,0,Stable,1,SMB,Basic,North America,Retail,21,5
CUST_04791,21.25,0.75,0.5,,,29.0,29,4,29,0,Stable,1,SMB,Basic,North America,Technology,22,3
CUST_04792,20.166666666666668,1.6666666666666667,0.3333333333333333,,,99.0,99,12,99,0,Stable,1,SMB,Pro,Latin America,E-commerce,27,11
CUST_04793,10.0,1.3333333333333333,0.0,,,99.0,99,3,99,0,Stable,1,SMB,Pro,North America,E-commerce,15,2
CUST_04794,20.4,1.5333333333333334,0.6666666666666666,,,29.0,29,15,29,0,Stable,1,SMB,Basic,North America,E-commerce,48,14
CUST_04795,41.2,4.3,0.5,8.0,25.0,49.0,49,10,49,0,Stable,1,Mid-market,Basic,North America,Technology,317,9
CUST_04796,26.9,1.6,0.0,,,29.0,29,20,29,0,Stable,1,SMB,Basic,North America,Healthcare,32,19
CUST_04797,23.7,1.2,0.0,,,29.0,29,10,29,0,Stable,1,SMB,Basic,North America,Technology,49,9
CUST_04798,20.5,2.25,,,,299.0,299,4,299,0,Stable,1,SMB,Enterprise,Europe,Technology,34,3
CUST_04799,26.714285714285715,1.1428571428571428,0.0,7.0,32.0,29.0,29,14,29,0,Stable,1,SMB,Basic,North America,Finance,44,13
CUST_04800,23.5,1.0,,,,29.0,29,8,29,0,Stable,1,SMB,Basic,Europe,Education,33,7
CUST_04801,68.28571428571429,8.476190476190476,0.875,,,999.0,999,21,999,0,Stable,0,Enterprise,Enterprise,Asia-Pacific,E-commerce,3156,20
CUST_04802,21.666666666666668,1.75,,,,99.0,99,12,99,0,Stable,1,SMB,Pro,North America,E-commerce,39,11
CUST_04803,18.333333333333332,2.3333333333333335,,,,29.0,29,3,29,0,Stable,1,SMB,Basic,Asia-Pacific,Healthcare,32,2
CUST_04804,34.4,3.2,0.25,,,199.0,199,5,199,0,Stable,1,Mid-market,Pro,Europe,Education,140,4
CUST_04805,15.0,1.0,,,,29.0,29,3,29,0,Stable,1,SMB,Basic,North America,Technology,45,2
CUST_04806,26.25,2.65,0.0,,,29.0,29,20,29,0,Stable,1,SMB,Basic,Europe,Technology,47,19
CUST_04807,12.666666666666666,0.6666666666666666,0.5,,,99.0,99,3,99,0,Stable,1,SMB,Pro,North America,E-commerce,16,2
CUST_04808,27.454545454545453,1.7272727272727273,0.125,,,29.0,29,22,29,0,Stable,1,SMB,Basic,Europe,E-commerce,29,21
CUST_04809,24.88888888888889,2.0,1.0,,,29.0,29,9,29,0,Stable,1,SMB,Basic,North America,Healthcare,49,8
CUST_04810,14.0,1.5,0.0,,,99.0,99,2,99,0,Stable,1,SMB,Pro,Asia-Pacific,Education,27,1
CUST_04811,33.6,2.6,0.5,8.0,37.0,49.0,49,5,49,0,Stable,1,Mid-market,Basic,Europe,Technology,443,4
CUST_04812,15.0,0.75,0.0,,,29.0,29,4,29,0,Stable,1,SMB,Basic,Asia-Pacific,Education,9,3
CUST_04813,15.5,0.5,1.0,,,29.0,29,2,29,0,Stable,1,SMB,Basic,Latin America,Technology,23,1
CUST_04814,20.3,1.2,0.0,,,29.0,29,10,29,0,Stable,1,SMB,Basic,North America,Education,4,9
CUST_04815,20.25,1.625,0.5,,,99.0,99,8,99,0,Stable,1,SMB,Pro,North America,Education,5,7
CUST_04816,27.666666666666668,2.3333333333333335,,,,49.0,49,3,49,0,Stable,1,Mid-market,Basic,Europe,E-commerce,53,2
CUST_04817,11.0,1.0,,,,99.0,99,2,99,0,Stable,1,SMB,Pro,Europe,Finance,46,1
CUST_04818,68.54545454545455,7.545454545454546,0.5833333333333334,,,999.0,999,11,999,0,Stable,0,Enterprise,Enterprise,Asia-Pacific,Healthcare,974,10
CUST_04819,67.69565217391305,8.130434782608695,0.8333333333333334,,,999.0,999,23,999,0,Stable,0,Enterprise,Enterprise,Asia-Pacific,Healthcare,4017,22
CUST_04820,44.76470588235294,2.764705882352941,0.6666666666666666,9.0,52.0,199.0,199,17,199,0,Stable,0,Mid-market,Pro,Asia-Pacific,E-commerce,378,16
CUST_04821,22.47826086956522,1.5217391304347827,0.0,6.0,20.0,29.0,29,23,29,0,Stable,1,SMB,Basic,North America,Healthcare,19,22
CUST_04822,15.0,2.0,,,,99.0,99,1,99,0,Stable,1,SMB,Pro,North America,Retail,9,0
CUST_04823,65.5,6.95,0.8571428571428571,9.0,34.0,999.0,999,20,999,0,Stable,0,Enterprise,Enterprise,Asia-Pacific,Education,2583,19
CUST_04824,38.05882352941177,2.5294117647058822,0.8333333333333334,,,49.0,49,17,49,0,Stable,1,Mid-market,Basic,Asia-Pacific,Retail,363,16
CUST_04825,41.666666666666664,3.2083333333333335,0.16666666666666666,,,199.0,199,24,199,0,Stable,1,Mid-market,Pro,Asia-Pacific,Healthcare,322,23
CUST_04826,21.5,1.7,0.5,,,99.0,99,10,99,0,Stable,1,SMB,Pro,Asia-Pacific,Technology,38,9
CUST_04827,21.5,1.25,0.3333333333333333,,,29.0,29,8,29,0,Stable,1,SMB,Basic,Europe,Retail,38,7
CUST_04828,53.0,6.0,1.0,,,999.0,999,4,999,0,Stable,0,Enterprise,Enterprise,North America,Healthcare,3707,3
CUST_04829,18.333333333333332,1.6666666666666667,0.0,,,99.0,99,3,99,0,Stable,1,SMB,Pro,Europe,Healthcare,25,2
CUST_04830,29.4,3.0,1.0,,,49.0,49,5,49,0,Stable,1,Mid-market,Basic,North America,Healthcare,336,4
CUST_04831,25.666666666666668,1.5833333333333333,0.6666666666666666,,,29.0,29,12,29,0,Stable,1,SMB,Basic,Europe,Retail,19,11
CUST_04832,20.785714285714285,1.5,0.2,,,29.0,29,14,29,0,Stable,1,SMB,Basic,Asia-Pacific,Retail,2,13
CUST_04833,13.0,1.0,,,,29.0,29,1,29,0,Stable,1,SMB,Basic,Latin America,Education,17,0
CUST_04834,20.8,0.6,,,,29.0,29,5,29,0,Stable,1,SMB,Basic,North America,Retail,3,4
CUST_04835,24.384615384615383,1.4615384615384615,0.0,,,29.0,29,13,29,0,Stable,1,SMB,Basic,Latin America,Healthcare,36,12
CUST_04836,7.0,1.0,,,,29.0,29,2,29,0,Stable,1,SMB,Basic,Europe,Healthcare,1,1
CUST_04837,60.714285714285715,6.571428571428571,0.5,,,99.0,99,7,99,0,Stable,0,Enterprise,Basic,Europe,Technology,3932,6
CUST_04838,21.789473684210527,1.5789473684210527,0.6666666666666666,,,99.0,99,19,99,0,Stable,1,SMB,Pro,Asia-Pacific,Education,41,18
CUST_04839,31.857142857142858,3.2857142857142856,,,,199.0,199,7,199,0,Stable,1,Mid-market,Pro,Europe,Education,225,6
CUST_04840,67.875,7.5,0.6,9.0,45.0,99.0,99,16,99,0,Stable,0,Enterprise,Basic,Europe,E-commerce,3485,15
CUST_04841,23.0,1.8,1.0,,,99.0,99,5,99,0,Stable,1,SMB,Pro,Asia-Pacific,Technology,15,4
CUST_04842,44.2,3.4,0.5,,,199.0,199,10,199,0,Stable,1,Mid-market,Pro,Asia-Pacific,Education,223,9
CUST_04843,36.666666666666664,3.3333333333333335,,,,999.0,999,3,999,0,Stable,0,Enterprise,Enterprise,Asia-Pacific,E-commerce,2888,2
CUST_04844,9.333333333333334,1.3333333333333333,0.5,,,29.0,29,3,29,0,Stable,1,SMB,Basic,Asia-Pacific,Technology,15,2
CUST_04845,39.0,4.25,1.0,,,999.0,999,4,999,0,Stable,0,Enterprise,Enterprise,Latin America,Finance,619,3
CUST_04846,24.541666666666668,1.4166666666666667,0.5714285714285714,,,29.0,29,24,29,0,Stable,1,SMB,Basic,Europe,E-commerce,37,23
CUST_04847,21.2,0.8,0.5,,,29.0,29,5,29,0,Stable,1,SMB,Basic,North America,Retail,22,4
CUST_04848,32.0,6.0,,,,999.0,999,1,999,0,Stable,0,Enterprise,Enterprise,Asia-Pacific,Education,2209,0
CUST_04849,38.72727272727273,4.636363636363637,0.375,9.0,46.5,499.0,499,22,499,0,Stable,0,Mid-market,Enterprise,Asia-Pacific,Education,259,21
CUST_04850,33.0,2.7142857142857144,0.3333333333333333,,,499.0,499,7,499,0,Stable,1,Mid-market,Enterprise,North America,Education,125,6
CUST_04851,24.75,2.0416666666666665,0.3333333333333333,6.0,9.0,29.0,29,24,29,0,Stable,1,SMB,Basic,Latin America,Education,3,23
CUST_04852,59.888888888888886,6.5,0.6,,,999.0,999,18,999,0,Stable,0,Enterprise,Enterprise,Europe,Education,3921,17
CUST_04853,49.2,7.2,1.0,,,299.0,299,5,299,0,Stable,0,Enterprise,Pro,Asia-Pacific,E-commerce,1582,4
CUST_04854,46.65,2.85,0.5,,,49.0,49,20,49,0,Stable,1,Mid-market,Basic,Europe,Education,328,19
CUST_04855,30.5,3.8333333333333335,0.6666666666666666,,,199.0,199,6,199,0,Stable,1,Mid-market,Pro,Europe,Education,482,5
CUST_04856,26.791666666666668,1.625,0.47222222222222227,7.0,22.0,29.0,29,24,29,0,Stable,1,SMB,Basic,Europe,Finance,29,23
CUST_04857,21.6,2.6,0.5,,,99.0,99,15,99,0,Stable,1,SMB,Pro,Latin America,Finance,7,14
CUST_04858,26.23076923076923,1.6923076923076923,0.3333333333333333,7.0,20.0,29.0,29,13,29,0,Stable,1,SMB,Basic,Asia-Pacific,Healthcare,24,12
CUST_04859,18.666666666666668,1.6666666666666667,1.0,,,29.0,29,6,29,0,Stable,1,SMB,Basic,Asia-Pacific,Healthcare,6,5
CUST_04860,14.5,1.75,0.0,,,99.0,99,4,99,0,Stable,1,SMB,Pro,Asia-Pacific,Healthcare,37,3
CUST_04861,19.76923076923077,1.3846153846153846,0.5,,,29.0,29,13,29,0,Stable,1,SMB,Basic,Europe,E-commerce,10,12
CUST_04862,28.166666666666668,1.3333333333333333,0.0,,,29.0,29,18,29,0,Stable,1,SMB,Basic,North America,Technology,18,17
CUST_04863,69.38095238095238,7.619047619047619,0.8,,,299.0,299,21,299,0,Stable,0,Enterprise,Pro,North America,Technology,3792,20
CUST_04864,24.5,1.5,0.0,6.0,12.0,29.0,29,8,29,0,Stable,1,SMB,Basic,North America,Technology,12,7
CUST_04865,22.2,1.0,0.0,,,299.0,299,5,299,0,Stable,1,SMB,Enterprise,North America,Education,39,4
CUST_04866,35.666666666666664,3.0,0.5833333333333334,,,499.0,499,12,499,0,Stable,1,Mid-market,Enterprise,Asia-Pacific,Finance,97,11
CUST_04867,42.15384615384615,2.769230769230769,1.0,6.5,23.5,199.0,199,13,199,0,Stable,1,Mid-market,Pro,Europe,Retail,276,12
CUST_04868,22.75,1.0,0.0,,,29.0,29,8,29,0,Stable,1,SMB,Basic,Europe,Retail,29,7
CUST_04869,28.75,1.625,0.0,,,29.0,29,16,29,0,Stable,1,SMB,Basic,North America,E-commerce,4,15
CUST_04870,24.333333333333332,2.3333333333333335,0.6666666666666666,8.0,31.0,29.0,29,15,29,0,Stable,1,SMB,Basic,Asia-Pacific,Technology,18,14
CUST_04871,68.44444444444444,8.0,0.75,,,999.0,999,9,999,0,Stable,0,Enterprise,Enterprise,Europe,Technology,2298,8
CUST_04872,25.8,3.8,1.0,,,49.0,49,5,49,0,Stable,1,Mid-market,Basic,Europe,E-commerce,68,4
CUST_04873,25.875,1.8333333333333333,0.14285714285714285,6.0,-13.0,29.0,29,24,29,0,Stable,1,SMB,Basic,Latin America,Finance,19,23
CUST_04874,19.5,1.0,1.0,,,29.0,29,8,29,0,Stable,1,SMB,Basic,North America,Healthcare,35,7
CUST_04875,29.0,1.0,,,,29.0,29,4,29,0,Stable,1,SMB,Basic,Europe,Technology,43,3
CUST_04876,23.4375,1.3125,0.4,8.0,30.0,29.0,29,16,29,0,Stable,1,SMB,Basic,Latin America,Technology,14,15
CUST_04877,40.89473684210526,3.8947368421052633,0.3,,,499.0,499,19,499,0,Stable,1,Mid-market,Enterprise,Europe,Healthcare,353,18
CUST_04878,27.333333333333332,1.0,0.0,7.0,43.0,29.0,29,6,29,0,Stable,1,SMB,Basic,Europe,E-commerce,26,5
CUST_04879,27.454545454545453,1.9090909090909092,0.0,,,299.0,299,11,299,0,Stable,1,SMB,Enterprise,Asia-Pacific,Finance,30,10
CUST_04880,25.238095238095237,2.0476190476190474,1.0,,,29.0,29,21,29,0,Stable,1,SMB,Basic,Europe,Technology,13,20
CUST_04881,28.238095238095237,1.7142857142857142,0.5,,,29.0,29,21,29,0,Stable,1,SMB,Basic,Asia-Pacific,Education,26,20
CUST_04882,36.9,4.5,0.375,,,199.0,199,20,199,0,Stable,1,Mid-market,Pro,Europe,E-commerce,226,19
CUST_04883,30.0,2.142857142857143,,,,199.0,199,7,199,0,Stable,1,Mid-market,Pro,Asia-Pacific,Technology,344,6
CUST_04884,20.9,1.45,0.0,,,29.0,29,20,29,0,Stable,1,SMB,Basic,Latin America,Healthcare,47,19
CUST_04885,69.47826086956522,7.043478260869565,0.6428571428571429,9.0,68.0,999.0,999,23,999,0,Stable,0,Enterprise,Enterprise,Latin America,Technology,648,22
CUST_04886,39.333333333333336,3.5,0.5,8.0,37.0,49.0,49,24,49,0,Stable,1,Mid-market,Basic,North America,E-commerce,337,23
CUST_04887,41.07692307692308,3.3846153846153846,0.8333333333333334,,,199.0,199,13,199,0,Stable,1,Mid-market,Pro,Europe,Healthcare,350,12
CUST_04888,51.666666666666664,7.222222222222222,0.75,,,999.0,999,9,999,0,Stable,0,Enterprise,Enterprise,Latin America,E-commerce,905,8
CUST_04889,34.75,2.5,0.5,,,199.0,199,4,199,0,Stable,1,Mid-market,Pro,Asia-Pacific,Retail,489,3
CUST_04890,31.625,3.25,0.0,,,199.0,199,8,199,0,Stable,1,Mid-market,Pro,Europe,E-commerce,198,7
CUST_04891,20.0,1.4285714285714286,0.5,,,29.0,29,7,29,0,Stable,1,SMB,Basic,North America,E-commerce,2,6
CUST_04892,13.5,1.5,1.0,,,29.0,29,4,29,0,Stable,1,SMB,Basic,Latin America,E-commerce,37,3
CUST_04893,43.13333333333333,3.466666666666667,0.6666666666666666,,,199.0,199,15,199,0,Stable,1,Mid-market,Pro,Asia-Pacific,E-commerce,309,14
CUST_04894,70.52380952380952,6.761904761904762,0.8666666666666666,9.0,29.0,299.0,299,21,299,0,Stable,0,Enterprise,Pro,North America,Retail,3711,20
CUST_04895,23.22222222222222,1.8888888888888888,0.6666666666666666,,,99.0,99,9,99,0,Stable,1,SMB,Pro,North America,Technology,38,8
CUST_04896,25.105263157894736,1.736842105263158,0.25,7.0,18.0,299.0,299,19,299,0,Stable,1,SMB,Enterprise,Europe,Education,10,18
CUST_04897,20.75,0.25,0.0,,,99.0,99,4,99,0,Stable,1,SMB,Pro,Europe,Technology,49,3
CUST_04898,26.263157894736842,1.631578947368421,0.0,,,29.0,29,19,29,0,Stable,1,SMB,Basic,Europe,Education,29,18
CUST_04899,13.5,0.5,,,,29.0,29,4,29,0,Stable,1,SMB,Basic,North America,Education,5,3
CUST_04900,24.894736842105264,2.1052631578947367,0.5,8.0,51.5,99.0,99,19,99,0,Stable,1,SMB,Pro,North America,Healthcare,41,18
CUST_04901,40.77777777777778,4.222222222222222,0.5,,,499.0,499,9,499,0,Stable,1,Mid-market,Enterprise,Asia-Pacific,Healthcare,290,8
CUST_04902,18.666666666666668,1.5555555555555556,0.16666666666666666,7.0,46.0,29.0,29,9,29,0,Stable,1,SMB,Basic,Asia-Pacific,Finance,5,8
CUST_04903,23.4,1.9,1.0,,,99.0,99,10,99,0,Stable,1,SMB,Pro,North America,Healthcare,24,9
CUST_04904,38.5,2.6666666666666665,1.0,,,199.0,199,6,199,0,Stable,1,Mid-market,Pro,Asia-Pacific,Finance,144,5
CUST_04905,40.77272727272727,2.9545454545454546,0.5,,,49.0,49,22,49,0,Stable,1,Mid-market,Basic,Europe,E-commerce,178,21
CUST_04906,26.5,1.7857142857142858,0.0,6.5,35.0,29.0,29,14,29,0,Stable,1,SMB,Basic,North America,Healthcare,42,13
CUST_04907,21.666666666666668,2.0,1.0,,,29.0,29,9,29,0,Stable,1,SMB,Basic,Latin America,Finance,48,8
CUST_04908,41.65,4.15,0.6666666666666666,7.0,33.0,499.0,499,20,499,0,Stable,0,Mid-market,Enterprise,Latin America,Technology,59,19
CUST_04909,71.72727272727273,8.045454545454545,0.7,,,999.0,999,22,999,0,Stable,0,Enterprise,Enterprise,North America,Healthcare,2145,21
CUST_04910,42.25,3.125,,9.0,35.0,49.0,49,8,49,0,Stable,1,Mid-market,Basic,North America,Education,100,7
CUST_04911,21.5,1.875,0.5,6.0,15.0,99.0,99,16,99,0,Stable,1,SMB,Pro,Latin America,Retail,45,15
CUST_04912,25.5,2.4,0.5,,,29.0,29,10,29,0,Stable,1,SMB,Basic,Asia-Pacific,Retail,17,9
CUST_04913,23.529411764705884,1.8235294117647058,0.3333333333333333,,,99.0,99,17,99,0,Stable,1,SMB,Pro,Europe,Education,8,16
CUST_04914,75.94444444444444,7.444444444444445,0.7,,,999.0,999,18,999,0,Stable,0,Enterprise,Enterprise,Asia-Pacific,Finance,4689,17
CUST_04915,27.75,1.75,0.0,,,29.0,29,16,29,0,Stable,1,SMB,Basic,North America,Technology,8,15
CUST_04916,42.0,4.454545454545454,0.3333333333333333,,,199.0,199,11,199,0,Stable,1,Mid-market,Pro,North America,Technology,250,10
CUST_04917,20.8,1.6,,,,29.0,29,5,29,0,Stable,1,SMB,Basic,North America,Finance,4,4
CUST_04918,24.294117647058822,2.411764705882353,,,,99.0,99,17,99,0,Stable,1,SMB,Pro,Asia-Pacific,E-commerce,4,16
CUST_04919,40.0,4.333333333333333,0.3333333333333333,,,999.0,999,3,999,0,Stable,0,Enterprise,Enterprise,Asia-Pacific,Retail,1474,2
CUST_04920,13.0,1.8,0.0,,,29.0,29,5,29,0,Stable,1,SMB,Basic,North America,Retail,34,4
CUST_04921,37.73913043478261,3.4782608695652173,0.625,7.333333333333333,25.666666666666668,49.0,49,23,49,0,Stable,1,Mid-market,Basic,North America,E-commerce,491,22
CUST_04922,25.304347826086957,2.1739130434782608,0.75,7.0,30.0,99.0,99,23,99,0,Stable,1,SMB,Pro,Asia-Pacific,E-commerce,30,22
CUST_04923,19.428571428571427,0.5714285714285714,0.0,,,29.0,29,7,29,0,Stable,1,SMB,Basic,Europe,E-commerce,33,6
CUST_04924,29.35,1.65,0.3333333333333333,,,29.0,29,20,29,0,Stable,1,SMB,Basic,North America,Healthcare,33,19
CUST_04925,20.0,1.2,0.0,,,99.0,99,5,99,0,Stable,1,SMB,Pro,North America,Education,17,4
CUST_04926,23.0,1.5,0.25,5.0,0.0,29.0,29,12,29,0,Stable,1,SMB,Basic,Asia-Pacific,Education,29,11
CUST_04927,20.25,1.25,,,,29.0,29,4,29,0,Stable,1,SMB,Basic,Europe,Healthcare,42,3
CUST_04928,12.5,0.5,,,,29.0,29,2,29,0,Stable,1,SMB,Basic,North America,Technology,42,1
CUST_04929,25.181818181818183,1.6818181818181819,0.2,,,99.0,99,22,99,0,Stable,1,SMB,Pro,Asia-Pacific,Retail,24,21
CUST_04930,70.66666666666667,7.083333333333333,1.0,6.0,5.0,99.0,99,24,99,0,Stable,0,Enterprise,Basic,Latin America,Technology,3658,23
CUST_04931,21.4,3.4,0.3333333333333333,,,199.0,199,5,199,0,Stable,1,Mid-market,Pro,Asia-Pacific,E-commerce,344,4
CUST_04932,18.428571428571427,1.5714285714285714,0.25,,,29.0,29,7,29,0,Stable,1,SMB,Basic,Latin America,Technology,13,6
CUST_04933,12.5,1.5,,,,29.0,29,2,29,0,Stable,1,SMB,Basic,Europe,Retail,48,1
CUST_04934,38.166666666666664,3.4166666666666665,0.6666666666666666,,,49.0,49,12,49,0,Stable,1,Mid-market,Basic,Europe,E-commerce,255,11
CUST_04935,69.91666666666667,8.125,0.5,,,299.0,299,24,299,0,Stable,0,Enterprise,Pro,North America,Technology,4994,23
CUST_04936,24.904761904761905,1.5714285714285714,0.5,7.0,8.0,299.0,299,21,299,0,Stable,1,SMB,Enterprise,Latin America,Healthcare,7,20
CUST_04937,23.25,1.3,0.75,,,29.0,29,20,29,0,Stable,1,SMB,Basic,Latin America,Finance,48,19
CUST_04938,19.75,1.5,,7.0,29.0,29.0,29,4,29,0,Stable,1,SMB,Basic,Europe,Healthcare,26,3
CUST_04939,42.75,4.0,0.5,,,199.0,199,12,199,0,Stable,1,Mid-market,Pro,Europe,Retail,482,11
CUST_04940,55.1578947368421,9.052631578947368,0.8888888888888888,,,999.0,999,19,999,0,Stable,0,Enterprise,Enterprise,Europe,Finance,3886,18
CUST_04941,25.533333333333335,1.6666666666666667,0.5,,,29.0,29,15,29,0,Stable,1,SMB,Basic,North America,Retail,1,14
CUST_04942,38.44444444444444,3.111111111111111,0.6,,,49.0,49,9,49,0,Stable,1,Mid-market,Basic,North America,E-commerce,136,8
CUST_04943,23.95,2.4,1.0,,,99.0,99,20,99,0,Stable,1,SMB,Pro,Europe,Education,17,19
CUST_04944,17.25,2.0,1.0,,,29.0,29,8,29,0,Stable,1,SMB,Basic,Asia-Pacific,E-commerce,48,7
CUST_04945,38.5,2.4,1.0,,,49.0,49,10,49,0,Stable,1,Mid-market,Basic,Europe,Technology,481,9
CUST_04946,66.11111111111111,6.555555555555555,1.0,,,299.0,299,9,299,0,Stable,0,Enterprise,Pro,Asia-Pacific,Education,4792,8
CUST_04947,44.38095238095238,3.7142857142857144,0.5,,,499.0,499,21,499,0,Stable,0,Mid-market,Enterprise,North America,Technology,450,20
CUST_04948,61.30769230769231,8.153846153846153,0.5555555555555555,,,999.0,999,13,999,0,Stable,0,Enterprise,Enterprise,Europe,Retail,1727,12
CUST_04949,21.0,1.0,,,,29.0,29,1,29,0,Stable,1,SMB,Basic,North America,Retail,1,0
CUST_04950,19.5,0.5,,,,29.0,29,2,29,0,Stable,1,SMB,Basic,Latin America,Healthcare,13,1
CUST_04951,20.473684210526315,2.3684210526315788,0.5,8.0,41.0,99.0,99,19,99,0,Stable,1,SMB,Pro,Asia-Pacific,Technology,45,18
CUST_04952,37.55555555555556,4.222222222222222,0.0,,,499.0,499,9,499,0,Stable,1,Mid-market,Enterprise,Europe,Technology,238,8
CUST_04953,69.9375,7.5,0.7,8.0,23.0,299.0,299,16,299,0,Stable,0,Enterprise,Pro,North America,E-commerce,4238,15
CUST_04954,10.0,1.0,,,,499.0,499,1,499,0,Stable,1,Mid-market,Enterprise,Europe,Healthcare,144,0
CUST_04955,27.25,1.45,0.0,,,29.0,29,20,29,0,Stable,1,SMB,Basic,Europe,E-commerce,38,19
CUST_04956,19.5,1.75,,,,29.0,29,4,29,0,Stable,1,SMB,Basic,North America,Education,35,3
CUST_04957,26.6,1.0,,,,29.0,29,5,29,0,Stable,1,SMB,Basic,Latin America,Finance,19,4
CUST_04958,36.72727272727273,4.090909090909091,0.6666666666666666,,,199.0,199,11,199,0,Stable,1,Mid-market,Pro,Asia-Pacific,Finance,141,10
CUST_04959,43.06666666666667,3.6,0.6,,,199.0,199,15,199,0,Stable,1,Mid-market,Pro,North America,Finance,398,14
CUST_04960,20.4,1.3,0.0,5.0,19.0,29.0,29,10,29,0,Stable,1,SMB,Basic,North America,Technology,45,9
CUST_04961,70.65217391304348,8.173913043478262,1.0,,,299.0,299,23,299,0,Stable,0,Enterprise,Pro,North America,Healthcare,4682,22
CUST_04962,36.0,3.8,0.0,8.0,33.0,499.0,499,5,499,0,Stable,1,Mid-market,Enterprise,North America,Technology,485,4
CUST_04963,51.333333333333336,6.555555555555555,1.0,,,99.0,99,9,99,0,Stable,0,Enterprise,Basic,Latin America,E-commerce,3342,8
CUST_04964,12.25,1.25,,,,29.0,29,4,29,0,Stable,1,SMB,Basic,Latin America,Finance,20,3
CUST_04965,36.125,3.875,0.0,,,199.0,199,8,199,0,Stable,1,Mid-market,Pro,North America,Retail,143,7
CUST_04966,25.11111111111111,1.4444444444444444,0.6666666666666666,7.0,27.0,29.0,29,9,29,0,Stable,1,SMB,Basic,Europe,Education,28,8
CUST_04967,30.916666666666668,4.0,0.5,,,499.0,499,12,499,0,Stable,1,Mid-market,Enterprise,Europe,E-commerce,126,11
CUST_04968,5.0,0.0,,,,29.0,29,1,29,0,Stable,1,SMB,Basic,Europe,Technology,48,0
CUST_04969,28.0,2.3181818181818183,0.3125,7.0,2.0,99.0,99,22,99,0,Stable,1,SMB,Pro,North America,Retail,27,21
CUST_04970,13.5,1.5,0.0,,,29.0,29,4,29,0,Stable,1,SMB,Basic,Europe,Finance,29,3
CUST_04971,18.25,0.75,1.0,,,99.0,99,4,99,0,Stable,1,SMB,Pro,Latin America,E-commerce,44,3
CUST_04972,26.105263157894736,1.2105263157894737,0.6666666666666666,6.0,20.0,29.0,29,19,29,0,Stable,1,SMB,Basic,North America,Education,14,18
CUST_04973,20.0,1.0,,,,49.0,49,3,49,0,Stable,1,Mid-market,Basic,North America,E-commerce,90,2
CUST_04974,25.88888888888889,2.111111111111111,1.0,7.0,27.0,99.0,99,9,99,0,Stable,1,SMB,Pro,Asia-Pacific,Technology,36,8
CUST_04975,25.90909090909091,1.4545454545454546,0.16666666666666666,,,29.0,29,11,29,0,Stable,1,SMB,Basic,North America,Education,43,10
CUST_04976,17.666666666666668,1.5,,,,29.0,29,6,29,0,Stable,1,SMB,Basic,Europe,Retail,30,5
CUST_04977,27.35,2.45,0.5,,,99.0,99,20,99,0,Stable,1,SMB,Pro,Asia-Pacific,Education,3,19
CUST_04978,35.0,3.0,,,,199.0,199,1,199,0,Stable,1,Mid-market,Pro,North America,Technology,130,0
CUST_04979,79.27272727272727,6.181818181818182,1.0,,,999.0,999,11,999,0,Stable,0,Enterprise,Enterprise,Asia-Pacific,Healthcare,1092,10
CUST_04980,59.25,6.5,0.6,,,99.0,99,8,99,0,Stable,0,Enterprise,Basic,Asia-Pacific,Retail,526,7
CUST_04981,21.5,1.5,0.0,,,29.0,29,2,29,0,Stable,1,SMB,Basic,Latin America,Technology,31,1
CUST_04982,24.0,2.2222222222222223,0.5,,,99.0,99,9,99,0,Stable,1,SMB,Pro,North America,Technology,32,8
CUST_04983,11.5,1.0,0.0,,,29.0,29,2,29,0,Stable,1,SMB,Basic,Latin America,Education,22,1
CUST_04984,24.153846153846153,1.9230769230769231,0.0,8.0,37.0,29.0,29,13,29,0,Stable,1,SMB,Basic,Latin America,Healthcare,33,12
CUST_04985,18.0,0.8,,,,99.0,99,5,99,0,Stable,1,SMB,Pro,Europe,Technology,16,4
CUST_04986,22.35,2.3,0.5,8.0,10.0,29.0,29,20,29,0,Stable,1,SMB,Basic,Europe,Healthcare,17,19
CUST_04987,27.666666666666668,1.75,0.5,,,29.0,29,12,29,0,Stable,1,SMB,Basic,North America,Retail,23,11
CUST_04988,26.17391304347826,2.217391304347826,0.25,7.0,10.0,29.0,29,23,29,0,Stable,1,SMB,Basic,Asia-Pacific,Finance,46,22
CUST_04989,23.833333333333332,1.5833333333333333,0.0,,,29.0,29,12,29,0,Stable,1,SMB,Basic,North America,E-commerce,46,11
CUST_04990,27.0,2.0,,,,199.0,199,1,199,0,Stable,1,Mid-market,Pro,Europe,Technology,87,0
CUST_04991,42.0,3.6842105263157894,0.3,6.333333333333333,8.0,199.0,199,19,199,0,Stable,1,Mid-market,Pro,North America,E-commerce,128,18
CUST_04992,15.285714285714286,1.2857142857142858,,,,29.0,29,7,29,0,Stable,1,SMB,Basic,Europe,Retail,23,6
CUST_04993,13.5,0.5,0.0,,,29.0,29,2,29,0,Stable,1,SMB,Basic,Asia-Pacific,Finance,36,1
CUST_04994,22.0,0.5,,,,49.0,49,2,49,0,Stable,1,Mid-market,Basic,North America,Education,399,1
CUST_04995,51.6,7.2,0.5,,,299.0,299,5,299,0,Stable,0,Enterprise,Pro,Latin America,E-commerce,2653,4
CUST_04996,34.0,3.6666666666666665,0.0,,,49.0,49,6,49,0,Stable,1,Mid-market,Basic,North America,Education,451,5
CUST_04997,14.666666666666666,0.3333333333333333,1.0,,,29.0,29,3,29,0,Stable,1,SMB,Basic,Latin America,Retail,46,2
CUST_04998,24.333333333333332,1.8,0.75,5.0,-4.0,29.0,29,15,29,0,Stable,1,SMB,Basic,North America,Education,39,14
CUST_04999,24.307692307692307,1.8461538461538463,0.5,,,99.0,99,13,99,0,Stable,1,SMB,Pro,Europe,Retail,24,12
CUST_05000,24.4,1.8,,,,29.0,29,10,29,0,Stable,1,SMB,Basic,Europe,Healthcare,4,9
