customer_id,subscription_date,cohort,industry,region,customer_type,plan_type,company_size
CUST_00001,2024-04-12,2024-04-01,Finance,Europe,Mid-market,Basic,171
CUST_00002,2025-04-11,2025-04-01,Finance,Europe,SMB,Basic,24
CUST_00003,2024-05-10,2024-05-01,Education,Latin America,SMB,Enterprise,2
CUST_00004,2024-07-10,2024-07-01,Technology,Europe,Enterprise,Enterprise,3404
CUST_00005,2025-07-14,2025-07-01,Education,Latin America,SMB,Basic,15
CUST_00006,2024-07-08,2024-07-01,Education,Europe,SMB,Basic,3
CUST_00007,2025-04-29,2025-04-01,Technology,Latin America,Mid-market,Basic,365
CUST_00008,2024-01-14,2024-01-01,Finance,North America,Mid-market,Basic,141
CUST_00009,2025-01-01,2025-01-01,Healthcare,Latin America,Mid-market,Pro,469
CUST_00010,2025-07-15,2025-07-01,E-commerce,North America,Mid-market,Basic,309
CUST_00011,2025-04-21,2025-04-01,Technology,North America,Enterprise,Enterprise,1495
CUST_00012,2024-09-26,2024-09-01,E-commerce,North America,Mid-market,Basic,239
CUST_00013,2024-10-22,2024-10-01,Finance,Europe,Mid-market,Pro,266
CUST_00014,2024-07-06,2024-07-01,Finance,North America,SMB,Basic,7
CUST_00015,2025-06-04,2025-06-01,Healthcare,North America,Mid-market,Basic,441
CUST_00016,2025-11-05,2025-11-01,Technology,North America,Mid-market,Pro,90
CUST_00017,2024-01-28,2024-01-01,Technology,North America,Enterprise,Enterprise,2954
CUST_00018,2025-07-27,2025-07-01,E-commerce,Latin America,SMB,Pro,1
CUST_00019,2025-09-04,2025-09-01,Finance,Europe,Enterprise,Enterprise,4993
CUST_00020,2025-01-27,2025-01-01,Education,North America,Mid-market,Basic,112
CUST_00021,2024-08-28,2024-08-01,E-commerce,North America,SMB,Basic,39
CUST_00022,2025-10-16,2025-10-01,Healthcare,Asia-Pacific,Mid-market,Basic,333
CUST_00023,2025-07-31,2025-07-01,Finance,Latin America,Mid-market,Basic,77
CUST_00024,2025-09-11,2025-09-01,Healthcare,North America,SMB,Pro,28
CUST_00025,2025-04-17,2025-04-01,Retail,Europe,SMB,Basic,13
CUST_00026,2024-09-15,2024-09-01,Retail,Europe,SMB,Basic,33
CUST_00027,2024-08-21,2024-08-01,E-commerce,North America,SMB,Pro,24
CUST_00028,2024-08-20,2024-08-01,Technology,Latin America,SMB,Basic,39
CUST_00029,2025-01-20,2025-01-01,Retail,North America,Mid-market,Basic,51
CUST_00030,2025-10-03,2025-10-01,Retail,Europe,SMB,Basic,2
CUST_00031,2024-02-22,2024-02-01,Education,North America,SMB,Enterprise,17
CUST_00032,2024-10-20,2024-10-01,E-commerce,North America,SMB,Basic,48
CUST_00033,2024-05-23,2024-05-01,E-commerce,Asia-Pacific,Mid-market,Basic,308
CUST_00034,2025-10-21,2025-10-01,Technology,Europe,SMB,Basic,19
CUST_00035,2024-05-27,2024-05-01,Retail,North America,Mid-market,Basic,88
CUST_00036,2024-12-03,2024-12-01,Retail,North America,Mid-market,Pro,200
CUST_00037,2025-02-18,2025-02-01,Education,North America,Enterprise,Pro,1123
CUST_00038,2025-07-25,2025-07-01,E-commerce,Latin America,SMB,Enterprise,37
CUST_00039,2024-06-08,2024-06-01,Healthcare,Asia-Pacific,Mid-market,Basic,257
CUST_00040,2024-05-10,2024-05-01,Retail,Europe,Enterprise,Enterprise,2148
CUST_00041,2025-02-23,2025-02-01,Healthcare,North America,Enterprise,Enterprise,598
CUST_00042,2024-06-01,2024-06-01,Technology,Europe,SMB,Basic,35
CUST_00043,2025-12-20,2025-12-01,Education,North America,Enterprise,Pro,1800
CUST_00044,2025-05-18,2025-05-01,Retail,North America,Mid-market,Enterprise,225
CUST_00045,2025-04-04,2025-04-01,E-commerce,North America,SMB,Basic,38
CUST_00046,2024-08-17,2024-08-01,Healthcare,Europe,SMB,Pro,21
CUST_00047,2025-08-31,2025-08-01,Finance,North America,SMB,Basic,48
CUST_00048,2025-10-20,2025-10-01,Retail,Latin America,SMB,Pro,30
CUST_00049,2025-04-21,2025-04-01,Education,North America,SMB,Pro,24
CUST_00050,2024-12-14,2024-12-01,Healthcare,Latin America,SMB,Enterprise,21
CUST_00051,2024-06-09,2024-06-01,Retail,North America,SMB,Basic,3
CUST_00052,2025-11-16,2025-11-01,E-commerce,North America,SMB,Basic,27
CUST_00053,2025-05-04,2025-05-01,Retail,North America,Enterprise,Enterprise,4841
CUST_00054,2024-06-24,2024-06-01,Technology,Asia-Pacific,SMB,Basic,25
CUST_00055,2025-02-11,2025-02-01,Retail,Europe,Enterprise,Enterprise,4615
CUST_00056,2024-11-16,2024-11-01,E-commerce,Latin America,SMB,Basic,23
CUST_00057,2024-05-22,2024-05-01,E-commerce,North America,SMB,Basic,22
CUST_00058,2024-11-09,2024-11-01,Technology,Asia-Pacific,Enterprise,Pro,2991
CUST_00059,2025-09-04,2025-09-01,Education,Latin America,SMB,Pro,39
CUST_00060,2024-07-14,2024-07-01,E-commerce,Europe,Mid-market,Basic,360
CUST_00061,2025-10-17,2025-10-01,E-commerce,North America,Enterprise,Enterprise,619
CUST_00062,2025-08-26,2025-08-01,Technology,Latin America,Mid-market,Basic,328
CUST_00063,2024-05-06,2024-05-01,Technology,Latin America,Mid-market,Pro,288
CUST_00064,2024-04-05,2024-04-01,Finance,North America,SMB,Pro,16
CUST_00065,2024-07-07,2024-07-01,E-commerce,Asia-Pacific,Mid-market,Pro,125
CUST_00066,2024-06-02,2024-06-01,Retail,North America,SMB,Pro,28
CUST_00067,2024-03-09,2024-03-01,E-commerce,Asia-Pacific,SMB,Basic,12
CUST_00068,2024-08-05,2024-08-01,Education,North America,Mid-market,Enterprise,271
CUST_00069,2024-12-22,2024-12-01,Finance,Latin America,SMB,Basic,31
CUST_00070,2025-10-20,2025-10-01,Finance,Asia-Pacific,SMB,Pro,16
CUST_00071,2024-12-01,2024-12-01,Healthcare,Asia-Pacific,Mid-market,Basic,445
CUST_00072,2025-11-20,2025-11-01,Finance,Europe,SMB,Basic,37
CUST_00073,2024-09-24,2024-09-01,Technology,North America,SMB,Enterprise,29
CUST_00074,2025-01-31,2025-01-01,Finance,North America,SMB,Basic,35
CUST_00075,2025-12-27,2025-12-01,Technology,Asia-Pacific,SMB,Basic,34
CUST_00076,2024-04-24,2024-04-01,Finance,North America,SMB,Basic,11
CUST_00077,2025-02-16,2025-02-01,Finance,North America,SMB,Basic,10
CUST_00078,2025-04-01,2025-04-01,Healthcare,Europe,SMB,Basic,18
CUST_00079,2024-04-05,2024-04-01,Finance,North America,SMB,Pro,13
CUST_00080,2024-10-05,2024-10-01,Retail,Europe,Mid-market,Basic,133
CUST_00081,2025-12-29,2025-12-01,Retail,North America,SMB,Pro,41
CUST_00082,2024-03-16,2024-03-01,Education,Europe,SMB,Enterprise,47
CUST_00083,2024-05-23,2024-05-01,Retail,Europe,SMB,Basic,21
CUST_00084,2025-04-28,2025-04-01,Finance,Latin America,Enterprise,Enterprise,3482
CUST_00085,2025-02-01,2025-02-01,Finance,North America,SMB,Basic,18
CUST_00086,2025-08-10,2025-08-01,Retail,North America,Mid-market,Enterprise,56
CUST_00087,2024-06-22,2024-06-01,Technology,Latin America,Mid-market,Basic,243
CUST_00088,2025-05-31,2025-05-01,Finance,North America,SMB,Basic,17
CUST_00089,2025-05-25,2025-05-01,Education,North America,Enterprise,Enterprise,3986
CUST_00090,2025-03-20,2025-03-01,Technology,Latin America,SMB,Pro,39
CUST_00091,2024-05-05,2024-05-01,Education,Europe,SMB,Basic,20
CUST_00092,2025-04-20,2025-04-01,Retail,Asia-Pacific,Mid-market,Enterprise,397
CUST_00093,2024-07-08,2024-07-01,Retail,Latin America,SMB,Basic,38
CUST_00094,2024-04-26,2024-04-01,Finance,North America,Enterprise,Basic,4675
CUST_00095,2024-07-31,2024-07-01,Healthcare,Asia-Pacific,Enterprise,Basic,4012
CUST_00096,2025-02-05,2025-02-01,Retail,Europe,SMB,Basic,3
CUST_00097,2025-10-17,2025-10-01,Technology,Latin America,Mid-market,Enterprise,407
CUST_00098,2025-02-11,2025-02-01,Education,Europe,Mid-market,Basic,185
CUST_00099,2025-11-28,2025-11-01,Finance,Latin America,SMB,Basic,27
CUST_00100,2025-05-16,2025-05-01,Finance,Asia-Pacific,SMB,Basic,28
CUST_00101,2025-07-11,2025-07-01,Healthcare,Asia-Pacific,SMB,Pro,47
CUST_00102,2025-03-25,2025-03-01,Healthcare,North America,SMB,Pro,33
CUST_00103,2025-01-08,2025-01-01,Retail,North America,Mid-market,Enterprise,331
CUST_00104,2024-03-03,2024-03-01,Retail,Asia-Pacific,SMB,Pro,34
CUST_00105,2024-04-14,2024-04-01,E-commerce,Asia-Pacific,SMB,Basic,5
CUST_00106,2025-10-06,2025-10-01,Finance,Asia-Pacific,Enterprise,Enterprise,4678
CUST_00107,2024-05-24,2024-05-01,Retail,Latin America,SMB,Basic,13
CUST_00108,2025-03-21,2025-03-01,Technology,North America,Enterprise,Enterprise,2074
CUST_00109,2024-06-02,2024-06-01,Healthcare,Europe,SMB,Basic,12
CUST_00110,2024-02-23,2024-02-01,Healthcare,Europe,Enterprise,Basic,3314
CUST_00111,2024-10-29,2024-10-01,E-commerce,Asia-Pacific,SMB,Pro,39
CUST_00112,2025-02-25,2025-02-01,Technology,Europe,Mid-market,Enterprise,335
CUST_00113,2024-11-30,2024-11-01,Education,Europe,SMB,Pro,33
CUST_00114,2024-11-30,2024-11-01,Healthcare,Asia-Pacific,SMB,Basic,29
CUST_00115,2024-05-17,2024-05-01,Education,North America,Enterprise,Enterprise,4664
CUST_00116,2025-06-29,2025-06-01,E-commerce,Europe,Mid-market,Basic,289
CUST_00117,2024-04-20,2024-04-01,Healthcare,North America,SMB,Basic,8
CUST_00118,2024-12-25,2024-12-01,Healthcare,Europe,Mid-market,Pro,209
CUST_00119,2024-03-01,2024-03-01,Finance,North America,SMB,Basic,42
CUST_00120,2025-06-17,2025-06-01,Retail,North America,SMB,Basic,46
CUST_00121,2025-06-29,2025-06-01,Healthcare,North America,SMB,Basic,47
CUST_00122,2024-04-30,2024-04-01,Healthcare,Latin America,Mid-market,Pro,110
CUST_00123,2024-12-02,2024-12-01,Retail,Europe,SMB,Pro,15
CUST_00124,2024-10-29,2024-10-01,Technology,Asia-Pacific,SMB,Basic,14
CUST_00125,2024-08-03,2024-08-01,Healthcare,North America,Mid-market,Basic,56
CUST_00126,2024-01-03,2024-01-01,Education,North America,Enterprise,Enterprise,2406
CUST_00127,2024-01-15,2024-01-01,Education,North America,SMB,Pro,17
CUST_00128,2024-08-18,2024-08-01,Retail,Latin America,SMB,Basic,20
CUST_00129,2024-01-25,2024-01-01,Finance,Europe,Mid-market,Pro,277
CUST_00130,2024-04-20,2024-04-01,Retail,Europe,Mid-market,Pro,91
CUST_00131,2025-02-28,2025-02-01,Technology,North America,SMB,Pro,45
CUST_00132,2025-01-11,2025-01-01,E-commerce,North America,SMB,Basic,48
CUST_00133,2025-05-30,2025-05-01,E-commerce,North America,Enterprise,Basic,3370
CUST_00134,2024-05-16,2024-05-01,Finance,Latin America,SMB,Basic,31
CUST_00135,2024-01-06,2024-01-01,Education,North America,SMB,Enterprise,49
CUST_00136,2025-08-28,2025-08-01,Retail,Asia-Pacific,SMB,Basic,11
CUST_00137,2025-01-26,2025-01-01,Finance,North America,SMB,Pro,4
CUST_00138,2025-12-24,2025-12-01,Retail,Europe,SMB,Basic,38
CUST_00139,2024-05-18,2024-05-01,Healthcare,North America,Enterprise,Pro,2539
CUST_00140,2024-01-10,2024-01-01,Technology,North America,SMB,Basic,2
CUST_00141,2025-08-18,2025-08-01,Retail,North America,SMB,Basic,15
CUST_00142,2025-07-03,2025-07-01,Retail,Latin America,SMB,Basic,44
CUST_00143,2024-11-29,2024-11-01,Technology,North America,Enterprise,Enterprise,2070
CUST_00144,2025-05-27,2025-05-01,Finance,North America,Mid-market,Pro,410
CUST_00145,2024-08-16,2024-08-01,Finance,North America,SMB,Basic,19
CUST_00146,2025-01-13,2025-01-01,Retail,Latin America,Mid-market,Enterprise,138
CUST_00147,2025-02-05,2025-02-01,E-commerce,Latin America,Mid-market,Pro,174
CUST_00148,2025-02-25,2025-02-01,Retail,North America,SMB,Basic,33
CUST_00149,2025-05-17,2025-05-01,Healthcare,Europe,SMB,Basic,6
CUST_00150,2025-10-07,2025-10-01,Technology,North America,SMB,Pro,15
CUST_00151,2025-09-14,2025-09-01,Healthcare,Asia-Pacific,Mid-market,Pro,87
CUST_00152,2025-03-16,2025-03-01,Retail,North America,SMB,Basic,22
CUST_00153,2025-06-05,2025-06-01,E-commerce,Asia-Pacific,SMB,Pro,31
CUST_00154,2024-08-15,2024-08-01,Finance,Europe,SMB,Basic,29
CUST_00155,2024-02-16,2024-02-01,Healthcare,Europe,SMB,Pro,36
CUST_00156,2024-10-18,2024-10-01,Education,North America,Mid-market,Pro,379
CUST_00157,2025-07-03,2025-07-01,Technology,Latin America,SMB,Basic,12
CUST_00158,2024-08-05,2024-08-01,Retail,North America,SMB,Basic,40
CUST_00159,2025-11-13,2025-11-01,Education,Asia-Pacific,Enterprise,Enterprise,4376
CUST_00160,2024-05-06,2024-05-01,Technology,North America,SMB,Basic,29
CUST_00161,2025-04-06,2025-04-01,Retail,North America,Enterprise,Enterprise,3976
CUST_00162,2024-12-11,2024-12-01,Retail,North America,Mid-market,Basic,487
CUST_00163,2025-07-20,2025-07-01,Retail,Asia-Pacific,SMB,Basic,10
CUST_00164,2025-03-11,2025-03-01,Healthcare,North America,Mid-market,Pro,74
CUST_00165,2025-08-24,2025-08-01,Technology,Europe,Enterprise,Pro,4100
CUST_00166,2025-10-01,2025-10-01,Healthcare,North America,SMB,Basic,25
CUST_00167,2024-06-28,2024-06-01,Retail,Asia-Pacific,SMB,Pro,43
CUST_00168,2025-10-23,2025-10-01,Retail,North America,SMB,Basic,20
CUST_00169,2024-12-26,2024-12-01,Education,Europe,SMB,Basic,40
CUST_00170,2025-07-14,2025-07-01,E-commerce,Asia-Pacific,SMB,Basic,19
CUST_00171,2024-11-13,2024-11-01,Finance,North America,SMB,Basic,16
CUST_00172,2025-02-27,2025-02-01,Healthcare,Europe,SMB,Basic,2
CUST_00173,2025-05-16,2025-05-01,E-commerce,Asia-Pacific,SMB,Basic,4
CUST_00174,2024-09-20,2024-09-01,Technology,North America,Enterprise,Enterprise,2401
CUST_00175,2024-06-10,2024-06-01,Education,Asia-Pacific,SMB,Basic,7
CUST_00176,2024-12-14,2024-12-01,Healthcare,North America,SMB,Basic,8
CUST_00177,2024-02-23,2024-02-01,Healthcare,Asia-Pacific,SMB,Basic,47
CUST_00178,2024-09-20,2024-09-01,E-commerce,Europe,SMB,Basic,46
CUST_00179,2025-05-05,2025-05-01,E-commerce,North America,Enterprise,Enterprise,1322
CUST_00180,2024-01-07,2024-01-01,Finance,North America,Mid-market,Pro,430
CUST_00181,2025-07-01,2025-07-01,Retail,Asia-Pacific,Mid-market,Pro,453
CUST_00182,2025-06-06,2025-06-01,Education,Asia-Pacific,SMB,Basic,37
CUST_00183,2024-09-12,2024-09-01,Education,North America,SMB,Basic,22
CUST_00184,2024-12-29,2024-12-01,Healthcare,Latin America,SMB,Pro,32
CUST_00185,2025-12-21,2025-12-01,Retail,Europe,SMB,Basic,45
CUST_00186,2024-10-07,2024-10-01,Healthcare,Europe,SMB,Basic,26
CUST_00187,2025-03-17,2025-03-01,Finance,North America,Enterprise,Enterprise,2675
CUST_00188,2024-02-11,2024-02-01,Retail,Europe,SMB,Basic,38
CUST_00189,2025-01-12,2025-01-01,E-commerce,North America,Mid-market,Basic,362
CUST_00190,2024-10-13,2024-10-01,Education,Europe,Enterprise,Enterprise,954
CUST_00191,2025-11-15,2025-11-01,E-commerce,Europe,Mid-market,Pro,113
CUST_00192,2024-05-09,2024-05-01,Healthcare,North America,SMB,Pro,26
CUST_00193,2024-01-29,2024-01-01,Education,Asia-Pacific,SMB,Basic,39
CUST_00194,2024-08-14,2024-08-01,E-commerce,North America,Enterprise,Enterprise,2285
CUST_00195,2025-07-01,2025-07-01,Education,North America,SMB,Basic,45
CUST_00196,2025-04-26,2025-04-01,Retail,North America,Mid-market,Pro,66
CUST_00197,2025-10-02,2025-10-01,Technology,Europe,SMB,Basic,35
CUST_00198,2024-05-10,2024-05-01,Healthcare,North America,SMB,Basic,34
CUST_00199,2025-06-07,2025-06-01,Healthcare,Latin America,SMB,Basic,17
CUST_00200,2024-11-25,2024-11-01,Education,Europe,Mid-market,Pro,265
CUST_00201,2024-12-04,2024-12-01,Finance,Asia-Pacific,Mid-market,Enterprise,247
CUST_00202,2024-07-18,2024-07-01,Healthcare,Latin America,SMB,Basic,45
CUST_00203,2025-06-21,2025-06-01,Retail,North America,SMB,Pro,21
CUST_00204,2024-03-26,2024-03-01,Finance,Asia-Pacific,Enterprise,Basic,3430
CUST_00205,2025-11-18,2025-11-01,Finance,Europe,SMB,Basic,30
CUST_00206,2025-01-06,2025-01-01,Technology,Europe,Mid-market,Basic,63
CUST_00207,2024-06-07,2024-06-01,Finance,North America,SMB,Basic,37
CUST_00208,2024-06-19,2024-06-01,Education,Europe,SMB,Pro,49
CUST_00209,2025-05-30,2025-05-01,Technology,Europe,Mid-market,Basic,475
CUST_00210,2024-04-17,2024-04-01,Technology,Latin America,SMB,Basic,13
CUST_00211,2024-05-20,2024-05-01,Healthcare,Latin America,SMB,Pro,29
CUST_00212,2025-04-21,2025-04-01,Education,Latin America,SMB,Basic,10
CUST_00213,2024-12-24,2024-12-01,Retail,North America,SMB,Pro,14
CUST_00214,2025-01-10,2025-01-01,E-commerce,Europe,SMB,Basic,48
CUST_00215,2025-12-05,2025-12-01,Retail,North America,Enterprise,Basic,1463
CUST_00216,2024-05-19,2024-05-01,Finance,North America,Enterprise,Enterprise,1306
CUST_00217,2025-03-15,2025-03-01,E-commerce,Europe,Enterprise,Enterprise,1384
CUST_00218,2024-08-30,2024-08-01,Technology,North America,SMB,Basic,41
CUST_00219,2025-05-20,2025-05-01,Finance,Europe,Mid-market,Pro,264
CUST_00220,2025-11-19,2025-11-01,Retail,North America,SMB,Basic,42
CUST_00221,2025-02-22,2025-02-01,Healthcare,Asia-Pacific,Mid-market,Pro,318
CUST_00222,2024-04-29,2024-04-01,Education,Europe,Mid-market,Basic,147
CUST_00223,2024-09-23,2024-09-01,Education,Europe,Enterprise,Pro,1718
CUST_00224,2024-11-27,2024-11-01,Retail,Europe,SMB,Basic,34
CUST_00225,2024-05-03,2024-05-01,Finance,North America,SMB,Basic,18
CUST_00226,2025-03-29,2025-03-01,Education,North America,Enterprise,Pro,3611
CUST_00227,2024-10-27,2024-10-01,Technology,Europe,SMB,Basic,40
CUST_00228,2024-02-09,2024-02-01,E-commerce,Europe,SMB,Basic,16
CUST_00229,2024-06-16,2024-06-01,Retail,North America,SMB,Basic,45
CUST_00230,2024-12-10,2024-12-01,Healthcare,Asia-Pacific,Enterprise,Pro,1056
CUST_00231,2024-01-31,2024-01-01,Healthcare,North America,Mid-market,Basic,88
CUST_00232,2024-03-22,2024-03-01,Finance,North America,Mid-market,Enterprise,499
CUST_00233,2024-08-11,2024-08-01,Retail,Europe,SMB,Basic,31
CUST_00234,2025-11-30,2025-11-01,E-commerce,North America,SMB,Pro,7
CUST_00235,2025-08-08,2025-08-01,Education,Europe,SMB,Pro,30
CUST_00236,2024-02-06,2024-02-01,Education,North America,SMB,Pro,27
CUST_00237,2024-07-10,2024-07-01,Technology,Europe,Mid-market,Basic,71
CUST_00238,2025-04-18,2025-04-01,E-commerce,Latin America,SMB,Pro,29
CUST_00239,2025-12-16,2025-12-01,Finance,North America,Mid-market,Basic,78
CUST_00240,2024-02-02,2024-02-01,Healthcare,North America,SMB,Basic,23
CUST_00241,2025-06-21,2025-06-01,Education,Europe,SMB,Basic,13
CUST_00242,2025-05-03,2025-05-01,Finance,North America,SMB,Pro,32
CUST_00243,2024-05-09,2024-05-01,Healthcare,North America,Mid-market,Basic,386
CUST_00244,2025-01-16,2025-01-01,Finance,Latin America,SMB,Basic,37
CUST_00245,2024-03-24,2024-03-01,Healthcare,North America,SMB,Basic,38
CUST_00246,2025-06-10,2025-06-01,Retail,Asia-Pacific,Mid-market,Basic,61
CUST_00247,2024-09-27,2024-09-01,Education,North America,SMB,Basic,17
CUST_00248,2025-08-27,2025-08-01,E-commerce,Europe,Mid-market,Pro,248
CUST_00249,2025-01-21,2025-01-01,Education,Latin America,Mid-market,Basic,453
CUST_00250,2025-07-11,2025-07-01,Retail,Europe,SMB,Basic,20
CUST_00251,2025-06-04,2025-06-01,E-commerce,Europe,SMB,Basic,2
CUST_00252,2024-12-09,2024-12-01,Retail,North America,SMB,Enterprise,18
CUST_00253,2024-11-15,2024-11-01,E-commerce,North America,SMB,Enterprise,45
CUST_00254,2025-12-29,2025-12-01,Healthcare,Europe,Enterprise,Enterprise,2076
CUST_00255,2025-02-04,2025-02-01,E-commerce,Europe,SMB,Basic,20
CUST_00256,2025-11-03,2025-11-01,Education,North America,SMB,Basic,33
CUST_00257,2025-08-11,2025-08-01,Technology,Latin America,SMB,Basic,26
CUST_00258,2025-11-16,2025-11-01,Technology,North America,Mid-market,Enterprise,354
CUST_00259,2024-11-12,2024-11-01,E-commerce,Europe,Mid-market,Basic,272
CUST_00260,2025-02-19,2025-02-01,Technology,Europe,SMB,Pro,20
CUST_00261,2024-11-13,2024-11-01,Healthcare,Latin America,Mid-market,Pro,437
CUST_00262,2025-01-24,2025-01-01,Healthcare,North America,Mid-market,Pro,237
CUST_00263,2024-01-14,2024-01-01,Education,North America,SMB,Basic,45
CUST_00264,2024-08-30,2024-08-01,Education,Asia-Pacific,SMB,Enterprise,29
CUST_00265,2025-09-22,2025-09-01,Education,Europe,SMB,Basic,18
CUST_00266,2025-12-23,2025-12-01,Retail,Europe,SMB,Enterprise,28
CUST_00267,2025-12-14,2025-12-01,E-commerce,North America,SMB,Basic,33
CUST_00268,2024-11-27,2024-11-01,Technology,Asia-Pacific,SMB,Enterprise,20
CUST_00269,2025-05-30,2025-05-01,Education,North America,Mid-market,Pro,226
CUST_00270,2025-08-30,2025-08-01,Technology,Europe,SMB,Basic,2
CUST_00271,2024-11-30,2024-11-01,Technology,Latin America,Enterprise,Enterprise,4781
CUST_00272,2024-09-02,2024-09-01,Technology,Europe,SMB,Basic,15
CUST_00273,2025-06-03,2025-06-01,Technology,North America,SMB,Basic,14
CUST_00274,2024-01-02,2024-01-01,Finance,Europe,SMB,Pro,47
CUST_00275,2024-01-14,2024-01-01,Technology,North America,SMB,Basic,17
CUST_00276,2024-01-28,2024-01-01,Retail,Asia-Pacific,SMB,Basic,36
CUST_00277,2024-10-27,2024-10-01,Technology,North America,SMB,Basic,14
CUST_00278,2025-08-14,2025-08-01,E-commerce,North America,SMB,Basic,5
CUST_00279,2024-10-02,2024-10-01,Retail,North America,SMB,Pro,20
CUST_00280,2024-10-10,2024-10-01,Finance,Europe,SMB,Pro,49
CUST_00281,2025-05-11,2025-05-01,E-commerce,North America,Mid-market,Pro,494
CUST_00282,2024-11-29,2024-11-01,Education,North America,SMB,Basic,1
CUST_00283,2024-04-28,2024-04-01,Healthcare,North America,SMB,Basic,49
CUST_00284,2025-11-21,2025-11-01,Finance,Europe,SMB,Basic,43
CUST_00285,2024-05-05,2024-05-01,Retail,Europe,Enterprise,Enterprise,3749
CUST_00286,2025-03-03,2025-03-01,E-commerce,North America,SMB,Basic,16
CUST_00287,2025-01-09,2025-01-01,Finance,Europe,SMB,Basic,5
CUST_00288,2025-05-09,2025-05-01,Technology,North America,SMB,Basic,30
CUST_00289,2024-04-23,2024-04-01,Retail,North America,SMB,Pro,8
CUST_00290,2024-12-10,2024-12-01,Healthcare,Latin America,Mid-market,Pro,191
CUST_00291,2024-02-22,2024-02-01,E-commerce,Asia-Pacific,Mid-market,Pro,241
CUST_00292,2025-07-28,2025-07-01,Finance,Asia-Pacific,Enterprise,Enterprise,3730
CUST_00293,2025-05-03,2025-05-01,E-commerce,North America,SMB,Basic,38
CUST_00294,2024-01-19,2024-01-01,Retail,North America,Mid-market,Pro,414
CUST_00295,2024-11-26,2024-11-01,Retail,North America,SMB,Basic,1
CUST_00296,2024-03-16,2024-03-01,Healthcare,North America,Mid-market,Pro,466
CUST_00297,2024-10-31,2024-10-01,E-commerce,North America,SMB,Basic,35
CUST_00298,2025-09-13,2025-09-01,Retail,North America,Mid-market,Pro,331
CUST_00299,2024-11-23,2024-11-01,Finance,Asia-Pacific,SMB,Basic,25
CUST_00300,2024-01-12,2024-01-01,Education,Europe,SMB,Basic,43
CUST_00301,2024-12-08,2024-12-01,Healthcare,Europe,Mid-market,Pro,70
CUST_00302,2025-02-10,2025-02-01,Finance,Latin America,SMB,Pro,25
CUST_00303,2025-12-15,2025-12-01,Finance,North America,SMB,Basic,34
CUST_00304,2024-11-29,2024-11-01,Education,Asia-Pacific,SMB,Basic,29
CUST_00305,2024-06-04,2024-06-01,Education,Asia-Pacific,SMB,Basic,2
CUST_00306,2025-08-11,2025-08-01,Healthcare,North America,SMB,Basic,44
CUST_00307,2025-08-08,2025-08-01,Retail,Europe,Mid-market,Basic,347
CUST_00308,2024-02-05,2024-02-01,E-commerce,Europe,SMB,Basic,45
CUST_00309,2024-12-27,2024-12-01,E-commerce,Asia-Pacific,SMB,Basic,22
CUST_00310,2024-08-07,2024-08-01,Technology,North America,SMB,Basic,42
CUST_00311,2025-08-06,2025-08-01,Healthcare,Asia-Pacific,Mid-market,Pro,99
CUST_00312,2025-10-25,2025-10-01,Technology,Asia-Pacific,Mid-market,Pro,452
CUST_00313,2025-11-06,2025-11-01,Finance,North America,SMB,Basic,35
CUST_00314,2024-04-17,2024-04-01,Retail,North America,Enterprise,Pro,3352
CUST_00315,2025-10-16,2025-10-01,Healthcare,North America,SMB,Basic,14
CUST_00316,2024-03-17,2024-03-01,Technology,North America,SMB,Basic,7
CUST_00317,2025-08-19,2025-08-01,Finance,Asia-Pacific,Mid-market,Pro,290
CUST_00318,2025-04-03,2025-04-01,Healthcare,Europe,Enterprise,Pro,1625
CUST_00319,2025-07-07,2025-07-01,Education,North America,Enterprise,Enterprise,4948
CUST_00320,2025-11-06,2025-11-01,Healthcare,North America,SMB,Basic,39
CUST_00321,2025-12-08,2025-12-01,Education,Asia-Pacific,SMB,Pro,27
CUST_00322,2024-06-08,2024-06-01,Technology,Asia-Pacific,SMB,Pro,44
CUST_00323,2025-01-15,2025-01-01,Technology,Latin America,SMB,Basic,2
CUST_00324,2025-09-05,2025-09-01,E-commerce,North America,SMB,Pro,22
CUST_00325,2025-03-17,2025-03-01,Retail,North America,Enterprise,Pro,3165
CUST_00326,2025-03-21,2025-03-01,Education,North America,SMB,Pro,12
CUST_00327,2025-10-09,2025-10-01,Finance,North America,Mid-market,Enterprise,164
CUST_00328,2024-04-13,2024-04-01,Education,North America,SMB,Pro,30
CUST_00329,2024-05-28,2024-05-01,Retail,Europe,SMB,Basic,12
CUST_00330,2025-07-03,2025-07-01,Education,North America,SMB,Basic,45
CUST_00331,2025-07-31,2025-07-01,Retail,Europe,SMB,Basic,11
CUST_00332,2024-06-28,2024-06-01,Technology,Europe,SMB,Pro,35
CUST_00333,2025-02-09,2025-02-01,Finance,North America,SMB,Enterprise,12
CUST_00334,2024-08-26,2024-08-01,Finance,North America,SMB,Basic,24
CUST_00335,2025-10-31,2025-10-01,Education,Asia-Pacific,Mid-market,Basic,448
CUST_00336,2025-02-08,2025-02-01,Healthcare,North America,SMB,Basic,20
CUST_00337,2024-09-22,2024-09-01,E-commerce,North America,Mid-market,Basic,144
CUST_00338,2024-04-19,2024-04-01,Education,Europe,Enterprise,Enterprise,2460
CUST_00339,2024-01-25,2024-01-01,Finance,North America,Mid-market,Basic,74
CUST_00340,2024-03-19,2024-03-01,Education,North America,Enterprise,Enterprise,1345
CUST_00341,2025-06-15,2025-06-01,E-commerce,North America,SMB,Basic,43
CUST_00342,2024-09-10,2024-09-01,Healthcare,Europe,Mid-market,Pro,467
CUST_00343,2024-12-10,2024-12-01,Finance,Europe,SMB,Enterprise,15
CUST_00344,2025-04-01,2025-04-01,Finance,North America,SMB,Basic,46
CUST_00345,2024-09-19,2024-09-01,Education,Europe,Mid-market,Basic,89
CUST_00346,2024-04-10,2024-04-01,Education,Asia-Pacific,Mid-market,Basic,471
CUST_00347,2024-08-18,2024-08-01,E-commerce,Asia-Pacific,Mid-market,Pro,56
CUST_00348,2024-06-03,2024-06-01,Finance,North America,SMB,Pro,5
CUST_00349,2025-05-24,2025-05-01,Finance,North America,SMB,Basic,15
CUST_00350,2025-10-22,2025-10-01,Finance,North America,Mid-market,Basic,262
CUST_00351,2024-08-29,2024-08-01,Finance,Latin America,Mid-market,Basic,213
CUST_00352,2025-04-09,2025-04-01,Finance,Asia-Pacific,SMB,Basic,26
CUST_00353,2025-05-24,2025-05-01,Education,Asia-Pacific,SMB,Basic,35
CUST_00354,2025-03-11,2025-03-01,Technology,Latin America,Enterprise,Enterprise,4700
CUST_00355,2024-07-10,2024-07-01,Retail,Asia-Pacific,Mid-market,Basic,97
CUST_00356,2024-01-29,2024-01-01,Education,Asia-Pacific,SMB,Pro,28
CUST_00357,2025-12-15,2025-12-01,E-commerce,Europe,SMB,Basic,15
CUST_00358,2024-06-21,2024-06-01,Retail,Europe,SMB,Pro,8
CUST_00359,2024-07-18,2024-07-01,Finance,Asia-Pacific,SMB,Pro,35
CUST_00360,2025-10-25,2025-10-01,Technology,Europe,SMB,Basic,36
CUST_00361,2025-10-12,2025-10-01,Healthcare,North America,Enterprise,Enterprise,4062
CUST_00362,2025-03-17,2025-03-01,Technology,North America,SMB,Basic,32
CUST_00363,2025-01-02,2025-01-01,Retail,Latin America,Enterprise,Pro,3493
CUST_00364,2025-07-14,2025-07-01,Retail,Europe,SMB,Basic,10
CUST_00365,2024-05-28,2024-05-01,Technology,Europe,SMB,Basic,32
CUST_00366,2024-12-16,2024-12-01,Technology,North America,SMB,Basic,15
CUST_00367,2024-09-29,2024-09-01,Retail,North America,Enterprise,Pro,4197
CUST_00368,2025-02-17,2025-02-01,Healthcare,Latin America,Enterprise,Enterprise,4488
CUST_00369,2024-05-01,2024-05-01,Retail,North America,Mid-market,Enterprise,480
CUST_00370,2025-06-13,2025-06-01,E-commerce,Asia-Pacific,Mid-market,Basic,409
CUST_00371,2024-08-25,2024-08-01,Healthcare,North America,Mid-market,Pro,199
CUST_00372,2024-08-22,2024-08-01,Finance,North America,SMB,Basic,29
CUST_00373,2024-07-31,2024-07-01,Healthcare,North America,Mid-market,Enterprise,93
CUST_00374,2025-04-05,2025-04-01,Retail,Europe,SMB,Pro,19
CUST_00375,2024-01-23,2024-01-01,Retail,Asia-Pacific,Mid-market,Enterprise,160
CUST_00376,2024-05-15,2024-05-01,Retail,Asia-Pacific,SMB,Basic,3
CUST_00377,2025-03-24,2025-03-01,Technology,Asia-Pacific,SMB,Basic,25
CUST_00378,2024-01-10,2024-01-01,Healthcare,North America,Mid-market,Enterprise,474
CUST_00379,2024-04-21,2024-04-01,E-commerce,Asia-Pacific,Mid-market,Pro,363
CUST_00380,2025-07-19,2025-07-01,Retail,Latin America,Mid-market,Basic,426
CUST_00381,2024-01-20,2024-01-01,E-commerce,Latin America,SMB,Basic,37
CUST_00382,2025-11-28,2025-11-01,Education,Asia-Pacific,SMB,Basic,35
CUST_00383,2024-06-02,2024-06-01,Finance,North America,SMB,Basic,46
CUST_00384,2024-07-06,2024-07-01,Education,Europe,Mid-market,Basic,52
CUST_00385,2025-12-28,2025-12-01,Education,Europe,SMB,Basic,24
CUST_00386,2024-06-10,2024-06-01,Education,Asia-Pacific,SMB,Basic,49
CUST_00387,2024-11-14,2024-11-01,Finance,Asia-Pacific,SMB,Basic,38
CUST_00388,2024-04-26,2024-04-01,Finance,North America,Mid-market,Pro,232
CUST_00389,2024-04-22,2024-04-01,Education,North America,SMB,Basic,28
CUST_00390,2024-10-29,2024-10-01,Finance,North America,Enterprise,Enterprise,4793
CUST_00391,2024-09-16,2024-09-01,E-commerce,Latin America,SMB,Basic,11
CUST_00392,2024-05-16,2024-05-01,Education,North America,Enterprise,Pro,2597
CUST_00393,2025-09-10,2025-09-01,Finance,Asia-Pacific,SMB,Pro,45
CUST_00394,2025-07-16,2025-07-01,E-commerce,North America,Enterprise,Pro,2503
CUST_00395,2024-02-18,2024-02-01,Education,North America,SMB,Pro,4
CUST_00396,2025-09-29,2025-09-01,Retail,Asia-Pacific,Mid-market,Pro,149
CUST_00397,2024-06-30,2024-06-01,Retail,Asia-Pacific,SMB,Basic,24
CUST_00398,2025-07-01,2025-07-01,Technology,North America,SMB,Basic,28
CUST_00399,2024-06-11,2024-06-01,Technology,North America,SMB,Pro,31
CUST_00400,2025-09-09,2025-09-01,Retail,Europe,Mid-market,Basic,233
CUST_00401,2025-09-10,2025-09-01,Retail,North America,SMB,Pro,33
CUST_00402,2025-06-02,2025-06-01,Healthcare,Latin America,SMB,Basic,15
CUST_00403,2024-07-17,2024-07-01,E-commerce,Asia-Pacific,SMB,Pro,21
CUST_00404,2024-03-22,2024-03-01,Finance,Europe,SMB,Pro,19
CUST_00405,2025-01-05,2025-01-01,Retail,North America,Enterprise,Enterprise,1394
CUST_00406,2025-05-04,2025-05-01,Retail,Europe,SMB,Basic,34
CUST_00407,2024-01-28,2024-01-01,E-commerce,Europe,Mid-market,Basic,147
CUST_00408,2025-05-08,2025-05-01,Finance,North America,SMB,Basic,22
CUST_00409,2024-04-21,2024-04-01,Healthcare,Asia-Pacific,SMB,Basic,22
CUST_00410,2025-08-10,2025-08-01,Education,North America,SMB,Basic,35
CUST_00411,2025-12-04,2025-12-01,Finance,North America,Mid-market,Pro,432
CUST_00412,2024-03-08,2024-03-01,Finance,Asia-Pacific,Mid-market,Pro,165
CUST_00413,2025-08-26,2025-08-01,Technology,Asia-Pacific,SMB,Pro,49
CUST_00414,2025-03-22,2025-03-01,Healthcare,Latin America,SMB,Basic,33
CUST_00415,2025-07-07,2025-07-01,Education,Europe,SMB,Basic,43
CUST_00416,2025-12-09,2025-12-01,Technology,North America,Enterprise,Pro,3055
CUST_00417,2025-04-20,2025-04-01,Retail,North America,Mid-market,Basic,481
CUST_00418,2024-08-25,2024-08-01,Education,Europe,SMB,Basic,2
CUST_00419,2025-01-21,2025-01-01,Healthcare,Latin America,SMB,Pro,33
CUST_00420,2024-08-07,2024-08-01,Finance,Asia-Pacific,SMB,Basic,48
CUST_00421,2025-09-10,2025-09-01,E-commerce,North America,SMB,Pro,32
CUST_00422,2025-10-10,2025-10-01,Retail,Europe,Mid-market,Pro,424
CUST_00423,2025-06-16,2025-06-01,Education,Latin America,Mid-market,Basic,272
CUST_00424,2025-07-24,2025-07-01,Retail,North America,SMB,Basic,4
CUST_00425,2025-10-27,2025-10-01,Finance,North America,SMB,Pro,9
CUST_00426,2025-01-06,2025-01-01,Education,North America,Enterprise,Pro,3490
CUST_00427,2024-12-29,2024-12-01,Technology,Asia-Pacific,SMB,Basic,12
CUST_00428,2025-04-20,2025-04-01,Education,Asia-Pacific,SMB,Basic,33
CUST_00429,2025-11-05,2025-11-01,Technology,Asia-Pacific,SMB,Basic,23
CUST_00430,2024-06-24,2024-06-01,Education,Europe,SMB,Pro,15
CUST_00431,2024-10-15,2024-10-01,Technology,North America,SMB,Basic,28
CUST_00432,2024-02-16,2024-02-01,Education,Latin America,SMB,Pro,23
CUST_00433,2025-10-01,2025-10-01,Retail,North America,Mid-market,Pro,192
CUST_00434,2024-07-09,2024-07-01,Finance,Asia-Pacific,SMB,Pro,14
CUST_00435,2025-04-04,2025-04-01,Education,Asia-Pacific,SMB,Pro,18
CUST_00436,2024-04-24,2024-04-01,Healthcare,North America,Enterprise,Enterprise,3097
CUST_00437,2024-05-21,2024-05-01,Healthcare,Europe,Enterprise,Enterprise,4417
CUST_00438,2025-05-21,2025-05-01,E-commerce,Latin America,SMB,Basic,23
CUST_00439,2025-10-23,2025-10-01,Healthcare,Asia-Pacific,Enterprise,Pro,2831
CUST_00440,2024-06-21,2024-06-01,Healthcare,Europe,Enterprise,Enterprise,2031
CUST_00441,2025-02-01,2025-02-01,Education,North America,SMB,Basic,30
CUST_00442,2024-09-21,2024-09-01,Retail,Asia-Pacific,SMB,Basic,35
CUST_00443,2024-11-29,2024-11-01,Education,Latin America,Mid-market,Basic,51
CUST_00444,2025-09-28,2025-09-01,Finance,Asia-Pacific,SMB,Pro,48
CUST_00445,2025-10-31,2025-10-01,E-commerce,Latin America,SMB,Basic,21
CUST_00446,2024-11-20,2024-11-01,Education,North America,SMB,Basic,9
CUST_00447,2025-03-20,2025-03-01,Technology,Latin America,SMB,Pro,1
CUST_00448,2024-01-08,2024-01-01,Education,Latin America,SMB,Basic,46
CUST_00449,2025-07-12,2025-07-01,Education,Europe,SMB,Basic,40
CUST_00450,2025-06-16,2025-06-01,Finance,Europe,Mid-market,Pro,360
CUST_00451,2025-03-30,2025-03-01,Education,Europe,SMB,Basic,22
CUST_00452,2025-05-06,2025-05-01,Retail,Europe,Enterprise,Enterprise,1610
CUST_00453,2024-09-18,2024-09-01,Finance,Europe,Enterprise,Basic,1229
CUST_00454,2024-10-09,2024-10-01,Retail,Europe,SMB,Basic,45
CUST_00455,2025-02-27,2025-02-01,Education,North America,SMB,Basic,13
CUST_00456,2025-12-01,2025-12-01,E-commerce,Asia-Pacific,SMB,Basic,20
CUST_00457,2025-08-24,2025-08-01,E-commerce,North America,SMB,Basic,41
CUST_00458,2024-12-09,2024-12-01,Finance,North America,SMB,Basic,39
CUST_00459,2024-07-01,2024-07-01,Healthcare,North America,Enterprise,Enterprise,1856
CUST_00460,2024-05-06,2024-05-01,Education,Asia-Pacific,SMB,Basic,8
CUST_00461,2025-03-31,2025-03-01,Finance,North America,Mid-market,Basic,350
CUST_00462,2025-08-24,2025-08-01,Retail,Europe,Enterprise,Enterprise,4241
CUST_00463,2025-03-06,2025-03-01,Technology,North America,SMB,Basic,4
CUST_00464,2025-11-03,2025-11-01,Healthcare,Europe,SMB,Basic,40
CUST_00465,2024-03-24,2024-03-01,Healthcare,North America,Enterprise,Enterprise,4506
CUST_00466,2024-04-14,2024-04-01,Finance,North America,Mid-market,Enterprise,259
CUST_00467,2025-07-16,2025-07-01,Education,North America,Enterprise,Enterprise,3001
CUST_00468,2025-10-28,2025-10-01,Healthcare,Europe,Mid-market,Pro,345
CUST_00469,2024-09-14,2024-09-01,Healthcare,Europe,SMB,Basic,45
CUST_00470,2024-12-22,2024-12-01,Retail,Asia-Pacific,SMB,Basic,38
CUST_00471,2024-10-03,2024-10-01,Healthcare,North America,Mid-market,Pro,122
CUST_00472,2025-09-25,2025-09-01,Healthcare,Europe,SMB,Basic,44
CUST_00473,2024-02-10,2024-02-01,Technology,North America,SMB,Basic,36
CUST_00474,2025-01-14,2025-01-01,Education,Europe,Mid-market,Pro,245
CUST_00475,2025-02-24,2025-02-01,Education,North America,Enterprise,Pro,3773
CUST_00476,2025-03-19,2025-03-01,Healthcare,Europe,SMB,Basic,49
CUST_00477,2025-07-29,2025-07-01,Education,Europe,Mid-market,Pro,370
CUST_00478,2024-01-31,2024-01-01,Finance,North America,Mid-market,Basic,393
CUST_00479,2025-03-18,2025-03-01,Technology,North America,SMB,Basic,43
CUST_00480,2025-03-23,2025-03-01,E-commerce,Asia-Pacific,SMB,Basic,15
CUST_00481,2024-09-01,2024-09-01,Finance,North America,SMB,Pro,37
CUST_00482,2024-02-04,2024-02-01,Education,Europe,Enterprise,Enterprise,1296
CUST_00483,2024-03-17,2024-03-01,Retail,North America,Mid-market,Basic,327
CUST_00484,2024-03-08,2024-03-01,Finance,Europe,Enterprise,Enterprise,2890
CUST_00485,2025-07-07,2025-07-01,Technology,North America,Mid-market,Pro,479
CUST_00486,2025-01-17,2025-01-01,Education,North America,SMB,Enterprise,28
CUST_00487,2024-10-06,2024-10-01,Technology,Europe,Enterprise,Pro,3670
CUST_00488,2024-04-13,2024-04-01,Healthcare,North America,SMB,Pro,21
CUST_00489,2025-06-03,2025-06-01,Education,Latin America,SMB,Basic,27
CUST_00490,2024-04-26,2024-04-01,Education,North America,SMB,Basic,11
CUST_00491,2025-05-01,2025-05-01,Education,Europe,SMB,Pro,12
CUST_00492,2025-08-04,2025-08-01,Education,Europe,SMB,Basic,32
CUST_00493,2025-08-04,2025-08-01,E-commerce,Europe,SMB,Basic,24
CUST_00494,2025-02-10,2025-02-01,Retail,North America,SMB,Basic,17
CUST_00495,2025-11-21,2025-11-01,Education,Asia-Pacific,Enterprise,Enterprise,4322
CUST_00496,2024-12-30,2024-12-01,Education,North America,SMB,Enterprise,17
CUST_00497,2024-05-26,2024-05-01,Finance,Europe,SMB,Basic,46
CUST_00498,2025-12-01,2025-12-01,E-commerce,Asia-Pacific,Enterprise,Basic,4406
CUST_00499,2025-07-19,2025-07-01,Finance,North America,SMB,Basic,2
CUST_00500,2025-11-11,2025-11-01,Retail,Asia-Pacific,SMB,Basic,35
CUST_00501,2024-01-19,2024-01-01,E-commerce,North America,SMB,Enterprise,1
CUST_00502,2024-10-18,2024-10-01,Finance,North America,Mid-market,Pro,185
CUST_00503,2024-07-06,2024-07-01,Education,Asia-Pacific,Mid-market,Pro,240
CUST_00504,2024-04-13,2024-04-01,E-commerce,Europe,SMB,Pro,30
CUST_00505,2024-12-23,2024-12-01,E-commerce,Asia-Pacific,SMB,Basic,45
CUST_00506,2024-10-16,2024-10-01,E-commerce,North America,SMB,Basic,40
CUST_00507,2025-10-18,2025-10-01,E-commerce,North America,SMB,Pro,2
CUST_00508,2025-04-18,2025-04-01,Education,Latin America,SMB,Basic,3
CUST_00509,2024-08-02,2024-08-01,Healthcare,North America,Enterprise,Enterprise,2088
CUST_00510,2024-11-16,2024-11-01,Finance,Europe,SMB,Basic,19
CUST_00511,2024-11-08,2024-11-01,E-commerce,Europe,Mid-market,Basic,103
CUST_00512,2025-07-17,2025-07-01,Technology,Asia-Pacific,Mid-market,Pro,102
CUST_00513,2025-02-11,2025-02-01,Education,North America,SMB,Basic,23
CUST_00514,2025-04-10,2025-04-01,Technology,North America,SMB,Basic,34
CUST_00515,2025-09-30,2025-09-01,Retail,North America,SMB,Pro,29
CUST_00516,2024-06-02,2024-06-01,Retail,North America,Mid-market,Pro,355
CUST_00517,2025-01-24,2025-01-01,Finance,Latin America,SMB,Pro,1
CUST_00518,2025-09-10,2025-09-01,Education,Europe,SMB,Pro,18
CUST_00519,2024-05-20,2024-05-01,Education,Asia-Pacific,SMB,Basic,17
CUST_00520,2025-11-28,2025-11-01,Education,Europe,SMB,Basic,10
CUST_00521,2024-06-23,2024-06-01,Finance,North America,SMB,Pro,24
CUST_00522,2025-06-06,2025-06-01,E-commerce,North America,Enterprise,Enterprise,1816
CUST_00523,2024-04-10,2024-04-01,Retail,Europe,SMB,Basic,48
CUST_00524,2025-10-19,2025-10-01,Retail,North America,Mid-market,Pro,62
CUST_00525,2024-07-28,2024-07-01,Technology,North America,SMB,Basic,9
CUST_00526,2024-06-14,2024-06-01,Retail,Asia-Pacific,SMB,Pro,23
CUST_00527,2024-06-21,2024-06-01,Education,Asia-Pacific,SMB,Basic,28
CUST_00528,2024-11-21,2024-11-01,E-commerce,North America,Mid-market,Pro,405
CUST_00529,2025-06-16,2025-06-01,Retail,Asia-Pacific,SMB,Basic,10
CUST_00530,2025-07-18,2025-07-01,E-commerce,North America,SMB,Pro,38
CUST_00531,2025-02-01,2025-02-01,E-commerce,Europe,SMB,Basic,24
CUST_00532,2025-06-24,2025-06-01,Education,North America,SMB,Enterprise,1
CUST_00533,2024-04-28,2024-04-01,Education,Latin America,Mid-market,Pro,332
CUST_00534,2025-05-16,2025-05-01,E-commerce,North America,SMB,Pro,37
CUST_00535,2024-05-13,2024-05-01,Retail,Asia-Pacific,SMB,Basic,7
CUST_00536,2025-09-29,2025-09-01,Finance,Europe,SMB,Basic,7
CUST_00537,2024-08-15,2024-08-01,Healthcare,Asia-Pacific,Mid-market,Basic,266
CUST_00538,2025-05-18,2025-05-01,Education,Latin America,SMB,Basic,29
CUST_00539,2025-05-03,2025-05-01,Finance,Asia-Pacific,Enterprise,Enterprise,1741
CUST_00540,2025-05-30,2025-05-01,Finance,Europe,Enterprise,Enterprise,1479
CUST_00541,2025-03-09,2025-03-01,E-commerce,North America,Mid-market,Pro,108
CUST_00542,2024-03-30,2024-03-01,Technology,Asia-Pacific,SMB,Basic,45
CUST_00543,2024-12-04,2024-12-01,Education,North America,SMB,Pro,28
CUST_00544,2025-05-05,2025-05-01,E-commerce,North America,Mid-market,Enterprise,237
CUST_00545,2025-07-22,2025-07-01,Technology,Asia-Pacific,Enterprise,Enterprise,2552
CUST_00546,2025-08-18,2025-08-01,E-commerce,Europe,Mid-market,Pro,471
CUST_00547,2024-01-15,2024-01-01,E-commerce,North America,SMB,Pro,38
CUST_00548,2025-07-27,2025-07-01,Technology,North America,Mid-market,Pro,272
CUST_00549,2024-01-03,2024-01-01,Education,Latin America,SMB,Basic,44
CUST_00550,2024-06-09,2024-06-01,Technology,Latin America,SMB,Enterprise,28
CUST_00551,2025-05-06,2025-05-01,Healthcare,Europe,Enterprise,Pro,3243
CUST_00552,2025-11-29,2025-11-01,Healthcare,Europe,Enterprise,Enterprise,1369
CUST_00553,2024-06-02,2024-06-01,Finance,Latin America,SMB,Pro,34
CUST_00554,2024-09-29,2024-09-01,Technology,Latin America,Enterprise,Enterprise,1019
CUST_00555,2024-05-20,2024-05-01,Education,North America,Enterprise,Enterprise,4782
CUST_00556,2025-08-18,2025-08-01,E-commerce,Europe,SMB,Pro,37
CUST_00557,2024-03-14,2024-03-01,Education,North America,Mid-market,Pro,220
CUST_00558,2025-12-28,2025-12-01,Healthcare,North America,Mid-market,Basic,204
CUST_00559,2024-12-14,2024-12-01,Technology,Latin America,SMB,Basic,27
CUST_00560,2025-06-29,2025-06-01,Finance,Europe,Enterprise,Basic,4406
CUST_00561,2025-02-07,2025-02-01,Retail,Europe,Mid-market,Enterprise,395
CUST_00562,2025-12-18,2025-12-01,Finance,Europe,Mid-market,Enterprise,140
CUST_00563,2024-03-22,2024-03-01,Technology,Latin America,Mid-market,Basic,453
CUST_00564,2025-09-19,2025-09-01,Retail,North America,SMB,Pro,1
CUST_00565,2025-02-04,2025-02-01,Retail,Latin America,SMB,Basic,5
CUST_00566,2024-09-12,2024-09-01,Healthcare,North America,SMB,Basic,19
CUST_00567,2024-04-18,2024-04-01,Technology,Latin America,SMB,Pro,21
CUST_00568,2025-04-06,2025-04-01,Technology,North America,Mid-market,Pro,270
CUST_00569,2025-07-06,2025-07-01,E-commerce,North America,SMB,Basic,27
CUST_00570,2024-09-27,2024-09-01,Healthcare,Asia-Pacific,Enterprise,Enterprise,4107
CUST_00571,2025-06-19,2025-06-01,Retail,Europe,Mid-market,Basic,230
CUST_00572,2024-09-04,2024-09-01,E-commerce,Europe,SMB,Pro,41
CUST_00573,2025-05-23,2025-05-01,Finance,Asia-Pacific,SMB,Basic,40
CUST_00574,2025-01-25,2025-01-01,Education,North America,SMB,Basic,22
CUST_00575,2024-02-07,2024-02-01,Retail,Asia-Pacific,Mid-market,Pro,392
CUST_00576,2024-11-01,2024-11-01,Healthcare,North America,Enterprise,Enterprise,3950
CUST_00577,2024-02-16,2024-02-01,E-commerce,North America,Mid-market,Enterprise,198
CUST_00578,2024-09-28,2024-09-01,Technology,North America,SMB,Basic,34
CUST_00579,2024-09-10,2024-09-01,Technology,Europe,SMB,Enterprise,17
CUST_00580,2025-07-13,2025-07-01,Finance,Europe,SMB,Pro,49
CUST_00581,2024-07-09,2024-07-01,Retail,Europe,SMB,Basic,2
CUST_00582,2024-04-13,2024-04-01,E-commerce,Latin America,SMB,Basic,23
CUST_00583,2025-01-12,2025-01-01,Retail,North America,Mid-market,Enterprise,218
CUST_00584,2025-04-21,2025-04-01,Education,Latin America,SMB,Basic,3
CUST_00585,2024-12-02,2024-12-01,Finance,Latin America,Mid-market,Pro,114
CUST_00586,2025-04-18,2025-04-01,Education,North America,SMB,Pro,19
CUST_00587,2024-02-12,2024-02-01,Technology,Europe,Mid-market,Basic,211
CUST_00588,2025-12-01,2025-12-01,Finance,Asia-Pacific,SMB,Basic,33
CUST_00589,2024-06-16,2024-06-01,Healthcare,Europe,SMB,Basic,40
CUST_00590,2025-06-08,2025-06-01,Healthcare,North America,Enterprise,Enterprise,1981
CUST_00591,2024-03-29,2024-03-01,Technology,Latin America,SMB,Basic,37
CUST_00592,2025-06-02,2025-06-01,Technology,Asia-Pacific,SMB,Pro,19
CUST_00593,2024-06-27,2024-06-01,Education,North America,SMB,Basic,12
CUST_00594,2024-05-05,2024-05-01,Education,Europe,SMB,Basic,33
CUST_00595,2025-05-31,2025-05-01,E-commerce,North America,Mid-market,Pro,82
CUST_00596,2024-11-13,2024-11-01,E-commerce,North America,SMB,Basic,2
CUST_00597,2025-07-12,2025-07-01,Education,Asia-Pacific,SMB,Enterprise,15
CUST_00598,2024-08-02,2024-08-01,E-commerce,Europe,SMB,Basic,20
CUST_00599,2024-01-29,2024-01-01,Retail,Latin America,SMB,Pro,26
CUST_00600,2025-07-27,2025-07-01,E-commerce,Europe,SMB,Basic,28
CUST_00601,2024-11-13,2024-11-01,Education,Europe,SMB,Basic,27
CUST_00602,2025-11-19,2025-11-01,Technology,Europe,SMB,Basic,35
CUST_00603,2024-07-26,2024-07-01,E-commerce,Latin America,Mid-market,Pro,476
CUST_00604,2025-03-14,2025-03-01,E-commerce,North America,SMB,Basic,41
CUST_00605,2024-05-27,2024-05-01,Technology,North America,SMB,Basic,34
CUST_00606,2024-05-13,2024-05-01,Retail,Asia-Pacific,SMB,Basic,6
CUST_00607,2025-03-18,2025-03-01,Finance,North America,SMB,Basic,19
CUST_00608,2024-06-02,2024-06-01,Healthcare,Asia-Pacific,SMB,Basic,48
CUST_00609,2024-09-04,2024-09-01,Retail,North America,SMB,Pro,1
CUST_00610,2024-10-27,2024-10-01,Education,Latin America,SMB,Basic,10
CUST_00611,2025-02-23,2025-02-01,E-commerce,Latin America,Mid-market,Pro,194
CUST_00612,2025-01-04,2025-01-01,Education,Asia-Pacific,Mid-market,Basic,176
CUST_00613,2025-02-12,2025-02-01,Finance,Europe,SMB,Basic,27
CUST_00614,2024-09-04,2024-09-01,Retail,North America,SMB,Basic,20
CUST_00615,2025-05-07,2025-05-01,Education,North America,SMB,Basic,33
CUST_00616,2024-12-31,2024-12-01,Healthcare,Europe,SMB,Basic,3
CUST_00617,2024-11-09,2024-11-01,E-commerce,Latin America,SMB,Basic,10
CUST_00618,2024-12-03,2024-12-01,Healthcare,North America,Mid-market,Enterprise,223
CUST_00619,2025-01-21,2025-01-01,Healthcare,Europe,Mid-market,Pro,228
CUST_00620,2025-05-08,2025-05-01,E-commerce,Asia-Pacific,SMB,Pro,39
CUST_00621,2025-01-03,2025-01-01,Finance,Asia-Pacific,Enterprise,Enterprise,3758
CUST_00622,2025-03-20,2025-03-01,E-commerce,Europe,Enterprise,Enterprise,2967
CUST_00623,2025-09-17,2025-09-01,Education,Europe,Mid-market,Enterprise,112
CUST_00624,2025-10-23,2025-10-01,Finance,North America,Mid-market,Pro,305
CUST_00625,2024-05-14,2024-05-01,Education,North America,SMB,Basic,1
CUST_00626,2024-01-03,2024-01-01,Retail,Latin America,SMB,Basic,21
CUST_00627,2025-10-06,2025-10-01,Technology,Latin America,Mid-market,Enterprise,158
CUST_00628,2024-10-29,2024-10-01,Finance,North America,Mid-market,Basic,189
CUST_00629,2025-03-19,2025-03-01,Retail,North America,SMB,Basic,24
CUST_00630,2024-06-01,2024-06-01,Finance,North America,Mid-market,Basic,226
CUST_00631,2024-12-27,2024-12-01,Retail,North America,SMB,Basic,9
CUST_00632,2024-01-06,2024-01-01,E-commerce,Europe,SMB,Basic,5
CUST_00633,2025-03-01,2025-03-01,Healthcare,Europe,Enterprise,Pro,3442
CUST_00634,2025-12-26,2025-12-01,Finance,Asia-Pacific,SMB,Basic,47
CUST_00635,2025-09-15,2025-09-01,Finance,Asia-Pacific,SMB,Basic,6
CUST_00636,2025-09-11,2025-09-01,Retail,North America,SMB,Basic,43
CUST_00637,2025-02-19,2025-02-01,Technology,Europe,Enterprise,Pro,614
CUST_00638,2025-11-04,2025-11-01,E-commerce,North America,SMB,Basic,47
CUST_00639,2024-05-06,2024-05-01,Education,Europe,SMB,Basic,43
CUST_00640,2025-05-23,2025-05-01,Retail,Europe,SMB,Pro,10
CUST_00641,2024-06-23,2024-06-01,Technology,Europe,Mid-market,Basic,295
CUST_00642,2024-04-02,2024-04-01,Retail,Europe,SMB,Basic,29
CUST_00643,2024-10-21,2024-10-01,Finance,North America,SMB,Basic,49
CUST_00644,2025-03-26,2025-03-01,Finance,Asia-Pacific,SMB,Basic,17
CUST_00645,2024-06-19,2024-06-01,Finance,Europe,SMB,Basic,32
CUST_00646,2025-01-14,2025-01-01,Retail,Europe,Enterprise,Enterprise,4404
CUST_00647,2024-04-02,2024-04-01,Healthcare,North America,Mid-market,Enterprise,167
CUST_00648,2024-07-17,2024-07-01,Technology,Europe,SMB,Basic,15
CUST_00649,2024-05-18,2024-05-01,Technology,Latin America,SMB,Basic,48
CUST_00650,2024-07-12,2024-07-01,Education,North America,SMB,Pro,40
CUST_00651,2024-10-18,2024-10-01,Retail,North America,Mid-market,Pro,371
CUST_00652,2024-11-28,2024-11-01,Finance,Europe,Mid-market,Pro,270
CUST_00653,2024-11-18,2024-11-01,Healthcare,Asia-Pacific,SMB,Basic,4
CUST_00654,2025-05-21,2025-05-01,Healthcare,Latin America,SMB,Basic,30
CUST_00655,2024-08-22,2024-08-01,Retail,North America,Mid-market,Enterprise,173
CUST_00656,2025-04-26,2025-04-01,Retail,Europe,Mid-market,Pro,250
CUST_00657,2024-09-06,2024-09-01,E-commerce,Asia-Pacific,SMB,Basic,17
CUST_00658,2024-12-20,2024-12-01,Finance,North America,Mid-market,Pro,141
CUST_00659,2024-09-21,2024-09-01,Technology,Latin America,SMB,Basic,23
CUST_00660,2025-07-29,2025-07-01,Finance,Europe,Mid-market,Enterprise,475
CUST_00661,2025-11-12,2025-11-01,Healthcare,North America,SMB,Pro,45
CUST_00662,2025-01-20,2025-01-01,Education,Asia-Pacific,SMB,Pro,16
CUST_00663,2025-08-15,2025-08-01,Healthcare,Asia-Pacific,SMB,Basic,18
CUST_00664,2024-11-13,2024-11-01,E-commerce,Europe,Mid-market,Basic,244
CUST_00665,2025-11-08,2025-11-01,E-commerce,North America,Mid-market,Basic,205
CUST_00666,2025-01-12,2025-01-01,E-commerce,North America,SMB,Basic,15
CUST_00667,2024-07-25,2024-07-01,E-commerce,Asia-Pacific,Mid-market,Pro,406
CUST_00668,2024-12-05,2024-12-01,Retail,Europe,SMB,Basic,22
CUST_00669,2024-03-10,2024-03-01,Finance,Europe,SMB,Pro,46
CUST_00670,2025-11-20,2025-11-01,E-commerce,Latin America,Mid-market,Pro,281
CUST_00671,2025-03-30,2025-03-01,Technology,Asia-Pacific,Enterprise,Enterprise,1705
CUST_00672,2025-07-03,2025-07-01,Healthcare,Latin America,SMB,Enterprise,27
CUST_00673,2025-04-24,2025-04-01,Healthcare,North America,Mid-market,Basic,192
CUST_00674,2025-02-03,2025-02-01,Education,Latin America,SMB,Basic,21
CUST_00675,2025-05-13,2025-05-01,Education,Asia-Pacific,SMB,Basic,35
CUST_00676,2025-08-20,2025-08-01,Technology,Asia-Pacific,SMB,Pro,36
CUST_00677,2025-11-25,2025-11-01,Healthcare,Latin America,Mid-market,Pro,246
CUST_00678,2024-05-04,2024-05-01,Finance,Europe,SMB,Basic,19
CUST_00679,2025-11-13,2025-11-01,Retail,North America,Mid-market,Basic,260
CUST_00680,2025-10-12,2025-10-01,Finance,Europe,Enterprise,Pro,4134
CUST_00681,2025-10-22,2025-10-01,Retail,Europe,Enterprise,Enterprise,1537
CUST_00682,2025-12-15,2025-12-01,Healthcare,Asia-Pacific,Enterprise,Enterprise,1598
CUST_00683,2024-10-03,2024-10-01,Healthcare,Asia-Pacific,Mid-market,Basic,231
CUST_00684,2025-04-02,2025-04-01,Education,Europe,SMB,Pro,40
CUST_00685,2025-02-09,2025-02-01,Finance,Latin America,SMB,Basic,20
CUST_00686,2025-03-09,2025-03-01,Healthcare,Europe,Mid-market,Pro,345
CUST_00687,2024-04-27,2024-04-01,Education,Europe,Mid-market,Enterprise,143
CUST_00688,2024-01-13,2024-01-01,E-commerce,Europe,SMB,Basic,26
CUST_00689,2025-08-09,2025-08-01,E-commerce,Asia-Pacific,SMB,Basic,29
CUST_00690,2024-10-22,2024-10-01,Education,Latin America,SMB,Pro,16
CUST_00691,2025-06-02,2025-06-01,Healthcare,Asia-Pacific,SMB,Enterprise,24
CUST_00692,2024-09-12,2024-09-01,Education,North America,Mid-market,Enterprise,288
CUST_00693,2024-08-10,2024-08-01,Finance,North America,Enterprise,Enterprise,4356
CUST_00694,2024-03-04,2024-03-01,E-commerce,North America,Enterprise,Pro,1594
CUST_00695,2024-12-29,2024-12-01,Technology,North America,SMB,Basic,10
CUST_00696,2025-07-17,2025-07-01,Finance,Asia-Pacific,SMB,Basic,40
CUST_00697,2025-08-06,2025-08-01,Healthcare,North America,SMB,Basic,8
CUST_00698,2024-04-02,2024-04-01,Education,North America,SMB,Basic,13
CUST_00699,2024-02-05,2024-02-01,Technology,North America,SMB,Pro,24
CUST_00700,2025-01-10,2025-01-01,Healthcare,Europe,SMB,Basic,32
CUST_00701,2024-07-08,2024-07-01,E-commerce,North America,SMB,Basic,44
CUST_00702,2024-04-21,2024-04-01,Retail,Europe,SMB,Pro,31
CUST_00703,2025-05-04,2025-05-01,Technology,Europe,Mid-market,Basic,446
CUST_00704,2024-03-29,2024-03-01,Retail,Latin America,SMB,Basic,15
CUST_00705,2025-05-17,2025-05-01,Retail,Latin America,Mid-market,Enterprise,267
CUST_00706,2024-03-22,2024-03-01,Education,Europe,SMB,Basic,19
CUST_00707,2025-03-19,2025-03-01,Technology,North America,SMB,Pro,39
CUST_00708,2025-12-08,2025-12-01,Finance,Latin America,SMB,Basic,49
CUST_00709,2024-08-16,2024-08-01,Education,Europe,SMB,Pro,31
CUST_00710,2024-11-05,2024-11-01,Retail,Asia-Pacific,SMB,Basic,38
CUST_00711,2024-07-09,2024-07-01,E-commerce,Latin America,SMB,Basic,3
CUST_00712,2024-08-24,2024-08-01,Finance,Europe,SMB,Pro,8
CUST_00713,2024-07-03,2024-07-01,Technology,North America,Mid-market,Basic,236
CUST_00714,2024-03-16,2024-03-01,Finance,North America,SMB,Pro,25
CUST_00715,2024-05-06,2024-05-01,Technology,Europe,SMB,Basic,22
CUST_00716,2025-01-22,2025-01-01,Technology,North America,SMB,Pro,13
CUST_00717,2024-12-02,2024-12-01,Finance,North America,SMB,Basic,8
CUST_00718,2024-04-18,2024-04-01,Healthcare,North America,Enterprise,Enterprise,3246
CUST_00719,2024-08-16,2024-08-01,Technology,Asia-Pacific,SMB,Pro,17
CUST_00720,2024-10-12,2024-10-01,Finance,Asia-Pacific,Enterprise,Enterprise,3909
CUST_00721,2024-06-19,2024-06-01,Retail,Europe,SMB,Basic,15
CUST_00722,2024-07-19,2024-07-01,Finance,North America,SMB,Pro,30
CUST_00723,2025-02-20,2025-02-01,Retail,Asia-Pacific,Enterprise,Enterprise,4291
CUST_00724,2024-09-21,2024-09-01,Finance,North America,SMB,Basic,8
CUST_00725,2024-03-12,2024-03-01,Healthcare,Asia-Pacific,Enterprise,Enterprise,1382
CUST_00726,2024-05-18,2024-05-01,Retail,North America,SMB,Basic,29
CUST_00727,2025-12-25,2025-12-01,E-commerce,North America,SMB,Pro,38
CUST_00728,2025-05-07,2025-05-01,Retail,North America,Mid-market,Pro,420
CUST_00729,2024-05-18,2024-05-01,Technology,Asia-Pacific,SMB,Basic,19
CUST_00730,2025-10-29,2025-10-01,E-commerce,North America,SMB,Basic,38
CUST_00731,2024-04-28,2024-04-01,E-commerce,North America,SMB,Basic,43
CUST_00732,2025-11-06,2025-11-01,Retail,Asia-Pacific,Enterprise,Basic,3247
CUST_00733,2025-05-08,2025-05-01,E-commerce,North America,Mid-market,Basic,333
CUST_00734,2024-07-28,2024-07-01,Education,North America,Enterprise,Enterprise,4505
CUST_00735,2025-05-06,2025-05-01,Education,North America,SMB,Basic,14
CUST_00736,2025-06-20,2025-06-01,E-commerce,North America,Enterprise,Pro,1596
CUST_00737,2024-10-08,2024-10-01,Healthcare,Latin America,Mid-market,Basic,54
CUST_00738,2024-07-13,2024-07-01,Healthcare,North America,Mid-market,Basic,230
CUST_00739,2025-07-09,2025-07-01,Technology,Latin America,SMB,Basic,23
CUST_00740,2024-05-11,2024-05-01,Retail,Europe,SMB,Basic,2
CUST_00741,2025-10-31,2025-10-01,Education,Asia-Pacific,Enterprise,Enterprise,4297
CUST_00742,2025-04-13,2025-04-01,E-commerce,Asia-Pacific,Mid-market,Pro,299
CUST_00743,2024-10-28,2024-10-01,Technology,Europe,Mid-market,Pro,162
CUST_00744,2024-04-21,2024-04-01,Healthcare,Latin America,SMB,Basic,28
CUST_00745,2025-12-26,2025-12-01,Technology,Europe,SMB,Basic,49
CUST_00746,2025-12-12,2025-12-01,Finance,North America,Mid-market,Enterprise,230
CUST_00747,2024-11-06,2024-11-01,E-commerce,North America,SMB,Basic,9
CUST_00748,2025-07-24,2025-07-01,Education,Europe,SMB,Pro,11
CUST_00749,2024-04-17,2024-04-01,Healthcare,Asia-Pacific,SMB,Basic,28
CUST_00750,2025-08-28,2025-08-01,Finance,North America,SMB,Enterprise,34
CUST_00751,2024-09-03,2024-09-01,Retail,Europe,SMB,Basic,40
CUST_00752,2025-09-04,2025-09-01,Technology,North America,Mid-market,Basic,454
CUST_00753,2024-11-30,2024-11-01,Finance,Asia-Pacific,Mid-market,Pro,239
CUST_00754,2025-11-17,2025-11-01,Finance,North America,SMB,Basic,17
CUST_00755,2025-05-10,2025-05-01,E-commerce,North America,SMB,Pro,8
CUST_00756,2025-03-20,2025-03-01,Finance,Europe,SMB,Pro,35
CUST_00757,2024-02-29,2024-02-01,Retail,Europe,SMB,Pro,34
CUST_00758,2024-01-26,2024-01-01,E-commerce,North America,Enterprise,Pro,1911
CUST_00759,2024-09-05,2024-09-01,Education,North America,Mid-market,Basic,68
CUST_00760,2025-07-28,2025-07-01,Retail,Europe,Enterprise,Enterprise,2439
CUST_00761,2025-09-03,2025-09-01,Education,Asia-Pacific,Mid-market,Enterprise,366
CUST_00762,2025-01-15,2025-01-01,Retail,Europe,SMB,Basic,36
CUST_00763,2024-05-20,2024-05-01,Finance,North America,SMB,Basic,47
CUST_00764,2024-07-05,2024-07-01,Education,Europe,SMB,Pro,28
CUST_00765,2024-08-24,2024-08-01,Healthcare,North America,Mid-market,Basic,94
CUST_00766,2025-08-05,2025-08-01,Technology,North America,Enterprise,Enterprise,4566
CUST_00767,2025-04-02,2025-04-01,Finance,Europe,SMB,Basic,34
CUST_00768,2024-06-19,2024-06-01,E-commerce,Europe,Enterprise,Enterprise,2157
CUST_00769,2025-05-08,2025-05-01,E-commerce,North America,SMB,Pro,18
CUST_00770,2025-02-27,2025-02-01,Technology,Europe,SMB,Basic,48
CUST_00771,2025-01-10,2025-01-01,Healthcare,Asia-Pacific,SMB,Basic,32
CUST_00772,2025-01-22,2025-01-01,Healthcare,North America,SMB,Basic,22
CUST_00773,2025-05-18,2025-05-01,Education,North America,Mid-market,Enterprise,296
CUST_00774,2025-05-29,2025-05-01,E-commerce,Asia-Pacific,Enterprise,Pro,1340
CUST_00775,2025-12-14,2025-12-01,Education,Europe,Mid-market,Basic,79
CUST_00776,2024-10-07,2024-10-01,Retail,Asia-Pacific,SMB,Basic,42
CUST_00777,2025-05-08,2025-05-01,Retail,North America,SMB,Basic,35
CUST_00778,2024-04-25,2024-04-01,Healthcare,North America,SMB,Basic,21
CUST_00779,2024-08-01,2024-08-01,E-commerce,Latin America,Enterprise,Pro,1477
CUST_00780,2024-02-23,2024-02-01,Healthcare,North America,SMB,Basic,26
CUST_00781,2025-10-17,2025-10-01,Technology,Europe,SMB,Pro,13
CUST_00782,2025-10-03,2025-10-01,E-commerce,North America,SMB,Basic,12
CUST_00783,2024-05-20,2024-05-01,Finance,North America,Mid-market,Enterprise,341
CUST_00784,2025-06-03,2025-06-01,Education,North America,Enterprise,Basic,4671
CUST_00785,2025-09-04,2025-09-01,Technology,Asia-Pacific,SMB,Basic,37
CUST_00786,2024-07-13,2024-07-01,Education,North America,SMB,Basic,42
CUST_00787,2024-01-21,2024-01-01,Education,Europe,Mid-market,Pro,330
CUST_00788,2024-06-12,2024-06-01,Technology,North America,SMB,Basic,36
CUST_00789,2024-01-30,2024-01-01,Finance,North America,SMB,Basic,29
CUST_00790,2025-06-17,2025-06-01,Retail,North America,SMB,Basic,19
CUST_00791,2025-07-03,2025-07-01,Retail,North America,SMB,Basic,32
CUST_00792,2025-01-22,2025-01-01,E-commerce,Europe,SMB,Basic,22
CUST_00793,2024-10-26,2024-10-01,Technology,Europe,SMB,Enterprise,4
CUST_00794,2024-05-26,2024-05-01,Healthcare,Europe,SMB,Basic,31
CUST_00795,2024-12-04,2024-12-01,Healthcare,Europe,Enterprise,Enterprise,629
CUST_00796,2024-07-12,2024-07-01,E-commerce,North America,SMB,Basic,31
CUST_00797,2024-04-16,2024-04-01,Finance,Asia-Pacific,SMB,Basic,26
CUST_00798,2024-11-01,2024-11-01,Healthcare,Latin America,SMB,Basic,1
CUST_00799,2025-07-12,2025-07-01,Technology,Europe,SMB,Pro,4
CUST_00800,2024-04-17,2024-04-01,Technology,Asia-Pacific,SMB,Basic,45
CUST_00801,2024-07-13,2024-07-01,Retail,Latin America,SMB,Basic,49
CUST_00802,2025-10-17,2025-10-01,Education,North America,SMB,Basic,25
CUST_00803,2024-04-05,2024-04-01,Retail,Europe,SMB,Basic,41
CUST_00804,2025-01-08,2025-01-01,Finance,Europe,SMB,Basic,20
CUST_00805,2024-12-28,2024-12-01,Technology,Europe,SMB,Enterprise,12
CUST_00806,2025-02-27,2025-02-01,Technology,North America,SMB,Basic,34
CUST_00807,2025-11-18,2025-11-01,Retail,Asia-Pacific,SMB,Basic,36
CUST_00808,2025-02-11,2025-02-01,Retail,Latin America,SMB,Basic,29
CUST_00809,2025-06-10,2025-06-01,Finance,North America,Enterprise,Enterprise,3464
CUST_00810,2025-09-13,2025-09-01,E-commerce,Asia-Pacific,SMB,Basic,12
CUST_00811,2024-05-29,2024-05-01,Education,Asia-Pacific,SMB,Pro,16
CUST_00812,2024-12-21,2024-12-01,Finance,Asia-Pacific,Mid-market,Basic,67
CUST_00813,2024-10-20,2024-10-01,Healthcare,North America,SMB,Basic,5
CUST_00814,2025-03-27,2025-03-01,E-commerce,Asia-Pacific,SMB,Basic,16
CUST_00815,2024-12-02,2024-12-01,E-commerce,North America,Mid-market,Pro,93
CUST_00816,2025-02-04,2025-02-01,Technology,North America,Mid-market,Enterprise,332
CUST_00817,2025-01-06,2025-01-01,E-commerce,North America,Mid-market,Basic,402
CUST_00818,2024-09-01,2024-09-01,Healthcare,North America,Mid-market,Pro,239
CUST_00819,2024-09-07,2024-09-01,Finance,North America,Mid-market,Enterprise,458
CUST_00820,2025-08-29,2025-08-01,Education,North America,SMB,Basic,8
CUST_00821,2024-09-03,2024-09-01,Healthcare,Asia-Pacific,SMB,Basic,24
CUST_00822,2024-02-23,2024-02-01,E-commerce,Europe,Enterprise,Enterprise,4466
CUST_00823,2024-02-27,2024-02-01,Technology,Asia-Pacific,SMB,Basic,6
CUST_00824,2024-01-08,2024-01-01,Healthcare,Asia-Pacific,SMB,Basic,5
CUST_00825,2025-04-19,2025-04-01,Education,Asia-Pacific,SMB,Basic,4
CUST_00826,2024-08-30,2024-08-01,Finance,Asia-Pacific,SMB,Pro,13
CUST_00827,2024-07-06,2024-07-01,Finance,Asia-Pacific,Mid-market,Basic,92
CUST_00828,2024-07-29,2024-07-01,Technology,North America,SMB,Basic,26
CUST_00829,2024-10-25,2024-10-01,Healthcare,Asia-Pacific,SMB,Pro,12
CUST_00830,2024-07-25,2024-07-01,Technology,North America,SMB,Basic,11
CUST_00831,2025-09-01,2025-09-01,E-commerce,Europe,SMB,Basic,49
CUST_00832,2024-08-07,2024-08-01,Healthcare,North America,Enterprise,Enterprise,2466
CUST_00833,2025-01-10,2025-01-01,Education,North America,SMB,Pro,26
CUST_00834,2025-10-13,2025-10-01,E-commerce,Asia-Pacific,SMB,Pro,16
CUST_00835,2024-09-25,2024-09-01,Retail,Latin America,Mid-market,Pro,309
CUST_00836,2024-03-15,2024-03-01,Technology,Europe,Enterprise,Enterprise,2976
CUST_00837,2025-05-12,2025-05-01,Technology,Asia-Pacific,SMB,Enterprise,29
CUST_00838,2025-04-11,2025-04-01,Healthcare,Asia-Pacific,SMB,Basic,17
CUST_00839,2025-12-20,2025-12-01,Finance,North America,SMB,Pro,25
CUST_00840,2024-12-23,2024-12-01,E-commerce,Europe,SMB,Basic,38
CUST_00841,2024-11-15,2024-11-01,E-commerce,North America,Mid-market,Enterprise,218
CUST_00842,2024-11-25,2024-11-01,Finance,North America,SMB,Basic,27
CUST_00843,2025-11-03,2025-11-01,Technology,North America,SMB,Basic,4
CUST_00844,2025-03-02,2025-03-01,E-commerce,North America,Mid-market,Basic,238
CUST_00845,2024-10-17,2024-10-01,Education,Europe,SMB,Basic,43
CUST_00846,2024-10-09,2024-10-01,Education,North America,SMB,Basic,16
CUST_00847,2024-12-20,2024-12-01,Education,Europe,SMB,Basic,39
CUST_00848,2024-10-30,2024-10-01,Retail,Asia-Pacific,SMB,Basic,30
CUST_00849,2024-10-04,2024-10-01,E-commerce,North America,SMB,Basic,26
CUST_00850,2025-11-23,2025-11-01,Technology,Latin America,SMB,Basic,26
CUST_00851,2025-01-24,2025-01-01,E-commerce,Europe,Mid-market,Basic,451
CUST_00852,2025-08-29,2025-08-01,Technology,Europe,Enterprise,Basic,2047
CUST_00853,2025-09-21,2025-09-01,E-commerce,North America,Mid-market,Basic,296
CUST_00854,2025-06-24,2025-06-01,Technology,Europe,SMB,Basic,44
CUST_00855,2024-09-30,2024-09-01,Education,Asia-Pacific,SMB,Pro,33
CUST_00856,2024-12-29,2024-12-01,Education,North America,SMB,Pro,4
CUST_00857,2024-04-07,2024-04-01,Education,Latin America,Mid-market,Pro,475
CUST_00858,2024-01-25,2024-01-01,Healthcare,Latin America,SMB,Basic,14
CUST_00859,2025-11-09,2025-11-01,Retail,Europe,Mid-market,Basic,478
CUST_00860,2025-10-23,2025-10-01,Technology,North America,SMB,Basic,10
CUST_00861,2024-09-07,2024-09-01,Finance,North America,Mid-market,Basic,436
CUST_00862,2024-12-04,2024-12-01,Healthcare,North America,Mid-market,Basic,160
CUST_00863,2024-10-20,2024-10-01,Technology,North America,SMB,Basic,4
CUST_00864,2025-11-21,2025-11-01,Finance,Latin America,SMB,Basic,9
CUST_00865,2024-11-29,2024-11-01,E-commerce,Asia-Pacific,Enterprise,Basic,2313
CUST_00866,2025-02-11,2025-02-01,Technology,Latin America,SMB,Basic,46
CUST_00867,2025-12-12,2025-12-01,Education,Latin America,SMB,Basic,26
CUST_00868,2025-05-08,2025-05-01,Retail,North America,SMB,Basic,6
CUST_00869,2025-03-02,2025-03-01,Healthcare,Europe,SMB,Pro,18
CUST_00870,2024-11-10,2024-11-01,Healthcare,North America,SMB,Basic,32
CUST_00871,2024-04-20,2024-04-01,Education,North America,SMB,Basic,46
CUST_00872,2024-09-05,2024-09-01,E-commerce,Asia-Pacific,SMB,Enterprise,48
CUST_00873,2025-05-01,2025-05-01,Retail,North America,SMB,Basic,18
CUST_00874,2025-01-01,2025-01-01,Finance,Europe,SMB,Basic,12
CUST_00875,2025-05-09,2025-05-01,Healthcare,Asia-Pacific,SMB,Basic,39
CUST_00876,2024-11-04,2024-11-01,Finance,North America,Mid-market,Enterprise,282
CUST_00877,2025-12-05,2025-12-01,E-commerce,North America,SMB,Enterprise,12
CUST_00878,2025-03-14,2025-03-01,Retail,Asia-Pacific,SMB,Pro,49
CUST_00879,2024-02-06,2024-02-01,Healthcare,Europe,Mid-market,Basic,343
CUST_00880,2025-09-29,2025-09-01,Education,Asia-Pacific,SMB,Enterprise,45
CUST_00881,2025-07-11,2025-07-01,E-commerce,Latin America,SMB,Pro,40
CUST_00882,2024-03-25,2024-03-01,Healthcare,Asia-Pacific,Enterprise,Pro,1875
CUST_00883,2024-06-06,2024-06-01,Retail,Asia-Pacific,Enterprise,Pro,2382
CUST_00884,2025-04-10,2025-04-01,Healthcare,North America,SMB,Pro,48
CUST_00885,2024-12-05,2024-12-01,Finance,Europe,Mid-market,Basic,336
CUST_00886,2025-06-16,2025-06-01,Finance,Europe,Mid-market,Pro,197
CUST_00887,2024-04-10,2024-04-01,Education,Europe,Enterprise,Basic,4653
CUST_00888,2025-05-12,2025-05-01,Finance,Asia-Pacific,SMB,Pro,45
CUST_00889,2024-03-15,2024-03-01,Finance,Europe,SMB,Pro,24
CUST_00890,2025-06-14,2025-06-01,Finance,North America,Mid-market,Pro,84
CUST_00891,2025-12-02,2025-12-01,Retail,Latin America,Mid-market,Basic,394
CUST_00892,2024-08-08,2024-08-01,E-commerce,Latin America,Mid-market,Pro,178
CUST_00893,2024-02-11,2024-02-01,Education,Asia-Pacific,SMB,Basic,18
CUST_00894,2025-06-29,2025-06-01,Finance,Europe,SMB,Basic,32
CUST_00895,2024-02-17,2024-02-01,Technology,Europe,SMB,Pro,18
CUST_00896,2025-08-22,2025-08-01,Education,Europe,SMB,Pro,9
CUST_00897,2025-09-12,2025-09-01,Healthcare,Europe,Mid-market,Enterprise,118
CUST_00898,2024-09-03,2024-09-01,Technology,Asia-Pacific,Mid-market,Enterprise,309
CUST_00899,2025-09-12,2025-09-01,Healthcare,North America,Mid-market,Basic,415
CUST_00900,2025-06-04,2025-06-01,Finance,North America,SMB,Basic,13
CUST_00901,2024-06-12,2024-06-01,Technology,Latin America,SMB,Basic,9
CUST_00902,2024-11-03,2024-11-01,Education,North America,SMB,Basic,40
CUST_00903,2025-05-01,2025-05-01,Technology,Asia-Pacific,SMB,Basic,31
CUST_00904,2024-03-29,2024-03-01,Retail,North America,SMB,Basic,25
CUST_00905,2024-01-13,2024-01-01,E-commerce,North America,SMB,Basic,35
CUST_00906,2025-08-16,2025-08-01,Finance,North America,SMB,Basic,19
CUST_00907,2025-01-01,2025-01-01,Retail,North America,Enterprise,Enterprise,4812
CUST_00908,2025-05-06,2025-05-01,Retail,Asia-Pacific,Enterprise,Enterprise,2852
CUST_00909,2024-05-23,2024-05-01,Technology,North America,SMB,Basic,19
CUST_00910,2025-07-07,2025-07-01,Healthcare,Asia-Pacific,SMB,Pro,36
CUST_00911,2025-06-01,2025-06-01,Finance,North America,Mid-market,Enterprise,488
CUST_00912,2025-11-16,2025-11-01,Healthcare,North America,Mid-market,Pro,333
CUST_00913,2024-03-15,2024-03-01,Technology,North America,Enterprise,Pro,1707
CUST_00914,2024-08-09,2024-08-01,E-commerce,Latin America,Enterprise,Enterprise,2144
CUST_00915,2025-10-30,2025-10-01,Education,Europe,Mid-market,Pro,436
CUST_00916,2024-08-24,2024-08-01,Healthcare,North America,SMB,Pro,7
CUST_00917,2024-06-20,2024-06-01,Technology,Europe,SMB,Pro,36
CUST_00918,2024-06-13,2024-06-01,Healthcare,Asia-Pacific,SMB,Basic,48
CUST_00919,2024-08-11,2024-08-01,Healthcare,Asia-Pacific,Enterprise,Enterprise,946
CUST_00920,2025-01-02,2025-01-01,Retail,North America,Mid-market,Pro,165
CUST_00921,2025-10-24,2025-10-01,Technology,North America,Mid-market,Basic,119
CUST_00922,2024-01-27,2024-01-01,Healthcare,Europe,Mid-market,Pro,410
CUST_00923,2025-05-02,2025-05-01,E-commerce,Latin America,SMB,Basic,13
CUST_00924,2024-01-01,2024-01-01,E-commerce,North America,SMB,Basic,34
CUST_00925,2024-03-22,2024-03-01,Finance,Europe,SMB,Pro,14
CUST_00926,2025-01-26,2025-01-01,Finance,Asia-Pacific,SMB,Basic,30
CUST_00927,2024-04-02,2024-04-01,E-commerce,North America,SMB,Basic,16
CUST_00928,2024-11-01,2024-11-01,Retail,North America,Mid-market,Pro,179
CUST_00929,2024-05-11,2024-05-01,E-commerce,North America,SMB,Basic,25
CUST_00930,2024-11-20,2024-11-01,Healthcare,North America,SMB,Basic,40
CUST_00931,2025-12-13,2025-12-01,Retail,Europe,SMB,Basic,22
CUST_00932,2025-12-26,2025-12-01,E-commerce,Asia-Pacific,Mid-market,Basic,146
CUST_00933,2025-06-13,2025-06-01,Retail,North America,Mid-market,Basic,309
CUST_00934,2024-05-04,2024-05-01,Retail,Asia-Pacific,SMB,Basic,41
CUST_00935,2025-03-14,2025-03-01,Technology,North America,SMB,Enterprise,42
CUST_00936,2025-04-16,2025-04-01,Technology,Europe,SMB,Basic,49
CUST_00937,2024-08-16,2024-08-01,Retail,Latin America,Mid-market,Enterprise,456
CUST_00938,2024-06-30,2024-06-01,Technology,North America,SMB,Pro,7
CUST_00939,2024-09-04,2024-09-01,E-commerce,North America,SMB,Basic,1
CUST_00940,2024-03-08,2024-03-01,Healthcare,North America,Enterprise,Enterprise,3021
CUST_00941,2025-06-04,2025-06-01,Healthcare,North America,SMB,Basic,6
CUST_00942,2024-05-07,2024-05-01,Retail,Latin America,Enterprise,Basic,3940
CUST_00943,2025-06-19,2025-06-01,E-commerce,Europe,SMB,Basic,35
CUST_00944,2025-07-27,2025-07-01,Education,Asia-Pacific,SMB,Pro,41
CUST_00945,2025-07-07,2025-07-01,Technology,North America,SMB,Enterprise,17
CUST_00946,2024-10-20,2024-10-01,E-commerce,Latin America,SMB,Basic,3
CUST_00947,2025-07-21,2025-07-01,Technology,Latin America,SMB,Basic,1
CUST_00948,2025-04-21,2025-04-01,Retail,North America,SMB,Basic,16
CUST_00949,2025-05-06,2025-05-01,Technology,Europe,SMB,Basic,1
CUST_00950,2025-09-03,2025-09-01,Retail,Asia-Pacific,Enterprise,Enterprise,3962
CUST_00951,2025-11-23,2025-11-01,E-commerce,Latin America,SMB,Basic,14
CUST_00952,2025-08-12,2025-08-01,Technology,North America,SMB,Basic,17
CUST_00953,2025-04-29,2025-04-01,Retail,Europe,Mid-market,Pro,487
CUST_00954,2025-05-15,2025-05-01,E-commerce,Europe,SMB,Pro,23
CUST_00955,2025-06-18,2025-06-01,Education,Latin America,SMB,Enterprise,33
CUST_00956,2025-07-01,2025-07-01,Retail,Asia-Pacific,SMB,Basic,2
CUST_00957,2025-07-20,2025-07-01,E-commerce,North America,Mid-market,Pro,383
CUST_00958,2024-06-02,2024-06-01,Finance,North America,Mid-market,Pro,218
CUST_00959,2025-11-11,2025-11-01,Technology,Latin America,Enterprise,Enterprise,1116
CUST_00960,2024-01-01,2024-01-01,E-commerce,North America,SMB,Basic,7
CUST_00961,2024-03-30,2024-03-01,E-commerce,North America,SMB,Pro,33
CUST_00962,2024-03-14,2024-03-01,Healthcare,Europe,Enterprise,Enterprise,4651
CUST_00963,2025-12-20,2025-12-01,Healthcare,Asia-Pacific,Mid-market,Pro,369
CUST_00964,2025-05-08,2025-05-01,Education,Europe,SMB,Basic,13
CUST_00965,2024-09-27,2024-09-01,Technology,North America,SMB,Basic,10
CUST_00966,2025-06-20,2025-06-01,E-commerce,North America,Mid-market,Basic,393
CUST_00967,2025-02-27,2025-02-01,Finance,Asia-Pacific,SMB,Basic,32
CUST_00968,2024-11-13,2024-11-01,Retail,North America,Mid-market,Basic,417
CUST_00969,2024-04-03,2024-04-01,Finance,Europe,SMB,Pro,29
CUST_00970,2024-05-31,2024-05-01,Technology,North America,SMB,Pro,37
CUST_00971,2025-07-10,2025-07-01,Retail,North America,SMB,Basic,4
CUST_00972,2024-12-03,2024-12-01,Healthcare,North America,SMB,Basic,13
CUST_00973,2024-03-19,2024-03-01,Healthcare,North America,SMB,Basic,26
CUST_00974,2025-12-29,2025-12-01,Retail,Europe,Mid-market,Basic,230
CUST_00975,2024-05-10,2024-05-01,Retail,North America,SMB,Pro,12
CUST_00976,2024-06-25,2024-06-01,Retail,Asia-Pacific,SMB,Pro,35
CUST_00977,2025-12-12,2025-12-01,E-commerce,Asia-Pacific,Mid-market,Enterprise,449
CUST_00978,2025-02-11,2025-02-01,Retail,North America,Mid-market,Pro,167
CUST_00979,2025-04-08,2025-04-01,Education,Europe,SMB,Basic,20
CUST_00980,2024-12-01,2024-12-01,Technology,North America,Mid-market,Basic,248
CUST_00981,2024-06-09,2024-06-01,Healthcare,Latin America,Mid-market,Pro,302
CUST_00982,2025-04-03,2025-04-01,Retail,Latin America,Mid-market,Enterprise,93
CUST_00983,2025-08-12,2025-08-01,Technology,Europe,SMB,Basic,48
CUST_00984,2025-07-31,2025-07-01,Finance,Asia-Pacific,SMB,Basic,48
CUST_00985,2025-01-14,2025-01-01,E-commerce,Europe,Mid-market,Enterprise,317
CUST_00986,2024-11-17,2024-11-01,Healthcare,North America,Enterprise,Enterprise,2032
CUST_00987,2024-08-25,2024-08-01,E-commerce,North America,SMB,Pro,30
CUST_00988,2025-01-07,2025-01-01,Healthcare,North America,SMB,Basic,27
CUST_00989,2025-07-18,2025-07-01,Healthcare,Asia-Pacific,SMB,Pro,15
CUST_00990,2024-07-10,2024-07-01,Finance,Europe,Mid-market,Pro,320
CUST_00991,2025-01-21,2025-01-01,Finance,Asia-Pacific,SMB,Basic,11
CUST_00992,2025-02-25,2025-02-01,Healthcare,North America,Enterprise,Enterprise,3325
CUST_00993,2025-10-13,2025-10-01,Technology,North America,SMB,Basic,17
CUST_00994,2025-10-18,2025-10-01,Retail,Europe,Mid-market,Enterprise,53
CUST_00995,2025-01-31,2025-01-01,Retail,Latin America,Mid-market,Pro,246
CUST_00996,2024-01-19,2024-01-01,Technology,North America,Enterprise,Enterprise,2854
CUST_00997,2024-09-23,2024-09-01,Retail,Europe,Mid-market,Pro,299
CUST_00998,2025-10-12,2025-10-01,Finance,Asia-Pacific,SMB,Pro,8
CUST_00999,2025-04-21,2025-04-01,E-commerce,Asia-Pacific,SMB,Basic,22
CUST_01000,2025-10-22,2025-10-01,Education,Latin America,SMB,Basic,7
CUST_01001,2024-05-08,2024-05-01,Finance,Europe,Mid-market,Enterprise,93
CUST_01002,2025-01-09,2025-01-01,Healthcare,Asia-Pacific,SMB,Basic,24
CUST_01003,2025-07-16,2025-07-01,E-commerce,Europe,SMB,Enterprise,39
CUST_01004,2025-03-18,2025-03-01,Education,Asia-Pacific,Mid-market,Pro,353
CUST_01005,2024-10-24,2024-10-01,Education,North America,SMB,Basic,42
CUST_01006,2024-01-25,2024-01-01,Education,Europe,SMB,Basic,23
CUST_01007,2025-04-21,2025-04-01,Retail,Asia-Pacific,Mid-market,Pro,67
CUST_01008,2025-11-17,2025-11-01,Healthcare,Latin America,SMB,Basic,18
CUST_01009,2025-09-13,2025-09-01,E-commerce,North America,SMB,Basic,10
CUST_01010,2024-12-08,2024-12-01,Technology,Europe,Mid-market,Enterprise,210
CUST_01011,2025-06-08,2025-06-01,Healthcare,Asia-Pacific,Mid-market,Basic,399
CUST_01012,2024-10-01,2024-10-01,Retail,North America,SMB,Basic,34
CUST_01013,2025-06-13,2025-06-01,E-commerce,North America,Enterprise,Enterprise,1862
CUST_01014,2024-09-15,2024-09-01,Technology,Asia-Pacific,Enterprise,Enterprise,3445
CUST_01015,2024-04-17,2024-04-01,E-commerce,Asia-Pacific,Enterprise,Enterprise,4877
CUST_01016,2024-03-28,2024-03-01,E-commerce,Asia-Pacific,SMB,Basic,32
CUST_01017,2025-01-31,2025-01-01,Finance,North America,Mid-market,Enterprise,415
CUST_01018,2024-06-26,2024-06-01,Education,Asia-Pacific,Mid-market,Pro,304
CUST_01019,2024-05-22,2024-05-01,Retail,North America,SMB,Pro,44
CUST_01020,2024-01-26,2024-01-01,Finance,Europe,Enterprise,Enterprise,1508
CUST_01021,2024-08-06,2024-08-01,Healthcare,North America,Mid-market,Basic,238
CUST_01022,2024-09-11,2024-09-01,Finance,North America,SMB,Basic,44
CUST_01023,2025-08-24,2025-08-01,Education,Europe,Mid-market,Enterprise,374
CUST_01024,2025-11-24,2025-11-01,Technology,Latin America,Mid-market,Basic,382
CUST_01025,2025-09-06,2025-09-01,E-commerce,North America,Enterprise,Enterprise,921
CUST_01026,2024-06-29,2024-06-01,Finance,Latin America,SMB,Pro,10
CUST_01027,2025-11-13,2025-11-01,Finance,North America,Mid-market,Pro,231
CUST_01028,2024-11-02,2024-11-01,Technology,North America,SMB,Enterprise,36
CUST_01029,2024-10-07,2024-10-01,Finance,Europe,SMB,Basic,18
CUST_01030,2025-05-24,2025-05-01,Retail,Europe,SMB,Basic,29
CUST_01031,2025-02-28,2025-02-01,Education,North America,SMB,Basic,12
CUST_01032,2025-09-19,2025-09-01,Technology,North America,SMB,Basic,27
CUST_01033,2025-11-16,2025-11-01,Retail,North America,Enterprise,Pro,1418
CUST_01034,2024-05-29,2024-05-01,Education,Europe,SMB,Basic,2
CUST_01035,2025-07-14,2025-07-01,Healthcare,Europe,Mid-market,Pro,488
CUST_01036,2025-12-28,2025-12-01,Retail,Asia-Pacific,SMB,Basic,15
CUST_01037,2025-06-22,2025-06-01,Education,Europe,SMB,Basic,3
CUST_01038,2024-08-01,2024-08-01,Technology,Europe,Mid-market,Enterprise,354
CUST_01039,2025-08-10,2025-08-01,Education,North America,SMB,Basic,23
CUST_01040,2024-09-02,2024-09-01,Education,North America,SMB,Basic,21
CUST_01041,2024-05-24,2024-05-01,E-commerce,Europe,SMB,Pro,14
CUST_01042,2024-03-02,2024-03-01,Healthcare,Europe,SMB,Pro,7
CUST_01043,2025-03-03,2025-03-01,Technology,North America,SMB,Basic,10
CUST_01044,2024-02-11,2024-02-01,Technology,Europe,SMB,Basic,38
CUST_01045,2025-03-19,2025-03-01,Retail,Asia-Pacific,Mid-market,Pro,280
CUST_01046,2024-03-18,2024-03-01,Retail,North America,SMB,Basic,31
CUST_01047,2025-03-20,2025-03-01,Healthcare,Asia-Pacific,Enterprise,Enterprise,945
CUST_01048,2024-08-08,2024-08-01,Education,North America,Mid-market,Enterprise,311
CUST_01049,2024-03-11,2024-03-01,E-commerce,Europe,SMB,Basic,20
CUST_01050,2025-04-30,2025-04-01,Finance,Europe,SMB,Enterprise,6
CUST_01051,2024-02-26,2024-02-01,Retail,Europe,SMB,Basic,42
CUST_01052,2024-10-03,2024-10-01,Retail,Europe,SMB,Basic,38
CUST_01053,2024-02-24,2024-02-01,Technology,North America,SMB,Basic,48
CUST_01054,2024-07-16,2024-07-01,Retail,North America,SMB,Basic,2
CUST_01055,2024-10-01,2024-10-01,Technology,Latin America,Enterprise,Basic,2876
CUST_01056,2024-01-17,2024-01-01,E-commerce,Asia-Pacific,SMB,Basic,17
CUST_01057,2025-02-26,2025-02-01,Retail,Latin America,Enterprise,Enterprise,3959
CUST_01058,2025-12-09,2025-12-01,Finance,North America,SMB,Pro,24
CUST_01059,2024-01-14,2024-01-01,Healthcare,Europe,SMB,Basic,17
CUST_01060,2024-12-09,2024-12-01,Retail,North America,Mid-market,Basic,301
CUST_01061,2024-09-21,2024-09-01,Finance,Europe,Mid-market,Pro,332
CUST_01062,2024-07-29,2024-07-01,Finance,North America,SMB,Pro,1
CUST_01063,2025-06-05,2025-06-01,E-commerce,North America,SMB,Basic,22
CUST_01064,2024-05-25,2024-05-01,Education,Latin America,Mid-market,Basic,216
CUST_01065,2024-03-22,2024-03-01,E-commerce,Asia-Pacific,Enterprise,Enterprise,1925
CUST_01066,2025-05-22,2025-05-01,Healthcare,Asia-Pacific,SMB,Basic,8
CUST_01067,2024-09-11,2024-09-01,E-commerce,North America,SMB,Basic,4
CUST_01068,2024-06-15,2024-06-01,Education,North America,Enterprise,Enterprise,3265
CUST_01069,2024-05-29,2024-05-01,Finance,North America,SMB,Basic,4
CUST_01070,2025-04-07,2025-04-01,Retail,North America,SMB,Basic,42
CUST_01071,2024-05-12,2024-05-01,Education,Latin America,Mid-market,Basic,195
CUST_01072,2025-03-25,2025-03-01,Technology,Asia-Pacific,SMB,Basic,7
CUST_01073,2024-11-13,2024-11-01,Healthcare,North America,SMB,Pro,34
CUST_01074,2025-12-10,2025-12-01,Healthcare,North America,SMB,Enterprise,44
CUST_01075,2024-03-18,2024-03-01,Healthcare,Latin America,Mid-market,Pro,391
CUST_01076,2024-03-14,2024-03-01,Finance,North America,SMB,Basic,7
CUST_01077,2024-09-25,2024-09-01,Retail,North America,SMB,Basic,19
CUST_01078,2024-11-20,2024-11-01,Finance,North America,Mid-market,Basic,73
CUST_01079,2025-04-30,2025-04-01,Healthcare,Europe,Enterprise,Enterprise,1691
CUST_01080,2025-11-18,2025-11-01,Education,Europe,SMB,Basic,13
CUST_01081,2024-11-19,2024-11-01,E-commerce,Asia-Pacific,Mid-market,Basic,281
CUST_01082,2024-08-28,2024-08-01,Retail,Asia-Pacific,SMB,Pro,2
CUST_01083,2024-12-13,2024-12-01,Healthcare,Asia-Pacific,Mid-market,Pro,276
CUST_01084,2025-03-19,2025-03-01,Education,Latin America,SMB,Pro,13
CUST_01085,2025-11-23,2025-11-01,Technology,North America,SMB,Basic,40
CUST_01086,2024-12-01,2024-12-01,Finance,Europe,SMB,Basic,7
CUST_01087,2024-04-26,2024-04-01,Technology,Europe,SMB,Basic,31
CUST_01088,2025-08-09,2025-08-01,E-commerce,North America,SMB,Basic,32
CUST_01089,2025-06-15,2025-06-01,Retail,Europe,SMB,Basic,39
CUST_01090,2025-10-18,2025-10-01,Healthcare,Europe,SMB,Basic,38
CUST_01091,2025-10-03,2025-10-01,Education,North America,Enterprise,Enterprise,2107
CUST_01092,2025-11-07,2025-11-01,Technology,Europe,Mid-market,Basic,323
CUST_01093,2024-06-14,2024-06-01,Healthcare,North America,SMB,Pro,10
CUST_01094,2025-08-13,2025-08-01,Technology,North America,SMB,Basic,16
CUST_01095,2024-12-23,2024-12-01,E-commerce,Asia-Pacific,SMB,Pro,16
CUST_01096,2025-01-09,2025-01-01,Education,Europe,SMB,Basic,27
CUST_01097,2024-11-09,2024-11-01,Technology,Latin America,Mid-market,Basic,236
CUST_01098,2025-07-03,2025-07-01,Finance,Asia-Pacific,SMB,Pro,26
CUST_01099,2025-07-13,2025-07-01,Finance,Latin America,SMB,Pro,39
CUST_01100,2024-01-03,2024-01-01,Healthcare,North America,Mid-market,Pro,491
CUST_01101,2024-07-21,2024-07-01,E-commerce,Latin America,Mid-market,Enterprise,140
CUST_01102,2024-06-12,2024-06-01,Retail,Europe,Mid-market,Pro,340
CUST_01103,2025-11-01,2025-11-01,Healthcare,Europe,SMB,Pro,3
CUST_01104,2025-12-03,2025-12-01,Education,Europe,SMB,Pro,10
CUST_01105,2025-08-03,2025-08-01,E-commerce,Latin America,Enterprise,Enterprise,3685
CUST_01106,2024-03-16,2024-03-01,E-commerce,Latin America,SMB,Pro,3
CUST_01107,2025-01-23,2025-01-01,Finance,Asia-Pacific,SMB,Basic,44
CUST_01108,2024-01-26,2024-01-01,Healthcare,North America,SMB,Basic,16
CUST_01109,2025-02-24,2025-02-01,Finance,Europe,SMB,Pro,43
CUST_01110,2024-05-28,2024-05-01,Technology,North America,Enterprise,Enterprise,4953
CUST_01111,2024-06-22,2024-06-01,Retail,Europe,Enterprise,Enterprise,985
CUST_01112,2025-06-16,2025-06-01,Finance,Asia-Pacific,SMB,Basic,20
CUST_01113,2024-09-20,2024-09-01,Retail,Europe,Mid-market,Pro,314
CUST_01114,2024-09-27,2024-09-01,E-commerce,North America,Mid-market,Pro,133
CUST_01115,2024-12-30,2024-12-01,Retail,Asia-Pacific,SMB,Basic,16
CUST_01116,2025-09-05,2025-09-01,E-commerce,Latin America,SMB,Basic,9
CUST_01117,2024-09-05,2024-09-01,Technology,Europe,SMB,Basic,49
CUST_01118,2024-08-07,2024-08-01,Technology,North America,Mid-market,Pro,213
CUST_01119,2024-10-09,2024-10-01,Retail,Latin America,Mid-market,Basic,178
CUST_01120,2025-08-21,2025-08-01,E-commerce,North America,Mid-market,Basic,55
CUST_01121,2025-09-28,2025-09-01,Technology,Asia-Pacific,SMB,Pro,23
CUST_01122,2024-01-02,2024-01-01,Education,Europe,SMB,Pro,17
CUST_01123,2024-04-26,2024-04-01,Healthcare,Asia-Pacific,SMB,Basic,11
CUST_01124,2024-08-03,2024-08-01,Technology,Europe,SMB,Basic,24
CUST_01125,2025-05-25,2025-05-01,Education,Latin America,Enterprise,Enterprise,2563
CUST_01126,2025-07-24,2025-07-01,Retail,North America,Mid-market,Basic,242
CUST_01127,2025-12-30,2025-12-01,Healthcare,North America,SMB,Basic,11
CUST_01128,2025-04-26,2025-04-01,Healthcare,Europe,SMB,Basic,12
CUST_01129,2024-01-07,2024-01-01,Technology,Latin America,Enterprise,Pro,3002
CUST_01130,2025-10-05,2025-10-01,Education,Europe,SMB,Basic,35
CUST_01131,2024-04-21,2024-04-01,Retail,Europe,Mid-market,Basic,132
CUST_01132,2025-07-30,2025-07-01,Healthcare,Asia-Pacific,SMB,Basic,37
CUST_01133,2024-06-29,2024-06-01,Education,Asia-Pacific,SMB,Basic,16
CUST_01134,2025-11-11,2025-11-01,Education,Asia-Pacific,SMB,Basic,39
CUST_01135,2025-07-12,2025-07-01,Finance,Europe,SMB,Basic,31
CUST_01136,2024-08-30,2024-08-01,Finance,North America,Mid-market,Enterprise,225
CUST_01137,2024-08-25,2024-08-01,Technology,Asia-Pacific,SMB,Basic,47
CUST_01138,2025-05-28,2025-05-01,Finance,Asia-Pacific,SMB,Pro,4
CUST_01139,2024-05-19,2024-05-01,Education,North America,SMB,Basic,17
CUST_01140,2025-05-20,2025-05-01,Retail,Latin America,Enterprise,Enterprise,861
CUST_01141,2025-10-10,2025-10-01,Technology,North America,Mid-market,Pro,234
CUST_01142,2024-01-29,2024-01-01,E-commerce,Asia-Pacific,Mid-market,Pro,206
CUST_01143,2024-11-30,2024-11-01,Retail,North America,SMB,Basic,39
CUST_01144,2025-12-20,2025-12-01,Technology,Europe,Enterprise,Enterprise,819
CUST_01145,2024-04-11,2024-04-01,Education,Asia-Pacific,SMB,Pro,25
CUST_01146,2024-11-08,2024-11-01,E-commerce,Asia-Pacific,SMB,Basic,37
CUST_01147,2025-06-03,2025-06-01,E-commerce,Latin America,SMB,Pro,45
CUST_01148,2025-10-10,2025-10-01,Healthcare,North America,SMB,Pro,12
CUST_01149,2024-01-29,2024-01-01,E-commerce,North America,Mid-market,Pro,435
CUST_01150,2024-03-02,2024-03-01,Healthcare,North America,SMB,Basic,44
CUST_01151,2025-11-05,2025-11-01,Finance,North America,Mid-market,Basic,221
CUST_01152,2025-07-29,2025-07-01,Technology,North America,Mid-market,Pro,118
CUST_01153,2024-02-27,2024-02-01,Healthcare,North America,SMB,Basic,34
CUST_01154,2024-10-12,2024-10-01,Healthcare,Latin America,SMB,Basic,26
CUST_01155,2024-11-08,2024-11-01,Healthcare,North America,Mid-market,Pro,354
CUST_01156,2025-12-16,2025-12-01,Technology,Europe,SMB,Basic,21
CUST_01157,2024-04-09,2024-04-01,E-commerce,North America,SMB,Basic,30
CUST_01158,2025-09-17,2025-09-01,E-commerce,Europe,SMB,Basic,47
CUST_01159,2024-11-24,2024-11-01,Healthcare,Europe,SMB,Pro,15
CUST_01160,2024-11-23,2024-11-01,Technology,Europe,Mid-market,Enterprise,132
CUST_01161,2025-11-12,2025-11-01,Retail,Europe,Mid-market,Pro,146
CUST_01162,2025-01-01,2025-01-01,Education,North America,Enterprise,Enterprise,2653
CUST_01163,2025-11-19,2025-11-01,Finance,North America,SMB,Basic,43
CUST_01164,2024-01-18,2024-01-01,Finance,Latin America,SMB,Basic,26
CUST_01165,2025-11-18,2025-11-01,Retail,Latin America,SMB,Basic,38
CUST_01166,2024-04-15,2024-04-01,Education,North America,Mid-market,Pro,296
CUST_01167,2025-03-21,2025-03-01,E-commerce,Europe,SMB,Pro,26
CUST_01168,2025-10-13,2025-10-01,Technology,Latin America,Mid-market,Pro,262
CUST_01169,2024-08-20,2024-08-01,Retail,North America,SMB,Basic,2
CUST_01170,2024-08-13,2024-08-01,E-commerce,North America,Mid-market,Pro,169
CUST_01171,2025-03-18,2025-03-01,Retail,Asia-Pacific,Mid-market,Basic,259
CUST_01172,2025-09-06,2025-09-01,Healthcare,North America,SMB,Enterprise,30
CUST_01173,2025-03-27,2025-03-01,Finance,Latin America,Mid-market,Pro,382
CUST_01174,2024-10-23,2024-10-01,Healthcare,Europe,SMB,Basic,11
CUST_01175,2025-05-17,2025-05-01,E-commerce,North America,Mid-market,Enterprise,400
CUST_01176,2025-07-07,2025-07-01,Retail,Latin America,Enterprise,Enterprise,2611
CUST_01177,2025-10-25,2025-10-01,Healthcare,Europe,SMB,Basic,29
CUST_01178,2024-07-13,2024-07-01,Retail,North America,Mid-market,Pro,395
CUST_01179,2025-01-27,2025-01-01,Retail,Europe,Mid-market,Basic,411
CUST_01180,2025-01-13,2025-01-01,Education,North America,SMB,Pro,17
CUST_01181,2025-09-30,2025-09-01,Healthcare,Asia-Pacific,Mid-market,Basic,253
CUST_01182,2024-09-04,2024-09-01,Finance,North America,SMB,Enterprise,11
CUST_01183,2024-03-09,2024-03-01,Retail,North America,SMB,Basic,46
CUST_01184,2025-11-07,2025-11-01,Healthcare,North America,Enterprise,Enterprise,4571
CUST_01185,2025-09-08,2025-09-01,Finance,Asia-Pacific,SMB,Basic,5
CUST_01186,2025-11-22,2025-11-01,Finance,North America,SMB,Basic,25
CUST_01187,2025-01-20,2025-01-01,Retail,North America,Mid-market,Basic,274
CUST_01188,2025-05-27,2025-05-01,Education,Europe,SMB,Pro,35
CUST_01189,2024-11-27,2024-11-01,Finance,North America,Mid-market,Pro,487
CUST_01190,2025-01-21,2025-01-01,Finance,Europe,Mid-market,Enterprise,295
CUST_01191,2024-06-09,2024-06-01,Education,Asia-Pacific,SMB,Basic,12
CUST_01192,2025-12-17,2025-12-01,E-commerce,Latin America,Enterprise,Enterprise,1227
CUST_01193,2024-06-20,2024-06-01,Technology,Europe,SMB,Pro,32
CUST_01194,2025-06-10,2025-06-01,E-commerce,North America,SMB,Basic,10
CUST_01195,2024-10-06,2024-10-01,Education,Europe,Mid-market,Pro,109
CUST_01196,2024-11-06,2024-11-01,Technology,Europe,SMB,Basic,14
CUST_01197,2024-03-19,2024-03-01,Retail,Europe,SMB,Pro,43
CUST_01198,2024-07-04,2024-07-01,Healthcare,Asia-Pacific,SMB,Basic,13
CUST_01199,2025-04-10,2025-04-01,Technology,Europe,SMB,Pro,32
CUST_01200,2025-12-01,2025-12-01,E-commerce,Asia-Pacific,Mid-market,Enterprise,150
CUST_01201,2025-06-29,2025-06-01,Technology,Asia-Pacific,SMB,Basic,11
CUST_01202,2025-02-03,2025-02-01,Retail,North America,SMB,Basic,16
CUST_01203,2024-01-16,2024-01-01,Retail,Asia-Pacific,SMB,Basic,43
CUST_01204,2024-08-15,2024-08-01,E-commerce,Europe,SMB,Basic,20
CUST_01205,2025-10-26,2025-10-01,Finance,North America,SMB,Pro,20
CUST_01206,2024-04-12,2024-04-01,E-commerce,Latin America,SMB,Basic,47
CUST_01207,2025-04-07,2025-04-01,Technology,Latin America,SMB,Pro,46
CUST_01208,2025-09-25,2025-09-01,Finance,North America,SMB,Basic,17
CUST_01209,2024-08-19,2024-08-01,Finance,Europe,SMB,Basic,27
CUST_01210,2024-01-25,2024-01-01,E-commerce,North America,SMB,Basic,26
CUST_01211,2024-05-16,2024-05-01,Education,Asia-Pacific,Mid-market,Enterprise,135
CUST_01212,2025-04-11,2025-04-01,Healthcare,Latin America,SMB,Basic,31
CUST_01213,2025-03-08,2025-03-01,Healthcare,North America,Mid-market,Pro,464
CUST_01214,2025-09-04,2025-09-01,Healthcare,North America,SMB,Pro,2
CUST_01215,2024-03-24,2024-03-01,Technology,North America,SMB,Basic,26
CUST_01216,2025-05-18,2025-05-01,Healthcare,Asia-Pacific,Enterprise,Enterprise,2986
CUST_01217,2025-07-15,2025-07-01,Retail,Latin America,SMB,Basic,44
CUST_01218,2025-04-04,2025-04-01,Education,Asia-Pacific,SMB,Pro,25
CUST_01219,2024-01-21,2024-01-01,E-commerce,Europe,Mid-market,Enterprise,421
CUST_01220,2025-04-24,2025-04-01,Education,North America,SMB,Basic,8
CUST_01221,2025-06-04,2025-06-01,Finance,North America,SMB,Basic,33
CUST_01222,2024-08-30,2024-08-01,Technology,Latin America,SMB,Basic,14
CUST_01223,2024-03-07,2024-03-01,Technology,North America,Enterprise,Enterprise,906
CUST_01224,2025-04-24,2025-04-01,Education,North America,SMB,Enterprise,32
CUST_01225,2024-11-21,2024-11-01,Technology,North America,SMB,Basic,24
CUST_01226,2024-10-16,2024-10-01,E-commerce,North America,Enterprise,Basic,820
CUST_01227,2024-09-30,2024-09-01,Education,Europe,Mid-market,Basic,248
CUST_01228,2025-11-04,2025-11-01,Education,Latin America,SMB,Basic,28
CUST_01229,2025-01-13,2025-01-01,Technology,Latin America,SMB,Basic,8
CUST_01230,2025-04-19,2025-04-01,Technology,North America,Enterprise,Pro,3674
CUST_01231,2024-03-03,2024-03-01,Technology,North America,SMB,Basic,40
CUST_01232,2024-04-01,2024-04-01,E-commerce,North America,Mid-market,Pro,181
CUST_01233,2025-05-04,2025-05-01,E-commerce,Latin America,Mid-market,Pro,372
CUST_01234,2025-01-01,2025-01-01,Education,Asia-Pacific,SMB,Pro,3
CUST_01235,2025-04-15,2025-04-01,E-commerce,North America,Enterprise,Enterprise,4998
CUST_01236,2024-02-27,2024-02-01,Retail,North America,SMB,Basic,42
CUST_01237,2025-08-12,2025-08-01,Healthcare,North America,SMB,Basic,4
CUST_01238,2024-05-26,2024-05-01,E-commerce,North America,Mid-market,Pro,443
CUST_01239,2024-12-04,2024-12-01,Retail,Europe,Enterprise,Pro,4393
CUST_01240,2025-09-10,2025-09-01,Healthcare,North America,SMB,Pro,9
CUST_01241,2025-01-01,2025-01-01,Technology,Latin America,SMB,Basic,8
CUST_01242,2025-03-19,2025-03-01,Finance,Europe,Mid-market,Enterprise,204
CUST_01243,2024-09-13,2024-09-01,Finance,North America,Mid-market,Basic,313
CUST_01244,2025-07-22,2025-07-01,Healthcare,Latin America,SMB,Basic,15
CUST_01245,2025-03-12,2025-03-01,Healthcare,North America,Enterprise,Enterprise,3489
CUST_01246,2024-05-31,2024-05-01,Healthcare,Europe,SMB,Basic,46
CUST_01247,2024-02-07,2024-02-01,Education,North America,SMB,Basic,32
CUST_01248,2024-03-19,2024-03-01,E-commerce,Asia-Pacific,Mid-market,Pro,270
CUST_01249,2024-01-09,2024-01-01,Finance,Europe,SMB,Basic,21
CUST_01250,2024-07-15,2024-07-01,Retail,North America,SMB,Basic,20
CUST_01251,2024-08-26,2024-08-01,Retail,North America,SMB,Basic,11
CUST_01252,2024-01-12,2024-01-01,Retail,Asia-Pacific,Enterprise,Pro,4759
CUST_01253,2025-07-04,2025-07-01,Retail,North America,SMB,Basic,4
CUST_01254,2024-09-09,2024-09-01,Finance,Asia-Pacific,SMB,Basic,38
CUST_01255,2024-08-22,2024-08-01,E-commerce,Europe,Mid-market,Enterprise,489
CUST_01256,2025-07-23,2025-07-01,Education,North America,Mid-market,Basic,104
CUST_01257,2024-08-18,2024-08-01,Retail,Europe,Enterprise,Enterprise,1504
CUST_01258,2024-11-28,2024-11-01,Education,North America,Mid-market,Basic,190
CUST_01259,2025-02-18,2025-02-01,Healthcare,Europe,SMB,Basic,40
CUST_01260,2025-04-07,2025-04-01,Finance,North America,SMB,Pro,8
CUST_01261,2024-09-26,2024-09-01,Finance,Europe,SMB,Basic,37
CUST_01262,2024-08-27,2024-08-01,Finance,Europe,SMB,Basic,25
CUST_01263,2025-01-05,2025-01-01,E-commerce,Europe,SMB,Basic,45
CUST_01264,2025-11-09,2025-11-01,E-commerce,Europe,SMB,Basic,27
CUST_01265,2024-10-15,2024-10-01,E-commerce,Europe,Mid-market,Enterprise,289
CUST_01266,2024-05-15,2024-05-01,Retail,Europe,SMB,Pro,29
CUST_01267,2024-04-23,2024-04-01,Healthcare,Europe,Enterprise,Basic,4761
CUST_01268,2025-07-03,2025-07-01,Technology,North America,SMB,Pro,12
CUST_01269,2025-05-17,2025-05-01,Technology,Latin America,SMB,Basic,32
CUST_01270,2024-04-12,2024-04-01,Technology,Latin America,Mid-market,Pro,165
CUST_01271,2024-06-11,2024-06-01,Retail,North America,SMB,Basic,18
CUST_01272,2025-10-17,2025-10-01,Technology,North America,Mid-market,Basic,464
CUST_01273,2025-01-28,2025-01-01,Education,Europe,Enterprise,Enterprise,2439
CUST_01274,2024-05-12,2024-05-01,Finance,Europe,SMB,Enterprise,46
CUST_01275,2024-07-10,2024-07-01,E-commerce,Europe,SMB,Basic,34
CUST_01276,2024-11-26,2024-11-01,Healthcare,Europe,Mid-market,Pro,83
CUST_01277,2024-08-29,2024-08-01,E-commerce,Europe,Enterprise,Enterprise,3689
CUST_01278,2025-12-01,2025-12-01,Technology,Latin America,SMB,Basic,44
CUST_01279,2024-06-06,2024-06-01,Education,Asia-Pacific,Enterprise,Pro,2592
CUST_01280,2024-04-17,2024-04-01,Retail,Asia-Pacific,SMB,Basic,23
CUST_01281,2025-11-02,2025-11-01,Healthcare,Europe,Mid-market,Pro,224
CUST_01282,2024-10-16,2024-10-01,E-commerce,Asia-Pacific,Mid-market,Pro,89
CUST_01283,2024-11-18,2024-11-01,Healthcare,Latin America,SMB,Basic,16
CUST_01284,2024-07-18,2024-07-01,Healthcare,Europe,SMB,Basic,49
CUST_01285,2025-01-30,2025-01-01,Retail,North America,SMB,Pro,21
CUST_01286,2024-10-19,2024-10-01,Technology,Asia-Pacific,Enterprise,Enterprise,2874
CUST_01287,2024-08-12,2024-08-01,Retail,North America,Enterprise,Enterprise,4023
CUST_01288,2024-08-07,2024-08-01,Technology,Latin America,Enterprise,Enterprise,4939
CUST_01289,2024-03-20,2024-03-01,Healthcare,Europe,Enterprise,Basic,3456
CUST_01290,2025-06-26,2025-06-01,Healthcare,Asia-Pacific,Mid-market,Enterprise,245
CUST_01291,2024-01-29,2024-01-01,Finance,Latin America,Mid-market,Basic,454
CUST_01292,2025-09-27,2025-09-01,Finance,Latin America,Mid-market,Pro,346
CUST_01293,2025-05-24,2025-05-01,Technology,North America,SMB,Basic,39
CUST_01294,2024-11-21,2024-11-01,Technology,Europe,SMB,Basic,6
CUST_01295,2025-09-16,2025-09-01,E-commerce,Europe,SMB,Basic,25
CUST_01296,2024-05-06,2024-05-01,Technology,Europe,Mid-market,Basic,498
CUST_01297,2024-11-28,2024-11-01,Healthcare,Asia-Pacific,SMB,Basic,14
CUST_01298,2025-04-19,2025-04-01,Education,Latin America,SMB,Basic,17
CUST_01299,2025-08-20,2025-08-01,E-commerce,North America,Mid-market,Pro,213
CUST_01300,2024-01-06,2024-01-01,Finance,North America,Mid-market,Pro,203
CUST_01301,2025-11-09,2025-11-01,Education,Europe,SMB,Basic,46
CUST_01302,2024-05-23,2024-05-01,Finance,North America,Mid-market,Basic,393
CUST_01303,2025-01-21,2025-01-01,E-commerce,North America,Enterprise,Enterprise,4549
CUST_01304,2025-10-23,2025-10-01,Retail,North America,SMB,Basic,13
CUST_01305,2025-02-14,2025-02-01,Healthcare,North America,SMB,Basic,49
CUST_01306,2025-08-28,2025-08-01,Education,North America,SMB,Pro,29
CUST_01307,2025-02-04,2025-02-01,Education,North America,SMB,Basic,34
CUST_01308,2024-07-20,2024-07-01,Education,Latin America,SMB,Pro,43
CUST_01309,2024-01-23,2024-01-01,Finance,North America,SMB,Basic,6
CUST_01310,2025-03-09,2025-03-01,Finance,Europe,Mid-market,Basic,100
CUST_01311,2025-12-28,2025-12-01,E-commerce,Asia-Pacific,SMB,Basic,1
CUST_01312,2024-11-11,2024-11-01,E-commerce,Asia-Pacific,Enterprise,Pro,3741
CUST_01313,2025-07-04,2025-07-01,Retail,Latin America,SMB,Pro,41
CUST_01314,2024-11-09,2024-11-01,Finance,North America,SMB,Basic,2
CUST_01315,2024-08-17,2024-08-01,E-commerce,Latin America,SMB,Basic,11
CUST_01316,2025-09-12,2025-09-01,Retail,Latin America,Enterprise,Enterprise,4485
CUST_01317,2025-08-16,2025-08-01,Education,Europe,SMB,Basic,26
CUST_01318,2025-08-28,2025-08-01,Technology,North America,SMB,Basic,19
CUST_01319,2024-07-31,2024-07-01,Education,North America,Mid-market,Enterprise,327
CUST_01320,2025-02-07,2025-02-01,Retail,Europe,SMB,Basic,36
CUST_01321,2025-03-28,2025-03-01,Finance,Europe,SMB,Pro,13
CUST_01322,2025-10-25,2025-10-01,E-commerce,Asia-Pacific,Enterprise,Basic,4068
CUST_01323,2025-08-09,2025-08-01,Finance,Europe,Enterprise,Pro,2447
CUST_01324,2024-10-11,2024-10-01,Healthcare,Asia-Pacific,SMB,Basic,12
CUST_01325,2025-03-06,2025-03-01,Technology,Asia-Pacific,SMB,Basic,1
CUST_01326,2024-02-25,2024-02-01,Retail,Europe,Mid-market,Pro,280
CUST_01327,2024-11-03,2024-11-01,E-commerce,Asia-Pacific,SMB,Basic,9
CUST_01328,2024-12-05,2024-12-01,Finance,North America,SMB,Basic,41
CUST_01329,2024-05-29,2024-05-01,Retail,North America,SMB,Basic,48
CUST_01330,2025-09-29,2025-09-01,Retail,Latin America,SMB,Basic,39
CUST_01331,2024-07-29,2024-07-01,Technology,Asia-Pacific,Mid-market,Basic,377
CUST_01332,2025-01-15,2025-01-01,Education,North America,Enterprise,Enterprise,1886
CUST_01333,2025-05-19,2025-05-01,Finance,Europe,SMB,Basic,25
CUST_01334,2025-02-05,2025-02-01,Retail,Asia-Pacific,Enterprise,Enterprise,1724
CUST_01335,2025-06-23,2025-06-01,Technology,Latin America,Mid-market,Enterprise,134
CUST_01336,2025-01-27,2025-01-01,Retail,Asia-Pacific,SMB,Enterprise,22
CUST_01337,2024-11-15,2024-11-01,Education,Europe,SMB,Basic,41
CUST_01338,2024-06-10,2024-06-01,Retail,Europe,Enterprise,Pro,3247
CUST_01339,2025-08-04,2025-08-01,E-commerce,Latin America,SMB,Enterprise,14
CUST_01340,2024-06-12,2024-06-01,Technology,North America,SMB,Pro,21
CUST_01341,2024-01-28,2024-01-01,Education,Europe,Mid-market,Basic,153
CUST_01342,2025-03-01,2025-03-01,Technology,North America,SMB,Basic,18
CUST_01343,2024-10-03,2024-10-01,Finance,Europe,SMB,Basic,23
CUST_01344,2024-04-14,2024-04-01,Retail,Europe,Enterprise,Enterprise,2864
CUST_01345,2024-09-22,2024-09-01,Retail,Asia-Pacific,SMB,Basic,15
CUST_01346,2025-06-23,2025-06-01,Healthcare,North America,Enterprise,Pro,4437
CUST_01347,2025-10-12,2025-10-01,Finance,Europe,Mid-market,Pro,336
CUST_01348,2025-08-15,2025-08-01,Finance,Europe,Mid-market,Pro,483
CUST_01349,2025-12-09,2025-12-01,Healthcare,Asia-Pacific,SMB,Basic,9
CUST_01350,2024-05-09,2024-05-01,E-commerce,Latin America,SMB,Basic,3
CUST_01351,2024-09-21,2024-09-01,Technology,Latin America,Mid-market,Enterprise,399
CUST_01352,2024-10-04,2024-10-01,Technology,Europe,SMB,Pro,16
CUST_01353,2025-12-16,2025-12-01,Technology,North America,Enterprise,Pro,3901
CUST_01354,2025-07-11,2025-07-01,E-commerce,Europe,SMB,Basic,43
CUST_01355,2024-10-02,2024-10-01,Technology,North America,SMB,Basic,26
CUST_01356,2024-07-19,2024-07-01,Education,Europe,SMB,Pro,6
CUST_01357,2025-12-08,2025-12-01,Retail,Asia-Pacific,SMB,Pro,49
CUST_01358,2025-04-21,2025-04-01,Healthcare,Europe,Mid-market,Basic,203
CUST_01359,2025-07-21,2025-07-01,Technology,North America,Enterprise,Enterprise,2570
CUST_01360,2024-02-16,2024-02-01,Retail,Latin America,SMB,Basic,35
CUST_01361,2025-11-11,2025-11-01,E-commerce,North America,SMB,Basic,41
CUST_01362,2024-04-21,2024-04-01,Technology,North America,SMB,Basic,41
CUST_01363,2025-12-05,2025-12-01,Healthcare,Latin America,SMB,Basic,47
CUST_01364,2024-09-26,2024-09-01,Healthcare,Europe,SMB,Basic,41
CUST_01365,2024-10-11,2024-10-01,Technology,Europe,Enterprise,Enterprise,3602
CUST_01366,2024-04-13,2024-04-01,E-commerce,Europe,SMB,Basic,19
CUST_01367,2025-12-12,2025-12-01,Healthcare,Asia-Pacific,SMB,Basic,22
CUST_01368,2025-04-09,2025-04-01,Retail,Europe,SMB,Pro,21
CUST_01369,2025-11-07,2025-11-01,Finance,North America,SMB,Pro,11
CUST_01370,2025-10-09,2025-10-01,E-commerce,Europe,Mid-market,Pro,477
CUST_01371,2025-07-13,2025-07-01,Education,Latin America,SMB,Basic,11
CUST_01372,2024-07-23,2024-07-01,Retail,Asia-Pacific,Mid-market,Pro,305
CUST_01373,2025-02-13,2025-02-01,Education,North America,SMB,Basic,24
CUST_01374,2025-12-23,2025-12-01,Education,Asia-Pacific,SMB,Basic,10
CUST_01375,2025-01-16,2025-01-01,Retail,Europe,SMB,Pro,48
CUST_01376,2024-03-24,2024-03-01,E-commerce,North America,SMB,Basic,47
CUST_01377,2025-09-15,2025-09-01,Healthcare,Europe,Mid-market,Basic,52
CUST_01378,2025-09-28,2025-09-01,Healthcare,Asia-Pacific,Mid-market,Pro,112
CUST_01379,2025-07-14,2025-07-01,Healthcare,Latin America,SMB,Basic,18
CUST_01380,2024-09-11,2024-09-01,E-commerce,North America,SMB,Basic,15
CUST_01381,2024-07-17,2024-07-01,E-commerce,Europe,SMB,Basic,44
CUST_01382,2025-08-09,2025-08-01,Education,Asia-Pacific,SMB,Basic,19
CUST_01383,2024-03-06,2024-03-01,Retail,Asia-Pacific,SMB,Pro,34
CUST_01384,2024-12-08,2024-12-01,E-commerce,North America,Enterprise,Basic,3888
CUST_01385,2025-12-05,2025-12-01,E-commerce,Latin America,SMB,Basic,47
CUST_01386,2024-12-26,2024-12-01,Retail,North America,SMB,Pro,27
CUST_01387,2025-09-16,2025-09-01,Finance,North America,SMB,Basic,47
CUST_01388,2024-03-16,2024-03-01,Retail,Asia-Pacific,Mid-market,Basic,216
CUST_01389,2025-10-03,2025-10-01,Retail,Latin America,Mid-market,Basic,460
CUST_01390,2024-02-21,2024-02-01,Technology,Latin America,SMB,Pro,9
CUST_01391,2025-10-14,2025-10-01,Healthcare,Asia-Pacific,Mid-market,Pro,245
CUST_01392,2025-02-20,2025-02-01,Retail,North America,SMB,Basic,20
CUST_01393,2024-12-30,2024-12-01,Technology,Latin America,SMB,Pro,48
CUST_01394,2024-08-16,2024-08-01,Finance,North America,Enterprise,Pro,4721
CUST_01395,2024-11-01,2024-11-01,Education,Asia-Pacific,Enterprise,Enterprise,1780
CUST_01396,2024-07-27,2024-07-01,Finance,North America,SMB,Pro,19
CUST_01397,2024-10-05,2024-10-01,Retail,Europe,SMB,Basic,46
CUST_01398,2024-09-13,2024-09-01,Technology,North America,SMB,Basic,16
CUST_01399,2024-09-26,2024-09-01,Healthcare,North America,Mid-market,Pro,435
CUST_01400,2024-10-09,2024-10-01,Education,North America,Enterprise,Enterprise,1409
CUST_01401,2025-03-22,2025-03-01,Education,Europe,SMB,Pro,32
CUST_01402,2024-12-11,2024-12-01,Education,Europe,Mid-market,Basic,243
CUST_01403,2025-01-14,2025-01-01,Healthcare,Europe,SMB,Basic,15
CUST_01404,2024-10-23,2024-10-01,Education,Europe,Enterprise,Enterprise,2289
CUST_01405,2024-07-28,2024-07-01,E-commerce,North America,Mid-market,Basic,102
CUST_01406,2025-01-09,2025-01-01,Technology,Asia-Pacific,Mid-market,Basic,59
CUST_01407,2025-05-10,2025-05-01,Finance,Latin America,Enterprise,Enterprise,4894
CUST_01408,2025-04-07,2025-04-01,Education,Asia-Pacific,SMB,Pro,9
CUST_01409,2025-01-15,2025-01-01,Finance,Europe,SMB,Pro,22
CUST_01410,2025-03-10,2025-03-01,E-commerce,North America,SMB,Basic,43
CUST_01411,2025-04-10,2025-04-01,E-commerce,Europe,SMB,Basic,23
CUST_01412,2024-10-14,2024-10-01,Finance,Europe,SMB,Pro,7
CUST_01413,2024-09-25,2024-09-01,Finance,Asia-Pacific,Mid-market,Pro,229
CUST_01414,2025-04-24,2025-04-01,E-commerce,Europe,Mid-market,Pro,402
CUST_01415,2025-03-11,2025-03-01,Finance,Latin America,Mid-market,Basic,241
CUST_01416,2025-08-13,2025-08-01,E-commerce,North America,Mid-market,Pro,406
CUST_01417,2025-04-12,2025-04-01,Education,Europe,Mid-market,Pro,484
CUST_01418,2024-03-13,2024-03-01,Healthcare,Europe,Mid-market,Pro,397
CUST_01419,2024-07-04,2024-07-01,Education,North America,SMB,Basic,21
CUST_01420,2024-05-01,2024-05-01,Education,Asia-Pacific,SMB,Basic,18
CUST_01421,2025-05-06,2025-05-01,Education,Europe,SMB,Basic,29
CUST_01422,2025-12-08,2025-12-01,Technology,North America,SMB,Pro,49
CUST_01423,2025-12-10,2025-12-01,Retail,Asia-Pacific,Mid-market,Pro,306
CUST_01424,2024-07-07,2024-07-01,Education,North America,Mid-market,Enterprise,356
CUST_01425,2024-09-27,2024-09-01,Technology,Latin America,Enterprise,Enterprise,2212
CUST_01426,2024-06-17,2024-06-01,Healthcare,North America,SMB,Basic,39
CUST_01427,2025-04-16,2025-04-01,Finance,Europe,Enterprise,Enterprise,3097
CUST_01428,2025-11-11,2025-11-01,Retail,North America,Mid-market,Pro,376
CUST_01429,2024-02-16,2024-02-01,Healthcare,Europe,Enterprise,Pro,3913
CUST_01430,2024-08-08,2024-08-01,E-commerce,North America,Enterprise,Pro,2755
CUST_01431,2025-09-06,2025-09-01,Education,Europe,SMB,Basic,3
CUST_01432,2025-03-17,2025-03-01,E-commerce,Latin America,Mid-market,Enterprise,248
CUST_01433,2024-12-21,2024-12-01,E-commerce,North America,SMB,Basic,39
CUST_01434,2024-07-25,2024-07-01,Finance,Europe,SMB,Pro,43
CUST_01435,2024-11-01,2024-11-01,Healthcare,Europe,Enterprise,Enterprise,4247
CUST_01436,2025-07-21,2025-07-01,Finance,Asia-Pacific,SMB,Pro,11
CUST_01437,2024-03-10,2024-03-01,E-commerce,Asia-Pacific,Mid-market,Pro,342
CUST_01438,2025-11-17,2025-11-01,Technology,North America,SMB,Basic,36
CUST_01439,2024-10-14,2024-10-01,Technology,Latin America,Mid-market,Basic,463
CUST_01440,2024-02-29,2024-02-01,Retail,Europe,Mid-market,Enterprise,459
CUST_01441,2025-04-05,2025-04-01,Retail,Europe,SMB,Basic,49
CUST_01442,2024-02-17,2024-02-01,Retail,North America,SMB,Pro,24
CUST_01443,2025-08-23,2025-08-01,Technology,Latin America,SMB,Basic,49
CUST_01444,2025-10-20,2025-10-01,Technology,Asia-Pacific,SMB,Basic,17
CUST_01445,2024-12-31,2024-12-01,Education,North America,SMB,Pro,3
CUST_01446,2025-07-08,2025-07-01,Technology,North America,SMB,Pro,42
CUST_01447,2024-09-27,2024-09-01,Education,North America,Mid-market,Basic,174
CUST_01448,2025-12-04,2025-12-01,Retail,North America,SMB,Basic,9
CUST_01449,2025-12-26,2025-12-01,Education,Asia-Pacific,SMB,Basic,30
CUST_01450,2025-06-22,2025-06-01,Healthcare,North America,Mid-market,Pro,464
CUST_01451,2024-02-01,2024-02-01,Healthcare,Europe,SMB,Basic,46
CUST_01452,2024-12-06,2024-12-01,Healthcare,North America,SMB,Basic,25
CUST_01453,2025-11-01,2025-11-01,E-commerce,Asia-Pacific,SMB,Basic,17
CUST_01454,2025-05-07,2025-05-01,E-commerce,Europe,SMB,Basic,43
CUST_01455,2024-04-24,2024-04-01,Healthcare,Europe,SMB,Basic,16
CUST_01456,2024-05-26,2024-05-01,E-commerce,Asia-Pacific,Enterprise,Enterprise,1167
CUST_01457,2025-03-24,2025-03-01,Technology,Europe,Mid-market,Pro,215
CUST_01458,2025-08-19,2025-08-01,Finance,North America,SMB,Basic,2
CUST_01459,2025-09-09,2025-09-01,Technology,North America,Mid-market,Basic,386
CUST_01460,2025-04-16,2025-04-01,Healthcare,Asia-Pacific,SMB,Basic,19
CUST_01461,2025-07-19,2025-07-01,Technology,Asia-Pacific,SMB,Enterprise,11
CUST_01462,2025-06-26,2025-06-01,Retail,North America,SMB,Enterprise,7
CUST_01463,2025-11-18,2025-11-01,Education,Asia-Pacific,Mid-market,Pro,324
CUST_01464,2024-05-02,2024-05-01,Retail,North America,SMB,Basic,31
CUST_01465,2024-01-23,2024-01-01,Healthcare,North America,SMB,Basic,36
CUST_01466,2024-08-03,2024-08-01,Technology,Europe,SMB,Basic,45
CUST_01467,2024-09-13,2024-09-01,Technology,Latin America,Mid-market,Pro,116
CUST_01468,2025-09-16,2025-09-01,Finance,North America,SMB,Pro,28
CUST_01469,2025-09-19,2025-09-01,Retail,Asia-Pacific,SMB,Basic,10
CUST_01470,2025-11-17,2025-11-01,Retail,Europe,Enterprise,Enterprise,1000
CUST_01471,2024-07-04,2024-07-01,Healthcare,Europe,SMB,Basic,19
CUST_01472,2024-10-11,2024-10-01,Finance,Europe,SMB,Basic,4
CUST_01473,2024-08-28,2024-08-01,E-commerce,Asia-Pacific,SMB,Basic,23
CUST_01474,2024-08-20,2024-08-01,Healthcare,North America,SMB,Basic,26
CUST_01475,2024-02-10,2024-02-01,Healthcare,Latin America,SMB,Basic,47
CUST_01476,2025-03-26,2025-03-01,Healthcare,Latin America,SMB,Basic,22
CUST_01477,2024-11-29,2024-11-01,Education,North America,Mid-market,Basic,382
CUST_01478,2025-05-11,2025-05-01,Retail,North America,Mid-market,Enterprise,374
CUST_01479,2025-12-10,2025-12-01,E-commerce,Asia-Pacific,SMB,Basic,10
CUST_01480,2025-04-16,2025-04-01,Healthcare,North America,SMB,Pro,34
CUST_01481,2025-03-08,2025-03-01,Finance,Asia-Pacific,SMB,Basic,33
CUST_01482,2024-09-04,2024-09-01,Education,Latin America,Enterprise,Enterprise,3250
CUST_01483,2025-04-14,2025-04-01,Education,Latin America,Mid-market,Basic,361
CUST_01484,2024-11-04,2024-11-01,Education,Latin America,SMB,Pro,15
CUST_01485,2024-05-11,2024-05-01,Finance,Asia-Pacific,Mid-market,Basic,171
CUST_01486,2024-02-08,2024-02-01,Retail,North America,SMB,Basic,16
CUST_01487,2025-11-15,2025-11-01,Technology,Asia-Pacific,SMB,Basic,42
CUST_01488,2024-01-12,2024-01-01,Education,North America,Mid-market,Pro,186
CUST_01489,2024-04-15,2024-04-01,E-commerce,Asia-Pacific,SMB,Pro,34
CUST_01490,2025-04-25,2025-04-01,Technology,North America,SMB,Pro,21
CUST_01491,2025-10-20,2025-10-01,Retail,Asia-Pacific,Mid-market,Basic,134
CUST_01492,2024-06-15,2024-06-01,Finance,North America,SMB,Pro,25
CUST_01493,2024-09-14,2024-09-01,Retail,North America,Mid-market,Pro,375
CUST_01494,2025-06-12,2025-06-01,E-commerce,Europe,Mid-market,Basic,136
CUST_01495,2024-11-02,2024-11-01,Retail,Europe,SMB,Basic,45
CUST_01496,2025-09-24,2025-09-01,E-commerce,Europe,SMB,Basic,32
CUST_01497,2025-04-16,2025-04-01,Retail,North America,SMB,Basic,12
CUST_01498,2024-01-11,2024-01-01,E-commerce,Asia-Pacific,Enterprise,Basic,4053
CUST_01499,2024-01-19,2024-01-01,Retail,Asia-Pacific,Enterprise,Enterprise,2739
CUST_01500,2024-11-15,2024-11-01,Finance,Europe,SMB,Basic,33
CUST_01501,2025-05-10,2025-05-01,Retail,North America,SMB,Pro,17
CUST_01502,2024-01-08,2024-01-01,Retail,North America,SMB,Pro,6
CUST_01503,2025-05-31,2025-05-01,Technology,Latin America,Mid-market,Enterprise,487
CUST_01504,2025-03-20,2025-03-01,Technology,North America,SMB,Basic,40
CUST_01505,2024-12-03,2024-12-01,Technology,Asia-Pacific,Mid-market,Basic,280
CUST_01506,2025-05-09,2025-05-01,Healthcare,North America,SMB,Basic,48
CUST_01507,2024-12-10,2024-12-01,Education,Europe,Mid-market,Pro,125
CUST_01508,2025-10-18,2025-10-01,Finance,Latin America,Enterprise,Enterprise,2296
CUST_01509,2024-09-24,2024-09-01,Retail,Asia-Pacific,SMB,Basic,44
CUST_01510,2025-01-27,2025-01-01,Healthcare,Europe,SMB,Pro,17
CUST_01511,2024-02-25,2024-02-01,E-commerce,Latin America,SMB,Enterprise,39
CUST_01512,2025-08-28,2025-08-01,Healthcare,North America,SMB,Basic,25
CUST_01513,2025-07-06,2025-07-01,Finance,Asia-Pacific,SMB,Basic,17
CUST_01514,2025-12-27,2025-12-01,Education,Europe,SMB,Basic,22
CUST_01515,2024-06-19,2024-06-01,Retail,North America,Mid-market,Pro,422
CUST_01516,2024-04-04,2024-04-01,Finance,North America,SMB,Basic,30
CUST_01517,2025-08-07,2025-08-01,Finance,Asia-Pacific,Mid-market,Basic,449
CUST_01518,2024-10-19,2024-10-01,Finance,North America,SMB,Pro,8
CUST_01519,2025-03-02,2025-03-01,Technology,Asia-Pacific,Enterprise,Enterprise,1784
CUST_01520,2024-03-17,2024-03-01,Healthcare,Europe,SMB,Pro,35
CUST_01521,2024-01-15,2024-01-01,Technology,Asia-Pacific,SMB,Basic,49
CUST_01522,2025-04-30,2025-04-01,Education,Latin America,Mid-market,Pro,196
CUST_01523,2024-09-15,2024-09-01,Retail,Europe,SMB,Pro,45
CUST_01524,2024-03-30,2024-03-01,Finance,Latin America,Enterprise,Pro,3032
CUST_01525,2025-08-12,2025-08-01,Education,Asia-Pacific,Mid-market,Pro,388
CUST_01526,2025-11-17,2025-11-01,Retail,North America,SMB,Basic,14
CUST_01527,2025-05-17,2025-05-01,Finance,North America,SMB,Basic,6
CUST_01528,2024-08-05,2024-08-01,Healthcare,Europe,SMB,Basic,19
CUST_01529,2024-09-13,2024-09-01,Finance,Latin America,SMB,Pro,38
CUST_01530,2024-02-17,2024-02-01,Healthcare,Europe,SMB,Pro,8
CUST_01531,2024-03-26,2024-03-01,Technology,North America,SMB,Basic,31
CUST_01532,2025-04-13,2025-04-01,E-commerce,North America,SMB,Pro,44
CUST_01533,2025-04-29,2025-04-01,Healthcare,Europe,SMB,Pro,41
CUST_01534,2025-03-25,2025-03-01,Technology,Latin America,SMB,Pro,36
CUST_01535,2024-09-05,2024-09-01,Education,Europe,SMB,Pro,42
CUST_01536,2024-11-12,2024-11-01,Technology,Latin America,Mid-market,Enterprise,165
CUST_01537,2025-08-14,2025-08-01,Healthcare,Asia-Pacific,Mid-market,Basic,106
CUST_01538,2025-12-11,2025-12-01,Healthcare,North America,Mid-market,Basic,352
CUST_01539,2024-03-27,2024-03-01,Retail,North America,SMB,Pro,5
CUST_01540,2025-11-05,2025-11-01,E-commerce,Latin America,SMB,Basic,13
CUST_01541,2024-05-17,2024-05-01,Retail,Europe,SMB,Basic,47
CUST_01542,2024-02-09,2024-02-01,E-commerce,Latin America,SMB,Basic,21
CUST_01543,2025-01-15,2025-01-01,Healthcare,Latin America,SMB,Basic,41
CUST_01544,2024-03-10,2024-03-01,E-commerce,North America,Enterprise,Enterprise,4594
CUST_01545,2024-01-24,2024-01-01,Education,North America,SMB,Basic,31
CUST_01546,2024-12-13,2024-12-01,Healthcare,North America,Enterprise,Pro,4580
CUST_01547,2025-02-05,2025-02-01,Finance,Europe,SMB,Basic,2
CUST_01548,2024-12-18,2024-12-01,Technology,North America,Mid-market,Basic,216
CUST_01549,2025-08-05,2025-08-01,E-commerce,Latin America,Mid-market,Pro,316
CUST_01550,2024-11-12,2024-11-01,Education,Europe,SMB,Basic,4
CUST_01551,2025-05-16,2025-05-01,Retail,North America,Enterprise,Pro,3657
CUST_01552,2025-07-27,2025-07-01,Retail,Europe,Mid-market,Pro,299
CUST_01553,2025-06-08,2025-06-01,Finance,Europe,SMB,Basic,16
CUST_01554,2025-10-19,2025-10-01,E-commerce,Europe,SMB,Basic,7
CUST_01555,2024-09-27,2024-09-01,Finance,Europe,Mid-market,Pro,417
CUST_01556,2025-11-25,2025-11-01,Healthcare,Europe,SMB,Basic,31
CUST_01557,2025-08-14,2025-08-01,Retail,North America,SMB,Basic,32
CUST_01558,2024-12-29,2024-12-01,Retail,North America,SMB,Basic,8
CUST_01559,2024-03-04,2024-03-01,Healthcare,Europe,SMB,Pro,15
CUST_01560,2024-04-19,2024-04-01,E-commerce,Europe,SMB,Basic,6
CUST_01561,2024-06-14,2024-06-01,Education,Europe,Mid-market,Basic,254
CUST_01562,2025-05-16,2025-05-01,Technology,North America,Mid-market,Pro,417
CUST_01563,2024-08-28,2024-08-01,Education,Asia-Pacific,SMB,Pro,35
CUST_01564,2024-10-10,2024-10-01,Education,North America,Enterprise,Enterprise,4391
CUST_01565,2024-06-11,2024-06-01,Finance,Europe,SMB,Basic,1
CUST_01566,2024-08-30,2024-08-01,Education,Europe,SMB,Basic,43
CUST_01567,2025-11-26,2025-11-01,Retail,Asia-Pacific,SMB,Basic,49
CUST_01568,2024-04-05,2024-04-01,Finance,North America,Mid-market,Pro,293
CUST_01569,2025-04-25,2025-04-01,E-commerce,North America,SMB,Enterprise,17
CUST_01570,2024-02-05,2024-02-01,Finance,Asia-Pacific,Mid-market,Basic,191
CUST_01571,2024-12-21,2024-12-01,E-commerce,Europe,Mid-market,Pro,68
CUST_01572,2024-05-06,2024-05-01,Technology,Europe,SMB,Enterprise,41
CUST_01573,2025-03-08,2025-03-01,Finance,Europe,SMB,Pro,46
CUST_01574,2024-11-06,2024-11-01,Healthcare,North America,Mid-market,Basic,416
CUST_01575,2025-07-03,2025-07-01,Technology,Latin America,Enterprise,Enterprise,3386
CUST_01576,2025-04-22,2025-04-01,Education,North America,SMB,Pro,39
CUST_01577,2025-10-01,2025-10-01,Finance,Asia-Pacific,SMB,Basic,29
CUST_01578,2025-02-13,2025-02-01,E-commerce,Europe,Enterprise,Pro,4854
CUST_01579,2024-05-01,2024-05-01,Retail,Europe,SMB,Basic,41
CUST_01580,2024-12-27,2024-12-01,Finance,North America,SMB,Pro,27
CUST_01581,2025-02-14,2025-02-01,Technology,North America,SMB,Basic,29
CUST_01582,2025-11-05,2025-11-01,Retail,Asia-Pacific,SMB,Basic,21
CUST_01583,2025-12-16,2025-12-01,Technology,North America,Mid-market,Pro,385
CUST_01584,2025-03-10,2025-03-01,Education,Asia-Pacific,SMB,Pro,18
CUST_01585,2025-10-12,2025-10-01,Retail,Europe,SMB,Pro,48
CUST_01586,2024-10-02,2024-10-01,Healthcare,North America,SMB,Basic,14
CUST_01587,2024-08-28,2024-08-01,E-commerce,Europe,Mid-market,Basic,249
CUST_01588,2025-06-26,2025-06-01,Technology,Europe,SMB,Pro,3
CUST_01589,2025-02-19,2025-02-01,Education,Asia-Pacific,Mid-market,Pro,211
CUST_01590,2024-03-01,2024-03-01,Healthcare,North America,Mid-market,Enterprise,292
CUST_01591,2025-05-04,2025-05-01,Finance,North America,Mid-market,Enterprise,131
CUST_01592,2025-06-05,2025-06-01,Retail,North America,SMB,Basic,26
CUST_01593,2025-05-13,2025-05-01,Healthcare,Europe,SMB,Basic,12
CUST_01594,2025-05-16,2025-05-01,Education,Asia-Pacific,SMB,Basic,28
CUST_01595,2024-01-01,2024-01-01,Finance,Europe,SMB,Basic,28
CUST_01596,2024-11-19,2024-11-01,Healthcare,Latin America,SMB,Pro,41
CUST_01597,2025-07-31,2025-07-01,Retail,North America,SMB,Basic,23
CUST_01598,2024-12-19,2024-12-01,Technology,Asia-Pacific,SMB,Pro,23
CUST_01599,2025-07-06,2025-07-01,Technology,North America,SMB,Basic,29
CUST_01600,2025-11-27,2025-11-01,Retail,Asia-Pacific,SMB,Basic,9
CUST_01601,2025-04-08,2025-04-01,E-commerce,North America,SMB,Basic,4
CUST_01602,2024-03-17,2024-03-01,E-commerce,North America,SMB,Basic,24
CUST_01603,2024-03-14,2024-03-01,Retail,North America,SMB,Basic,26
CUST_01604,2024-11-27,2024-11-01,Education,Latin America,SMB,Basic,10
CUST_01605,2024-04-24,2024-04-01,Technology,Asia-Pacific,SMB,Basic,14
CUST_01606,2025-06-11,2025-06-01,E-commerce,Europe,Mid-market,Basic,68
CUST_01607,2024-03-06,2024-03-01,E-commerce,Europe,Mid-market,Basic,323
CUST_01608,2025-02-10,2025-02-01,Retail,North America,Mid-market,Basic,496
CUST_01609,2025-02-17,2025-02-01,Finance,North America,SMB,Pro,34
CUST_01610,2025-01-27,2025-01-01,E-commerce,North America,SMB,Basic,22
CUST_01611,2024-05-12,2024-05-01,Finance,Europe,SMB,Basic,10
CUST_01612,2024-07-26,2024-07-01,Healthcare,North America,SMB,Pro,49
CUST_01613,2025-01-12,2025-01-01,Healthcare,North America,SMB,Basic,25
CUST_01614,2024-07-05,2024-07-01,Healthcare,Latin America,SMB,Pro,35
CUST_01615,2024-02-03,2024-02-01,Healthcare,Latin America,SMB,Basic,34
CUST_01616,2025-04-17,2025-04-01,E-commerce,North America,SMB,Basic,31
CUST_01617,2025-02-06,2025-02-01,Retail,Asia-Pacific,SMB,Enterprise,18
CUST_01618,2024-10-08,2024-10-01,Education,Latin America,SMB,Basic,1
CUST_01619,2024-01-08,2024-01-01,Retail,Latin America,SMB,Basic,43
CUST_01620,2024-03-23,2024-03-01,Education,North America,SMB,Basic,7
CUST_01621,2025-06-12,2025-06-01,Technology,North America,Enterprise,Enterprise,1829
CUST_01622,2024-07-28,2024-07-01,Finance,North America,SMB,Basic,24
CUST_01623,2024-03-20,2024-03-01,Healthcare,Latin America,SMB,Basic,37
CUST_01624,2025-06-08,2025-06-01,Retail,North America,SMB,Pro,25
CUST_01625,2024-02-03,2024-02-01,Finance,Latin America,Enterprise,Enterprise,3583
CUST_01626,2025-02-04,2025-02-01,Healthcare,North America,SMB,Basic,12
CUST_01627,2024-10-24,2024-10-01,Technology,North America,Enterprise,Enterprise,770
CUST_01628,2025-04-18,2025-04-01,Healthcare,Asia-Pacific,SMB,Basic,6
CUST_01629,2024-06-28,2024-06-01,Retail,North America,SMB,Basic,32
CUST_01630,2024-11-04,2024-11-01,Education,North America,Mid-market,Pro,276
CUST_01631,2025-08-15,2025-08-01,Technology,Europe,SMB,Basic,15
CUST_01632,2025-12-09,2025-12-01,Healthcare,Latin America,SMB,Basic,23
CUST_01633,2025-02-15,2025-02-01,Education,North America,Enterprise,Basic,3507
CUST_01634,2024-06-02,2024-06-01,Retail,North America,SMB,Basic,31
CUST_01635,2025-07-24,2025-07-01,Education,North America,Mid-market,Basic,123
CUST_01636,2024-06-15,2024-06-01,Retail,Asia-Pacific,Mid-market,Pro,231
CUST_01637,2025-09-25,2025-09-01,Technology,Latin America,SMB,Basic,36
CUST_01638,2025-11-18,2025-11-01,Retail,North America,SMB,Basic,33
CUST_01639,2024-09-21,2024-09-01,E-commerce,Europe,SMB,Pro,11
CUST_01640,2025-09-28,2025-09-01,Finance,Latin America,SMB,Basic,21
CUST_01641,2025-04-02,2025-04-01,Finance,Europe,SMB,Pro,12
CUST_01642,2025-11-10,2025-11-01,Finance,Asia-Pacific,Mid-market,Basic,186
CUST_01643,2024-07-08,2024-07-01,Education,Europe,Mid-market,Basic,199
CUST_01644,2024-08-30,2024-08-01,Healthcare,Europe,SMB,Basic,18
CUST_01645,2025-10-27,2025-10-01,Technology,Latin America,SMB,Basic,3
CUST_01646,2024-11-06,2024-11-01,Healthcare,North America,SMB,Basic,25
CUST_01647,2025-01-16,2025-01-01,Finance,North America,SMB,Basic,19
CUST_01648,2025-03-12,2025-03-01,Education,Latin America,SMB,Pro,47
CUST_01649,2025-07-27,2025-07-01,Finance,Europe,SMB,Basic,4
CUST_01650,2025-08-06,2025-08-01,Finance,Asia-Pacific,SMB,Basic,43
CUST_01651,2025-11-15,2025-11-01,Finance,Latin America,SMB,Basic,48
CUST_01652,2025-07-12,2025-07-01,Technology,Europe,Mid-market,Enterprise,447
CUST_01653,2024-09-28,2024-09-01,Retail,North America,SMB,Pro,6
CUST_01654,2024-08-22,2024-08-01,Healthcare,North America,Enterprise,Enterprise,2227
CUST_01655,2024-01-24,2024-01-01,E-commerce,Europe,SMB,Basic,4
CUST_01656,2025-04-26,2025-04-01,Retail,Europe,Mid-market,Enterprise,263
CUST_01657,2025-03-10,2025-03-01,E-commerce,Europe,SMB,Basic,18
CUST_01658,2024-04-08,2024-04-01,Healthcare,North America,SMB,Basic,35
CUST_01659,2025-02-26,2025-02-01,Finance,Europe,SMB,Basic,23
CUST_01660,2025-10-13,2025-10-01,E-commerce,Latin America,Mid-market,Pro,241
CUST_01661,2024-03-17,2024-03-01,Finance,North America,SMB,Basic,19
CUST_01662,2025-08-17,2025-08-01,Healthcare,Europe,Mid-market,Pro,217
CUST_01663,2024-08-08,2024-08-01,Finance,North America,Enterprise,Enterprise,2922
CUST_01664,2025-07-10,2025-07-01,Finance,North America,Mid-market,Pro,440
CUST_01665,2025-07-02,2025-07-01,E-commerce,Europe,SMB,Basic,4
CUST_01666,2024-10-26,2024-10-01,Education,Latin America,SMB,Basic,8
CUST_01667,2024-07-26,2024-07-01,Education,North America,Mid-market,Pro,145
CUST_01668,2024-01-26,2024-01-01,Education,North America,SMB,Basic,5
CUST_01669,2025-08-11,2025-08-01,E-commerce,Europe,SMB,Basic,8
CUST_01670,2025-02-12,2025-02-01,E-commerce,North America,Enterprise,Enterprise,1751
CUST_01671,2025-10-01,2025-10-01,E-commerce,Asia-Pacific,Mid-market,Pro,94
CUST_01672,2025-09-08,2025-09-01,Education,Asia-Pacific,SMB,Basic,46
CUST_01673,2024-05-21,2024-05-01,Technology,Asia-Pacific,Enterprise,Pro,1906
CUST_01674,2024-08-30,2024-08-01,Retail,North America,SMB,Pro,24
CUST_01675,2025-08-31,2025-08-01,Finance,Latin America,SMB,Pro,49
CUST_01676,2025-11-24,2025-11-01,E-commerce,North America,Mid-market,Enterprise,432
CUST_01677,2024-06-03,2024-06-01,Retail,North America,Mid-market,Enterprise,321
CUST_01678,2024-01-12,2024-01-01,Healthcare,Asia-Pacific,SMB,Pro,26
CUST_01679,2024-10-04,2024-10-01,Finance,North America,Mid-market,Pro,126
CUST_01680,2025-06-04,2025-06-01,Healthcare,Asia-Pacific,SMB,Basic,7
CUST_01681,2025-12-12,2025-12-01,Education,North America,SMB,Basic,40
CUST_01682,2025-02-27,2025-02-01,Retail,Latin America,Enterprise,Enterprise,2615
CUST_01683,2024-12-09,2024-12-01,Retail,Latin America,SMB,Basic,15
CUST_01684,2024-04-04,2024-04-01,Finance,Asia-Pacific,SMB,Enterprise,6
CUST_01685,2025-01-07,2025-01-01,Retail,North America,SMB,Enterprise,11
CUST_01686,2024-06-18,2024-06-01,Finance,Latin America,SMB,Basic,18
CUST_01687,2024-04-08,2024-04-01,Healthcare,Europe,SMB,Pro,21
CUST_01688,2025-07-02,2025-07-01,Retail,Europe,SMB,Basic,21
CUST_01689,2024-05-28,2024-05-01,Finance,North America,Mid-market,Enterprise,92
CUST_01690,2025-02-28,2025-02-01,Education,North America,SMB,Basic,4
CUST_01691,2025-07-18,2025-07-01,Education,Asia-Pacific,SMB,Pro,30
CUST_01692,2024-03-28,2024-03-01,E-commerce,Asia-Pacific,Mid-market,Pro,192
CUST_01693,2025-01-30,2025-01-01,Finance,North America,SMB,Enterprise,49
CUST_01694,2024-10-03,2024-10-01,Technology,Europe,SMB,Enterprise,27
CUST_01695,2025-04-15,2025-04-01,Retail,Asia-Pacific,Mid-market,Basic,169
CUST_01696,2024-02-12,2024-02-01,Finance,North America,SMB,Pro,41
CUST_01697,2024-12-01,2024-12-01,Technology,North America,SMB,Basic,21
CUST_01698,2025-12-10,2025-12-01,Finance,North America,Mid-market,Basic,205
CUST_01699,2025-06-21,2025-06-01,Education,North America,SMB,Basic,49
CUST_01700,2024-03-03,2024-03-01,Retail,Europe,SMB,Pro,47
CUST_01701,2024-09-15,2024-09-01,Education,Europe,Mid-market,Basic,94
CUST_01702,2024-11-26,2024-11-01,E-commerce,Europe,SMB,Basic,47
CUST_01703,2025-11-23,2025-11-01,Technology,Latin America,Mid-market,Enterprise,266
CUST_01704,2024-11-15,2024-11-01,Retail,North America,Mid-market,Basic,154
CUST_01705,2024-02-16,2024-02-01,Technology,North America,SMB,Basic,14
CUST_01706,2025-08-06,2025-08-01,Finance,North America,Enterprise,Enterprise,4980
CUST_01707,2024-02-29,2024-02-01,Healthcare,Europe,SMB,Basic,34
CUST_01708,2024-04-05,2024-04-01,Healthcare,Europe,SMB,Pro,42
CUST_01709,2024-10-04,2024-10-01,Finance,North America,Enterprise,Enterprise,3166
CUST_01710,2024-05-07,2024-05-01,Healthcare,Europe,Mid-market,Pro,300
CUST_01711,2024-10-06,2024-10-01,Finance,Europe,SMB,Basic,49
CUST_01712,2024-04-07,2024-04-01,Retail,Asia-Pacific,SMB,Pro,12
CUST_01713,2024-05-28,2024-05-01,Education,Europe,SMB,Basic,34
CUST_01714,2024-06-10,2024-06-01,Education,North America,SMB,Basic,16
CUST_01715,2024-04-18,2024-04-01,Healthcare,North America,SMB,Enterprise,8
CUST_01716,2025-06-05,2025-06-01,Technology,Asia-Pacific,SMB,Basic,28
CUST_01717,2024-01-26,2024-01-01,Technology,North America,SMB,Basic,16
CUST_01718,2025-06-26,2025-06-01,Education,North America,SMB,Pro,23
CUST_01719,2024-01-20,2024-01-01,Retail,North America,Enterprise,Enterprise,2575
CUST_01720,2025-04-11,2025-04-01,Finance,Europe,SMB,Basic,33
CUST_01721,2024-10-26,2024-10-01,Technology,North America,SMB,Pro,10
CUST_01722,2024-12-07,2024-12-01,Education,Latin America,Mid-market,Enterprise,381
CUST_01723,2024-12-13,2024-12-01,E-commerce,North America,SMB,Basic,22
CUST_01724,2024-04-17,2024-04-01,E-commerce,North America,SMB,Pro,40
CUST_01725,2025-09-04,2025-09-01,Technology,Asia-Pacific,Mid-market,Basic,276
CUST_01726,2025-06-28,2025-06-01,Retail,Asia-Pacific,SMB,Basic,24
CUST_01727,2024-10-12,2024-10-01,Retail,Asia-Pacific,Enterprise,Enterprise,4235
CUST_01728,2025-10-25,2025-10-01,Healthcare,Asia-Pacific,Mid-market,Pro,305
CUST_01729,2025-03-31,2025-03-01,E-commerce,North America,SMB,Basic,43
CUST_01730,2025-06-03,2025-06-01,Healthcare,Europe,SMB,Basic,15
CUST_01731,2025-10-03,2025-10-01,Retail,North America,Mid-market,Basic,374
CUST_01732,2025-08-01,2025-08-01,Education,North America,Enterprise,Enterprise,2831
CUST_01733,2025-04-19,2025-04-01,E-commerce,North America,SMB,Basic,25
CUST_01734,2024-10-30,2024-10-01,E-commerce,Europe,Mid-market,Basic,426
CUST_01735,2024-08-22,2024-08-01,Finance,North America,Mid-market,Pro,442
CUST_01736,2024-02-16,2024-02-01,E-commerce,North America,SMB,Basic,6
CUST_01737,2024-05-23,2024-05-01,E-commerce,North America,Enterprise,Pro,1745
CUST_01738,2024-02-21,2024-02-01,Finance,Europe,SMB,Basic,8
CUST_01739,2025-09-20,2025-09-01,Healthcare,Asia-Pacific,SMB,Basic,5
CUST_01740,2025-06-11,2025-06-01,Education,North America,SMB,Basic,2
CUST_01741,2025-04-12,2025-04-01,Finance,Asia-Pacific,SMB,Basic,44
CUST_01742,2024-08-19,2024-08-01,E-commerce,Asia-Pacific,SMB,Basic,24
CUST_01743,2024-01-20,2024-01-01,Technology,North America,SMB,Pro,45
CUST_01744,2024-07-17,2024-07-01,E-commerce,Europe,SMB,Pro,33
CUST_01745,2025-02-23,2025-02-01,Finance,Europe,SMB,Basic,6
CUST_01746,2024-08-03,2024-08-01,Technology,Europe,SMB,Pro,32
CUST_01747,2024-02-14,2024-02-01,Finance,North America,SMB,Pro,12
CUST_01748,2025-11-26,2025-11-01,Finance,North America,Mid-market,Pro,382
CUST_01749,2025-01-07,2025-01-01,Retail,Europe,Mid-market,Pro,467
CUST_01750,2024-12-21,2024-12-01,Education,Asia-Pacific,SMB,Pro,19
CUST_01751,2025-11-12,2025-11-01,Finance,North America,Mid-market,Pro,226
CUST_01752,2024-12-07,2024-12-01,Education,Europe,SMB,Basic,8
CUST_01753,2024-04-28,2024-04-01,E-commerce,Europe,SMB,Basic,7
CUST_01754,2024-02-15,2024-02-01,E-commerce,Asia-Pacific,Mid-market,Basic,377
CUST_01755,2024-01-03,2024-01-01,Technology,Latin America,SMB,Basic,13
CUST_01756,2025-11-17,2025-11-01,Technology,North America,SMB,Pro,47
CUST_01757,2024-08-21,2024-08-01,E-commerce,Europe,Enterprise,Pro,4957
CUST_01758,2024-04-06,2024-04-01,Technology,North America,SMB,Pro,6
CUST_01759,2025-09-11,2025-09-01,Education,North America,SMB,Basic,27
CUST_01760,2025-08-29,2025-08-01,Education,North America,Mid-market,Basic,410
CUST_01761,2024-07-18,2024-07-01,Education,North America,SMB,Basic,13
CUST_01762,2025-09-29,2025-09-01,Healthcare,Europe,Mid-market,Pro,127
CUST_01763,2025-06-25,2025-06-01,E-commerce,Latin America,Mid-market,Basic,307
CUST_01764,2024-12-25,2024-12-01,E-commerce,Europe,SMB,Pro,25
CUST_01765,2025-07-26,2025-07-01,Healthcare,North America,Mid-market,Pro,138
CUST_01766,2024-04-04,2024-04-01,Retail,North America,Mid-market,Pro,299
CUST_01767,2024-03-27,2024-03-01,E-commerce,Latin America,SMB,Pro,12
CUST_01768,2024-05-20,2024-05-01,E-commerce,Europe,SMB,Basic,40
CUST_01769,2025-12-01,2025-12-01,Education,Europe,Mid-market,Pro,237
CUST_01770,2025-04-27,2025-04-01,Finance,Latin America,SMB,Pro,22
CUST_01771,2024-05-12,2024-05-01,Education,North America,Enterprise,Pro,3377
CUST_01772,2024-12-08,2024-12-01,Finance,Latin America,SMB,Basic,34
CUST_01773,2024-06-18,2024-06-01,Technology,Latin America,SMB,Basic,15
CUST_01774,2025-01-13,2025-01-01,Retail,Asia-Pacific,SMB,Basic,49
CUST_01775,2024-05-16,2024-05-01,Healthcare,Europe,Mid-market,Pro,117
CUST_01776,2024-11-16,2024-11-01,Retail,Europe,SMB,Basic,36
CUST_01777,2024-09-08,2024-09-01,Education,North America,Mid-market,Pro,250
CUST_01778,2024-08-04,2024-08-01,Education,Asia-Pacific,Mid-market,Pro,127
CUST_01779,2025-03-10,2025-03-01,Retail,Europe,Enterprise,Enterprise,4496
CUST_01780,2025-11-21,2025-11-01,Education,North America,Mid-market,Pro,381
CUST_01781,2025-09-12,2025-09-01,Technology,North America,Enterprise,Pro,2533
CUST_01782,2025-08-13,2025-08-01,Technology,Europe,SMB,Basic,48
CUST_01783,2025-05-11,2025-05-01,Finance,Europe,SMB,Basic,38
CUST_01784,2025-12-18,2025-12-01,Retail,North America,SMB,Basic,27
CUST_01785,2025-03-29,2025-03-01,E-commerce,North America,SMB,Pro,10
CUST_01786,2024-02-20,2024-02-01,Education,North America,Mid-market,Basic,91
CUST_01787,2024-02-26,2024-02-01,E-commerce,Latin America,SMB,Pro,7
CUST_01788,2024-06-26,2024-06-01,Healthcare,Asia-Pacific,SMB,Basic,20
CUST_01789,2024-04-15,2024-04-01,Retail,Asia-Pacific,Mid-market,Basic,445
CUST_01790,2025-06-05,2025-06-01,Finance,Latin America,Enterprise,Pro,671
CUST_01791,2024-09-21,2024-09-01,E-commerce,Europe,SMB,Basic,26
CUST_01792,2024-02-03,2024-02-01,Healthcare,North America,Enterprise,Pro,961
CUST_01793,2024-06-16,2024-06-01,Technology,Latin America,SMB,Enterprise,23
CUST_01794,2025-07-27,2025-07-01,Finance,Asia-Pacific,SMB,Basic,28
CUST_01795,2025-08-14,2025-08-01,Technology,North America,SMB,Basic,44
CUST_01796,2025-03-22,2025-03-01,Finance,North America,Enterprise,Enterprise,3942
CUST_01797,2025-10-25,2025-10-01,Retail,North America,Mid-market,Pro,392
CUST_01798,2024-12-23,2024-12-01,Retail,Europe,SMB,Basic,45
CUST_01799,2025-01-23,2025-01-01,Education,North America,Mid-market,Enterprise,70
CUST_01800,2025-10-25,2025-10-01,E-commerce,Europe,SMB,Basic,40
CUST_01801,2025-09-14,2025-09-01,Retail,North America,SMB,Basic,23
CUST_01802,2024-05-29,2024-05-01,Education,North America,SMB,Basic,39
CUST_01803,2025-10-24,2025-10-01,Retail,Asia-Pacific,SMB,Basic,6
CUST_01804,2025-08-03,2025-08-01,Technology,Europe,SMB,Basic,39
CUST_01805,2025-09-15,2025-09-01,E-commerce,Europe,SMB,Basic,8
CUST_01806,2025-07-20,2025-07-01,E-commerce,Europe,Enterprise,Enterprise,4250
CUST_01807,2024-06-08,2024-06-01,Technology,Europe,SMB,Enterprise,26
CUST_01808,2025-07-20,2025-07-01,Finance,Asia-Pacific,Enterprise,Pro,929
CUST_01809,2024-11-03,2024-11-01,Healthcare,Asia-Pacific,SMB,Basic,48
CUST_01810,2024-10-11,2024-10-01,Technology,North America,SMB,Pro,5
CUST_01811,2025-01-04,2025-01-01,E-commerce,Europe,SMB,Basic,2
CUST_01812,2024-08-23,2024-08-01,Education,North America,Mid-market,Enterprise,380
CUST_01813,2025-09-28,2025-09-01,Retail,North America,Enterprise,Enterprise,1685
CUST_01814,2024-07-19,2024-07-01,E-commerce,North America,SMB,Pro,35
CUST_01815,2024-04-02,2024-04-01,Retail,North America,SMB,Basic,36
CUST_01816,2025-10-08,2025-10-01,E-commerce,North America,SMB,Basic,37
CUST_01817,2024-01-20,2024-01-01,Healthcare,Latin America,SMB,Basic,13
CUST_01818,2025-05-29,2025-05-01,E-commerce,North America,SMB,Basic,34
CUST_01819,2025-10-10,2025-10-01,Finance,North America,Mid-market,Pro,306
CUST_01820,2024-03-29,2024-03-01,Education,Asia-Pacific,Mid-market,Pro,426
CUST_01821,2025-09-29,2025-09-01,E-commerce,Latin America,SMB,Pro,3
CUST_01822,2025-11-16,2025-11-01,Education,Europe,SMB,Pro,48
CUST_01823,2025-12-18,2025-12-01,Technology,Asia-Pacific,Enterprise,Basic,1286
CUST_01824,2025-04-04,2025-04-01,Retail,North America,SMB,Basic,35
CUST_01825,2024-10-14,2024-10-01,Healthcare,Latin America,SMB,Basic,40
CUST_01826,2025-09-12,2025-09-01,Education,Europe,Mid-market,Pro,361
CUST_01827,2025-11-24,2025-11-01,Healthcare,Latin America,SMB,Basic,12
CUST_01828,2025-02-12,2025-02-01,Education,North America,SMB,Basic,3
CUST_01829,2025-04-16,2025-04-01,Healthcare,North America,SMB,Basic,27
CUST_01830,2024-10-03,2024-10-01,E-commerce,Asia-Pacific,SMB,Basic,22
CUST_01831,2025-02-15,2025-02-01,Education,North America,SMB,Pro,37
CUST_01832,2025-06-09,2025-06-01,Education,Asia-Pacific,SMB,Basic,47
CUST_01833,2025-09-27,2025-09-01,Technology,North America,SMB,Pro,19
CUST_01834,2025-06-22,2025-06-01,Finance,Europe,Mid-market,Basic,308
CUST_01835,2025-04-07,2025-04-01,Healthcare,North America,SMB,Pro,5
CUST_01836,2024-11-20,2024-11-01,Technology,Asia-Pacific,SMB,Basic,7
CUST_01837,2025-01-17,2025-01-01,Retail,Latin America,SMB,Basic,48
CUST_01838,2024-09-04,2024-09-01,Finance,Europe,SMB,Enterprise,37
CUST_01839,2024-11-13,2024-11-01,Education,Europe,SMB,Pro,4
CUST_01840,2024-02-13,2024-02-01,Technology,Europe,SMB,Basic,46
CUST_01841,2024-09-11,2024-09-01,E-commerce,Latin America,SMB,Basic,6
CUST_01842,2024-03-07,2024-03-01,Education,Asia-Pacific,Enterprise,Basic,648
CUST_01843,2024-01-27,2024-01-01,E-commerce,North America,SMB,Basic,26
CUST_01844,2024-11-17,2024-11-01,Healthcare,North America,Mid-market,Basic,342
CUST_01845,2024-10-20,2024-10-01,Technology,Europe,Mid-market,Pro,230
CUST_01846,2024-08-22,2024-08-01,Healthcare,North America,Mid-market,Pro,357
CUST_01847,2025-10-19,2025-10-01,Finance,Europe,Mid-market,Pro,268
CUST_01848,2024-04-27,2024-04-01,Technology,North America,Enterprise,Enterprise,4571
CUST_01849,2024-07-25,2024-07-01,Healthcare,Europe,Mid-market,Pro,177
CUST_01850,2024-07-03,2024-07-01,Education,Latin America,SMB,Pro,2
CUST_01851,2024-03-10,2024-03-01,Finance,Latin America,SMB,Basic,9
CUST_01852,2025-05-18,2025-05-01,Healthcare,Asia-Pacific,SMB,Basic,1
CUST_01853,2024-02-26,2024-02-01,Healthcare,North America,Mid-market,Enterprise,432
CUST_01854,2025-07-20,2025-07-01,Technology,Europe,SMB,Basic,44
CUST_01855,2025-10-23,2025-10-01,Healthcare,North America,Enterprise,Enterprise,4620
CUST_01856,2025-10-25,2025-10-01,Technology,Europe,SMB,Basic,14
CUST_01857,2025-07-18,2025-07-01,Technology,North America,Mid-market,Pro,382
CUST_01858,2024-07-22,2024-07-01,Healthcare,Asia-Pacific,SMB,Basic,27
CUST_01859,2024-07-28,2024-07-01,Healthcare,North America,SMB,Basic,39
CUST_01860,2025-12-11,2025-12-01,Healthcare,Asia-Pacific,SMB,Pro,7
CUST_01861,2024-07-31,2024-07-01,Retail,Asia-Pacific,Enterprise,Enterprise,1737
CUST_01862,2024-12-24,2024-12-01,Retail,North America,SMB,Basic,23
CUST_01863,2024-06-24,2024-06-01,Healthcare,Europe,SMB,Basic,17
CUST_01864,2024-05-17,2024-05-01,Retail,Europe,SMB,Basic,23
CUST_01865,2024-08-17,2024-08-01,Education,Asia-Pacific,SMB,Pro,42
CUST_01866,2025-10-08,2025-10-01,Healthcare,Asia-Pacific,SMB,Basic,30
CUST_01867,2024-12-23,2024-12-01,Technology,Europe,Mid-market,Basic,354
CUST_01868,2024-09-25,2024-09-01,Healthcare,Europe,Enterprise,Enterprise,3555
CUST_01869,2024-10-02,2024-10-01,Healthcare,Asia-Pacific,Mid-market,Enterprise,103
CUST_01870,2025-12-21,2025-12-01,Education,North America,SMB,Basic,48
CUST_01871,2024-04-21,2024-04-01,E-commerce,North America,SMB,Basic,20
CUST_01872,2024-01-13,2024-01-01,Technology,North America,SMB,Enterprise,14
CUST_01873,2024-06-28,2024-06-01,E-commerce,North America,Mid-market,Enterprise,140
CUST_01874,2024-04-29,2024-04-01,Retail,Asia-Pacific,Enterprise,Pro,4164
CUST_01875,2024-10-15,2024-10-01,Finance,Europe,SMB,Basic,4
CUST_01876,2024-11-19,2024-11-01,E-commerce,Latin America,SMB,Basic,4
CUST_01877,2024-11-20,2024-11-01,E-commerce,Asia-Pacific,SMB,Basic,48
CUST_01878,2025-03-21,2025-03-01,Healthcare,Asia-Pacific,SMB,Basic,16
CUST_01879,2024-09-19,2024-09-01,Finance,Asia-Pacific,Enterprise,Pro,975
CUST_01880,2024-09-22,2024-09-01,E-commerce,Europe,SMB,Pro,17
CUST_01881,2024-07-17,2024-07-01,Education,Europe,SMB,Basic,24
CUST_01882,2024-08-26,2024-08-01,Healthcare,Europe,SMB,Basic,49
CUST_01883,2025-01-20,2025-01-01,Finance,North America,SMB,Basic,48
CUST_01884,2024-01-12,2024-01-01,E-commerce,Europe,SMB,Enterprise,38
CUST_01885,2025-11-13,2025-11-01,Retail,Europe,SMB,Basic,11
CUST_01886,2025-08-18,2025-08-01,Retail,North America,SMB,Pro,42
CUST_01887,2025-03-03,2025-03-01,E-commerce,North America,Enterprise,Enterprise,2112
CUST_01888,2024-07-22,2024-07-01,Retail,Latin America,Enterprise,Pro,3530
CUST_01889,2024-02-27,2024-02-01,Healthcare,North America,Enterprise,Enterprise,3860
CUST_01890,2025-01-05,2025-01-01,Retail,North America,Mid-market,Pro,116
CUST_01891,2024-08-08,2024-08-01,Education,Europe,SMB,Basic,18
CUST_01892,2024-07-06,2024-07-01,E-commerce,Europe,SMB,Basic,12
CUST_01893,2025-06-14,2025-06-01,Technology,North America,SMB,Pro,2
CUST_01894,2025-05-31,2025-05-01,E-commerce,Europe,Mid-market,Basic,483
CUST_01895,2024-12-06,2024-12-01,Retail,Asia-Pacific,Enterprise,Enterprise,3208
CUST_01896,2025-08-25,2025-08-01,Technology,Asia-Pacific,SMB,Basic,1
CUST_01897,2025-11-29,2025-11-01,Technology,North America,SMB,Pro,44
CUST_01898,2024-09-28,2024-09-01,Retail,North America,SMB,Pro,35
CUST_01899,2024-07-04,2024-07-01,Healthcare,North America,Enterprise,Enterprise,2053
CUST_01900,2025-05-16,2025-05-01,Education,North America,SMB,Basic,40
CUST_01901,2024-04-18,2024-04-01,Technology,North America,SMB,Basic,45
CUST_01902,2025-12-27,2025-12-01,E-commerce,North America,SMB,Basic,43
CUST_01903,2025-10-14,2025-10-01,Finance,North America,Enterprise,Enterprise,4570
CUST_01904,2024-03-01,2024-03-01,Education,Europe,SMB,Pro,39
CUST_01905,2024-01-08,2024-01-01,Education,Europe,Mid-market,Basic,76
CUST_01906,2024-07-11,2024-07-01,E-commerce,Latin America,Enterprise,Enterprise,1132
CUST_01907,2025-07-04,2025-07-01,Healthcare,North America,SMB,Basic,13
CUST_01908,2025-02-19,2025-02-01,E-commerce,North America,SMB,Basic,4
CUST_01909,2024-06-21,2024-06-01,Technology,North America,Enterprise,Enterprise,4128
CUST_01910,2025-08-21,2025-08-01,E-commerce,North America,SMB,Pro,19
CUST_01911,2024-06-26,2024-06-01,Technology,North America,Mid-market,Basic,456
CUST_01912,2024-07-12,2024-07-01,Retail,Latin America,Mid-market,Pro,270
CUST_01913,2024-02-22,2024-02-01,Education,North America,SMB,Basic,10
CUST_01914,2024-04-26,2024-04-01,Finance,North America,Enterprise,Enterprise,1974
CUST_01915,2025-06-01,2025-06-01,Healthcare,North America,SMB,Basic,24
CUST_01916,2025-05-11,2025-05-01,Healthcare,Europe,Mid-market,Basic,142
CUST_01917,2025-04-11,2025-04-01,Finance,Europe,SMB,Basic,22
CUST_01918,2024-01-21,2024-01-01,Education,North America,SMB,Basic,7
CUST_01919,2025-02-07,2025-02-01,Retail,North America,SMB,Basic,14
CUST_01920,2024-10-02,2024-10-01,Technology,North America,SMB,Enterprise,14
CUST_01921,2024-06-23,2024-06-01,Retail,North America,SMB,Pro,3
CUST_01922,2025-01-31,2025-01-01,Technology,Europe,SMB,Pro,40
CUST_01923,2025-03-27,2025-03-01,Retail,North America,Mid-market,Pro,165
CUST_01924,2024-02-21,2024-02-01,E-commerce,North America,Mid-market,Enterprise,95
CUST_01925,2024-08-25,2024-08-01,Technology,North America,SMB,Basic,17
CUST_01926,2025-10-01,2025-10-01,Finance,North America,SMB,Basic,36
CUST_01927,2024-11-22,2024-11-01,E-commerce,North America,SMB,Pro,10
CUST_01928,2024-02-19,2024-02-01,Finance,Latin America,Mid-market,Basic,137
CUST_01929,2025-06-21,2025-06-01,Education,North America,SMB,Basic,44
CUST_01930,2025-03-23,2025-03-01,Technology,Asia-Pacific,Mid-market,Pro,220
CUST_01931,2025-04-29,2025-04-01,E-commerce,North America,Mid-market,Pro,221
CUST_01932,2024-08-04,2024-08-01,E-commerce,Asia-Pacific,Mid-market,Pro,432
CUST_01933,2025-12-17,2025-12-01,Technology,North America,Enterprise,Enterprise,4127
CUST_01934,2025-03-26,2025-03-01,Technology,North America,SMB,Basic,17
CUST_01935,2024-09-28,2024-09-01,Healthcare,North America,Mid-market,Enterprise,189
CUST_01936,2024-04-28,2024-04-01,Healthcare,Asia-Pacific,Enterprise,Enterprise,3027
CUST_01937,2024-05-13,2024-05-01,Technology,Asia-Pacific,Mid-market,Basic,339
CUST_01938,2025-09-20,2025-09-01,Technology,Europe,SMB,Pro,39
CUST_01939,2025-09-27,2025-09-01,Retail,Latin America,SMB,Basic,9
CUST_01940,2024-04-18,2024-04-01,Retail,North America,SMB,Basic,27
CUST_01941,2024-09-29,2024-09-01,Technology,North America,SMB,Pro,9
CUST_01942,2025-06-25,2025-06-01,Education,Europe,Mid-market,Enterprise,112
CUST_01943,2025-04-27,2025-04-01,E-commerce,Latin America,Enterprise,Enterprise,716
CUST_01944,2024-07-14,2024-07-01,Technology,Europe,SMB,Basic,43
CUST_01945,2024-02-26,2024-02-01,Healthcare,North America,SMB,Pro,37
CUST_01946,2024-08-02,2024-08-01,Technology,North America,Mid-market,Basic,277
CUST_01947,2024-03-19,2024-03-01,E-commerce,Europe,Mid-market,Pro,452
CUST_01948,2025-10-30,2025-10-01,Education,North America,Mid-market,Pro,498
CUST_01949,2024-02-25,2024-02-01,Finance,Latin America,SMB,Pro,36
CUST_01950,2024-09-25,2024-09-01,E-commerce,North America,Enterprise,Pro,835
CUST_01951,2024-02-20,2024-02-01,Technology,Asia-Pacific,Mid-market,Pro,125
CUST_01952,2024-11-11,2024-11-01,Healthcare,North America,SMB,Pro,28
CUST_01953,2024-03-11,2024-03-01,Education,Europe,Enterprise,Enterprise,1945
CUST_01954,2024-05-28,2024-05-01,Finance,North America,SMB,Basic,37
CUST_01955,2025-05-19,2025-05-01,Education,Latin America,SMB,Pro,39
CUST_01956,2025-05-03,2025-05-01,Finance,North America,Mid-market,Basic,156
CUST_01957,2025-06-13,2025-06-01,E-commerce,Europe,Mid-market,Pro,264
CUST_01958,2024-10-07,2024-10-01,Technology,Europe,SMB,Pro,40
CUST_01959,2024-02-03,2024-02-01,Healthcare,Asia-Pacific,SMB,Enterprise,26
CUST_01960,2024-01-31,2024-01-01,Finance,North America,Mid-market,Basic,489
CUST_01961,2025-02-14,2025-02-01,Finance,Asia-Pacific,Mid-market,Pro,442
CUST_01962,2025-06-23,2025-06-01,Retail,North America,Enterprise,Enterprise,2792
CUST_01963,2024-05-01,2024-05-01,Technology,Latin America,Enterprise,Enterprise,2179
CUST_01964,2025-08-18,2025-08-01,E-commerce,Asia-Pacific,SMB,Basic,30
CUST_01965,2024-09-05,2024-09-01,Education,North America,SMB,Basic,15
CUST_01966,2025-01-04,2025-01-01,Retail,Europe,SMB,Basic,27
CUST_01967,2024-08-14,2024-08-01,Retail,Asia-Pacific,SMB,Basic,31
CUST_01968,2025-02-23,2025-02-01,Technology,North America,Mid-market,Basic,304
CUST_01969,2025-04-15,2025-04-01,Finance,North America,SMB,Basic,48
CUST_01970,2025-07-10,2025-07-01,Education,North America,Mid-market,Basic,453
CUST_01971,2024-11-30,2024-11-01,Technology,Europe,SMB,Basic,2
CUST_01972,2024-09-05,2024-09-01,Technology,North America,SMB,Basic,28
CUST_01973,2025-01-10,2025-01-01,Finance,Asia-Pacific,SMB,Pro,41
CUST_01974,2024-11-03,2024-11-01,Healthcare,Europe,Enterprise,Enterprise,3637
CUST_01975,2025-02-25,2025-02-01,Technology,North America,SMB,Pro,46
CUST_01976,2025-09-17,2025-09-01,Technology,Latin America,SMB,Enterprise,41
CUST_01977,2025-11-07,2025-11-01,Technology,Asia-Pacific,Mid-market,Pro,336
CUST_01978,2025-04-15,2025-04-01,Education,Europe,SMB,Basic,17
CUST_01979,2024-05-26,2024-05-01,E-commerce,Asia-Pacific,Mid-market,Basic,497
CUST_01980,2025-11-16,2025-11-01,Retail,Europe,SMB,Basic,29
CUST_01981,2024-01-14,2024-01-01,Finance,North America,Enterprise,Enterprise,4890
CUST_01982,2024-07-01,2024-07-01,E-commerce,Asia-Pacific,Mid-market,Basic,132
CUST_01983,2024-06-07,2024-06-01,Healthcare,Asia-Pacific,SMB,Pro,48
CUST_01984,2025-07-22,2025-07-01,E-commerce,North America,Enterprise,Enterprise,3691
CUST_01985,2024-09-02,2024-09-01,E-commerce,North America,SMB,Basic,26
CUST_01986,2025-10-09,2025-10-01,Technology,North America,Enterprise,Enterprise,860
CUST_01987,2025-08-21,2025-08-01,Retail,Europe,SMB,Basic,27
CUST_01988,2025-09-12,2025-09-01,Healthcare,Latin America,Enterprise,Enterprise,3353
CUST_01989,2024-07-07,2024-07-01,E-commerce,Europe,Enterprise,Basic,1054
CUST_01990,2025-11-29,2025-11-01,Education,Europe,SMB,Basic,16
CUST_01991,2024-03-17,2024-03-01,Finance,Europe,SMB,Pro,36
CUST_01992,2024-10-16,2024-10-01,E-commerce,Europe,SMB,Basic,17
CUST_01993,2025-01-23,2025-01-01,Finance,Europe,SMB,Basic,27
CUST_01994,2025-12-19,2025-12-01,Education,Asia-Pacific,SMB,Basic,2
CUST_01995,2025-05-17,2025-05-01,E-commerce,North America,Enterprise,Enterprise,4727
CUST_01996,2025-03-14,2025-03-01,Healthcare,North America,SMB,Basic,2
CUST_01997,2024-08-21,2024-08-01,E-commerce,Europe,SMB,Basic,6
CUST_01998,2024-03-21,2024-03-01,Retail,Asia-Pacific,SMB,Pro,39
CUST_01999,2024-10-14,2024-10-01,E-commerce,Latin America,SMB,Pro,10
CUST_02000,2025-03-22,2025-03-01,Retail,Europe,Mid-market,Basic,72
CUST_02001,2024-04-07,2024-04-01,E-commerce,Asia-Pacific,SMB,Basic,22
CUST_02002,2025-05-09,2025-05-01,Healthcare,Europe,SMB,Basic,46
CUST_02003,2025-08-15,2025-08-01,Healthcare,Europe,SMB,Basic,2
CUST_02004,2024-08-28,2024-08-01,Finance,Asia-Pacific,SMB,Basic,27
CUST_02005,2025-05-28,2025-05-01,Healthcare,North America,SMB,Pro,13
CUST_02006,2025-01-16,2025-01-01,E-commerce,Europe,SMB,Pro,7
CUST_02007,2025-12-22,2025-12-01,Education,North America,SMB,Basic,44
CUST_02008,2024-09-16,2024-09-01,E-commerce,Europe,Mid-market,Enterprise,393
CUST_02009,2025-06-02,2025-06-01,Finance,North America,SMB,Basic,29
CUST_02010,2025-08-12,2025-08-01,Retail,Asia-Pacific,Enterprise,Enterprise,3848
CUST_02011,2025-06-13,2025-06-01,Education,Europe,SMB,Basic,28
CUST_02012,2025-04-13,2025-04-01,Healthcare,Latin America,SMB,Basic,35
CUST_02013,2025-04-10,2025-04-01,Healthcare,North America,SMB,Basic,49
CUST_02014,2024-02-21,2024-02-01,E-commerce,Europe,SMB,Basic,9
CUST_02015,2025-04-01,2025-04-01,Healthcare,North America,SMB,Basic,7
CUST_02016,2025-01-12,2025-01-01,Technology,Asia-Pacific,SMB,Basic,39
CUST_02017,2025-04-02,2025-04-01,Education,North America,SMB,Basic,47
CUST_02018,2024-02-05,2024-02-01,Finance,Europe,SMB,Basic,48
CUST_02019,2024-03-05,2024-03-01,Finance,Latin America,SMB,Pro,21
CUST_02020,2024-06-03,2024-06-01,Healthcare,Europe,SMB,Basic,40
CUST_02021,2025-01-06,2025-01-01,Education,North America,Enterprise,Enterprise,2686
CUST_02022,2024-08-18,2024-08-01,Education,Latin America,Mid-market,Pro,471
CUST_02023,2024-10-29,2024-10-01,Finance,Latin America,SMB,Basic,29
CUST_02024,2024-05-04,2024-05-01,Technology,North America,SMB,Basic,42
CUST_02025,2024-05-10,2024-05-01,E-commerce,Europe,SMB,Pro,2
CUST_02026,2024-08-20,2024-08-01,Retail,North America,Mid-market,Pro,229
CUST_02027,2025-12-25,2025-12-01,Healthcare,Europe,SMB,Pro,45
CUST_02028,2025-03-03,2025-03-01,Retail,North America,Mid-market,Basic,440
CUST_02029,2025-03-03,2025-03-01,Healthcare,North America,SMB,Basic,6
CUST_02030,2024-06-07,2024-06-01,Healthcare,Latin America,SMB,Pro,2
CUST_02031,2025-05-12,2025-05-01,Education,Europe,SMB,Pro,9
CUST_02032,2025-01-20,2025-01-01,E-commerce,Latin America,SMB,Pro,43
CUST_02033,2025-08-15,2025-08-01,Retail,Asia-Pacific,Mid-market,Pro,188
CUST_02034,2024-11-21,2024-11-01,Finance,North America,SMB,Enterprise,12
CUST_02035,2025-03-21,2025-03-01,Healthcare,Latin America,Mid-market,Pro,182
CUST_02036,2025-10-28,2025-10-01,Retail,Asia-Pacific,SMB,Basic,1
CUST_02037,2025-05-16,2025-05-01,Retail,Asia-Pacific,SMB,Basic,25
CUST_02038,2024-03-17,2024-03-01,E-commerce,North America,Enterprise,Enterprise,1169
CUST_02039,2025-12-18,2025-12-01,E-commerce,Latin America,SMB,Basic,12
CUST_02040,2025-03-25,2025-03-01,Retail,North America,Mid-market,Pro,455
CUST_02041,2025-09-05,2025-09-01,Healthcare,North America,Mid-market,Enterprise,299
CUST_02042,2024-11-12,2024-11-01,Education,North America,Mid-market,Enterprise,62
CUST_02043,2025-05-06,2025-05-01,Finance,North America,Enterprise,Pro,2075
CUST_02044,2024-04-17,2024-04-01,Finance,Europe,SMB,Pro,49
CUST_02045,2025-04-06,2025-04-01,Technology,Latin America,Enterprise,Basic,692
CUST_02046,2025-02-19,2025-02-01,Technology,Asia-Pacific,SMB,Basic,13
CUST_02047,2025-02-11,2025-02-01,Education,Asia-Pacific,SMB,Basic,14
CUST_02048,2024-05-13,2024-05-01,E-commerce,North America,Mid-market,Basic,143
CUST_02049,2024-10-23,2024-10-01,Retail,Europe,SMB,Pro,24
CUST_02050,2024-03-18,2024-03-01,Technology,Europe,Enterprise,Enterprise,1716
CUST_02051,2024-02-24,2024-02-01,Retail,Europe,SMB,Pro,3
CUST_02052,2024-04-11,2024-04-01,E-commerce,Europe,Mid-market,Pro,463
CUST_02053,2024-04-29,2024-04-01,Retail,North America,SMB,Pro,38
CUST_02054,2025-01-28,2025-01-01,E-commerce,Asia-Pacific,Mid-market,Pro,454
CUST_02055,2024-04-01,2024-04-01,Education,Latin America,Enterprise,Enterprise,3106
CUST_02056,2024-04-08,2024-04-01,Technology,Asia-Pacific,SMB,Basic,2
CUST_02057,2025-10-18,2025-10-01,E-commerce,Latin America,Enterprise,Enterprise,514
CUST_02058,2025-02-22,2025-02-01,Finance,Latin America,Mid-market,Basic,296
CUST_02059,2024-01-05,2024-01-01,Finance,Europe,SMB,Pro,34
CUST_02060,2025-08-08,2025-08-01,Retail,Latin America,SMB,Basic,49
CUST_02061,2024-12-16,2024-12-01,Healthcare,Europe,Mid-market,Pro,352
CUST_02062,2025-11-11,2025-11-01,Finance,North America,Mid-market,Pro,373
CUST_02063,2024-10-06,2024-10-01,Education,North America,SMB,Basic,15
CUST_02064,2024-03-31,2024-03-01,Healthcare,Europe,SMB,Basic,30
CUST_02065,2024-02-07,2024-02-01,Technology,North America,SMB,Pro,4
CUST_02066,2024-05-02,2024-05-01,Healthcare,Latin America,SMB,Basic,22
CUST_02067,2025-01-10,2025-01-01,Healthcare,North America,SMB,Basic,16
CUST_02068,2025-09-25,2025-09-01,Technology,North America,Mid-market,Enterprise,399
CUST_02069,2025-04-17,2025-04-01,Retail,North America,Mid-market,Pro,61
CUST_02070,2024-03-27,2024-03-01,Technology,Asia-Pacific,SMB,Pro,34
CUST_02071,2025-05-08,2025-05-01,Retail,North America,SMB,Basic,13
CUST_02072,2024-05-21,2024-05-01,E-commerce,Asia-Pacific,SMB,Basic,47
CUST_02073,2025-11-03,2025-11-01,E-commerce,Europe,SMB,Basic,47
CUST_02074,2024-10-28,2024-10-01,Healthcare,Europe,Mid-market,Basic,395
CUST_02075,2024-03-21,2024-03-01,Education,Asia-Pacific,SMB,Basic,33
CUST_02076,2025-03-10,2025-03-01,Finance,North America,SMB,Basic,43
CUST_02077,2024-07-04,2024-07-01,Finance,North America,Mid-market,Enterprise,347
CUST_02078,2024-02-20,2024-02-01,Finance,Asia-Pacific,SMB,Basic,27
CUST_02079,2025-05-20,2025-05-01,Healthcare,Asia-Pacific,SMB,Basic,4
CUST_02080,2025-07-22,2025-07-01,Retail,Europe,SMB,Basic,41
CUST_02081,2025-07-20,2025-07-01,Retail,Europe,Mid-market,Basic,112
CUST_02082,2025-03-04,2025-03-01,Retail,North America,SMB,Basic,9
CUST_02083,2024-08-23,2024-08-01,Education,Europe,Enterprise,Pro,526
CUST_02084,2025-07-03,2025-07-01,E-commerce,Asia-Pacific,SMB,Basic,3
CUST_02085,2024-07-08,2024-07-01,Finance,North America,SMB,Pro,38
CUST_02086,2024-12-25,2024-12-01,E-commerce,Europe,Enterprise,Basic,2524
CUST_02087,2025-05-13,2025-05-01,Education,North America,Enterprise,Enterprise,2019
CUST_02088,2025-09-16,2025-09-01,Healthcare,Asia-Pacific,Mid-market,Enterprise,454
CUST_02089,2024-01-23,2024-01-01,E-commerce,Europe,SMB,Basic,23
CUST_02090,2024-08-06,2024-08-01,Healthcare,Asia-Pacific,Mid-market,Basic,338
CUST_02091,2024-08-10,2024-08-01,Healthcare,North America,Enterprise,Pro,4377
CUST_02092,2025-03-04,2025-03-01,Finance,Latin America,Enterprise,Enterprise,3091
CUST_02093,2025-03-25,2025-03-01,Technology,North America,SMB,Basic,21
CUST_02094,2024-11-07,2024-11-01,E-commerce,Latin America,Enterprise,Enterprise,3732
CUST_02095,2025-03-03,2025-03-01,Retail,Asia-Pacific,Enterprise,Enterprise,2840
CUST_02096,2025-04-09,2025-04-01,E-commerce,Asia-Pacific,SMB,Basic,37
CUST_02097,2025-02-22,2025-02-01,Finance,Asia-Pacific,Mid-market,Pro,269
CUST_02098,2024-10-12,2024-10-01,Education,Europe,Mid-market,Basic,442
CUST_02099,2025-12-05,2025-12-01,Technology,Europe,Enterprise,Enterprise,1874
CUST_02100,2024-11-29,2024-11-01,Finance,Latin America,SMB,Basic,19
CUST_02101,2024-12-12,2024-12-01,Education,Europe,Enterprise,Enterprise,2071
CUST_02102,2025-01-06,2025-01-01,Education,North America,SMB,Basic,26
CUST_02103,2024-09-20,2024-09-01,Technology,North America,SMB,Basic,22
CUST_02104,2025-12-26,2025-12-01,E-commerce,Europe,SMB,Basic,15
CUST_02105,2024-04-10,2024-04-01,Education,Latin America,SMB,Basic,41
CUST_02106,2025-11-24,2025-11-01,Healthcare,Europe,Mid-market,Pro,270
CUST_02107,2025-05-27,2025-05-01,Education,North America,SMB,Pro,22
CUST_02108,2025-07-06,2025-07-01,Healthcare,Asia-Pacific,SMB,Basic,34
CUST_02109,2024-06-15,2024-06-01,Education,North America,Mid-market,Enterprise,229
CUST_02110,2025-11-30,2025-11-01,Technology,Asia-Pacific,SMB,Basic,46
CUST_02111,2024-12-11,2024-12-01,E-commerce,Europe,Mid-market,Pro,254
CUST_02112,2025-06-22,2025-06-01,E-commerce,Asia-Pacific,SMB,Basic,23
CUST_02113,2024-08-27,2024-08-01,Retail,North America,SMB,Pro,43
CUST_02114,2024-04-01,2024-04-01,E-commerce,Europe,Enterprise,Enterprise,1582
CUST_02115,2024-12-07,2024-12-01,Technology,Europe,Enterprise,Pro,1952
CUST_02116,2025-10-19,2025-10-01,Education,North America,SMB,Enterprise,2
CUST_02117,2024-12-12,2024-12-01,Finance,North America,SMB,Pro,32
CUST_02118,2025-02-15,2025-02-01,Education,Europe,SMB,Basic,1
CUST_02119,2024-01-17,2024-01-01,Finance,Asia-Pacific,Enterprise,Basic,1444
CUST_02120,2025-05-02,2025-05-01,Retail,Latin America,Mid-market,Basic,227
CUST_02121,2025-02-13,2025-02-01,Retail,North America,SMB,Basic,47
CUST_02122,2024-03-22,2024-03-01,Finance,Latin America,Mid-market,Basic,59
CUST_02123,2025-09-26,2025-09-01,Healthcare,Europe,Enterprise,Pro,4884
CUST_02124,2025-08-05,2025-08-01,Education,North America,SMB,Pro,25
CUST_02125,2025-03-16,2025-03-01,Healthcare,North America,SMB,Pro,17
CUST_02126,2025-11-07,2025-11-01,Retail,North America,SMB,Basic,8
CUST_02127,2024-11-07,2024-11-01,Education,Asia-Pacific,SMB,Basic,48
CUST_02128,2024-06-17,2024-06-01,Technology,Europe,SMB,Basic,10
CUST_02129,2024-08-31,2024-08-01,E-commerce,North America,Mid-market,Basic,430
CUST_02130,2025-06-14,2025-06-01,Finance,Europe,SMB,Pro,40
CUST_02131,2024-07-10,2024-07-01,Retail,Europe,SMB,Pro,6
CUST_02132,2024-06-02,2024-06-01,E-commerce,Asia-Pacific,SMB,Enterprise,31
CUST_02133,2024-07-22,2024-07-01,Finance,Asia-Pacific,Enterprise,Pro,3871
CUST_02134,2025-03-01,2025-03-01,Finance,Latin America,SMB,Basic,11
CUST_02135,2025-12-15,2025-12-01,E-commerce,North America,Mid-market,Basic,108
CUST_02136,2024-01-21,2024-01-01,Retail,North America,Enterprise,Enterprise,1179
CUST_02137,2024-07-21,2024-07-01,Technology,Europe,Mid-market,Basic,152
CUST_02138,2024-11-11,2024-11-01,Technology,Europe,Mid-market,Basic,209
CUST_02139,2024-08-27,2024-08-01,Technology,North America,Enterprise,Enterprise,2143
CUST_02140,2024-12-01,2024-12-01,Finance,North America,Mid-market,Pro,330
CUST_02141,2025-11-05,2025-11-01,Healthcare,Europe,Mid-market,Pro,272
CUST_02142,2024-04-26,2024-04-01,Technology,North America,SMB,Basic,4
CUST_02143,2025-06-15,2025-06-01,E-commerce,Europe,SMB,Basic,41
CUST_02144,2024-02-28,2024-02-01,Healthcare,North America,SMB,Basic,21
CUST_02145,2025-02-02,2025-02-01,E-commerce,Asia-Pacific,SMB,Basic,9
CUST_02146,2024-09-19,2024-09-01,Education,North America,Enterprise,Enterprise,4955
CUST_02147,2024-05-08,2024-05-01,Finance,North America,Mid-market,Pro,453
CUST_02148,2025-08-14,2025-08-01,Technology,Latin America,SMB,Pro,31
CUST_02149,2025-07-15,2025-07-01,Healthcare,Asia-Pacific,SMB,Pro,29
CUST_02150,2025-12-15,2025-12-01,Education,Asia-Pacific,SMB,Pro,22
CUST_02151,2025-11-04,2025-11-01,Retail,Europe,SMB,Basic,18
CUST_02152,2025-05-13,2025-05-01,Technology,North America,SMB,Basic,16
CUST_02153,2025-05-25,2025-05-01,Technology,Asia-Pacific,SMB,Basic,3
CUST_02154,2024-03-23,2024-03-01,E-commerce,Latin America,Mid-market,Pro,67
CUST_02155,2025-08-27,2025-08-01,Education,Europe,SMB,Basic,44
CUST_02156,2025-07-16,2025-07-01,Technology,Asia-Pacific,SMB,Basic,45
CUST_02157,2024-06-06,2024-06-01,Education,North America,Mid-market,Enterprise,290
CUST_02158,2024-11-25,2024-11-01,Retail,Asia-Pacific,SMB,Basic,15
CUST_02159,2024-06-17,2024-06-01,Education,Europe,SMB,Pro,5
CUST_02160,2024-10-23,2024-10-01,Finance,North America,SMB,Basic,11
CUST_02161,2025-06-08,2025-06-01,E-commerce,Latin America,Mid-market,Basic,477
CUST_02162,2024-08-23,2024-08-01,Technology,Europe,SMB,Basic,15
CUST_02163,2025-06-11,2025-06-01,Education,Europe,Enterprise,Enterprise,1159
CUST_02164,2024-06-25,2024-06-01,Retail,Europe,SMB,Pro,36
CUST_02165,2025-03-20,2025-03-01,Healthcare,Europe,SMB,Basic,29
CUST_02166,2025-06-02,2025-06-01,Technology,Europe,SMB,Basic,45
CUST_02167,2024-11-04,2024-11-01,Technology,Latin America,Mid-market,Basic,179
CUST_02168,2025-12-07,2025-12-01,Technology,North America,Mid-market,Pro,380
CUST_02169,2025-06-26,2025-06-01,Retail,North America,SMB,Pro,25
CUST_02170,2024-11-26,2024-11-01,Finance,Asia-Pacific,Enterprise,Enterprise,3477
CUST_02171,2024-08-15,2024-08-01,Finance,Europe,Mid-market,Pro,176
CUST_02172,2025-08-09,2025-08-01,Technology,Latin America,Enterprise,Pro,3242
CUST_02173,2025-06-23,2025-06-01,E-commerce,Europe,SMB,Basic,17
CUST_02174,2025-02-23,2025-02-01,E-commerce,Latin America,Mid-market,Pro,469
CUST_02175,2024-11-29,2024-11-01,Retail,Europe,SMB,Basic,12
CUST_02176,2025-07-26,2025-07-01,Education,North America,SMB,Basic,25
CUST_02177,2024-03-09,2024-03-01,Retail,North America,Mid-market,Basic,298
CUST_02178,2025-09-08,2025-09-01,Healthcare,Asia-Pacific,Mid-market,Pro,132
CUST_02179,2025-10-07,2025-10-01,Retail,Europe,SMB,Pro,31
CUST_02180,2024-11-30,2024-11-01,E-commerce,Asia-Pacific,SMB,Pro,25
CUST_02181,2025-09-10,2025-09-01,Technology,North America,SMB,Basic,39
CUST_02182,2025-10-22,2025-10-01,Technology,North America,Enterprise,Enterprise,4746
CUST_02183,2024-02-19,2024-02-01,Retail,Europe,SMB,Basic,21
CUST_02184,2024-02-22,2024-02-01,Retail,North America,SMB,Basic,7
CUST_02185,2024-05-26,2024-05-01,Healthcare,Europe,SMB,Basic,44
CUST_02186,2024-01-12,2024-01-01,E-commerce,Europe,Mid-market,Enterprise,221
CUST_02187,2025-04-12,2025-04-01,Technology,Asia-Pacific,SMB,Enterprise,41
CUST_02188,2025-11-04,2025-11-01,Finance,North America,SMB,Basic,15
CUST_02189,2024-06-08,2024-06-01,Finance,Europe,SMB,Basic,5
CUST_02190,2024-07-28,2024-07-01,E-commerce,Europe,SMB,Basic,23
CUST_02191,2024-01-05,2024-01-01,Retail,North America,SMB,Basic,22
CUST_02192,2024-09-27,2024-09-01,Retail,North America,SMB,Basic,38
CUST_02193,2025-03-25,2025-03-01,Education,Latin America,SMB,Basic,2
CUST_02194,2024-08-05,2024-08-01,Technology,Europe,SMB,Pro,9
CUST_02195,2025-12-11,2025-12-01,Education,North America,SMB,Pro,15
CUST_02196,2025-11-16,2025-11-01,E-commerce,North America,SMB,Basic,40
CUST_02197,2024-09-15,2024-09-01,Retail,Latin America,SMB,Basic,41
CUST_02198,2025-12-16,2025-12-01,Healthcare,Europe,SMB,Basic,24
CUST_02199,2025-05-14,2025-05-01,Healthcare,Latin America,SMB,Basic,14
CUST_02200,2025-02-11,2025-02-01,E-commerce,North America,Mid-market,Pro,206
CUST_02201,2025-08-01,2025-08-01,Technology,Asia-Pacific,Mid-market,Basic,385
CUST_02202,2024-10-15,2024-10-01,Retail,North America,SMB,Basic,24
CUST_02203,2025-03-03,2025-03-01,Finance,Europe,SMB,Pro,36
CUST_02204,2024-05-28,2024-05-01,Education,North America,SMB,Basic,43
CUST_02205,2025-01-16,2025-01-01,Education,Europe,Mid-market,Pro,439
CUST_02206,2025-07-30,2025-07-01,Healthcare,Latin America,Mid-market,Basic,55
CUST_02207,2024-01-06,2024-01-01,Technology,Latin America,SMB,Basic,32
CUST_02208,2024-01-10,2024-01-01,Education,North America,Mid-market,Basic,177
CUST_02209,2024-03-18,2024-03-01,Technology,North America,SMB,Basic,22
CUST_02210,2024-10-13,2024-10-01,Education,Asia-Pacific,Enterprise,Basic,4642
CUST_02211,2025-09-17,2025-09-01,Finance,Latin America,SMB,Basic,29
CUST_02212,2024-10-27,2024-10-01,E-commerce,Asia-Pacific,Enterprise,Basic,3411
CUST_02213,2024-07-20,2024-07-01,Retail,North America,SMB,Basic,48
CUST_02214,2025-04-07,2025-04-01,Education,Asia-Pacific,SMB,Pro,42
CUST_02215,2024-10-24,2024-10-01,E-commerce,North America,SMB,Basic,9
CUST_02216,2024-08-26,2024-08-01,Education,Asia-Pacific,SMB,Basic,26
CUST_02217,2024-01-08,2024-01-01,E-commerce,Latin America,SMB,Basic,9
CUST_02218,2025-09-25,2025-09-01,Education,Europe,Mid-market,Basic,434
CUST_02219,2024-07-16,2024-07-01,Finance,Europe,SMB,Pro,47
CUST_02220,2024-12-05,2024-12-01,Retail,Asia-Pacific,Mid-market,Enterprise,479
CUST_02221,2025-08-03,2025-08-01,Retail,North America,Enterprise,Enterprise,1027
CUST_02222,2024-11-05,2024-11-01,Technology,North America,SMB,Pro,23
CUST_02223,2024-12-30,2024-12-01,Finance,Europe,SMB,Basic,31
CUST_02224,2024-09-15,2024-09-01,Technology,Europe,SMB,Basic,28
CUST_02225,2025-12-12,2025-12-01,Healthcare,North America,SMB,Basic,23
CUST_02226,2025-09-14,2025-09-01,Retail,North America,SMB,Basic,45
CUST_02227,2025-12-07,2025-12-01,Healthcare,Europe,SMB,Basic,35
CUST_02228,2024-09-18,2024-09-01,Education,North America,SMB,Pro,28
CUST_02229,2025-12-17,2025-12-01,Finance,North America,Mid-market,Pro,95
CUST_02230,2025-03-29,2025-03-01,Retail,Latin America,SMB,Enterprise,39
CUST_02231,2025-01-17,2025-01-01,Healthcare,Latin America,Enterprise,Basic,1553
CUST_02232,2025-09-18,2025-09-01,Healthcare,Europe,Mid-market,Pro,384
CUST_02233,2024-02-05,2024-02-01,E-commerce,Europe,Enterprise,Enterprise,1955
CUST_02234,2025-06-25,2025-06-01,Education,Asia-Pacific,SMB,Pro,27
CUST_02235,2024-02-14,2024-02-01,Education,Asia-Pacific,SMB,Basic,46
CUST_02236,2024-04-23,2024-04-01,E-commerce,Europe,SMB,Enterprise,32
CUST_02237,2024-06-02,2024-06-01,Technology,Europe,SMB,Basic,22
CUST_02238,2025-10-23,2025-10-01,Finance,Asia-Pacific,Enterprise,Enterprise,2290
CUST_02239,2024-05-16,2024-05-01,Retail,North America,SMB,Basic,14
CUST_02240,2024-02-01,2024-02-01,Healthcare,North America,SMB,Pro,20
CUST_02241,2025-08-23,2025-08-01,E-commerce,North America,Enterprise,Pro,1939
CUST_02242,2025-06-03,2025-06-01,Technology,North America,SMB,Basic,41
CUST_02243,2025-10-19,2025-10-01,Finance,Europe,Mid-market,Pro,153
CUST_02244,2025-01-03,2025-01-01,Finance,North America,SMB,Basic,34
CUST_02245,2024-02-03,2024-02-01,Retail,Asia-Pacific,Mid-market,Basic,351
CUST_02246,2025-11-08,2025-11-01,Finance,Latin America,Mid-market,Basic,402
CUST_02247,2024-05-24,2024-05-01,Technology,North America,SMB,Basic,31
CUST_02248,2024-06-03,2024-06-01,Education,North America,Enterprise,Enterprise,2559
CUST_02249,2024-03-15,2024-03-01,Healthcare,Europe,SMB,Enterprise,9
CUST_02250,2024-11-04,2024-11-01,Technology,North America,SMB,Pro,15
CUST_02251,2025-11-21,2025-11-01,Healthcare,Latin America,Mid-market,Basic,160
CUST_02252,2025-03-31,2025-03-01,Technology,North America,SMB,Pro,43
CUST_02253,2025-01-21,2025-01-01,Retail,Europe,SMB,Pro,1
CUST_02254,2024-04-26,2024-04-01,E-commerce,North America,SMB,Basic,37
CUST_02255,2024-06-02,2024-06-01,E-commerce,Asia-Pacific,SMB,Basic,29
CUST_02256,2025-09-19,2025-09-01,Healthcare,Asia-Pacific,Enterprise,Enterprise,1094
CUST_02257,2024-02-27,2024-02-01,Education,Europe,SMB,Basic,31
CUST_02258,2024-10-13,2024-10-01,Education,North America,SMB,Basic,45
CUST_02259,2024-05-29,2024-05-01,Technology,Asia-Pacific,Mid-market,Basic,197
CUST_02260,2025-01-15,2025-01-01,Technology,Asia-Pacific,SMB,Basic,27
CUST_02261,2024-05-22,2024-05-01,E-commerce,Latin America,SMB,Basic,41
CUST_02262,2024-01-10,2024-01-01,E-commerce,North America,SMB,Basic,17
CUST_02263,2024-04-18,2024-04-01,Healthcare,Europe,SMB,Pro,12
CUST_02264,2024-12-06,2024-12-01,Retail,Latin America,SMB,Pro,6
CUST_02265,2025-09-22,2025-09-01,Healthcare,North America,SMB,Basic,37
CUST_02266,2025-12-02,2025-12-01,Finance,Europe,SMB,Basic,25
CUST_02267,2024-09-02,2024-09-01,Education,Latin America,Enterprise,Enterprise,3278
CUST_02268,2024-12-07,2024-12-01,Healthcare,Europe,SMB,Basic,24
CUST_02269,2024-05-31,2024-05-01,Healthcare,North America,Mid-market,Pro,483
CUST_02270,2024-02-01,2024-02-01,Education,Latin America,SMB,Basic,4
CUST_02271,2024-07-10,2024-07-01,Technology,Europe,SMB,Basic,33
CUST_02272,2024-06-15,2024-06-01,Retail,North America,SMB,Basic,31
CUST_02273,2024-01-17,2024-01-01,Technology,North America,Mid-market,Basic,481
CUST_02274,2024-07-21,2024-07-01,Finance,Asia-Pacific,SMB,Basic,13
CUST_02275,2025-01-06,2025-01-01,Education,North America,SMB,Enterprise,17
CUST_02276,2024-08-07,2024-08-01,Education,Europe,SMB,Basic,27
CUST_02277,2024-08-09,2024-08-01,Finance,Asia-Pacific,Mid-market,Pro,234
CUST_02278,2024-06-26,2024-06-01,Retail,Europe,Mid-market,Basic,430
CUST_02279,2024-11-02,2024-11-01,Finance,North America,SMB,Basic,43
CUST_02280,2025-01-06,2025-01-01,E-commerce,North America,Mid-market,Basic,235
CUST_02281,2024-06-22,2024-06-01,Healthcare,North America,Enterprise,Enterprise,2218
CUST_02282,2024-01-02,2024-01-01,Finance,Asia-Pacific,Enterprise,Enterprise,3382
CUST_02283,2025-08-05,2025-08-01,Retail,Europe,SMB,Pro,23
CUST_02284,2025-06-11,2025-06-01,Retail,North America,SMB,Basic,40
CUST_02285,2025-03-02,2025-03-01,Retail,North America,Mid-market,Pro,315
CUST_02286,2025-06-15,2025-06-01,Finance,North America,SMB,Pro,42
CUST_02287,2025-09-11,2025-09-01,Technology,Europe,SMB,Basic,7
CUST_02288,2024-07-04,2024-07-01,Technology,Europe,SMB,Basic,5
CUST_02289,2024-12-04,2024-12-01,Retail,Asia-Pacific,SMB,Pro,14
CUST_02290,2025-09-15,2025-09-01,Technology,North America,Mid-market,Pro,389
CUST_02291,2024-03-12,2024-03-01,Retail,North America,SMB,Basic,31
CUST_02292,2025-01-08,2025-01-01,Technology,North America,SMB,Basic,44
CUST_02293,2025-03-14,2025-03-01,Technology,Europe,SMB,Pro,17
CUST_02294,2024-09-04,2024-09-01,E-commerce,North America,SMB,Basic,29
CUST_02295,2025-03-21,2025-03-01,Education,Europe,Mid-market,Enterprise,139
CUST_02296,2025-11-09,2025-11-01,Education,North America,Mid-market,Pro,341
CUST_02297,2024-03-31,2024-03-01,Finance,North America,Mid-market,Pro,320
CUST_02298,2025-08-03,2025-08-01,Technology,North America,Enterprise,Enterprise,529
CUST_02299,2024-05-22,2024-05-01,Retail,Latin America,SMB,Pro,34
CUST_02300,2024-10-09,2024-10-01,Finance,Latin America,SMB,Pro,31
CUST_02301,2024-09-15,2024-09-01,Education,North America,SMB,Pro,37
CUST_02302,2025-12-02,2025-12-01,E-commerce,North America,Enterprise,Basic,3539
CUST_02303,2025-02-18,2025-02-01,Retail,North America,SMB,Pro,31
CUST_02304,2025-03-17,2025-03-01,Technology,Europe,SMB,Basic,36
CUST_02305,2025-02-15,2025-02-01,Technology,North America,SMB,Pro,11
CUST_02306,2025-12-10,2025-12-01,Education,Asia-Pacific,SMB,Basic,28
CUST_02307,2025-07-10,2025-07-01,E-commerce,Europe,Mid-market,Basic,240
CUST_02308,2025-12-28,2025-12-01,Technology,Europe,SMB,Basic,10
CUST_02309,2024-12-04,2024-12-01,Technology,Asia-Pacific,SMB,Basic,29
CUST_02310,2024-08-10,2024-08-01,Retail,North America,SMB,Basic,44
CUST_02311,2025-11-01,2025-11-01,Retail,North America,Enterprise,Enterprise,2927
CUST_02312,2025-09-05,2025-09-01,Healthcare,North America,SMB,Pro,14
CUST_02313,2024-07-23,2024-07-01,Retail,North America,SMB,Basic,34
CUST_02314,2024-01-14,2024-01-01,Healthcare,Europe,SMB,Basic,25
CUST_02315,2025-09-28,2025-09-01,Retail,Asia-Pacific,SMB,Basic,21
CUST_02316,2024-12-23,2024-12-01,E-commerce,Asia-Pacific,SMB,Pro,37
CUST_02317,2024-11-27,2024-11-01,Finance,Europe,Enterprise,Enterprise,3038
CUST_02318,2024-10-09,2024-10-01,Retail,Latin America,SMB,Basic,10
CUST_02319,2024-09-11,2024-09-01,Finance,Latin America,Mid-market,Basic,361
CUST_02320,2025-02-10,2025-02-01,Healthcare,North America,SMB,Basic,14
CUST_02321,2024-06-10,2024-06-01,Retail,Asia-Pacific,SMB,Basic,2
CUST_02322,2024-04-26,2024-04-01,Technology,Asia-Pacific,SMB,Basic,28
CUST_02323,2024-11-18,2024-11-01,Finance,Europe,SMB,Basic,27
CUST_02324,2024-10-13,2024-10-01,Healthcare,Asia-Pacific,SMB,Basic,20
CUST_02325,2024-06-29,2024-06-01,Healthcare,Asia-Pacific,Mid-market,Enterprise,165
CUST_02326,2025-02-16,2025-02-01,Healthcare,Asia-Pacific,Mid-market,Enterprise,354
CUST_02327,2024-09-13,2024-09-01,Technology,North America,SMB,Basic,39
CUST_02328,2025-02-19,2025-02-01,Education,Asia-Pacific,Mid-market,Basic,402
CUST_02329,2025-03-30,2025-03-01,E-commerce,Asia-Pacific,Enterprise,Enterprise,3705
CUST_02330,2024-03-06,2024-03-01,E-commerce,Asia-Pacific,SMB,Basic,43
CUST_02331,2024-02-20,2024-02-01,Healthcare,North America,Mid-market,Pro,204
CUST_02332,2025-05-22,2025-05-01,Technology,North America,SMB,Basic,48
CUST_02333,2025-04-11,2025-04-01,Finance,North America,Enterprise,Pro,4456
CUST_02334,2025-02-13,2025-02-01,Finance,Europe,SMB,Basic,20
CUST_02335,2025-08-26,2025-08-01,Education,Latin America,Mid-market,Basic,493
CUST_02336,2024-06-24,2024-06-01,Finance,Asia-Pacific,SMB,Basic,36
CUST_02337,2024-01-14,2024-01-01,Retail,Latin America,Mid-market,Pro,416
CUST_02338,2025-06-06,2025-06-01,Education,Asia-Pacific,SMB,Basic,28
CUST_02339,2024-12-15,2024-12-01,Finance,Latin America,SMB,Basic,29
CUST_02340,2024-10-11,2024-10-01,E-commerce,Latin America,Mid-market,Pro,280
CUST_02341,2024-10-28,2024-10-01,Technology,North America,SMB,Basic,21
CUST_02342,2025-11-01,2025-11-01,Education,Asia-Pacific,Mid-market,Basic,85
CUST_02343,2024-04-21,2024-04-01,Finance,North America,Mid-market,Enterprise,287
CUST_02344,2025-06-17,2025-06-01,Technology,Europe,SMB,Basic,18
CUST_02345,2025-11-09,2025-11-01,Finance,Asia-Pacific,Mid-market,Enterprise,67
CUST_02346,2025-01-31,2025-01-01,Retail,Latin America,SMB,Basic,15
CUST_02347,2025-09-24,2025-09-01,Education,North America,Enterprise,Basic,3705
CUST_02348,2025-04-22,2025-04-01,Finance,Asia-Pacific,Enterprise,Enterprise,512
CUST_02349,2025-06-19,2025-06-01,E-commerce,North America,SMB,Basic,25
CUST_02350,2025-12-01,2025-12-01,Finance,Europe,Mid-market,Pro,361
CUST_02351,2024-05-31,2024-05-01,Finance,Europe,Mid-market,Pro,79
CUST_02352,2025-08-24,2025-08-01,Finance,Europe,Enterprise,Enterprise,3295
CUST_02353,2025-03-18,2025-03-01,Retail,North America,Mid-market,Pro,485
CUST_02354,2024-07-04,2024-07-01,Education,North America,Mid-market,Basic,58
CUST_02355,2025-04-15,2025-04-01,Retail,Europe,Enterprise,Enterprise,2325
CUST_02356,2025-04-19,2025-04-01,Retail,Europe,Mid-market,Basic,322
CUST_02357,2024-05-28,2024-05-01,Education,Europe,SMB,Basic,7
CUST_02358,2025-06-21,2025-06-01,Finance,Asia-Pacific,Mid-market,Pro,221
CUST_02359,2024-10-21,2024-10-01,Education,Europe,Enterprise,Enterprise,3544
CUST_02360,2025-01-10,2025-01-01,Finance,Asia-Pacific,SMB,Pro,37
CUST_02361,2024-10-30,2024-10-01,Healthcare,Latin America,Mid-market,Basic,97
CUST_02362,2024-09-24,2024-09-01,E-commerce,North America,SMB,Pro,25
CUST_02363,2025-01-22,2025-01-01,Retail,North America,SMB,Pro,47
CUST_02364,2024-11-06,2024-11-01,Retail,Asia-Pacific,SMB,Basic,24
CUST_02365,2025-06-02,2025-06-01,Finance,Asia-Pacific,SMB,Basic,42
CUST_02366,2024-12-30,2024-12-01,E-commerce,North America,SMB,Basic,27
CUST_02367,2025-04-25,2025-04-01,Education,Asia-Pacific,SMB,Pro,40
CUST_02368,2025-11-29,2025-11-01,Finance,North America,SMB,Basic,48
CUST_02369,2025-08-27,2025-08-01,Finance,Asia-Pacific,SMB,Basic,4
CUST_02370,2024-09-02,2024-09-01,Technology,North America,Mid-market,Enterprise,374
CUST_02371,2025-10-28,2025-10-01,Finance,Europe,SMB,Basic,31
CUST_02372,2024-04-17,2024-04-01,Technology,North America,SMB,Basic,2
CUST_02373,2025-08-29,2025-08-01,Healthcare,Europe,SMB,Basic,2
CUST_02374,2024-07-16,2024-07-01,Finance,North America,SMB,Basic,8
CUST_02375,2024-08-10,2024-08-01,Finance,Europe,SMB,Basic,23
CUST_02376,2025-03-29,2025-03-01,Education,Latin America,Mid-market,Pro,182
CUST_02377,2024-05-04,2024-05-01,E-commerce,Latin America,Mid-market,Pro,409
CUST_02378,2025-06-01,2025-06-01,E-commerce,North America,Enterprise,Pro,3727
CUST_02379,2025-09-21,2025-09-01,Retail,Asia-Pacific,Enterprise,Enterprise,876
CUST_02380,2025-05-03,2025-05-01,Finance,Asia-Pacific,SMB,Pro,13
CUST_02381,2024-06-19,2024-06-01,Technology,Asia-Pacific,Enterprise,Enterprise,2172
CUST_02382,2024-01-01,2024-01-01,Healthcare,Latin America,Mid-market,Basic,179
CUST_02383,2025-02-01,2025-02-01,Finance,Latin America,SMB,Pro,11
CUST_02384,2024-05-13,2024-05-01,Healthcare,Asia-Pacific,SMB,Pro,31
CUST_02385,2024-06-09,2024-06-01,Finance,Latin America,SMB,Pro,48
CUST_02386,2024-01-27,2024-01-01,Technology,North America,SMB,Pro,32
CUST_02387,2024-02-08,2024-02-01,Healthcare,Europe,Mid-market,Pro,92
CUST_02388,2025-04-28,2025-04-01,Technology,North America,Enterprise,Enterprise,3426
CUST_02389,2025-12-02,2025-12-01,E-commerce,Asia-Pacific,Mid-market,Pro,402
CUST_02390,2025-02-14,2025-02-01,Finance,North America,SMB,Enterprise,35
CUST_02391,2025-08-07,2025-08-01,Healthcare,North America,SMB,Basic,18
CUST_02392,2025-09-18,2025-09-01,Education,Asia-Pacific,SMB,Basic,40
CUST_02393,2024-11-24,2024-11-01,Retail,Europe,Mid-market,Basic,168
CUST_02394,2025-01-16,2025-01-01,Finance,North America,SMB,Basic,33
CUST_02395,2024-05-28,2024-05-01,Finance,North America,SMB,Basic,6
CUST_02396,2024-08-21,2024-08-01,Healthcare,North America,Mid-market,Pro,444
CUST_02397,2025-12-14,2025-12-01,Finance,North America,Enterprise,Basic,1925
CUST_02398,2024-09-13,2024-09-01,Education,North America,SMB,Basic,1
CUST_02399,2024-12-06,2024-12-01,E-commerce,Asia-Pacific,Enterprise,Enterprise,2586
CUST_02400,2024-09-19,2024-09-01,Technology,Europe,Enterprise,Pro,3453
CUST_02401,2024-05-02,2024-05-01,Finance,Europe,Enterprise,Pro,3462
CUST_02402,2025-09-06,2025-09-01,E-commerce,Europe,SMB,Pro,19
CUST_02403,2025-11-23,2025-11-01,E-commerce,North America,SMB,Pro,10
CUST_02404,2025-07-31,2025-07-01,Healthcare,North America,SMB,Basic,28
CUST_02405,2024-10-27,2024-10-01,Finance,Europe,SMB,Pro,12
CUST_02406,2025-08-16,2025-08-01,Healthcare,Europe,Mid-market,Basic,299
CUST_02407,2024-11-15,2024-11-01,E-commerce,Europe,SMB,Basic,21
CUST_02408,2024-05-14,2024-05-01,Healthcare,North America,SMB,Basic,28
CUST_02409,2025-12-19,2025-12-01,E-commerce,North America,SMB,Pro,33
CUST_02410,2024-05-10,2024-05-01,Education,Europe,SMB,Pro,16
CUST_02411,2024-05-12,2024-05-01,Technology,North America,SMB,Basic,48
CUST_02412,2025-09-08,2025-09-01,Healthcare,North America,Mid-market,Pro,104
CUST_02413,2025-07-20,2025-07-01,Finance,Latin America,Mid-market,Pro,164
CUST_02414,2025-03-12,2025-03-01,Healthcare,Latin America,SMB,Basic,23
CUST_02415,2025-06-28,2025-06-01,Finance,Europe,Mid-market,Basic,183
CUST_02416,2025-11-19,2025-11-01,Education,Europe,SMB,Enterprise,37
CUST_02417,2025-10-01,2025-10-01,Retail,North America,Enterprise,Enterprise,2191
CUST_02418,2024-03-21,2024-03-01,Technology,Latin America,SMB,Pro,49
CUST_02419,2025-06-26,2025-06-01,Healthcare,Latin America,SMB,Basic,9
CUST_02420,2024-01-10,2024-01-01,Technology,North America,SMB,Basic,38
CUST_02421,2025-12-02,2025-12-01,Retail,Europe,SMB,Basic,3
CUST_02422,2024-01-17,2024-01-01,Retail,North America,SMB,Basic,25
CUST_02423,2025-07-06,2025-07-01,Education,North America,Mid-market,Enterprise,394
CUST_02424,2024-12-14,2024-12-01,E-commerce,Latin America,SMB,Basic,17
CUST_02425,2024-10-18,2024-10-01,E-commerce,Asia-Pacific,SMB,Basic,41
CUST_02426,2025-05-30,2025-05-01,Retail,North America,Enterprise,Enterprise,2932
CUST_02427,2024-08-19,2024-08-01,Retail,Asia-Pacific,Mid-market,Pro,207
CUST_02428,2024-08-11,2024-08-01,E-commerce,Europe,Mid-market,Basic,264
CUST_02429,2025-03-14,2025-03-01,Finance,North America,Mid-market,Enterprise,276
CUST_02430,2025-01-09,2025-01-01,Retail,North America,Mid-market,Pro,451
CUST_02431,2024-10-29,2024-10-01,E-commerce,North America,Mid-market,Basic,442
CUST_02432,2024-04-04,2024-04-01,E-commerce,Asia-Pacific,Mid-market,Basic,201
CUST_02433,2025-08-09,2025-08-01,Technology,Latin America,Enterprise,Enterprise,2071
CUST_02434,2025-05-14,2025-05-01,Education,Europe,SMB,Basic,6
CUST_02435,2024-07-03,2024-07-01,Retail,Europe,SMB,Basic,32
CUST_02436,2025-05-04,2025-05-01,Retail,Europe,SMB,Pro,19
CUST_02437,2024-11-27,2024-11-01,E-commerce,North America,SMB,Pro,38
CUST_02438,2025-03-03,2025-03-01,Retail,Europe,SMB,Basic,5
CUST_02439,2024-11-04,2024-11-01,E-commerce,Latin America,SMB,Pro,37
CUST_02440,2025-02-03,2025-02-01,Finance,Europe,SMB,Basic,23
CUST_02441,2025-04-07,2025-04-01,Finance,North America,Enterprise,Enterprise,3387
CUST_02442,2024-08-11,2024-08-01,Healthcare,North America,SMB,Basic,18
CUST_02443,2024-12-08,2024-12-01,E-commerce,Latin America,SMB,Basic,7
CUST_02444,2024-04-24,2024-04-01,Technology,Asia-Pacific,SMB,Basic,31
CUST_02445,2025-09-24,2025-09-01,Retail,Asia-Pacific,SMB,Pro,33
CUST_02446,2025-11-02,2025-11-01,Education,North America,SMB,Basic,11
CUST_02447,2024-04-06,2024-04-01,Technology,Europe,SMB,Basic,2
CUST_02448,2024-10-14,2024-10-01,Technology,Asia-Pacific,Mid-market,Pro,154
CUST_02449,2025-02-07,2025-02-01,Education,North America,Mid-market,Basic,402
CUST_02450,2024-04-14,2024-04-01,Healthcare,North America,SMB,Pro,35
CUST_02451,2024-12-06,2024-12-01,Retail,Asia-Pacific,SMB,Basic,35
CUST_02452,2025-12-10,2025-12-01,Technology,Europe,SMB,Pro,15
CUST_02453,2024-09-18,2024-09-01,Education,Asia-Pacific,SMB,Basic,28
CUST_02454,2024-12-21,2024-12-01,Technology,Latin America,Enterprise,Pro,2444
CUST_02455,2024-03-14,2024-03-01,Finance,Europe,Enterprise,Enterprise,2395
CUST_02456,2025-08-15,2025-08-01,Finance,Europe,SMB,Basic,1
CUST_02457,2024-11-10,2024-11-01,Education,North America,SMB,Enterprise,42
CUST_02458,2025-08-03,2025-08-01,Education,Asia-Pacific,Mid-market,Basic,480
CUST_02459,2025-12-16,2025-12-01,Technology,North America,SMB,Enterprise,48
CUST_02460,2024-10-25,2024-10-01,Technology,North America,Enterprise,Enterprise,1580
CUST_02461,2024-04-18,2024-04-01,Healthcare,Europe,Enterprise,Enterprise,3581
CUST_02462,2025-11-07,2025-11-01,E-commerce,Europe,SMB,Basic,24
CUST_02463,2025-03-30,2025-03-01,Technology,North America,SMB,Pro,36
CUST_02464,2024-08-29,2024-08-01,Education,Europe,SMB,Basic,23
CUST_02465,2024-07-27,2024-07-01,Education,Europe,Mid-market,Basic,317
CUST_02466,2024-08-16,2024-08-01,Technology,Asia-Pacific,Mid-market,Basic,471
CUST_02467,2025-09-11,2025-09-01,Education,North America,Mid-market,Basic,146
CUST_02468,2024-05-22,2024-05-01,Finance,North America,Mid-market,Enterprise,182
CUST_02469,2024-05-02,2024-05-01,E-commerce,Europe,Enterprise,Enterprise,781
CUST_02470,2024-01-01,2024-01-01,Education,Europe,SMB,Basic,30
CUST_02471,2025-11-29,2025-11-01,Retail,Asia-Pacific,SMB,Pro,4
CUST_02472,2024-10-23,2024-10-01,Technology,North America,SMB,Basic,18
CUST_02473,2025-08-14,2025-08-01,Healthcare,North America,SMB,Basic,2
CUST_02474,2024-01-26,2024-01-01,Healthcare,Europe,SMB,Pro,34
CUST_02475,2025-07-21,2025-07-01,Education,Europe,SMB,Enterprise,14
CUST_02476,2025-03-19,2025-03-01,E-commerce,North America,SMB,Pro,48
CUST_02477,2024-11-20,2024-11-01,E-commerce,Asia-Pacific,Mid-market,Pro,494
CUST_02478,2025-11-08,2025-11-01,Healthcare,Latin America,SMB,Pro,39
CUST_02479,2025-10-12,2025-10-01,Technology,Latin America,SMB,Basic,4
CUST_02480,2024-11-12,2024-11-01,Finance,North America,Mid-market,Pro,451
CUST_02481,2025-11-14,2025-11-01,E-commerce,North America,SMB,Basic,4
CUST_02482,2025-03-28,2025-03-01,E-commerce,North America,Mid-market,Basic,134
CUST_02483,2025-11-15,2025-11-01,Education,North America,Mid-market,Pro,232
CUST_02484,2024-05-12,2024-05-01,E-commerce,North America,Mid-market,Pro,342
CUST_02485,2024-09-25,2024-09-01,Education,Asia-Pacific,Mid-market,Pro,493
CUST_02486,2025-12-13,2025-12-01,Education,Europe,SMB,Basic,42
CUST_02487,2025-01-29,2025-01-01,Healthcare,Europe,SMB,Pro,34
CUST_02488,2025-07-03,2025-07-01,Healthcare,Asia-Pacific,SMB,Basic,14
CUST_02489,2024-10-12,2024-10-01,E-commerce,North America,Mid-market,Basic,234
CUST_02490,2025-03-18,2025-03-01,Healthcare,Europe,Mid-market,Basic,206
CUST_02491,2024-02-10,2024-02-01,Healthcare,North America,SMB,Basic,37
CUST_02492,2024-05-16,2024-05-01,E-commerce,North America,SMB,Pro,32
CUST_02493,2024-07-15,2024-07-01,Finance,Asia-Pacific,SMB,Pro,8
CUST_02494,2025-11-21,2025-11-01,Technology,Europe,Mid-market,Pro,131
CUST_02495,2024-02-26,2024-02-01,Education,Europe,SMB,Basic,3
CUST_02496,2025-04-30,2025-04-01,Retail,Europe,SMB,Basic,17
CUST_02497,2025-08-31,2025-08-01,Healthcare,North America,Enterprise,Enterprise,2129
CUST_02498,2025-06-03,2025-06-01,Retail,Europe,Mid-market,Pro,295
CUST_02499,2025-03-24,2025-03-01,Retail,Asia-Pacific,SMB,Basic,26
CUST_02500,2024-09-21,2024-09-01,Technology,North America,Enterprise,Pro,2546
CUST_02501,2024-03-13,2024-03-01,Finance,Asia-Pacific,SMB,Basic,8
CUST_02502,2025-08-30,2025-08-01,Education,North America,SMB,Basic,10
CUST_02503,2024-08-10,2024-08-01,Finance,Asia-Pacific,Mid-market,Basic,475
CUST_02504,2025-07-07,2025-07-01,Finance,North America,Mid-market,Pro,126
CUST_02505,2024-10-03,2024-10-01,Technology,North America,SMB,Basic,33
CUST_02506,2024-11-03,2024-11-01,Healthcare,Latin America,SMB,Basic,31
CUST_02507,2024-11-03,2024-11-01,Finance,Asia-Pacific,SMB,Pro,29
CUST_02508,2024-05-29,2024-05-01,Retail,North America,SMB,Pro,17
CUST_02509,2024-01-31,2024-01-01,E-commerce,North America,SMB,Basic,4
CUST_02510,2025-10-03,2025-10-01,E-commerce,Latin America,Mid-market,Basic,294
CUST_02511,2024-06-11,2024-06-01,Finance,North America,Mid-market,Pro,117
CUST_02512,2024-02-01,2024-02-01,Education,Asia-Pacific,Mid-market,Pro,269
CUST_02513,2024-09-05,2024-09-01,E-commerce,North America,Mid-market,Basic,121
CUST_02514,2025-07-23,2025-07-01,Healthcare,Asia-Pacific,SMB,Pro,33
CUST_02515,2024-03-14,2024-03-01,Healthcare,North America,SMB,Pro,40
CUST_02516,2025-07-24,2025-07-01,E-commerce,Europe,Mid-market,Pro,256
CUST_02517,2025-02-18,2025-02-01,Healthcare,North America,SMB,Pro,49
CUST_02518,2025-05-06,2025-05-01,Retail,Europe,Mid-market,Basic,118
CUST_02519,2025-05-30,2025-05-01,Healthcare,Asia-Pacific,SMB,Basic,26
CUST_02520,2025-11-20,2025-11-01,Healthcare,North America,SMB,Basic,23
CUST_02521,2024-04-14,2024-04-01,Technology,Asia-Pacific,SMB,Basic,21
CUST_02522,2025-12-09,2025-12-01,E-commerce,Europe,Mid-market,Pro,338
CUST_02523,2025-07-23,2025-07-01,E-commerce,North America,SMB,Basic,46
CUST_02524,2024-11-30,2024-11-01,Education,Asia-Pacific,SMB,Basic,5
CUST_02525,2024-08-15,2024-08-01,Technology,Asia-Pacific,Mid-market,Pro,275
CUST_02526,2024-12-25,2024-12-01,Finance,Europe,SMB,Pro,32
CUST_02527,2024-05-03,2024-05-01,Education,Latin America,SMB,Enterprise,17
CUST_02528,2024-05-06,2024-05-01,Healthcare,Europe,SMB,Pro,22
CUST_02529,2024-06-14,2024-06-01,Technology,North America,SMB,Basic,5
CUST_02530,2025-10-31,2025-10-01,Technology,North America,Mid-market,Pro,454
CUST_02531,2025-10-24,2025-10-01,Retail,North America,SMB,Basic,14
CUST_02532,2025-08-17,2025-08-01,Finance,North America,Mid-market,Pro,166
CUST_02533,2024-04-27,2024-04-01,Healthcare,Asia-Pacific,Enterprise,Enterprise,4992
CUST_02534,2025-11-13,2025-11-01,Technology,Europe,SMB,Basic,40
CUST_02535,2025-06-12,2025-06-01,E-commerce,Asia-Pacific,Mid-market,Basic,265
CUST_02536,2024-01-29,2024-01-01,E-commerce,Asia-Pacific,SMB,Basic,45
CUST_02537,2024-04-23,2024-04-01,Finance,North America,SMB,Basic,36
CUST_02538,2024-09-17,2024-09-01,E-commerce,Europe,Enterprise,Enterprise,2771
CUST_02539,2024-01-23,2024-01-01,Education,Latin America,SMB,Basic,44
CUST_02540,2025-11-28,2025-11-01,Education,North America,SMB,Pro,23
CUST_02541,2025-03-03,2025-03-01,Education,Europe,SMB,Basic,28
CUST_02542,2024-07-24,2024-07-01,Education,Europe,SMB,Basic,49
CUST_02543,2025-04-11,2025-04-01,Retail,Latin America,SMB,Basic,7
CUST_02544,2024-06-07,2024-06-01,Retail,Asia-Pacific,SMB,Basic,7
CUST_02545,2024-04-01,2024-04-01,E-commerce,North America,SMB,Basic,15
CUST_02546,2024-07-17,2024-07-01,Technology,North America,Mid-market,Pro,169
CUST_02547,2025-07-26,2025-07-01,Education,North America,SMB,Basic,29
CUST_02548,2025-06-16,2025-06-01,E-commerce,North America,SMB,Basic,33
CUST_02549,2025-11-03,2025-11-01,Finance,Europe,SMB,Enterprise,12
CUST_02550,2025-02-04,2025-02-01,Education,Europe,SMB,Basic,46
CUST_02551,2025-12-29,2025-12-01,Retail,North America,Mid-market,Enterprise,251
CUST_02552,2025-06-04,2025-06-01,Healthcare,North America,SMB,Enterprise,49
CUST_02553,2025-04-02,2025-04-01,Education,Europe,SMB,Pro,1
CUST_02554,2025-01-14,2025-01-01,Finance,Latin America,SMB,Basic,23
CUST_02555,2025-12-18,2025-12-01,Education,North America,SMB,Pro,25
CUST_02556,2024-08-21,2024-08-01,E-commerce,North America,Mid-market,Pro,417
CUST_02557,2024-03-16,2024-03-01,Retail,Asia-Pacific,SMB,Basic,35
CUST_02558,2024-08-06,2024-08-01,E-commerce,Latin America,SMB,Basic,29
CUST_02559,2025-05-16,2025-05-01,E-commerce,Europe,Mid-market,Enterprise,357
CUST_02560,2025-07-11,2025-07-01,Healthcare,North America,SMB,Basic,17
CUST_02561,2024-03-29,2024-03-01,Education,North America,Enterprise,Enterprise,2447
CUST_02562,2024-12-07,2024-12-01,Education,North America,SMB,Basic,38
CUST_02563,2024-07-03,2024-07-01,E-commerce,North America,Mid-market,Basic,285
CUST_02564,2024-02-20,2024-02-01,Finance,North America,SMB,Basic,13
CUST_02565,2024-03-10,2024-03-01,Education,Europe,Mid-market,Pro,184
CUST_02566,2024-03-30,2024-03-01,Education,Europe,SMB,Pro,15
CUST_02567,2025-09-15,2025-09-01,Finance,North America,Enterprise,Basic,3402
CUST_02568,2025-08-28,2025-08-01,Retail,Europe,SMB,Enterprise,22
CUST_02569,2025-04-21,2025-04-01,Finance,Asia-Pacific,Mid-market,Basic,114
CUST_02570,2024-09-16,2024-09-01,Technology,North America,SMB,Pro,23
CUST_02571,2024-11-05,2024-11-01,E-commerce,North America,SMB,Pro,2
CUST_02572,2025-03-16,2025-03-01,Healthcare,Latin America,SMB,Basic,27
CUST_02573,2024-09-02,2024-09-01,Education,Latin America,SMB,Basic,19
CUST_02574,2025-10-25,2025-10-01,Technology,North America,SMB,Enterprise,39
CUST_02575,2025-12-20,2025-12-01,Technology,North America,SMB,Pro,22
CUST_02576,2024-04-21,2024-04-01,Retail,Europe,Mid-market,Pro,230
CUST_02577,2025-08-01,2025-08-01,Finance,North America,Mid-market,Basic,324
CUST_02578,2024-03-26,2024-03-01,E-commerce,Asia-Pacific,SMB,Enterprise,18
CUST_02579,2024-04-16,2024-04-01,Healthcare,North America,SMB,Basic,44
CUST_02580,2024-03-22,2024-03-01,Retail,Asia-Pacific,SMB,Basic,1
CUST_02581,2024-09-12,2024-09-01,Retail,Asia-Pacific,SMB,Basic,37
CUST_02582,2024-05-25,2024-05-01,Healthcare,Europe,Mid-market,Enterprise,369
CUST_02583,2025-06-25,2025-06-01,Retail,North America,Mid-market,Pro,471
CUST_02584,2024-06-18,2024-06-01,Finance,Europe,Mid-market,Basic,428
CUST_02585,2025-08-01,2025-08-01,Education,Asia-Pacific,SMB,Basic,39
CUST_02586,2025-09-26,2025-09-01,Technology,North America,Mid-market,Basic,341
CUST_02587,2025-10-25,2025-10-01,Technology,Asia-Pacific,Enterprise,Enterprise,1657
CUST_02588,2024-06-19,2024-06-01,Finance,Europe,SMB,Basic,49
CUST_02589,2025-03-19,2025-03-01,Technology,North America,SMB,Basic,3
CUST_02590,2025-08-28,2025-08-01,Technology,North America,SMB,Basic,28
CUST_02591,2024-09-10,2024-09-01,Healthcare,North America,Mid-market,Basic,99
CUST_02592,2025-08-27,2025-08-01,Education,North America,Mid-market,Pro,69
CUST_02593,2024-07-23,2024-07-01,Finance,Latin America,Enterprise,Enterprise,2396
CUST_02594,2024-06-16,2024-06-01,Finance,North America,Enterprise,Basic,4277
CUST_02595,2025-08-18,2025-08-01,Finance,Europe,SMB,Pro,38
CUST_02596,2024-02-04,2024-02-01,Retail,North America,Mid-market,Enterprise,398
CUST_02597,2025-05-20,2025-05-01,Technology,Europe,SMB,Basic,9
CUST_02598,2024-05-21,2024-05-01,Healthcare,Latin America,SMB,Enterprise,7
CUST_02599,2024-12-20,2024-12-01,Retail,North America,SMB,Basic,18
CUST_02600,2025-12-19,2025-12-01,Finance,Asia-Pacific,SMB,Pro,26
CUST_02601,2024-03-12,2024-03-01,Retail,Latin America,Mid-market,Pro,452
CUST_02602,2025-01-18,2025-01-01,Finance,North America,SMB,Basic,7
CUST_02603,2025-05-24,2025-05-01,Technology,Latin America,Mid-market,Pro,426
CUST_02604,2025-08-21,2025-08-01,Healthcare,North America,Mid-market,Enterprise,406
CUST_02605,2024-01-17,2024-01-01,Technology,Europe,SMB,Basic,6
CUST_02606,2024-09-04,2024-09-01,Retail,Europe,SMB,Basic,40
CUST_02607,2024-01-07,2024-01-01,Finance,Europe,SMB,Basic,31
CUST_02608,2025-08-26,2025-08-01,Healthcare,Asia-Pacific,SMB,Basic,24
CUST_02609,2024-02-26,2024-02-01,Finance,Europe,SMB,Pro,13
CUST_02610,2024-02-13,2024-02-01,Retail,North America,SMB,Basic,26
CUST_02611,2024-08-24,2024-08-01,E-commerce,Europe,SMB,Pro,28
CUST_02612,2024-02-07,2024-02-01,Healthcare,North America,Enterprise,Enterprise,2995
CUST_02613,2025-05-09,2025-05-01,Retail,North America,SMB,Basic,15
CUST_02614,2024-08-13,2024-08-01,Retail,North America,SMB,Pro,49
CUST_02615,2024-06-14,2024-06-01,Healthcare,Europe,SMB,Basic,30
CUST_02616,2024-12-28,2024-12-01,Technology,North America,SMB,Pro,9
CUST_02617,2024-02-10,2024-02-01,Technology,Europe,Mid-market,Basic,229
CUST_02618,2025-06-01,2025-06-01,Education,North America,Mid-market,Pro,59
CUST_02619,2024-05-17,2024-05-01,Healthcare,North America,Enterprise,Basic,3755
CUST_02620,2024-07-13,2024-07-01,Education,North America,SMB,Basic,34
CUST_02621,2025-06-25,2025-06-01,Retail,North America,SMB,Basic,36
CUST_02622,2025-08-10,2025-08-01,Healthcare,North America,Enterprise,Pro,4465
CUST_02623,2024-01-17,2024-01-01,E-commerce,Europe,SMB,Basic,16
CUST_02624,2025-08-15,2025-08-01,Healthcare,North America,SMB,Basic,38
CUST_02625,2024-03-16,2024-03-01,Technology,North America,Mid-market,Basic,421
CUST_02626,2024-09-21,2024-09-01,Technology,Asia-Pacific,Mid-market,Basic,80
CUST_02627,2025-09-05,2025-09-01,Finance,Europe,Enterprise,Basic,1519
CUST_02628,2025-12-28,2025-12-01,Technology,Latin America,Enterprise,Pro,3479
CUST_02629,2025-09-27,2025-09-01,Healthcare,North America,SMB,Pro,26
CUST_02630,2025-12-24,2025-12-01,E-commerce,Asia-Pacific,SMB,Basic,13
CUST_02631,2024-03-19,2024-03-01,Technology,Latin America,SMB,Basic,3
CUST_02632,2025-01-18,2025-01-01,Retail,North America,Mid-market,Basic,418
CUST_02633,2024-11-06,2024-11-01,Finance,Europe,Mid-market,Basic,202
CUST_02634,2024-11-07,2024-11-01,E-commerce,Europe,Mid-market,Enterprise,53
CUST_02635,2024-08-08,2024-08-01,Finance,Asia-Pacific,Enterprise,Enterprise,1736
CUST_02636,2025-09-15,2025-09-01,Technology,North America,SMB,Basic,2
CUST_02637,2024-05-16,2024-05-01,Retail,North America,SMB,Pro,11
CUST_02638,2024-03-29,2024-03-01,Technology,North America,Enterprise,Pro,3638
CUST_02639,2024-09-07,2024-09-01,E-commerce,Europe,SMB,Basic,45
CUST_02640,2024-07-17,2024-07-01,Retail,Europe,Mid-market,Basic,171
CUST_02641,2024-03-17,2024-03-01,Technology,North America,Enterprise,Pro,3006
CUST_02642,2024-08-17,2024-08-01,Education,Europe,SMB,Pro,3
CUST_02643,2024-09-25,2024-09-01,Education,Europe,SMB,Basic,30
CUST_02644,2024-03-06,2024-03-01,Education,North America,SMB,Pro,15
CUST_02645,2024-04-30,2024-04-01,Technology,Latin America,Mid-market,Basic,145
CUST_02646,2024-04-23,2024-04-01,Education,Latin America,SMB,Basic,20
CUST_02647,2025-08-02,2025-08-01,E-commerce,North America,Enterprise,Enterprise,3747
CUST_02648,2025-03-04,2025-03-01,Technology,North America,SMB,Basic,18
CUST_02649,2024-06-25,2024-06-01,Retail,North America,SMB,Basic,6
CUST_02650,2024-12-14,2024-12-01,Technology,North America,Enterprise,Pro,4445
CUST_02651,2024-11-25,2024-11-01,Healthcare,Latin America,SMB,Basic,48
CUST_02652,2025-03-01,2025-03-01,Technology,North America,Mid-market,Basic,248
CUST_02653,2024-06-09,2024-06-01,Retail,Europe,Enterprise,Enterprise,3291
CUST_02654,2024-10-21,2024-10-01,Education,North America,Mid-market,Pro,424
CUST_02655,2024-09-06,2024-09-01,Retail,Latin America,SMB,Basic,44
CUST_02656,2024-06-27,2024-06-01,E-commerce,Asia-Pacific,Mid-market,Basic,146
CUST_02657,2024-11-04,2024-11-01,Finance,Europe,Enterprise,Enterprise,824
CUST_02658,2025-11-11,2025-11-01,Education,Asia-Pacific,Mid-market,Enterprise,364
CUST_02659,2024-02-28,2024-02-01,Finance,North America,Enterprise,Enterprise,4813
CUST_02660,2025-06-10,2025-06-01,Retail,Latin America,Mid-market,Pro,185
CUST_02661,2025-04-13,2025-04-01,Healthcare,Europe,SMB,Enterprise,22
CUST_02662,2025-02-17,2025-02-01,Technology,Asia-Pacific,Mid-market,Pro,332
CUST_02663,2025-05-19,2025-05-01,Finance,Asia-Pacific,Mid-market,Basic,192
CUST_02664,2025-02-13,2025-02-01,Education,North America,SMB,Pro,43
CUST_02665,2024-06-08,2024-06-01,E-commerce,North America,Mid-market,Basic,209
CUST_02666,2024-08-19,2024-08-01,Healthcare,North America,Enterprise,Pro,4438
CUST_02667,2024-08-26,2024-08-01,Retail,North America,Mid-market,Pro,189
CUST_02668,2025-10-17,2025-10-01,E-commerce,Europe,SMB,Basic,31
CUST_02669,2025-05-22,2025-05-01,Retail,North America,SMB,Basic,25
CUST_02670,2024-06-04,2024-06-01,Healthcare,Asia-Pacific,Mid-market,Pro,144
CUST_02671,2024-11-21,2024-11-01,Education,North America,SMB,Pro,46
CUST_02672,2025-02-06,2025-02-01,E-commerce,North America,SMB,Basic,41
CUST_02673,2024-09-01,2024-09-01,Retail,Latin America,Enterprise,Basic,2056
CUST_02674,2024-05-07,2024-05-01,Retail,North America,Mid-market,Basic,373
CUST_02675,2024-06-08,2024-06-01,Technology,Latin America,SMB,Pro,39
CUST_02676,2025-07-09,2025-07-01,Healthcare,Asia-Pacific,SMB,Pro,21
CUST_02677,2024-08-04,2024-08-01,Healthcare,Latin America,SMB,Basic,28
CUST_02678,2025-07-29,2025-07-01,Technology,North America,SMB,Pro,10
CUST_02679,2025-04-01,2025-04-01,Education,North America,Mid-market,Basic,429
CUST_02680,2025-06-14,2025-06-01,Education,North America,SMB,Pro,42
CUST_02681,2025-01-23,2025-01-01,Finance,Asia-Pacific,Enterprise,Enterprise,2341
CUST_02682,2025-05-20,2025-05-01,Technology,Latin America,SMB,Pro,30
CUST_02683,2024-06-28,2024-06-01,Healthcare,Latin America,SMB,Basic,2
CUST_02684,2024-02-25,2024-02-01,Retail,North America,SMB,Pro,41
CUST_02685,2024-10-09,2024-10-01,Finance,Europe,SMB,Basic,28
CUST_02686,2025-12-14,2025-12-01,E-commerce,North America,SMB,Basic,44
CUST_02687,2025-09-22,2025-09-01,Education,Latin America,SMB,Basic,44
CUST_02688,2024-09-28,2024-09-01,Healthcare,Asia-Pacific,SMB,Pro,12
CUST_02689,2024-09-07,2024-09-01,E-commerce,Asia-Pacific,SMB,Enterprise,24
CUST_02690,2025-05-09,2025-05-01,E-commerce,North America,SMB,Pro,1
CUST_02691,2024-10-16,2024-10-01,Healthcare,North America,Enterprise,Pro,2865
CUST_02692,2024-07-11,2024-07-01,Healthcare,Europe,SMB,Basic,29
CUST_02693,2025-06-05,2025-06-01,Retail,Latin America,Enterprise,Pro,786
CUST_02694,2024-10-03,2024-10-01,Retail,Latin America,Mid-market,Basic,233
CUST_02695,2024-02-14,2024-02-01,Education,Europe,Mid-market,Enterprise,445
CUST_02696,2024-10-15,2024-10-01,Education,North America,SMB,Basic,39
CUST_02697,2024-08-20,2024-08-01,Education,Europe,SMB,Pro,7
CUST_02698,2025-10-08,2025-10-01,Education,Latin America,SMB,Basic,9
CUST_02699,2025-11-24,2025-11-01,Education,Asia-Pacific,SMB,Basic,16
CUST_02700,2024-07-20,2024-07-01,Healthcare,Europe,SMB,Basic,15
CUST_02701,2024-03-10,2024-03-01,Technology,North America,Mid-market,Pro,495
CUST_02702,2024-01-02,2024-01-01,Retail,Asia-Pacific,SMB,Basic,28
CUST_02703,2025-07-13,2025-07-01,Finance,Europe,SMB,Basic,24
CUST_02704,2024-01-29,2024-01-01,Healthcare,Latin America,Mid-market,Pro,56
CUST_02705,2024-10-31,2024-10-01,Technology,Europe,SMB,Basic,44
CUST_02706,2025-04-26,2025-04-01,Finance,Latin America,SMB,Basic,14
CUST_02707,2024-07-17,2024-07-01,Retail,Asia-Pacific,SMB,Basic,22
CUST_02708,2025-07-11,2025-07-01,E-commerce,Europe,SMB,Basic,26
CUST_02709,2024-05-09,2024-05-01,Healthcare,Europe,Enterprise,Enterprise,1144
CUST_02710,2025-07-15,2025-07-01,Finance,Europe,SMB,Basic,8
CUST_02711,2024-06-02,2024-06-01,Retail,Asia-Pacific,Enterprise,Enterprise,2881
CUST_02712,2024-04-15,2024-04-01,E-commerce,North America,SMB,Basic,31
CUST_02713,2024-10-19,2024-10-01,Finance,Latin America,SMB,Pro,11
CUST_02714,2025-07-08,2025-07-01,Technology,Europe,SMB,Pro,23
CUST_02715,2024-08-01,2024-08-01,Healthcare,North America,Enterprise,Enterprise,3217
CUST_02716,2025-09-12,2025-09-01,Healthcare,Asia-Pacific,SMB,Basic,18
CUST_02717,2024-12-17,2024-12-01,Finance,North America,SMB,Pro,36
CUST_02718,2025-12-25,2025-12-01,E-commerce,North America,Enterprise,Enterprise,3521
CUST_02719,2024-04-30,2024-04-01,Healthcare,North America,SMB,Basic,17
CUST_02720,2024-06-18,2024-06-01,E-commerce,North America,SMB,Pro,43
CUST_02721,2024-11-12,2024-11-01,Technology,North America,SMB,Basic,44
CUST_02722,2025-12-04,2025-12-01,Healthcare,North America,Enterprise,Pro,2403
CUST_02723,2025-04-26,2025-04-01,Technology,North America,SMB,Basic,1
CUST_02724,2025-02-03,2025-02-01,Retail,Europe,SMB,Pro,41
CUST_02725,2024-08-13,2024-08-01,E-commerce,Latin America,Enterprise,Enterprise,4315
CUST_02726,2024-10-22,2024-10-01,Finance,Europe,SMB,Pro,4
CUST_02727,2024-06-26,2024-06-01,Healthcare,North America,Mid-market,Enterprise,254
CUST_02728,2024-01-17,2024-01-01,Retail,Asia-Pacific,SMB,Basic,35
CUST_02729,2024-08-21,2024-08-01,E-commerce,North America,SMB,Basic,33
CUST_02730,2025-05-11,2025-05-01,Retail,Asia-Pacific,Mid-market,Basic,290
CUST_02731,2024-08-10,2024-08-01,Technology,North America,SMB,Basic,15
CUST_02732,2025-02-15,2025-02-01,E-commerce,Latin America,SMB,Basic,2
CUST_02733,2025-06-20,2025-06-01,Education,Asia-Pacific,SMB,Basic,31
CUST_02734,2024-11-29,2024-11-01,E-commerce,North America,SMB,Basic,8
CUST_02735,2025-11-18,2025-11-01,E-commerce,Asia-Pacific,SMB,Basic,31
CUST_02736,2024-07-04,2024-07-01,Finance,Latin America,SMB,Basic,32
CUST_02737,2025-02-17,2025-02-01,Education,North America,SMB,Basic,47
CUST_02738,2025-03-25,2025-03-01,E-commerce,Latin America,SMB,Basic,36
CUST_02739,2024-09-10,2024-09-01,Retail,Latin America,Mid-market,Pro,98
CUST_02740,2025-03-24,2025-03-01,Retail,Asia-Pacific,Mid-market,Enterprise,137
CUST_02741,2024-04-30,2024-04-01,Retail,North America,SMB,Enterprise,7
CUST_02742,2025-12-23,2025-12-01,Finance,North America,Mid-market,Enterprise,484
CUST_02743,2024-07-03,2024-07-01,Healthcare,Latin America,Enterprise,Enterprise,712
CUST_02744,2025-05-21,2025-05-01,Healthcare,Europe,SMB,Basic,36
CUST_02745,2025-03-02,2025-03-01,Technology,Latin America,Mid-market,Enterprise,296
CUST_02746,2024-12-25,2024-12-01,Technology,Latin America,Mid-market,Pro,177
CUST_02747,2025-11-29,2025-11-01,Finance,Europe,SMB,Basic,38
CUST_02748,2024-12-28,2024-12-01,Healthcare,North America,SMB,Basic,40
CUST_02749,2024-08-01,2024-08-01,E-commerce,Asia-Pacific,SMB,Basic,8
CUST_02750,2024-01-05,2024-01-01,Retail,North America,Mid-market,Basic,261
CUST_02751,2024-03-18,2024-03-01,E-commerce,North America,SMB,Basic,16
CUST_02752,2025-02-23,2025-02-01,Healthcare,North America,SMB,Basic,18
CUST_02753,2025-07-12,2025-07-01,Technology,Europe,SMB,Basic,29
CUST_02754,2025-01-14,2025-01-01,Retail,North America,SMB,Basic,40
CUST_02755,2024-03-05,2024-03-01,Education,North America,Mid-market,Basic,118
CUST_02756,2025-01-22,2025-01-01,Finance,Europe,SMB,Basic,48
CUST_02757,2025-10-23,2025-10-01,Technology,Europe,SMB,Basic,38
CUST_02758,2025-03-12,2025-03-01,Education,Asia-Pacific,SMB,Basic,14
CUST_02759,2025-09-25,2025-09-01,Technology,Latin America,Mid-market,Basic,152
CUST_02760,2024-02-09,2024-02-01,Retail,Latin America,Mid-market,Pro,108
CUST_02761,2024-08-16,2024-08-01,Finance,Asia-Pacific,SMB,Basic,18
CUST_02762,2025-08-12,2025-08-01,Technology,Europe,SMB,Enterprise,49
CUST_02763,2024-03-20,2024-03-01,Education,North America,Enterprise,Enterprise,4722
CUST_02764,2025-12-12,2025-12-01,Finance,North America,Mid-market,Basic,138
CUST_02765,2024-02-11,2024-02-01,Education,Latin America,SMB,Basic,40
CUST_02766,2025-06-07,2025-06-01,Healthcare,Asia-Pacific,SMB,Basic,5
CUST_02767,2025-08-03,2025-08-01,E-commerce,Asia-Pacific,SMB,Pro,4
CUST_02768,2024-05-25,2024-05-01,E-commerce,Europe,Mid-market,Basic,110
CUST_02769,2024-12-28,2024-12-01,Healthcare,Asia-Pacific,Mid-market,Basic,353
CUST_02770,2025-12-12,2025-12-01,Retail,Asia-Pacific,SMB,Enterprise,7
CUST_02771,2024-02-16,2024-02-01,Finance,North America,SMB,Basic,28
CUST_02772,2025-02-02,2025-02-01,Education,Latin America,SMB,Pro,26
CUST_02773,2024-12-10,2024-12-01,E-commerce,Europe,SMB,Pro,3
CUST_02774,2025-07-15,2025-07-01,E-commerce,North America,SMB,Pro,23
CUST_02775,2024-03-17,2024-03-01,Finance,Latin America,SMB,Enterprise,42
CUST_02776,2025-10-02,2025-10-01,Retail,Europe,Mid-market,Basic,60
CUST_02777,2025-08-05,2025-08-01,Technology,Asia-Pacific,Enterprise,Enterprise,2680
CUST_02778,2024-07-07,2024-07-01,Technology,North America,SMB,Basic,23
CUST_02779,2025-03-05,2025-03-01,Retail,Europe,SMB,Basic,5
CUST_02780,2024-06-18,2024-06-01,Retail,Asia-Pacific,SMB,Basic,5
CUST_02781,2024-10-28,2024-10-01,Retail,Europe,SMB,Basic,25
CUST_02782,2025-03-13,2025-03-01,Education,North America,SMB,Basic,20
CUST_02783,2025-09-16,2025-09-01,Retail,North America,Enterprise,Basic,532
CUST_02784,2025-10-08,2025-10-01,Finance,Asia-Pacific,SMB,Pro,17
CUST_02785,2025-07-15,2025-07-01,Education,Europe,Mid-market,Basic,165
CUST_02786,2025-01-25,2025-01-01,Healthcare,North America,Mid-market,Enterprise,369
CUST_02787,2025-03-24,2025-03-01,Education,Latin America,SMB,Basic,15
CUST_02788,2024-05-28,2024-05-01,Education,Europe,SMB,Pro,35
CUST_02789,2024-07-29,2024-07-01,Retail,Asia-Pacific,Mid-market,Pro,480
CUST_02790,2025-12-23,2025-12-01,Education,Asia-Pacific,SMB,Basic,13
CUST_02791,2025-08-02,2025-08-01,Finance,Latin America,SMB,Basic,24
CUST_02792,2025-04-09,2025-04-01,Education,Europe,SMB,Enterprise,11
CUST_02793,2024-09-24,2024-09-01,Retail,Latin America,Mid-market,Enterprise,127
CUST_02794,2024-08-27,2024-08-01,Technology,Asia-Pacific,Mid-market,Basic,439
CUST_02795,2024-12-08,2024-12-01,Healthcare,North America,SMB,Basic,21
CUST_02796,2025-01-14,2025-01-01,E-commerce,Latin America,SMB,Basic,22
CUST_02797,2024-12-04,2024-12-01,Healthcare,Latin America,Mid-market,Basic,371
CUST_02798,2024-02-02,2024-02-01,Finance,Europe,Mid-market,Pro,149
CUST_02799,2024-01-23,2024-01-01,Retail,North America,Enterprise,Pro,2456
CUST_02800,2025-02-09,2025-02-01,E-commerce,North America,SMB,Basic,34
CUST_02801,2024-12-01,2024-12-01,Education,Latin America,SMB,Basic,4
CUST_02802,2025-01-24,2025-01-01,Healthcare,Europe,SMB,Basic,16
CUST_02803,2025-08-17,2025-08-01,Retail,Latin America,SMB,Enterprise,19
CUST_02804,2024-06-27,2024-06-01,Education,North America,SMB,Basic,9
CUST_02805,2025-04-11,2025-04-01,Healthcare,Asia-Pacific,Mid-market,Pro,421
CUST_02806,2024-07-02,2024-07-01,Technology,Europe,SMB,Basic,1
CUST_02807,2024-02-12,2024-02-01,Finance,North America,SMB,Basic,12
CUST_02808,2025-02-23,2025-02-01,Retail,Latin America,Enterprise,Enterprise,2624
CUST_02809,2025-04-22,2025-04-01,Education,Europe,Mid-market,Basic,89
CUST_02810,2024-08-17,2024-08-01,Education,Europe,SMB,Basic,39
CUST_02811,2025-02-23,2025-02-01,Healthcare,North America,SMB,Basic,26
CUST_02812,2024-10-08,2024-10-01,Healthcare,North America,SMB,Pro,33
CUST_02813,2025-04-06,2025-04-01,Retail,Europe,SMB,Basic,22
CUST_02814,2025-10-24,2025-10-01,Technology,Europe,SMB,Basic,46
CUST_02815,2025-11-21,2025-11-01,Technology,Latin America,Enterprise,Basic,4316
CUST_02816,2025-10-20,2025-10-01,E-commerce,Europe,SMB,Basic,20
CUST_02817,2024-01-25,2024-01-01,Finance,Latin America,Enterprise,Enterprise,2602
CUST_02818,2024-06-11,2024-06-01,Healthcare,Europe,Mid-market,Enterprise,162
CUST_02819,2025-02-28,2025-02-01,Finance,Asia-Pacific,Mid-market,Basic,204
CUST_02820,2024-06-13,2024-06-01,Healthcare,Europe,Enterprise,Enterprise,686
CUST_02821,2024-02-09,2024-02-01,Education,Latin America,Enterprise,Enterprise,4771
CUST_02822,2024-11-24,2024-11-01,Technology,Asia-Pacific,Mid-market,Basic,111
CUST_02823,2024-11-22,2024-11-01,Healthcare,Latin America,SMB,Basic,25
CUST_02824,2025-04-21,2025-04-01,Education,North America,Mid-market,Enterprise,301
CUST_02825,2024-11-17,2024-11-01,Healthcare,Europe,Mid-market,Basic,98
CUST_02826,2024-10-30,2024-10-01,Healthcare,North America,SMB,Basic,17
CUST_02827,2025-02-19,2025-02-01,Finance,North America,SMB,Basic,7
CUST_02828,2024-01-01,2024-01-01,Healthcare,Europe,SMB,Basic,43
CUST_02829,2024-10-23,2024-10-01,Retail,North America,SMB,Pro,24
CUST_02830,2025-04-26,2025-04-01,Retail,Latin America,Mid-market,Pro,186
CUST_02831,2025-09-02,2025-09-01,Technology,North America,SMB,Basic,32
CUST_02832,2024-03-05,2024-03-01,Technology,North America,SMB,Basic,22
CUST_02833,2025-06-13,2025-06-01,Finance,Latin America,SMB,Basic,43
CUST_02834,2024-07-20,2024-07-01,Retail,North America,Enterprise,Enterprise,1059
CUST_02835,2024-01-18,2024-01-01,Healthcare,Asia-Pacific,SMB,Pro,19
CUST_02836,2025-09-03,2025-09-01,Finance,North America,Mid-market,Basic,223
CUST_02837,2025-11-23,2025-11-01,Healthcare,Latin America,Mid-market,Pro,194
CUST_02838,2024-06-24,2024-06-01,Technology,North America,Mid-market,Basic,134
CUST_02839,2025-01-17,2025-01-01,E-commerce,Asia-Pacific,SMB,Basic,38
CUST_02840,2024-04-25,2024-04-01,E-commerce,North America,SMB,Basic,48
CUST_02841,2025-04-11,2025-04-01,Technology,North America,Mid-market,Pro,339
CUST_02842,2024-06-12,2024-06-01,Technology,Europe,SMB,Basic,22
CUST_02843,2024-12-04,2024-12-01,Finance,Europe,SMB,Basic,12
CUST_02844,2024-05-02,2024-05-01,Healthcare,Europe,Mid-market,Enterprise,177
CUST_02845,2025-07-01,2025-07-01,Healthcare,Latin America,Enterprise,Pro,1494
CUST_02846,2024-08-10,2024-08-01,E-commerce,Latin America,Enterprise,Enterprise,2654
CUST_02847,2025-09-23,2025-09-01,Technology,Asia-Pacific,SMB,Pro,2
CUST_02848,2024-06-27,2024-06-01,Retail,North America,Mid-market,Basic,324
CUST_02849,2025-11-10,2025-11-01,Retail,Latin America,SMB,Basic,9
CUST_02850,2024-01-03,2024-01-01,Education,Europe,SMB,Basic,25
CUST_02851,2024-04-18,2024-04-01,Finance,Latin America,SMB,Pro,39
CUST_02852,2025-08-02,2025-08-01,E-commerce,North America,Mid-market,Basic,183
CUST_02853,2025-09-25,2025-09-01,Retail,North America,SMB,Basic,46
CUST_02854,2024-12-01,2024-12-01,Retail,Europe,SMB,Pro,23
CUST_02855,2025-04-13,2025-04-01,Retail,North America,Mid-market,Pro,278
CUST_02856,2024-05-29,2024-05-01,Retail,Europe,Mid-market,Pro,382
CUST_02857,2024-12-27,2024-12-01,Finance,North America,SMB,Basic,38
CUST_02858,2025-06-07,2025-06-01,Technology,Latin America,SMB,Basic,12
CUST_02859,2025-02-26,2025-02-01,Technology,North America,Enterprise,Enterprise,1222
CUST_02860,2025-06-26,2025-06-01,Education,North America,SMB,Basic,13
CUST_02861,2025-04-28,2025-04-01,Finance,North America,SMB,Pro,3
CUST_02862,2025-04-18,2025-04-01,E-commerce,North America,SMB,Basic,49
CUST_02863,2024-03-05,2024-03-01,Education,North America,SMB,Enterprise,2
CUST_02864,2024-05-12,2024-05-01,Finance,Latin America,SMB,Pro,8
CUST_02865,2024-04-07,2024-04-01,Technology,Latin America,SMB,Pro,21
CUST_02866,2024-05-12,2024-05-01,Healthcare,North America,SMB,Pro,14
CUST_02867,2025-08-17,2025-08-01,E-commerce,Europe,Enterprise,Basic,1270
CUST_02868,2024-06-10,2024-06-01,Finance,North America,SMB,Pro,32
CUST_02869,2025-11-22,2025-11-01,Retail,North America,Mid-market,Enterprise,146
CUST_02870,2024-10-07,2024-10-01,E-commerce,North America,SMB,Basic,38
CUST_02871,2025-05-02,2025-05-01,Finance,North America,SMB,Basic,26
CUST_02872,2025-02-06,2025-02-01,Technology,Latin America,SMB,Basic,31
CUST_02873,2024-05-10,2024-05-01,Retail,Latin America,SMB,Basic,7
CUST_02874,2024-05-15,2024-05-01,Retail,Asia-Pacific,Enterprise,Enterprise,2215
CUST_02875,2025-12-06,2025-12-01,Healthcare,Europe,Enterprise,Pro,2296
CUST_02876,2025-05-26,2025-05-01,Finance,North America,SMB,Pro,44
CUST_02877,2025-04-14,2025-04-01,Education,North America,SMB,Basic,13
CUST_02878,2024-04-01,2024-04-01,Education,Europe,Mid-market,Pro,322
CUST_02879,2024-10-30,2024-10-01,Healthcare,North America,Mid-market,Pro,467
CUST_02880,2025-10-10,2025-10-01,Retail,Latin America,SMB,Pro,47
CUST_02881,2024-05-14,2024-05-01,E-commerce,North America,SMB,Basic,37
CUST_02882,2025-04-28,2025-04-01,Healthcare,North America,SMB,Basic,1
CUST_02883,2024-10-16,2024-10-01,Technology,Europe,Mid-market,Enterprise,93
CUST_02884,2025-05-24,2025-05-01,Retail,Europe,SMB,Basic,42
CUST_02885,2025-09-14,2025-09-01,Technology,North America,Mid-market,Basic,468
CUST_02886,2025-08-05,2025-08-01,Retail,North America,SMB,Basic,48
CUST_02887,2025-03-27,2025-03-01,E-commerce,North America,Mid-market,Basic,368
CUST_02888,2025-04-24,2025-04-01,Technology,Europe,SMB,Basic,14
CUST_02889,2024-05-18,2024-05-01,Education,North America,Mid-market,Enterprise,273
CUST_02890,2024-09-26,2024-09-01,Technology,Asia-Pacific,SMB,Basic,11
CUST_02891,2024-12-30,2024-12-01,Healthcare,Europe,Enterprise,Enterprise,2043
CUST_02892,2025-04-12,2025-04-01,Finance,North America,Enterprise,Enterprise,2646
CUST_02893,2024-08-12,2024-08-01,Retail,Asia-Pacific,SMB,Basic,48
CUST_02894,2024-10-05,2024-10-01,Technology,Asia-Pacific,Mid-market,Pro,147
CUST_02895,2024-09-24,2024-09-01,Finance,North America,Mid-market,Pro,189
CUST_02896,2024-11-23,2024-11-01,Healthcare,North America,Enterprise,Pro,3602
CUST_02897,2024-11-28,2024-11-01,Retail,North America,Enterprise,Enterprise,4060
CUST_02898,2024-11-10,2024-11-01,E-commerce,Asia-Pacific,Mid-market,Basic,264
CUST_02899,2025-10-14,2025-10-01,Finance,North America,SMB,Basic,46
CUST_02900,2025-09-10,2025-09-01,Finance,Asia-Pacific,SMB,Pro,34
CUST_02901,2025-11-21,2025-11-01,Finance,Latin America,Mid-market,Pro,395
CUST_02902,2025-06-08,2025-06-01,Retail,North America,Mid-market,Pro,477
CUST_02903,2024-10-19,2024-10-01,Education,Europe,SMB,Basic,44
CUST_02904,2025-12-30,2025-12-01,Education,Europe,SMB,Enterprise,6
CUST_02905,2024-03-23,2024-03-01,Education,North America,SMB,Basic,1
CUST_02906,2024-08-26,2024-08-01,Technology,Europe,SMB,Basic,36
CUST_02907,2025-01-19,2025-01-01,Technology,Asia-Pacific,Enterprise,Enterprise,1598
CUST_02908,2024-12-09,2024-12-01,Healthcare,North America,SMB,Pro,36
CUST_02909,2025-02-14,2025-02-01,E-commerce,North America,Mid-market,Enterprise,376
CUST_02910,2025-12-16,2025-12-01,E-commerce,North America,Mid-market,Basic,120
CUST_02911,2024-09-19,2024-09-01,Technology,Europe,SMB,Basic,14
CUST_02912,2025-08-07,2025-08-01,Retail,North America,SMB,Pro,20
CUST_02913,2024-08-28,2024-08-01,E-commerce,Europe,SMB,Pro,45
CUST_02914,2025-03-31,2025-03-01,E-commerce,Europe,SMB,Basic,17
CUST_02915,2024-02-01,2024-02-01,Finance,Europe,Enterprise,Enterprise,1571
CUST_02916,2024-09-06,2024-09-01,Finance,Asia-Pacific,SMB,Basic,25
CUST_02917,2024-01-23,2024-01-01,Finance,North America,Enterprise,Enterprise,872
CUST_02918,2024-10-11,2024-10-01,E-commerce,Asia-Pacific,SMB,Basic,32
CUST_02919,2024-04-28,2024-04-01,Technology,Latin America,SMB,Basic,45
CUST_02920,2024-10-03,2024-10-01,Healthcare,Europe,Enterprise,Pro,1649
CUST_02921,2025-03-14,2025-03-01,Healthcare,Europe,Enterprise,Enterprise,555
CUST_02922,2025-08-15,2025-08-01,Education,Asia-Pacific,Enterprise,Pro,3376
CUST_02923,2024-03-20,2024-03-01,Finance,Europe,Mid-market,Pro,490
CUST_02924,2024-05-05,2024-05-01,Finance,Latin America,SMB,Basic,35
CUST_02925,2024-05-20,2024-05-01,Technology,North America,SMB,Pro,39
CUST_02926,2025-09-04,2025-09-01,Education,Asia-Pacific,Enterprise,Enterprise,3052
CUST_02927,2025-06-23,2025-06-01,Education,Latin America,Mid-market,Pro,436
CUST_02928,2025-01-05,2025-01-01,Healthcare,North America,Mid-market,Pro,381
CUST_02929,2025-04-05,2025-04-01,Finance,North America,SMB,Basic,9
CUST_02930,2024-11-28,2024-11-01,E-commerce,North America,Mid-market,Pro,70
CUST_02931,2024-10-25,2024-10-01,Technology,Asia-Pacific,Enterprise,Enterprise,1644
CUST_02932,2024-03-09,2024-03-01,Education,North America,Mid-market,Enterprise,382
CUST_02933,2025-04-25,2025-04-01,Finance,North America,SMB,Pro,24
CUST_02934,2025-09-19,2025-09-01,Technology,Latin America,SMB,Basic,13
CUST_02935,2024-06-15,2024-06-01,Technology,North America,Enterprise,Pro,2703
CUST_02936,2024-11-19,2024-11-01,Finance,North America,SMB,Basic,36
CUST_02937,2024-03-02,2024-03-01,Technology,Latin America,SMB,Basic,9
CUST_02938,2025-08-03,2025-08-01,Finance,Asia-Pacific,Enterprise,Enterprise,3543
CUST_02939,2025-04-22,2025-04-01,Healthcare,North America,SMB,Pro,48
CUST_02940,2025-05-29,2025-05-01,Education,North America,SMB,Basic,5
CUST_02941,2024-08-12,2024-08-01,Finance,North America,Mid-market,Pro,492
CUST_02942,2024-10-29,2024-10-01,Technology,North America,SMB,Pro,8
CUST_02943,2025-06-17,2025-06-01,Finance,Asia-Pacific,SMB,Basic,41
CUST_02944,2024-12-13,2024-12-01,E-commerce,North America,Mid-market,Basic,102
CUST_02945,2024-01-10,2024-01-01,Technology,Asia-Pacific,Mid-market,Basic,207
CUST_02946,2024-01-19,2024-01-01,Retail,Europe,Mid-market,Basic,298
CUST_02947,2025-06-23,2025-06-01,Healthcare,Asia-Pacific,Mid-market,Pro,69
CUST_02948,2025-05-25,2025-05-01,Retail,Asia-Pacific,SMB,Pro,25
CUST_02949,2024-09-01,2024-09-01,Technology,Latin America,SMB,Basic,28
CUST_02950,2024-06-08,2024-06-01,Retail,Europe,SMB,Basic,44
CUST_02951,2024-12-17,2024-12-01,Technology,North America,SMB,Basic,13
CUST_02952,2024-04-02,2024-04-01,Education,North America,Enterprise,Enterprise,3159
CUST_02953,2024-01-01,2024-01-01,Technology,North America,SMB,Pro,33
CUST_02954,2025-12-08,2025-12-01,E-commerce,North America,SMB,Basic,15
CUST_02955,2025-08-05,2025-08-01,Technology,Asia-Pacific,Mid-market,Pro,146
CUST_02956,2024-11-04,2024-11-01,Retail,Europe,Mid-market,Basic,265
CUST_02957,2024-09-02,2024-09-01,E-commerce,Europe,Enterprise,Enterprise,4528
CUST_02958,2024-07-20,2024-07-01,Healthcare,North America,SMB,Basic,25
CUST_02959,2024-05-21,2024-05-01,Healthcare,Latin America,SMB,Pro,36
CUST_02960,2024-10-03,2024-10-01,Education,Europe,Mid-market,Pro,320
CUST_02961,2025-07-29,2025-07-01,E-commerce,Latin America,SMB,Basic,33
CUST_02962,2025-08-15,2025-08-01,Finance,Europe,SMB,Basic,30
CUST_02963,2024-09-05,2024-09-01,Finance,Latin America,SMB,Basic,47
CUST_02964,2025-08-17,2025-08-01,Technology,Europe,Mid-market,Pro,489
CUST_02965,2024-12-04,2024-12-01,Finance,Europe,SMB,Basic,3
CUST_02966,2024-08-16,2024-08-01,Education,Latin America,Mid-market,Enterprise,160
CUST_02967,2025-10-18,2025-10-01,Technology,Latin America,SMB,Basic,26
CUST_02968,2025-04-29,2025-04-01,E-commerce,North America,SMB,Basic,21
CUST_02969,2025-11-24,2025-11-01,Retail,Asia-Pacific,Enterprise,Enterprise,828
CUST_02970,2025-02-19,2025-02-01,Retail,Europe,SMB,Pro,3
CUST_02971,2024-12-25,2024-12-01,Retail,Asia-Pacific,SMB,Basic,27
CUST_02972,2025-09-05,2025-09-01,E-commerce,North America,SMB,Basic,28
CUST_02973,2024-10-04,2024-10-01,Education,Europe,Mid-market,Pro,136
CUST_02974,2024-03-18,2024-03-01,E-commerce,Europe,SMB,Basic,5
CUST_02975,2025-03-08,2025-03-01,Healthcare,North America,SMB,Basic,15
CUST_02976,2025-09-23,2025-09-01,Healthcare,Europe,Mid-market,Pro,210
CUST_02977,2024-02-10,2024-02-01,Retail,Latin America,Mid-market,Pro,311
CUST_02978,2025-03-11,2025-03-01,E-commerce,Europe,Enterprise,Pro,3294
CUST_02979,2024-09-21,2024-09-01,Healthcare,Latin America,SMB,Basic,39
CUST_02980,2024-08-12,2024-08-01,Retail,Latin America,Mid-market,Pro,324
CUST_02981,2024-11-06,2024-11-01,Finance,North America,SMB,Basic,35
CUST_02982,2025-04-13,2025-04-01,Education,Asia-Pacific,SMB,Basic,6
CUST_02983,2025-07-20,2025-07-01,Healthcare,Latin America,Mid-market,Pro,405
CUST_02984,2024-09-20,2024-09-01,Healthcare,Latin America,Mid-market,Basic,51
CUST_02985,2025-03-17,2025-03-01,Finance,North America,SMB,Basic,18
CUST_02986,2024-06-08,2024-06-01,Retail,North America,SMB,Basic,7
CUST_02987,2024-07-14,2024-07-01,Education,North America,SMB,Basic,10
CUST_02988,2024-12-24,2024-12-01,Retail,North America,SMB,Basic,25
CUST_02989,2024-05-05,2024-05-01,E-commerce,North America,Enterprise,Enterprise,2359
CUST_02990,2024-06-24,2024-06-01,Technology,North America,SMB,Basic,35
CUST_02991,2025-09-21,2025-09-01,Healthcare,North America,Mid-market,Pro,182
CUST_02992,2025-07-29,2025-07-01,Finance,North America,Mid-market,Basic,75
CUST_02993,2025-06-18,2025-06-01,Technology,North America,Enterprise,Enterprise,970
CUST_02994,2025-02-23,2025-02-01,E-commerce,Asia-Pacific,SMB,Basic,3
CUST_02995,2025-08-20,2025-08-01,Finance,Latin America,Enterprise,Enterprise,4860
CUST_02996,2025-01-16,2025-01-01,Healthcare,Europe,SMB,Basic,46
CUST_02997,2025-05-24,2025-05-01,Technology,Latin America,SMB,Basic,39
CUST_02998,2024-04-12,2024-04-01,Retail,Latin America,Mid-market,Pro,447
CUST_02999,2025-01-26,2025-01-01,E-commerce,North America,SMB,Basic,32
CUST_03000,2024-03-15,2024-03-01,Technology,North America,SMB,Pro,47
CUST_03001,2025-02-04,2025-02-01,Retail,Asia-Pacific,Enterprise,Basic,3737
CUST_03002,2024-05-25,2024-05-01,Retail,Latin America,SMB,Basic,49
CUST_03003,2024-12-11,2024-12-01,E-commerce,North America,Mid-market,Pro,274
CUST_03004,2025-11-25,2025-11-01,E-commerce,Europe,SMB,Basic,13
CUST_03005,2025-07-10,2025-07-01,Finance,North America,SMB,Basic,19
CUST_03006,2025-07-15,2025-07-01,Education,Europe,SMB,Basic,39
CUST_03007,2025-10-01,2025-10-01,Healthcare,North America,Enterprise,Enterprise,2250
CUST_03008,2024-08-11,2024-08-01,Healthcare,Europe,SMB,Basic,41
CUST_03009,2024-03-06,2024-03-01,Technology,North America,SMB,Basic,3
CUST_03010,2025-01-17,2025-01-01,Healthcare,North America,SMB,Basic,25
CUST_03011,2024-06-06,2024-06-01,E-commerce,North America,SMB,Basic,4
CUST_03012,2025-03-09,2025-03-01,Healthcare,North America,SMB,Basic,41
CUST_03013,2025-08-07,2025-08-01,Retail,North America,Enterprise,Pro,2256
CUST_03014,2025-10-12,2025-10-01,Finance,North America,SMB,Pro,14
CUST_03015,2024-01-31,2024-01-01,Education,Latin America,SMB,Basic,9
CUST_03016,2025-06-04,2025-06-01,Education,North America,Enterprise,Basic,1089
CUST_03017,2025-12-26,2025-12-01,Healthcare,Europe,SMB,Basic,20
CUST_03018,2024-08-19,2024-08-01,Technology,Latin America,SMB,Basic,6
CUST_03019,2024-01-16,2024-01-01,Technology,Asia-Pacific,SMB,Enterprise,33
CUST_03020,2025-04-07,2025-04-01,Finance,Asia-Pacific,Mid-market,Pro,395
CUST_03021,2024-08-27,2024-08-01,Healthcare,Europe,Mid-market,Basic,264
CUST_03022,2025-08-11,2025-08-01,Technology,Asia-Pacific,Mid-market,Pro,192
CUST_03023,2024-11-10,2024-11-01,Education,Asia-Pacific,Enterprise,Enterprise,4145
CUST_03024,2025-08-18,2025-08-01,Retail,North America,Mid-market,Enterprise,463
CUST_03025,2025-11-13,2025-11-01,Technology,North America,SMB,Basic,22
CUST_03026,2024-03-19,2024-03-01,E-commerce,Europe,Enterprise,Pro,1573
CUST_03027,2025-04-23,2025-04-01,Finance,Latin America,SMB,Basic,31
CUST_03028,2025-04-21,2025-04-01,Technology,North America,Enterprise,Enterprise,4488
CUST_03029,2025-03-23,2025-03-01,Retail,Europe,Mid-market,Enterprise,487
CUST_03030,2025-05-30,2025-05-01,Education,Asia-Pacific,Enterprise,Enterprise,3233
CUST_03031,2024-11-20,2024-11-01,Retail,North America,Mid-market,Pro,405
CUST_03032,2024-08-04,2024-08-01,Education,North America,Enterprise,Enterprise,2512
CUST_03033,2024-08-27,2024-08-01,Technology,North America,Enterprise,Enterprise,1748
CUST_03034,2024-05-23,2024-05-01,Technology,North America,SMB,Basic,49
CUST_03035,2025-08-23,2025-08-01,Retail,Europe,SMB,Pro,49
CUST_03036,2024-02-05,2024-02-01,Healthcare,North America,SMB,Basic,6
CUST_03037,2025-01-25,2025-01-01,Technology,Europe,SMB,Basic,34
CUST_03038,2025-06-20,2025-06-01,Retail,Europe,Enterprise,Enterprise,693
CUST_03039,2024-05-16,2024-05-01,Finance,North America,SMB,Basic,40
CUST_03040,2024-02-07,2024-02-01,Technology,Asia-Pacific,SMB,Basic,47
CUST_03041,2024-04-12,2024-04-01,Healthcare,Europe,SMB,Enterprise,1
CUST_03042,2024-10-24,2024-10-01,Education,Asia-Pacific,SMB,Basic,30
CUST_03043,2024-11-21,2024-11-01,Technology,Europe,SMB,Basic,15
CUST_03044,2024-09-08,2024-09-01,E-commerce,Latin America,SMB,Basic,3
CUST_03045,2025-04-09,2025-04-01,E-commerce,Asia-Pacific,Enterprise,Enterprise,4112
CUST_03046,2025-04-10,2025-04-01,Finance,North America,Mid-market,Basic,234
CUST_03047,2025-04-25,2025-04-01,Healthcare,North America,Mid-market,Pro,124
CUST_03048,2024-08-20,2024-08-01,Retail,Latin America,Mid-market,Enterprise,428
CUST_03049,2025-08-25,2025-08-01,Finance,Europe,Mid-market,Basic,233
CUST_03050,2024-06-05,2024-06-01,Education,Europe,SMB,Pro,10
CUST_03051,2024-04-05,2024-04-01,Healthcare,Europe,Mid-market,Pro,338
CUST_03052,2024-09-14,2024-09-01,Education,North America,Mid-market,Basic,440
CUST_03053,2024-05-22,2024-05-01,Healthcare,North America,SMB,Basic,7
CUST_03054,2024-07-20,2024-07-01,Healthcare,North America,Enterprise,Pro,1410
CUST_03055,2025-07-01,2025-07-01,Technology,Asia-Pacific,SMB,Basic,49
CUST_03056,2024-11-01,2024-11-01,Education,Europe,SMB,Basic,12
CUST_03057,2025-03-03,2025-03-01,E-commerce,Europe,SMB,Pro,3
CUST_03058,2024-08-17,2024-08-01,Retail,North America,SMB,Pro,16
CUST_03059,2024-05-23,2024-05-01,Retail,Europe,SMB,Enterprise,46
CUST_03060,2025-04-06,2025-04-01,Finance,Europe,SMB,Basic,41
CUST_03061,2025-01-08,2025-01-01,Education,North America,Enterprise,Enterprise,3731
CUST_03062,2025-11-26,2025-11-01,E-commerce,North America,SMB,Enterprise,39
CUST_03063,2025-04-01,2025-04-01,Finance,Europe,SMB,Basic,28
CUST_03064,2025-12-05,2025-12-01,Retail,Asia-Pacific,SMB,Pro,16
CUST_03065,2025-12-30,2025-12-01,Retail,Latin America,Enterprise,Enterprise,3239
CUST_03066,2025-09-20,2025-09-01,Technology,Europe,Mid-market,Pro,275
CUST_03067,2024-11-03,2024-11-01,Finance,North America,SMB,Basic,40
CUST_03068,2024-09-05,2024-09-01,Technology,North America,SMB,Basic,8
CUST_03069,2024-05-10,2024-05-01,Retail,Asia-Pacific,SMB,Basic,45
CUST_03070,2024-09-20,2024-09-01,Finance,North America,SMB,Basic,31
CUST_03071,2025-05-09,2025-05-01,E-commerce,Latin America,Mid-market,Pro,418
CUST_03072,2025-08-27,2025-08-01,E-commerce,Asia-Pacific,Mid-market,Basic,167
CUST_03073,2025-08-22,2025-08-01,Retail,North America,Mid-market,Enterprise,162
CUST_03074,2024-06-14,2024-06-01,Education,North America,SMB,Basic,43
CUST_03075,2024-01-09,2024-01-01,Finance,Asia-Pacific,Mid-market,Pro,194
CUST_03076,2025-02-15,2025-02-01,Education,Europe,SMB,Basic,47
CUST_03077,2025-12-11,2025-12-01,Finance,North America,Mid-market,Enterprise,497
CUST_03078,2025-01-23,2025-01-01,E-commerce,North America,Mid-market,Pro,217
CUST_03079,2025-03-20,2025-03-01,Healthcare,North America,SMB,Basic,9
CUST_03080,2024-01-22,2024-01-01,Technology,Europe,SMB,Basic,13
CUST_03081,2025-04-25,2025-04-01,Retail,Asia-Pacific,SMB,Basic,43
CUST_03082,2024-01-17,2024-01-01,Education,North America,Enterprise,Enterprise,2536
CUST_03083,2024-09-19,2024-09-01,E-commerce,North America,SMB,Basic,3
CUST_03084,2025-02-12,2025-02-01,E-commerce,Latin America,Enterprise,Enterprise,610
CUST_03085,2025-05-02,2025-05-01,Technology,Latin America,Enterprise,Pro,2879
CUST_03086,2024-09-20,2024-09-01,Education,Asia-Pacific,SMB,Basic,42
CUST_03087,2025-03-29,2025-03-01,Finance,North America,SMB,Basic,36
CUST_03088,2025-08-31,2025-08-01,Retail,North America,SMB,Basic,44
CUST_03089,2025-01-20,2025-01-01,Finance,Europe,Mid-market,Pro,68
CUST_03090,2024-12-01,2024-12-01,Technology,Asia-Pacific,SMB,Basic,2
CUST_03091,2024-09-06,2024-09-01,Technology,North America,SMB,Enterprise,48
CUST_03092,2024-09-12,2024-09-01,Technology,Asia-Pacific,SMB,Pro,25
CUST_03093,2025-02-26,2025-02-01,Retail,North America,Enterprise,Enterprise,2716
CUST_03094,2025-08-04,2025-08-01,Healthcare,Asia-Pacific,Enterprise,Enterprise,678
CUST_03095,2024-02-26,2024-02-01,Technology,Europe,SMB,Pro,35
CUST_03096,2024-04-21,2024-04-01,Finance,Europe,SMB,Basic,38
CUST_03097,2024-02-25,2024-02-01,E-commerce,Latin America,SMB,Pro,37
CUST_03098,2024-09-26,2024-09-01,Education,North America,Enterprise,Pro,1309
CUST_03099,2024-01-01,2024-01-01,Education,Latin America,Mid-market,Pro,67
CUST_03100,2025-03-20,2025-03-01,Retail,Asia-Pacific,SMB,Basic,19
CUST_03101,2025-07-18,2025-07-01,Finance,Asia-Pacific,SMB,Basic,39
CUST_03102,2024-04-20,2024-04-01,Retail,North America,SMB,Basic,4
CUST_03103,2024-06-21,2024-06-01,Technology,Europe,SMB,Basic,20
CUST_03104,2025-11-01,2025-11-01,Technology,Europe,SMB,Basic,42
CUST_03105,2024-08-31,2024-08-01,Retail,Europe,Mid-market,Basic,150
CUST_03106,2025-12-15,2025-12-01,Technology,North America,SMB,Basic,48
CUST_03107,2025-08-17,2025-08-01,E-commerce,Asia-Pacific,SMB,Basic,48
CUST_03108,2025-06-08,2025-06-01,Retail,Europe,Enterprise,Pro,2457
CUST_03109,2025-05-19,2025-05-01,E-commerce,North America,Mid-market,Basic,417
CUST_03110,2024-10-09,2024-10-01,E-commerce,Europe,Mid-market,Basic,282
CUST_03111,2024-10-03,2024-10-01,Retail,Latin America,SMB,Basic,48
CUST_03112,2025-07-19,2025-07-01,E-commerce,North America,Enterprise,Pro,1894
CUST_03113,2025-11-13,2025-11-01,Retail,North America,SMB,Basic,28
CUST_03114,2024-10-28,2024-10-01,Education,North America,SMB,Basic,34
CUST_03115,2025-06-15,2025-06-01,Technology,Asia-Pacific,SMB,Pro,25
CUST_03116,2025-01-17,2025-01-01,Retail,North America,SMB,Pro,20
CUST_03117,2024-07-27,2024-07-01,Education,Asia-Pacific,SMB,Basic,34
CUST_03118,2024-07-24,2024-07-01,Retail,Europe,Enterprise,Enterprise,3379
CUST_03119,2024-04-04,2024-04-01,E-commerce,Asia-Pacific,Enterprise,Pro,2391
CUST_03120,2024-04-20,2024-04-01,Finance,North America,Mid-market,Pro,58
CUST_03121,2024-10-02,2024-10-01,Retail,Europe,SMB,Basic,36
CUST_03122,2025-01-26,2025-01-01,Healthcare,Latin America,SMB,Pro,36
CUST_03123,2025-07-16,2025-07-01,Retail,North America,Enterprise,Enterprise,4484
CUST_03124,2024-12-05,2024-12-01,Healthcare,Asia-Pacific,SMB,Basic,5
CUST_03125,2025-10-01,2025-10-01,Technology,North America,SMB,Basic,30
CUST_03126,2024-01-24,2024-01-01,Education,Europe,SMB,Basic,22
CUST_03127,2025-06-09,2025-06-01,Technology,North America,Enterprise,Basic,4930
CUST_03128,2024-12-17,2024-12-01,Technology,North America,SMB,Basic,23
CUST_03129,2024-09-14,2024-09-01,Healthcare,Asia-Pacific,SMB,Basic,29
CUST_03130,2025-05-29,2025-05-01,E-commerce,North America,Mid-market,Enterprise,406
CUST_03131,2024-05-27,2024-05-01,E-commerce,North America,SMB,Basic,43
CUST_03132,2024-01-31,2024-01-01,Retail,North America,SMB,Basic,24
CUST_03133,2025-05-15,2025-05-01,Education,Latin America,SMB,Basic,33
CUST_03134,2024-08-01,2024-08-01,Retail,North America,Mid-market,Pro,289
CUST_03135,2025-02-21,2025-02-01,Finance,Asia-Pacific,Mid-market,Enterprise,469
CUST_03136,2025-07-19,2025-07-01,E-commerce,North America,SMB,Pro,45
CUST_03137,2025-10-05,2025-10-01,Finance,Latin America,SMB,Basic,31
CUST_03138,2024-08-06,2024-08-01,Healthcare,North America,SMB,Basic,46
CUST_03139,2025-06-08,2025-06-01,Retail,Europe,SMB,Basic,43
CUST_03140,2025-10-11,2025-10-01,Finance,North America,SMB,Basic,2
CUST_03141,2024-07-12,2024-07-01,Education,North America,SMB,Pro,37
CUST_03142,2024-07-19,2024-07-01,Healthcare,Latin America,SMB,Basic,42
CUST_03143,2024-12-29,2024-12-01,Education,North America,SMB,Basic,44
CUST_03144,2024-11-11,2024-11-01,E-commerce,Latin America,SMB,Basic,6
CUST_03145,2024-05-05,2024-05-01,E-commerce,Europe,SMB,Basic,8
CUST_03146,2024-11-25,2024-11-01,Retail,Europe,SMB,Basic,20
CUST_03147,2025-12-21,2025-12-01,Retail,North America,Mid-market,Pro,206
CUST_03148,2024-09-26,2024-09-01,Healthcare,North America,SMB,Basic,33
CUST_03149,2024-10-11,2024-10-01,E-commerce,Europe,SMB,Basic,5
CUST_03150,2024-05-04,2024-05-01,E-commerce,Europe,Mid-market,Pro,305
CUST_03151,2025-08-07,2025-08-01,Technology,North America,SMB,Enterprise,18
CUST_03152,2025-04-12,2025-04-01,Retail,Europe,SMB,Basic,7
CUST_03153,2025-07-30,2025-07-01,Education,North America,SMB,Enterprise,36
CUST_03154,2024-08-10,2024-08-01,Finance,Europe,Mid-market,Pro,425
CUST_03155,2024-03-01,2024-03-01,Finance,Latin America,Mid-market,Pro,405
CUST_03156,2025-07-28,2025-07-01,Retail,Latin America,SMB,Basic,25
CUST_03157,2024-08-06,2024-08-01,Education,Latin America,SMB,Basic,3
CUST_03158,2025-10-18,2025-10-01,Retail,North America,SMB,Basic,41
CUST_03159,2024-08-13,2024-08-01,Finance,Europe,Enterprise,Enterprise,2661
CUST_03160,2024-02-07,2024-02-01,E-commerce,Europe,SMB,Basic,46
CUST_03161,2024-09-01,2024-09-01,Finance,North America,Enterprise,Pro,3692
CUST_03162,2024-09-15,2024-09-01,Technology,North America,Mid-market,Pro,269
CUST_03163,2024-08-07,2024-08-01,Technology,Europe,Enterprise,Enterprise,3824
CUST_03164,2025-02-08,2025-02-01,Retail,Europe,SMB,Pro,27
CUST_03165,2024-08-01,2024-08-01,E-commerce,Europe,Enterprise,Basic,3082
CUST_03166,2025-07-07,2025-07-01,Education,North America,Enterprise,Enterprise,3353
CUST_03167,2024-10-19,2024-10-01,Finance,Europe,SMB,Enterprise,22
CUST_03168,2025-12-03,2025-12-01,Finance,Europe,SMB,Pro,3
CUST_03169,2025-01-27,2025-01-01,E-commerce,Latin America,SMB,Enterprise,42
CUST_03170,2025-05-29,2025-05-01,Healthcare,Latin America,SMB,Pro,3
CUST_03171,2025-06-26,2025-06-01,Finance,North America,Mid-market,Pro,464
CUST_03172,2025-12-14,2025-12-01,E-commerce,Asia-Pacific,SMB,Basic,46
CUST_03173,2024-09-13,2024-09-01,Retail,Europe,SMB,Enterprise,13
CUST_03174,2025-05-25,2025-05-01,Technology,Europe,Mid-market,Basic,183
CUST_03175,2025-12-29,2025-12-01,E-commerce,North America,Mid-market,Pro,161
CUST_03176,2025-01-23,2025-01-01,Education,Asia-Pacific,SMB,Enterprise,49
CUST_03177,2024-10-16,2024-10-01,E-commerce,North America,SMB,Pro,39
CUST_03178,2024-12-14,2024-12-01,Retail,North America,SMB,Pro,15
CUST_03179,2025-11-29,2025-11-01,Technology,Asia-Pacific,SMB,Pro,38
CUST_03180,2024-07-26,2024-07-01,Retail,Asia-Pacific,Enterprise,Basic,4976
CUST_03181,2025-06-20,2025-06-01,Education,North America,Enterprise,Enterprise,1044
CUST_03182,2025-12-12,2025-12-01,Finance,Europe,SMB,Basic,2
CUST_03183,2024-12-19,2024-12-01,E-commerce,North America,SMB,Basic,15
CUST_03184,2024-05-26,2024-05-01,Healthcare,Latin America,SMB,Basic,38
CUST_03185,2025-06-16,2025-06-01,Technology,North America,SMB,Basic,5
CUST_03186,2024-02-02,2024-02-01,Finance,Europe,Enterprise,Pro,3280
CUST_03187,2025-01-24,2025-01-01,Technology,Asia-Pacific,Mid-market,Enterprise,495
CUST_03188,2025-11-26,2025-11-01,Healthcare,Latin America,SMB,Basic,45
CUST_03189,2025-11-29,2025-11-01,Education,Europe,SMB,Basic,30
CUST_03190,2025-02-27,2025-02-01,Finance,North America,SMB,Basic,40
CUST_03191,2024-12-31,2024-12-01,Healthcare,North America,Mid-market,Basic,104
CUST_03192,2024-10-18,2024-10-01,Education,Latin America,Mid-market,Pro,414
CUST_03193,2025-04-09,2025-04-01,Education,Asia-Pacific,SMB,Basic,31
CUST_03194,2024-03-10,2024-03-01,Education,Europe,Enterprise,Pro,732
CUST_03195,2024-02-23,2024-02-01,Technology,Asia-Pacific,Mid-market,Basic,162
CUST_03196,2025-02-11,2025-02-01,Healthcare,Europe,Enterprise,Enterprise,2260
CUST_03197,2025-06-09,2025-06-01,Finance,Latin America,Enterprise,Enterprise,1474
CUST_03198,2025-01-26,2025-01-01,E-commerce,Asia-Pacific,SMB,Pro,32
CUST_03199,2025-06-06,2025-06-01,Healthcare,North America,Enterprise,Enterprise,4599
CUST_03200,2025-05-09,2025-05-01,E-commerce,Europe,SMB,Basic,42
CUST_03201,2025-07-21,2025-07-01,Education,North America,SMB,Basic,42
CUST_03202,2025-10-12,2025-10-01,Healthcare,Europe,Mid-market,Pro,267
CUST_03203,2025-01-18,2025-01-01,Retail,North America,SMB,Basic,13
CUST_03204,2024-08-07,2024-08-01,Education,Latin America,SMB,Basic,17
CUST_03205,2025-08-07,2025-08-01,Technology,Europe,SMB,Basic,6
CUST_03206,2024-04-17,2024-04-01,Healthcare,North America,SMB,Basic,10
CUST_03207,2024-10-29,2024-10-01,Finance,North America,Mid-market,Basic,396
CUST_03208,2025-04-24,2025-04-01,Finance,Europe,Enterprise,Enterprise,1441
CUST_03209,2025-09-28,2025-09-01,E-commerce,Europe,Enterprise,Pro,4386
CUST_03210,2024-03-30,2024-03-01,Healthcare,Asia-Pacific,Mid-market,Basic,90
CUST_03211,2024-05-03,2024-05-01,Education,North America,SMB,Basic,23
CUST_03212,2025-10-05,2025-10-01,Retail,Asia-Pacific,SMB,Basic,21
CUST_03213,2025-09-23,2025-09-01,E-commerce,North America,SMB,Basic,14
CUST_03214,2025-12-30,2025-12-01,Technology,Asia-Pacific,Enterprise,Basic,2551
CUST_03215,2025-05-11,2025-05-01,Retail,Europe,SMB,Pro,31
CUST_03216,2024-10-18,2024-10-01,Technology,Latin America,SMB,Pro,33
CUST_03217,2024-01-05,2024-01-01,E-commerce,North America,Mid-market,Enterprise,322
CUST_03218,2025-07-16,2025-07-01,Education,North America,Mid-market,Basic,198
CUST_03219,2024-06-18,2024-06-01,Education,Latin America,Mid-market,Pro,394
CUST_03220,2025-07-05,2025-07-01,Healthcare,Europe,SMB,Pro,31
CUST_03221,2025-11-02,2025-11-01,Technology,Asia-Pacific,Enterprise,Enterprise,2984
CUST_03222,2024-06-27,2024-06-01,E-commerce,North America,Mid-market,Basic,273
CUST_03223,2024-01-25,2024-01-01,E-commerce,North America,Enterprise,Pro,3774
CUST_03224,2024-09-23,2024-09-01,Education,Asia-Pacific,SMB,Basic,5
CUST_03225,2025-11-10,2025-11-01,Technology,Asia-Pacific,Mid-market,Enterprise,124
CUST_03226,2024-07-19,2024-07-01,Finance,Asia-Pacific,SMB,Pro,12
CUST_03227,2025-06-27,2025-06-01,Healthcare,Asia-Pacific,SMB,Basic,9
CUST_03228,2024-08-13,2024-08-01,Finance,North America,SMB,Pro,23
CUST_03229,2025-07-06,2025-07-01,E-commerce,North America,Mid-market,Pro,280
CUST_03230,2025-12-27,2025-12-01,Education,Asia-Pacific,SMB,Pro,19
CUST_03231,2025-01-03,2025-01-01,Finance,North America,SMB,Basic,36
CUST_03232,2025-02-13,2025-02-01,Retail,Latin America,Enterprise,Enterprise,720
CUST_03233,2025-07-20,2025-07-01,Finance,Latin America,SMB,Pro,34
CUST_03234,2025-11-29,2025-11-01,Education,North America,Mid-market,Pro,496
CUST_03235,2024-03-08,2024-03-01,Finance,North America,SMB,Basic,22
CUST_03236,2024-11-16,2024-11-01,E-commerce,Latin America,Mid-market,Pro,376
CUST_03237,2025-01-04,2025-01-01,Technology,North America,Mid-market,Basic,179
CUST_03238,2025-11-19,2025-11-01,Retail,Europe,Mid-market,Basic,399
CUST_03239,2025-10-31,2025-10-01,Technology,North America,SMB,Basic,38
CUST_03240,2025-03-19,2025-03-01,Technology,North America,SMB,Pro,2
CUST_03241,2024-12-18,2024-12-01,Healthcare,North America,Enterprise,Enterprise,3387
CUST_03242,2025-03-10,2025-03-01,Technology,North America,SMB,Basic,31
CUST_03243,2024-08-12,2024-08-01,Technology,Latin America,Mid-market,Enterprise,259
CUST_03244,2025-04-18,2025-04-01,Healthcare,Europe,SMB,Basic,2
CUST_03245,2025-06-07,2025-06-01,Technology,North America,SMB,Basic,15
CUST_03246,2024-02-11,2024-02-01,Retail,North America,SMB,Basic,30
CUST_03247,2025-10-22,2025-10-01,E-commerce,Asia-Pacific,Enterprise,Enterprise,2791
CUST_03248,2024-02-29,2024-02-01,Healthcare,North America,SMB,Pro,18
CUST_03249,2025-06-17,2025-06-01,Finance,North America,SMB,Pro,11
CUST_03250,2025-08-31,2025-08-01,Healthcare,Asia-Pacific,SMB,Basic,32
CUST_03251,2025-02-02,2025-02-01,Retail,Europe,Mid-market,Basic,199
CUST_03252,2024-01-31,2024-01-01,Retail,Europe,Enterprise,Pro,1182
CUST_03253,2024-09-13,2024-09-01,Technology,Asia-Pacific,SMB,Basic,28
CUST_03254,2024-07-23,2024-07-01,Technology,Asia-Pacific,SMB,Basic,22
CUST_03255,2025-11-07,2025-11-01,Technology,Latin America,SMB,Basic,28
CUST_03256,2025-02-02,2025-02-01,Education,North America,Mid-market,Enterprise,124
CUST_03257,2024-08-17,2024-08-01,Education,Asia-Pacific,SMB,Basic,43
CUST_03258,2025-06-12,2025-06-01,Education,North America,Mid-market,Pro,100
CUST_03259,2025-07-25,2025-07-01,Education,Asia-Pacific,Mid-market,Pro,280
CUST_03260,2025-01-29,2025-01-01,Healthcare,Asia-Pacific,Enterprise,Enterprise,4129
CUST_03261,2024-01-28,2024-01-01,Technology,North America,SMB,Basic,4
CUST_03262,2025-03-26,2025-03-01,Technology,Latin America,SMB,Pro,44
CUST_03263,2025-07-03,2025-07-01,Technology,North America,SMB,Basic,27
CUST_03264,2025-01-04,2025-01-01,Education,North America,SMB,Basic,21
CUST_03265,2024-11-23,2024-11-01,Retail,North America,SMB,Basic,29
CUST_03266,2024-11-18,2024-11-01,Technology,Latin America,Mid-market,Basic,323
CUST_03267,2024-08-10,2024-08-01,E-commerce,North America,Mid-market,Pro,53
CUST_03268,2025-04-23,2025-04-01,Education,North America,SMB,Basic,44
CUST_03269,2024-04-27,2024-04-01,Healthcare,Europe,SMB,Basic,15
CUST_03270,2025-03-06,2025-03-01,Retail,North America,SMB,Basic,24
CUST_03271,2025-08-19,2025-08-01,Education,Europe,SMB,Basic,13
CUST_03272,2025-03-13,2025-03-01,Healthcare,Latin America,SMB,Basic,31
CUST_03273,2025-04-29,2025-04-01,Technology,Europe,Mid-market,Enterprise,207
CUST_03274,2024-10-26,2024-10-01,Education,North America,Enterprise,Enterprise,2202
CUST_03275,2025-07-07,2025-07-01,E-commerce,North America,Mid-market,Pro,401
CUST_03276,2025-01-15,2025-01-01,Technology,North America,Mid-market,Pro,289
CUST_03277,2025-11-09,2025-11-01,Finance,Latin America,SMB,Basic,15
CUST_03278,2024-02-20,2024-02-01,Healthcare,Asia-Pacific,SMB,Basic,22
CUST_03279,2024-12-19,2024-12-01,Technology,Europe,SMB,Pro,38
CUST_03280,2025-05-27,2025-05-01,E-commerce,Latin America,Enterprise,Enterprise,1584
CUST_03281,2025-02-19,2025-02-01,Technology,Asia-Pacific,Mid-market,Enterprise,280
CUST_03282,2025-02-12,2025-02-01,Retail,North America,Enterprise,Enterprise,4835
CUST_03283,2025-08-20,2025-08-01,Finance,Asia-Pacific,Mid-market,Basic,498
CUST_03284,2024-08-13,2024-08-01,Retail,Latin America,Mid-market,Basic,386
CUST_03285,2024-04-16,2024-04-01,Healthcare,Europe,Enterprise,Enterprise,4867
CUST_03286,2025-06-30,2025-06-01,Healthcare,Asia-Pacific,SMB,Basic,21
CUST_03287,2024-05-01,2024-05-01,E-commerce,Asia-Pacific,SMB,Basic,3
CUST_03288,2025-08-14,2025-08-01,Finance,North America,SMB,Basic,10
CUST_03289,2025-02-26,2025-02-01,Retail,North America,Enterprise,Enterprise,854
CUST_03290,2025-08-04,2025-08-01,Education,North America,SMB,Basic,26
CUST_03291,2025-11-22,2025-11-01,Healthcare,North America,SMB,Pro,40
CUST_03292,2025-03-05,2025-03-01,Retail,Latin America,SMB,Basic,36
CUST_03293,2025-04-11,2025-04-01,E-commerce,Europe,SMB,Basic,35
CUST_03294,2024-02-23,2024-02-01,E-commerce,Asia-Pacific,Mid-market,Basic,138
CUST_03295,2024-11-15,2024-11-01,Technology,Europe,SMB,Pro,44
CUST_03296,2024-06-28,2024-06-01,Retail,North America,SMB,Basic,31
CUST_03297,2024-03-17,2024-03-01,Technology,North America,SMB,Basic,4
CUST_03298,2024-02-12,2024-02-01,Healthcare,Asia-Pacific,SMB,Basic,18
CUST_03299,2024-11-02,2024-11-01,Technology,Europe,Mid-market,Basic,179
CUST_03300,2025-01-28,2025-01-01,Healthcare,North America,Mid-market,Basic,63
CUST_03301,2024-03-21,2024-03-01,E-commerce,Latin America,Mid-market,Pro,193
CUST_03302,2024-04-13,2024-04-01,Healthcare,Latin America,SMB,Pro,7
CUST_03303,2024-09-30,2024-09-01,Finance,North America,SMB,Basic,20
CUST_03304,2025-04-07,2025-04-01,Technology,North America,SMB,Basic,42
CUST_03305,2025-03-07,2025-03-01,E-commerce,Asia-Pacific,SMB,Basic,2
CUST_03306,2025-08-29,2025-08-01,E-commerce,North America,Mid-market,Basic,149
CUST_03307,2024-04-14,2024-04-01,Healthcare,North America,SMB,Basic,30
CUST_03308,2025-04-04,2025-04-01,E-commerce,Asia-Pacific,SMB,Basic,48
CUST_03309,2025-10-12,2025-10-01,Healthcare,Latin America,SMB,Pro,19
CUST_03310,2024-07-14,2024-07-01,Healthcare,North America,SMB,Basic,23
CUST_03311,2024-03-03,2024-03-01,Finance,Asia-Pacific,Mid-market,Enterprise,215
CUST_03312,2025-03-21,2025-03-01,E-commerce,North America,SMB,Pro,20
CUST_03313,2024-10-11,2024-10-01,E-commerce,Latin America,Enterprise,Pro,3704
CUST_03314,2024-02-21,2024-02-01,Technology,Europe,SMB,Basic,23
CUST_03315,2025-09-10,2025-09-01,E-commerce,North America,SMB,Basic,11
CUST_03316,2024-08-27,2024-08-01,Healthcare,North America,SMB,Pro,38
CUST_03317,2024-07-16,2024-07-01,Technology,Europe,Mid-market,Basic,478
CUST_03318,2025-09-04,2025-09-01,Healthcare,Europe,Enterprise,Pro,2451
CUST_03319,2024-08-19,2024-08-01,E-commerce,Asia-Pacific,Mid-market,Pro,97
CUST_03320,2025-04-10,2025-04-01,Retail,Europe,SMB,Basic,19
CUST_03321,2025-07-24,2025-07-01,Technology,Latin America,Enterprise,Enterprise,3554
CUST_03322,2024-09-07,2024-09-01,Education,Latin America,Mid-market,Enterprise,170
CUST_03323,2025-09-10,2025-09-01,Technology,Europe,SMB,Pro,46
CUST_03324,2024-10-28,2024-10-01,E-commerce,Latin America,Mid-market,Basic,365
CUST_03325,2025-08-10,2025-08-01,Finance,Europe,SMB,Basic,30
CUST_03326,2024-06-05,2024-06-01,Education,North America,SMB,Basic,17
CUST_03327,2025-08-09,2025-08-01,E-commerce,Latin America,SMB,Basic,45
CUST_03328,2025-03-19,2025-03-01,Healthcare,Europe,SMB,Enterprise,6
CUST_03329,2025-11-29,2025-11-01,Finance,North America,SMB,Pro,9
CUST_03330,2025-09-08,2025-09-01,Education,Europe,SMB,Basic,14
CUST_03331,2024-10-31,2024-10-01,Education,Asia-Pacific,SMB,Basic,34
CUST_03332,2025-02-08,2025-02-01,Technology,North America,SMB,Basic,4
CUST_03333,2025-05-25,2025-05-01,Healthcare,Asia-Pacific,SMB,Pro,4
CUST_03334,2025-07-06,2025-07-01,Finance,North America,SMB,Basic,9
CUST_03335,2024-05-09,2024-05-01,Finance,North America,Mid-market,Basic,384
CUST_03336,2025-06-09,2025-06-01,E-commerce,Asia-Pacific,SMB,Pro,17
CUST_03337,2024-06-06,2024-06-01,Technology,Asia-Pacific,Enterprise,Pro,3876
CUST_03338,2024-12-10,2024-12-01,Retail,North America,Mid-market,Enterprise,194
CUST_03339,2025-02-18,2025-02-01,E-commerce,Latin America,SMB,Basic,30
CUST_03340,2025-11-04,2025-11-01,Healthcare,Asia-Pacific,SMB,Pro,39
CUST_03341,2025-06-14,2025-06-01,Education,North America,SMB,Basic,43
CUST_03342,2025-03-25,2025-03-01,Retail,Europe,SMB,Basic,16
CUST_03343,2024-04-06,2024-04-01,Healthcare,Asia-Pacific,SMB,Basic,43
CUST_03344,2024-02-18,2024-02-01,Technology,Asia-Pacific,SMB,Basic,26
CUST_03345,2024-10-08,2024-10-01,Education,Latin America,Enterprise,Pro,2578
CUST_03346,2025-06-17,2025-06-01,Technology,North America,SMB,Basic,38
CUST_03347,2025-07-18,2025-07-01,Healthcare,Europe,Enterprise,Pro,1356
CUST_03348,2024-06-25,2024-06-01,Finance,Latin America,Enterprise,Enterprise,3991
CUST_03349,2024-05-31,2024-05-01,Technology,Europe,Enterprise,Basic,4165
CUST_03350,2025-10-01,2025-10-01,E-commerce,Europe,SMB,Enterprise,11
CUST_03351,2024-06-18,2024-06-01,Retail,Europe,Enterprise,Enterprise,1759
CUST_03352,2025-10-09,2025-10-01,Education,North America,SMB,Basic,38
CUST_03353,2025-04-27,2025-04-01,Technology,North America,SMB,Basic,9
CUST_03354,2024-12-31,2024-12-01,Technology,Europe,SMB,Basic,7
CUST_03355,2025-08-02,2025-08-01,Technology,North America,SMB,Pro,48
CUST_03356,2024-07-25,2024-07-01,Finance,Europe,Enterprise,Basic,4845
CUST_03357,2025-08-05,2025-08-01,Education,Latin America,Enterprise,Enterprise,2325
CUST_03358,2024-08-23,2024-08-01,Healthcare,Europe,SMB,Basic,4
CUST_03359,2024-05-22,2024-05-01,Technology,Asia-Pacific,Mid-market,Pro,73
CUST_03360,2024-01-22,2024-01-01,Healthcare,North America,Mid-market,Pro,119
CUST_03361,2025-11-02,2025-11-01,Education,Europe,SMB,Basic,13
CUST_03362,2024-09-26,2024-09-01,Technology,North America,SMB,Basic,34
CUST_03363,2024-04-30,2024-04-01,Technology,North America,Mid-market,Enterprise,184
CUST_03364,2024-04-07,2024-04-01,Retail,Europe,Mid-market,Basic,163
CUST_03365,2025-05-01,2025-05-01,Education,Asia-Pacific,SMB,Basic,10
CUST_03366,2025-10-24,2025-10-01,Healthcare,Asia-Pacific,SMB,Basic,33
CUST_03367,2024-03-02,2024-03-01,Education,Europe,SMB,Basic,34
CUST_03368,2024-06-17,2024-06-01,E-commerce,Asia-Pacific,SMB,Pro,33
CUST_03369,2025-01-25,2025-01-01,Technology,Asia-Pacific,SMB,Basic,38
CUST_03370,2024-09-16,2024-09-01,Healthcare,North America,Mid-market,Enterprise,322
CUST_03371,2025-05-07,2025-05-01,E-commerce,North America,SMB,Basic,36
CUST_03372,2024-01-05,2024-01-01,Technology,Asia-Pacific,Mid-market,Basic,399
CUST_03373,2025-10-26,2025-10-01,Retail,Asia-Pacific,Mid-market,Pro,323
CUST_03374,2025-06-22,2025-06-01,Technology,Europe,SMB,Enterprise,5
CUST_03375,2025-08-05,2025-08-01,E-commerce,North America,SMB,Pro,19
CUST_03376,2025-09-12,2025-09-01,Retail,North America,SMB,Pro,41
CUST_03377,2024-01-30,2024-01-01,Retail,North America,SMB,Basic,33
CUST_03378,2025-01-31,2025-01-01,E-commerce,North America,Enterprise,Enterprise,1951
CUST_03379,2024-07-08,2024-07-01,Healthcare,North America,Enterprise,Basic,2015
CUST_03380,2024-01-11,2024-01-01,E-commerce,Latin America,Enterprise,Pro,1518
CUST_03381,2024-12-05,2024-12-01,Healthcare,Europe,SMB,Pro,12
CUST_03382,2024-05-12,2024-05-01,Finance,Latin America,Mid-market,Pro,449
CUST_03383,2024-01-30,2024-01-01,Finance,Asia-Pacific,Mid-market,Basic,389
CUST_03384,2025-03-23,2025-03-01,Education,Asia-Pacific,Mid-market,Basic,170
CUST_03385,2025-05-29,2025-05-01,Healthcare,North America,Enterprise,Enterprise,4170
CUST_03386,2024-02-09,2024-02-01,Technology,Europe,Mid-market,Basic,173
CUST_03387,2025-10-18,2025-10-01,Education,North America,SMB,Basic,39
CUST_03388,2025-07-25,2025-07-01,Education,Asia-Pacific,SMB,Basic,14
CUST_03389,2025-12-30,2025-12-01,Healthcare,North America,Mid-market,Pro,220
CUST_03390,2024-03-13,2024-03-01,E-commerce,North America,Mid-market,Basic,304
CUST_03391,2024-12-16,2024-12-01,Finance,North America,SMB,Basic,1
CUST_03392,2025-03-11,2025-03-01,Education,North America,SMB,Basic,11
CUST_03393,2025-10-21,2025-10-01,E-commerce,Europe,Mid-market,Pro,417
CUST_03394,2025-08-18,2025-08-01,Finance,North America,SMB,Basic,27
CUST_03395,2025-09-05,2025-09-01,E-commerce,Latin America,Enterprise,Enterprise,4982
CUST_03396,2025-11-19,2025-11-01,E-commerce,Europe,SMB,Basic,31
CUST_03397,2024-10-02,2024-10-01,Healthcare,North America,Enterprise,Enterprise,2473
CUST_03398,2024-11-30,2024-11-01,Retail,Europe,Mid-market,Basic,389
CUST_03399,2025-10-11,2025-10-01,Retail,North America,SMB,Pro,2
CUST_03400,2024-12-17,2024-12-01,Healthcare,Europe,SMB,Pro,43
CUST_03401,2024-07-01,2024-07-01,Finance,Asia-Pacific,SMB,Basic,19
CUST_03402,2025-01-11,2025-01-01,Technology,Asia-Pacific,Mid-market,Enterprise,328
CUST_03403,2024-11-05,2024-11-01,Healthcare,Europe,SMB,Pro,49
CUST_03404,2024-04-24,2024-04-01,Finance,North America,SMB,Basic,36
CUST_03405,2024-03-09,2024-03-01,E-commerce,North America,SMB,Basic,2
CUST_03406,2024-08-04,2024-08-01,Education,North America,Mid-market,Pro,286
CUST_03407,2025-04-20,2025-04-01,Retail,Europe,Mid-market,Enterprise,326
CUST_03408,2024-09-13,2024-09-01,Finance,North America,Mid-market,Enterprise,258
CUST_03409,2025-12-16,2025-12-01,Healthcare,North America,SMB,Pro,31
CUST_03410,2024-12-21,2024-12-01,Education,North America,SMB,Basic,38
CUST_03411,2025-06-25,2025-06-01,Healthcare,North America,SMB,Enterprise,11
CUST_03412,2025-08-13,2025-08-01,Finance,Asia-Pacific,Enterprise,Enterprise,1026
CUST_03413,2025-05-13,2025-05-01,Education,Asia-Pacific,SMB,Basic,10
CUST_03414,2025-08-15,2025-08-01,E-commerce,North America,SMB,Basic,10
CUST_03415,2025-09-02,2025-09-01,Finance,Europe,Mid-market,Basic,138
CUST_03416,2025-05-17,2025-05-01,E-commerce,North America,SMB,Basic,2
CUST_03417,2024-08-11,2024-08-01,Technology,Asia-Pacific,Mid-market,Basic,496
CUST_03418,2024-03-08,2024-03-01,Finance,North America,Mid-market,Pro,152
CUST_03419,2024-09-29,2024-09-01,Healthcare,Asia-Pacific,SMB,Enterprise,33
CUST_03420,2025-10-03,2025-10-01,Healthcare,North America,SMB,Basic,7
CUST_03421,2024-12-30,2024-12-01,E-commerce,North America,Mid-market,Pro,125
CUST_03422,2024-01-30,2024-01-01,E-commerce,Europe,Mid-market,Basic,389
CUST_03423,2025-03-18,2025-03-01,Technology,Europe,SMB,Enterprise,18
CUST_03424,2025-06-13,2025-06-01,Finance,Latin America,Enterprise,Enterprise,2752
CUST_03425,2025-09-16,2025-09-01,Technology,North America,SMB,Basic,42
CUST_03426,2025-07-10,2025-07-01,Technology,North America,SMB,Basic,33
CUST_03427,2024-07-16,2024-07-01,Education,Asia-Pacific,SMB,Basic,2
CUST_03428,2024-11-11,2024-11-01,Technology,Europe,SMB,Basic,3
CUST_03429,2025-08-27,2025-08-01,Healthcare,North America,SMB,Basic,34
CUST_03430,2024-01-08,2024-01-01,Retail,North America,Enterprise,Enterprise,3685
CUST_03431,2024-03-28,2024-03-01,Finance,Latin America,Mid-market,Pro,157
CUST_03432,2024-01-06,2024-01-01,Healthcare,North America,Mid-market,Basic,176
CUST_03433,2024-10-28,2024-10-01,Finance,North America,Mid-market,Pro,99
CUST_03434,2025-05-24,2025-05-01,Healthcare,Europe,SMB,Basic,47
CUST_03435,2024-01-10,2024-01-01,Finance,Europe,Mid-market,Pro,148
CUST_03436,2025-08-15,2025-08-01,Finance,North America,SMB,Pro,32
CUST_03437,2024-01-11,2024-01-01,Finance,Europe,Mid-market,Pro,454
CUST_03438,2024-03-21,2024-03-01,Technology,North America,Mid-market,Enterprise,277
CUST_03439,2024-10-16,2024-10-01,Technology,North America,Mid-market,Basic,437
CUST_03440,2025-09-06,2025-09-01,Retail,North America,Mid-market,Pro,238
CUST_03441,2024-06-26,2024-06-01,E-commerce,North America,SMB,Pro,25
CUST_03442,2024-02-11,2024-02-01,Healthcare,Europe,SMB,Pro,2
CUST_03443,2025-04-24,2025-04-01,Healthcare,Latin America,Mid-market,Basic,134
CUST_03444,2025-12-08,2025-12-01,E-commerce,North America,Mid-market,Pro,194
CUST_03445,2024-03-23,2024-03-01,Education,Asia-Pacific,SMB,Basic,23
CUST_03446,2025-05-12,2025-05-01,Technology,Asia-Pacific,SMB,Pro,3
CUST_03447,2025-08-23,2025-08-01,Education,Europe,SMB,Basic,11
CUST_03448,2025-07-07,2025-07-01,Education,Latin America,SMB,Basic,48
CUST_03449,2025-03-12,2025-03-01,E-commerce,Europe,SMB,Basic,18
CUST_03450,2025-08-08,2025-08-01,Retail,North America,SMB,Pro,38
CUST_03451,2025-12-18,2025-12-01,Finance,North America,SMB,Pro,7
CUST_03452,2025-07-04,2025-07-01,E-commerce,Latin America,Enterprise,Enterprise,1999
CUST_03453,2025-03-29,2025-03-01,E-commerce,Latin America,SMB,Basic,24
CUST_03454,2025-12-21,2025-12-01,Retail,Europe,Mid-market,Enterprise,481
CUST_03455,2024-03-22,2024-03-01,E-commerce,Europe,Mid-market,Pro,73
CUST_03456,2024-03-01,2024-03-01,Technology,North America,SMB,Basic,10
CUST_03457,2024-12-06,2024-12-01,E-commerce,North America,SMB,Enterprise,48
CUST_03458,2024-03-13,2024-03-01,Healthcare,Latin America,SMB,Basic,47
CUST_03459,2025-05-08,2025-05-01,Technology,North America,SMB,Pro,16
CUST_03460,2025-09-12,2025-09-01,Education,North America,SMB,Basic,14
CUST_03461,2025-07-17,2025-07-01,Healthcare,Latin America,SMB,Pro,20
CUST_03462,2024-08-01,2024-08-01,Healthcare,North America,SMB,Pro,16
CUST_03463,2025-11-24,2025-11-01,E-commerce,Latin America,Mid-market,Basic,321
CUST_03464,2024-05-15,2024-05-01,Healthcare,North America,Enterprise,Basic,2802
CUST_03465,2025-12-22,2025-12-01,Finance,North America,Mid-market,Pro,419
CUST_03466,2024-07-03,2024-07-01,Education,Europe,Mid-market,Pro,129
CUST_03467,2025-11-04,2025-11-01,Finance,Europe,SMB,Basic,30
CUST_03468,2025-09-20,2025-09-01,Finance,North America,Enterprise,Enterprise,2892
CUST_03469,2025-07-15,2025-07-01,Technology,Europe,SMB,Basic,34
CUST_03470,2024-03-11,2024-03-01,Retail,Asia-Pacific,SMB,Basic,27
CUST_03471,2025-04-13,2025-04-01,Retail,North America,Enterprise,Enterprise,2788
CUST_03472,2025-12-02,2025-12-01,Retail,Latin America,Enterprise,Enterprise,4610
CUST_03473,2024-02-10,2024-02-01,E-commerce,Latin America,SMB,Basic,13
CUST_03474,2025-05-14,2025-05-01,Retail,North America,Mid-market,Pro,120
CUST_03475,2025-03-07,2025-03-01,Finance,Latin America,SMB,Basic,11
CUST_03476,2024-05-28,2024-05-01,Healthcare,Europe,SMB,Basic,16
CUST_03477,2025-07-22,2025-07-01,Healthcare,Asia-Pacific,Enterprise,Enterprise,3363
CUST_03478,2024-08-03,2024-08-01,Retail,Asia-Pacific,Mid-market,Enterprise,132
CUST_03479,2024-10-06,2024-10-01,Education,North America,Enterprise,Enterprise,1725
CUST_03480,2025-10-13,2025-10-01,Technology,North America,SMB,Basic,30
CUST_03481,2024-03-19,2024-03-01,Retail,Latin America,SMB,Basic,15
CUST_03482,2025-12-02,2025-12-01,Healthcare,Latin America,Mid-market,Enterprise,161
CUST_03483,2025-06-08,2025-06-01,Technology,North America,SMB,Pro,39
CUST_03484,2025-06-28,2025-06-01,Finance,Asia-Pacific,Mid-market,Basic,151
CUST_03485,2024-07-04,2024-07-01,Retail,North America,SMB,Basic,12
CUST_03486,2025-07-22,2025-07-01,Healthcare,Europe,SMB,Enterprise,27
CUST_03487,2025-12-29,2025-12-01,Finance,North America,SMB,Pro,3
CUST_03488,2025-09-05,2025-09-01,Technology,North America,SMB,Enterprise,42
CUST_03489,2025-12-14,2025-12-01,Healthcare,Europe,Enterprise,Pro,2527
CUST_03490,2024-04-03,2024-04-01,Finance,Europe,Mid-market,Pro,214
CUST_03491,2025-03-12,2025-03-01,Education,North America,SMB,Basic,10
CUST_03492,2025-12-16,2025-12-01,Finance,Europe,Enterprise,Pro,4451
CUST_03493,2025-04-06,2025-04-01,Education,North America,SMB,Enterprise,27
CUST_03494,2025-06-02,2025-06-01,Retail,Europe,Mid-market,Basic,67
CUST_03495,2025-11-03,2025-11-01,E-commerce,Latin America,SMB,Enterprise,44
CUST_03496,2025-12-02,2025-12-01,E-commerce,Latin America,Enterprise,Enterprise,4916
CUST_03497,2025-12-19,2025-12-01,Retail,Europe,Enterprise,Enterprise,1216
CUST_03498,2024-06-01,2024-06-01,Finance,North America,SMB,Pro,16
CUST_03499,2025-05-10,2025-05-01,Healthcare,North America,SMB,Basic,43
CUST_03500,2024-01-29,2024-01-01,Finance,Asia-Pacific,Enterprise,Enterprise,3987
CUST_03501,2025-12-22,2025-12-01,Education,Latin America,Enterprise,Enterprise,4848
CUST_03502,2024-08-07,2024-08-01,Technology,Latin America,SMB,Basic,38
CUST_03503,2025-12-24,2025-12-01,E-commerce,Asia-Pacific,SMB,Enterprise,24
CUST_03504,2024-08-19,2024-08-01,Technology,North America,Mid-market,Basic,294
CUST_03505,2024-01-31,2024-01-01,E-commerce,Europe,SMB,Basic,45
CUST_03506,2024-07-25,2024-07-01,Healthcare,Europe,Enterprise,Pro,3009
CUST_03507,2024-04-25,2024-04-01,Retail,Latin America,SMB,Basic,8
CUST_03508,2025-12-30,2025-12-01,Education,North America,SMB,Basic,39
CUST_03509,2024-06-13,2024-06-01,Education,Latin America,Mid-market,Enterprise,338
CUST_03510,2025-05-23,2025-05-01,Finance,Europe,SMB,Basic,3
CUST_03511,2025-04-18,2025-04-01,Education,Asia-Pacific,SMB,Basic,8
CUST_03512,2024-06-30,2024-06-01,E-commerce,Asia-Pacific,SMB,Basic,38
CUST_03513,2025-05-05,2025-05-01,E-commerce,North America,SMB,Basic,40
CUST_03514,2025-03-07,2025-03-01,Finance,Europe,SMB,Enterprise,6
CUST_03515,2024-06-29,2024-06-01,E-commerce,Europe,SMB,Pro,16
CUST_03516,2025-04-28,2025-04-01,Education,Asia-Pacific,Mid-market,Enterprise,65
CUST_03517,2024-04-01,2024-04-01,Education,Asia-Pacific,Mid-market,Pro,144
CUST_03518,2025-03-05,2025-03-01,Retail,Europe,Mid-market,Pro,411
CUST_03519,2024-10-29,2024-10-01,E-commerce,North America,SMB,Basic,37
CUST_03520,2024-01-13,2024-01-01,Retail,Europe,SMB,Basic,19
CUST_03521,2024-11-04,2024-11-01,Healthcare,North America,Mid-market,Pro,142
CUST_03522,2025-10-17,2025-10-01,Finance,Latin America,Enterprise,Enterprise,3419
CUST_03523,2024-05-26,2024-05-01,Finance,Latin America,SMB,Basic,11
CUST_03524,2025-11-12,2025-11-01,E-commerce,North America,Enterprise,Enterprise,3253
CUST_03525,2024-12-27,2024-12-01,E-commerce,Asia-Pacific,Mid-market,Pro,338
CUST_03526,2024-03-02,2024-03-01,Retail,North America,Mid-market,Enterprise,310
CUST_03527,2024-06-27,2024-06-01,Retail,Europe,Mid-market,Basic,351
CUST_03528,2024-06-17,2024-06-01,Education,Europe,Mid-market,Basic,162
CUST_03529,2024-04-06,2024-04-01,Technology,North America,SMB,Pro,48
CUST_03530,2024-12-25,2024-12-01,Finance,Europe,Mid-market,Pro,401
CUST_03531,2025-02-25,2025-02-01,Retail,Asia-Pacific,SMB,Basic,13
CUST_03532,2024-03-16,2024-03-01,Technology,Latin America,Enterprise,Basic,3387
CUST_03533,2024-01-11,2024-01-01,Retail,Asia-Pacific,SMB,Basic,17
CUST_03534,2025-05-20,2025-05-01,Education,North America,Mid-market,Pro,361
CUST_03535,2024-08-25,2024-08-01,E-commerce,Europe,SMB,Basic,47
CUST_03536,2025-12-30,2025-12-01,Healthcare,Asia-Pacific,SMB,Basic,34
CUST_03537,2024-03-01,2024-03-01,Education,North America,Mid-market,Pro,218
CUST_03538,2025-10-03,2025-10-01,E-commerce,North America,Enterprise,Pro,1981
CUST_03539,2024-09-09,2024-09-01,Finance,Asia-Pacific,SMB,Basic,46
CUST_03540,2024-04-29,2024-04-01,Healthcare,North America,Mid-market,Enterprise,333
CUST_03541,2024-07-16,2024-07-01,E-commerce,North America,Enterprise,Enterprise,1838
CUST_03542,2025-10-29,2025-10-01,Retail,Europe,Enterprise,Enterprise,3058
CUST_03543,2024-06-05,2024-06-01,Technology,Europe,Enterprise,Enterprise,3311
CUST_03544,2025-03-04,2025-03-01,Technology,North America,Enterprise,Basic,3200
CUST_03545,2024-06-30,2024-06-01,Retail,Europe,Enterprise,Enterprise,4154
CUST_03546,2024-09-25,2024-09-01,E-commerce,North America,Mid-market,Enterprise,217
CUST_03547,2024-01-09,2024-01-01,Healthcare,North America,SMB,Basic,15
CUST_03548,2024-04-14,2024-04-01,Healthcare,North America,Enterprise,Enterprise,2322
CUST_03549,2025-08-15,2025-08-01,Retail,Latin America,SMB,Basic,10
CUST_03550,2025-10-09,2025-10-01,Healthcare,North America,SMB,Basic,1
CUST_03551,2024-06-24,2024-06-01,E-commerce,Latin America,Mid-market,Pro,465
CUST_03552,2025-10-18,2025-10-01,E-commerce,Asia-Pacific,SMB,Basic,19
CUST_03553,2024-08-25,2024-08-01,Healthcare,North America,SMB,Basic,18
CUST_03554,2025-04-28,2025-04-01,Education,North America,Mid-market,Enterprise,106
CUST_03555,2025-09-16,2025-09-01,Finance,North America,SMB,Pro,23
CUST_03556,2025-02-13,2025-02-01,Education,North America,SMB,Basic,36
CUST_03557,2024-01-04,2024-01-01,Technology,Latin America,Mid-market,Enterprise,141
CUST_03558,2025-04-13,2025-04-01,E-commerce,Asia-Pacific,SMB,Basic,35
CUST_03559,2025-08-14,2025-08-01,Retail,Asia-Pacific,SMB,Basic,40
CUST_03560,2024-02-19,2024-02-01,Healthcare,Asia-Pacific,SMB,Basic,25
CUST_03561,2024-08-17,2024-08-01,Finance,Asia-Pacific,SMB,Basic,19
CUST_03562,2024-12-28,2024-12-01,Healthcare,Asia-Pacific,SMB,Pro,34
CUST_03563,2024-04-25,2024-04-01,Finance,Asia-Pacific,Mid-market,Enterprise,160
CUST_03564,2024-12-17,2024-12-01,Finance,North America,Mid-market,Pro,484
CUST_03565,2025-09-24,2025-09-01,Technology,North America,Enterprise,Pro,4585
CUST_03566,2024-10-23,2024-10-01,E-commerce,Europe,SMB,Basic,3
CUST_03567,2024-04-02,2024-04-01,Retail,North America,Mid-market,Basic,440
CUST_03568,2025-12-21,2025-12-01,Retail,Europe,SMB,Pro,2
CUST_03569,2025-10-28,2025-10-01,Healthcare,Asia-Pacific,Mid-market,Enterprise,397
CUST_03570,2025-02-26,2025-02-01,Healthcare,Asia-Pacific,Mid-market,Pro,365
CUST_03571,2025-11-06,2025-11-01,Retail,Europe,Mid-market,Pro,453
CUST_03572,2024-01-22,2024-01-01,Finance,Europe,SMB,Pro,24
CUST_03573,2024-03-05,2024-03-01,Healthcare,North America,Mid-market,Pro,239
CUST_03574,2024-12-25,2024-12-01,Education,North America,SMB,Basic,21
CUST_03575,2024-01-10,2024-01-01,Education,Asia-Pacific,SMB,Basic,38
CUST_03576,2025-03-26,2025-03-01,Technology,North America,SMB,Basic,4
CUST_03577,2025-03-08,2025-03-01,E-commerce,Europe,SMB,Basic,21
CUST_03578,2025-08-12,2025-08-01,Education,Latin America,Mid-market,Pro,302
CUST_03579,2025-10-16,2025-10-01,Retail,North America,SMB,Pro,34
CUST_03580,2025-05-30,2025-05-01,Healthcare,Europe,Mid-market,Pro,162
CUST_03581,2025-08-29,2025-08-01,Education,Europe,Mid-market,Enterprise,402
CUST_03582,2024-04-25,2024-04-01,Finance,Latin America,Mid-market,Pro,297
CUST_03583,2025-03-07,2025-03-01,Retail,Europe,SMB,Basic,37
CUST_03584,2024-12-22,2024-12-01,Finance,North America,SMB,Basic,47
CUST_03585,2024-02-05,2024-02-01,Education,North America,SMB,Basic,40
CUST_03586,2024-10-01,2024-10-01,Healthcare,North America,SMB,Basic,19
CUST_03587,2025-07-13,2025-07-01,Healthcare,Europe,Enterprise,Enterprise,3001
CUST_03588,2025-03-18,2025-03-01,E-commerce,Europe,Mid-market,Enterprise,218
CUST_03589,2024-12-08,2024-12-01,Retail,North America,SMB,Basic,20
CUST_03590,2024-05-12,2024-05-01,Healthcare,Europe,Mid-market,Pro,370
CUST_03591,2025-07-28,2025-07-01,Technology,North America,SMB,Pro,40
CUST_03592,2025-09-07,2025-09-01,E-commerce,North America,Enterprise,Basic,4407
CUST_03593,2024-10-19,2024-10-01,Finance,Europe,SMB,Basic,24
CUST_03594,2024-01-16,2024-01-01,E-commerce,Asia-Pacific,SMB,Basic,13
CUST_03595,2025-08-03,2025-08-01,Finance,Europe,SMB,Basic,49
CUST_03596,2024-06-25,2024-06-01,E-commerce,Asia-Pacific,Enterprise,Enterprise,4496
CUST_03597,2025-07-10,2025-07-01,Technology,Europe,Mid-market,Pro,216
CUST_03598,2025-02-07,2025-02-01,Healthcare,North America,Enterprise,Enterprise,4379
CUST_03599,2025-01-01,2025-01-01,E-commerce,Europe,SMB,Basic,42
CUST_03600,2024-11-24,2024-11-01,E-commerce,Asia-Pacific,SMB,Basic,12
CUST_03601,2024-08-06,2024-08-01,Healthcare,North America,SMB,Basic,1
CUST_03602,2024-04-02,2024-04-01,Finance,North America,Mid-market,Basic,208
CUST_03603,2025-11-28,2025-11-01,Healthcare,Europe,SMB,Basic,25
CUST_03604,2025-01-09,2025-01-01,Healthcare,North America,Mid-market,Pro,333
CUST_03605,2025-03-27,2025-03-01,Healthcare,North America,SMB,Basic,35
CUST_03606,2024-12-14,2024-12-01,Education,North America,SMB,Pro,12
CUST_03607,2024-02-19,2024-02-01,Retail,North America,Mid-market,Pro,272
CUST_03608,2025-09-24,2025-09-01,Finance,Asia-Pacific,SMB,Basic,49
CUST_03609,2025-03-10,2025-03-01,Finance,North America,Mid-market,Enterprise,204
CUST_03610,2025-06-22,2025-06-01,Retail,Asia-Pacific,Mid-market,Pro,214
CUST_03611,2025-07-29,2025-07-01,Education,North America,Mid-market,Enterprise,309
CUST_03612,2025-01-21,2025-01-01,Retail,Latin America,Mid-market,Basic,211
CUST_03613,2025-01-14,2025-01-01,Finance,North America,Enterprise,Enterprise,3476
CUST_03614,2025-07-15,2025-07-01,Education,North America,Mid-market,Basic,79
CUST_03615,2024-02-28,2024-02-01,Retail,Asia-Pacific,SMB,Basic,2
CUST_03616,2025-12-03,2025-12-01,Education,Europe,SMB,Basic,43
CUST_03617,2025-03-28,2025-03-01,Retail,North America,SMB,Enterprise,5
CUST_03618,2024-10-20,2024-10-01,Education,Latin America,SMB,Basic,42
CUST_03619,2025-07-31,2025-07-01,Finance,Asia-Pacific,SMB,Basic,3
CUST_03620,2025-09-02,2025-09-01,E-commerce,Asia-Pacific,SMB,Basic,10
CUST_03621,2024-07-20,2024-07-01,E-commerce,Europe,SMB,Basic,38
CUST_03622,2025-11-03,2025-11-01,Finance,Asia-Pacific,SMB,Basic,4
CUST_03623,2024-09-10,2024-09-01,Finance,Latin America,Enterprise,Enterprise,2554
CUST_03624,2025-05-11,2025-05-01,Healthcare,Europe,Enterprise,Pro,2599
CUST_03625,2024-08-30,2024-08-01,Retail,Europe,SMB,Basic,10
CUST_03626,2024-08-01,2024-08-01,Technology,Latin America,Mid-market,Basic,358
CUST_03627,2024-11-01,2024-11-01,Retail,North America,SMB,Pro,25
CUST_03628,2025-06-24,2025-06-01,Education,North America,SMB,Basic,29
CUST_03629,2025-05-11,2025-05-01,Education,North America,Mid-market,Enterprise,133
CUST_03630,2025-01-11,2025-01-01,Healthcare,North America,Mid-market,Pro,194
CUST_03631,2025-06-22,2025-06-01,Technology,North America,Enterprise,Pro,1449
CUST_03632,2024-02-14,2024-02-01,Retail,Asia-Pacific,Mid-market,Enterprise,460
CUST_03633,2025-03-15,2025-03-01,Retail,Asia-Pacific,Enterprise,Enterprise,3926
CUST_03634,2024-06-09,2024-06-01,Finance,North America,SMB,Pro,26
CUST_03635,2024-03-10,2024-03-01,Finance,Europe,Mid-market,Pro,298
CUST_03636,2024-07-23,2024-07-01,Education,Latin America,SMB,Basic,45
CUST_03637,2025-11-07,2025-11-01,Technology,North America,Enterprise,Pro,1338
CUST_03638,2025-08-22,2025-08-01,Education,Europe,SMB,Basic,3
CUST_03639,2024-08-26,2024-08-01,Retail,Asia-Pacific,Enterprise,Pro,3194
CUST_03640,2025-06-07,2025-06-01,Healthcare,Europe,SMB,Basic,26
CUST_03641,2025-11-15,2025-11-01,E-commerce,North America,SMB,Basic,21
CUST_03642,2025-01-02,2025-01-01,Healthcare,North America,SMB,Basic,31
CUST_03643,2024-08-31,2024-08-01,E-commerce,Asia-Pacific,Mid-market,Basic,130
CUST_03644,2024-02-13,2024-02-01,Healthcare,North America,Enterprise,Enterprise,4766
CUST_03645,2024-05-27,2024-05-01,Technology,Latin America,SMB,Pro,25
CUST_03646,2025-08-30,2025-08-01,Finance,Asia-Pacific,Mid-market,Basic,279
CUST_03647,2024-06-08,2024-06-01,E-commerce,Europe,Enterprise,Enterprise,1675
CUST_03648,2024-05-19,2024-05-01,Finance,Europe,SMB,Basic,28
CUST_03649,2024-05-24,2024-05-01,Technology,North America,SMB,Pro,20
CUST_03650,2025-11-23,2025-11-01,Retail,Europe,Mid-market,Basic,429
CUST_03651,2024-11-10,2024-11-01,Retail,Latin America,SMB,Pro,44
CUST_03652,2024-06-24,2024-06-01,Healthcare,Europe,Mid-market,Basic,94
CUST_03653,2025-04-13,2025-04-01,E-commerce,Europe,Enterprise,Basic,4977
CUST_03654,2025-11-10,2025-11-01,Healthcare,Latin America,Enterprise,Pro,549
CUST_03655,2025-11-28,2025-11-01,Education,Latin America,SMB,Pro,19
CUST_03656,2024-02-22,2024-02-01,Retail,North America,SMB,Pro,25
CUST_03657,2024-10-16,2024-10-01,Healthcare,Europe,SMB,Basic,9
CUST_03658,2024-07-26,2024-07-01,Retail,Europe,Mid-market,Basic,273
CUST_03659,2024-12-12,2024-12-01,Healthcare,Asia-Pacific,Mid-market,Pro,94
CUST_03660,2025-01-12,2025-01-01,Technology,Asia-Pacific,Mid-market,Pro,86
CUST_03661,2024-02-14,2024-02-01,Finance,Latin America,Mid-market,Pro,323
CUST_03662,2024-09-25,2024-09-01,Technology,Latin America,SMB,Basic,40
CUST_03663,2024-12-19,2024-12-01,Healthcare,Asia-Pacific,Enterprise,Enterprise,4023
CUST_03664,2025-01-27,2025-01-01,Education,Europe,SMB,Basic,29
CUST_03665,2025-06-08,2025-06-01,E-commerce,Europe,SMB,Basic,4
CUST_03666,2025-01-14,2025-01-01,Finance,North America,SMB,Enterprise,28
CUST_03667,2025-08-28,2025-08-01,Education,Europe,SMB,Basic,33
CUST_03668,2024-10-07,2024-10-01,Finance,North America,Mid-market,Pro,297
CUST_03669,2024-05-21,2024-05-01,Retail,Europe,SMB,Enterprise,35
CUST_03670,2025-01-07,2025-01-01,Education,Asia-Pacific,Mid-market,Pro,492
CUST_03671,2025-03-31,2025-03-01,E-commerce,North America,SMB,Basic,44
CUST_03672,2024-07-06,2024-07-01,E-commerce,North America,Mid-market,Pro,448
CUST_03673,2025-07-04,2025-07-01,E-commerce,Europe,SMB,Pro,3
CUST_03674,2025-12-05,2025-12-01,Technology,Latin America,Enterprise,Pro,587
CUST_03675,2025-10-14,2025-10-01,Education,North America,Mid-market,Pro,90
CUST_03676,2024-03-31,2024-03-01,Finance,Asia-Pacific,Mid-market,Pro,280
CUST_03677,2024-02-12,2024-02-01,Education,Europe,SMB,Basic,47
CUST_03678,2024-08-01,2024-08-01,Healthcare,Europe,SMB,Basic,31
CUST_03679,2024-09-25,2024-09-01,Technology,North America,SMB,Basic,21
CUST_03680,2025-07-01,2025-07-01,Education,North America,Mid-market,Basic,445
CUST_03681,2024-04-01,2024-04-01,Healthcare,North America,SMB,Basic,16
CUST_03682,2024-07-17,2024-07-01,Retail,North America,SMB,Basic,35
CUST_03683,2025-04-04,2025-04-01,Technology,North America,SMB,Basic,4
CUST_03684,2024-08-26,2024-08-01,Retail,Europe,SMB,Basic,11
CUST_03685,2024-04-07,2024-04-01,Finance,Asia-Pacific,Mid-market,Basic,358
CUST_03686,2025-09-20,2025-09-01,Technology,Europe,SMB,Pro,2
CUST_03687,2024-08-26,2024-08-01,Healthcare,Europe,Mid-market,Basic,298
CUST_03688,2025-08-10,2025-08-01,E-commerce,North America,Mid-market,Basic,123
CUST_03689,2025-03-14,2025-03-01,E-commerce,Asia-Pacific,Mid-market,Basic,459
CUST_03690,2025-01-05,2025-01-01,Technology,Europe,SMB,Basic,31
CUST_03691,2024-10-22,2024-10-01,Healthcare,North America,SMB,Basic,36
CUST_03692,2025-02-23,2025-02-01,Healthcare,North America,SMB,Basic,31
CUST_03693,2024-11-16,2024-11-01,Finance,Latin America,Mid-market,Basic,142
CUST_03694,2025-06-16,2025-06-01,Finance,Europe,Mid-market,Enterprise,484
CUST_03695,2025-11-09,2025-11-01,Education,North America,SMB,Pro,25
CUST_03696,2024-01-11,2024-01-01,Technology,Latin America,Mid-market,Basic,468
CUST_03697,2024-01-19,2024-01-01,Education,Asia-Pacific,Enterprise,Enterprise,2542
CUST_03698,2024-05-13,2024-05-01,Healthcare,Asia-Pacific,SMB,Pro,45
CUST_03699,2025-11-15,2025-11-01,Healthcare,North America,SMB,Pro,46
CUST_03700,2024-10-11,2024-10-01,Education,North America,Mid-market,Enterprise,370
CUST_03701,2025-10-24,2025-10-01,Healthcare,Asia-Pacific,SMB,Basic,45
CUST_03702,2024-01-22,2024-01-01,Finance,North America,SMB,Basic,7
CUST_03703,2024-05-07,2024-05-01,Technology,Asia-Pacific,SMB,Pro,22
CUST_03704,2024-12-13,2024-12-01,Healthcare,North America,Mid-market,Basic,458
CUST_03705,2024-12-26,2024-12-01,Healthcare,Asia-Pacific,SMB,Pro,21
CUST_03706,2025-11-26,2025-11-01,Education,Europe,Enterprise,Enterprise,2376
CUST_03707,2025-08-12,2025-08-01,E-commerce,Asia-Pacific,SMB,Pro,13
CUST_03708,2025-04-03,2025-04-01,Retail,North America,Mid-market,Basic,474
CUST_03709,2024-11-13,2024-11-01,Education,Europe,SMB,Pro,18
CUST_03710,2024-02-21,2024-02-01,E-commerce,Europe,Mid-market,Basic,103
CUST_03711,2025-01-09,2025-01-01,Education,North America,Mid-market,Pro,453
CUST_03712,2025-08-15,2025-08-01,Healthcare,Latin America,Enterprise,Basic,3000
CUST_03713,2024-07-16,2024-07-01,Education,Europe,SMB,Basic,36
CUST_03714,2024-07-25,2024-07-01,Finance,Europe,Enterprise,Enterprise,2272
CUST_03715,2025-09-17,2025-09-01,Finance,North America,SMB,Pro,6
CUST_03716,2025-11-23,2025-11-01,Retail,Europe,SMB,Basic,48
CUST_03717,2024-03-08,2024-03-01,Healthcare,North America,Enterprise,Basic,3643
CUST_03718,2025-05-15,2025-05-01,Finance,North America,Mid-market,Enterprise,154
CUST_03719,2024-04-04,2024-04-01,Healthcare,North America,SMB,Basic,33
CUST_03720,2024-11-27,2024-11-01,Technology,Latin America,Enterprise,Enterprise,1067
CUST_03721,2025-10-18,2025-10-01,Education,Europe,SMB,Basic,18
CUST_03722,2025-02-05,2025-02-01,Technology,Europe,SMB,Basic,10
CUST_03723,2025-12-15,2025-12-01,Technology,Europe,SMB,Basic,11
CUST_03724,2024-05-31,2024-05-01,Technology,Europe,SMB,Basic,21
CUST_03725,2025-03-23,2025-03-01,Retail,Europe,SMB,Basic,22
CUST_03726,2024-12-14,2024-12-01,Retail,North America,SMB,Basic,4
CUST_03727,2025-10-15,2025-10-01,Retail,Asia-Pacific,Mid-market,Pro,288
CUST_03728,2024-05-24,2024-05-01,E-commerce,North America,SMB,Basic,25
CUST_03729,2025-10-13,2025-10-01,Finance,North America,Mid-market,Basic,440
CUST_03730,2024-09-22,2024-09-01,E-commerce,Latin America,SMB,Pro,13
CUST_03731,2025-06-22,2025-06-01,Healthcare,Europe,Mid-market,Enterprise,206
CUST_03732,2025-08-19,2025-08-01,Healthcare,Asia-Pacific,SMB,Basic,42
CUST_03733,2025-10-16,2025-10-01,E-commerce,North America,SMB,Pro,36
CUST_03734,2024-02-03,2024-02-01,Finance,Europe,Enterprise,Enterprise,3155
CUST_03735,2025-12-06,2025-12-01,Technology,North America,SMB,Pro,24
CUST_03736,2024-10-25,2024-10-01,E-commerce,Europe,SMB,Basic,47
CUST_03737,2025-04-25,2025-04-01,Finance,Latin America,Mid-market,Pro,84
CUST_03738,2024-01-16,2024-01-01,Healthcare,North America,Mid-market,Pro,264
CUST_03739,2025-07-11,2025-07-01,E-commerce,North America,SMB,Basic,46
CUST_03740,2024-06-30,2024-06-01,Technology,North America,Enterprise,Basic,4761
CUST_03741,2024-08-21,2024-08-01,Education,Asia-Pacific,SMB,Basic,34
CUST_03742,2024-02-04,2024-02-01,E-commerce,North America,Mid-market,Enterprise,174
CUST_03743,2025-04-10,2025-04-01,Retail,North America,Enterprise,Enterprise,4786
CUST_03744,2025-10-05,2025-10-01,Technology,Asia-Pacific,Mid-market,Basic,242
CUST_03745,2024-06-13,2024-06-01,Technology,Asia-Pacific,SMB,Basic,8
CUST_03746,2024-08-30,2024-08-01,Healthcare,Asia-Pacific,SMB,Basic,38
CUST_03747,2024-01-13,2024-01-01,Technology,North America,SMB,Pro,41
CUST_03748,2025-10-30,2025-10-01,Education,North America,SMB,Pro,49
CUST_03749,2025-03-30,2025-03-01,Healthcare,North America,Enterprise,Enterprise,2485
CUST_03750,2024-08-25,2024-08-01,Retail,Latin America,SMB,Basic,28
CUST_03751,2024-02-01,2024-02-01,Education,Europe,Enterprise,Basic,1077
CUST_03752,2024-05-17,2024-05-01,Finance,Asia-Pacific,SMB,Basic,22
CUST_03753,2025-06-15,2025-06-01,Technology,North America,SMB,Basic,15
CUST_03754,2025-07-02,2025-07-01,Finance,North America,Mid-market,Basic,279
CUST_03755,2024-11-30,2024-11-01,Healthcare,Latin America,SMB,Basic,44
CUST_03756,2024-03-24,2024-03-01,Education,Asia-Pacific,Enterprise,Enterprise,2444
CUST_03757,2024-04-05,2024-04-01,Healthcare,Europe,Enterprise,Enterprise,911
CUST_03758,2025-03-23,2025-03-01,Education,Europe,SMB,Basic,45
CUST_03759,2024-04-20,2024-04-01,Retail,North America,SMB,Basic,47
CUST_03760,2024-10-29,2024-10-01,Finance,North America,Enterprise,Enterprise,3867
CUST_03761,2025-10-12,2025-10-01,Technology,North America,SMB,Basic,49
CUST_03762,2024-05-02,2024-05-01,Education,Asia-Pacific,Mid-market,Pro,376
CUST_03763,2024-10-21,2024-10-01,Retail,North America,SMB,Pro,23
CUST_03764,2025-12-06,2025-12-01,Finance,Europe,SMB,Basic,18
CUST_03765,2025-09-26,2025-09-01,Retail,North America,SMB,Pro,42
CUST_03766,2024-06-08,2024-06-01,Education,Europe,Mid-market,Basic,373
CUST_03767,2025-12-02,2025-12-01,Healthcare,Asia-Pacific,Enterprise,Enterprise,2971
CUST_03768,2025-05-30,2025-05-01,Retail,North America,Mid-market,Pro,91
CUST_03769,2025-02-06,2025-02-01,Finance,Latin America,SMB,Basic,12
CUST_03770,2025-11-15,2025-11-01,E-commerce,North America,Enterprise,Enterprise,1074
CUST_03771,2024-08-08,2024-08-01,Technology,North America,Enterprise,Enterprise,1520
CUST_03772,2025-04-09,2025-04-01,Education,Europe,SMB,Basic,31
CUST_03773,2024-03-12,2024-03-01,Healthcare,Europe,SMB,Basic,6
CUST_03774,2024-12-20,2024-12-01,Healthcare,Latin America,SMB,Pro,10
CUST_03775,2025-06-02,2025-06-01,Finance,Asia-Pacific,Enterprise,Pro,2081
CUST_03776,2025-11-02,2025-11-01,E-commerce,Latin America,Enterprise,Enterprise,1464
CUST_03777,2025-05-14,2025-05-01,Education,North America,SMB,Pro,1
CUST_03778,2024-07-23,2024-07-01,Retail,North America,SMB,Pro,21
CUST_03779,2024-05-20,2024-05-01,Education,Latin America,SMB,Basic,16
CUST_03780,2024-03-16,2024-03-01,Retail,North America,Enterprise,Pro,2249
CUST_03781,2024-12-31,2024-12-01,Education,North America,SMB,Basic,28
CUST_03782,2025-04-19,2025-04-01,Healthcare,North America,Mid-market,Pro,307
CUST_03783,2025-01-07,2025-01-01,Finance,Europe,SMB,Basic,22
CUST_03784,2024-05-07,2024-05-01,Retail,Asia-Pacific,SMB,Basic,37
CUST_03785,2025-04-01,2025-04-01,Healthcare,Europe,Enterprise,Enterprise,3931
CUST_03786,2025-01-21,2025-01-01,Finance,Latin America,Mid-market,Pro,442
CUST_03787,2024-01-19,2024-01-01,Technology,Latin America,SMB,Basic,38
CUST_03788,2024-02-17,2024-02-01,Retail,North America,Enterprise,Enterprise,1285
CUST_03789,2024-07-01,2024-07-01,Finance,North America,SMB,Basic,15
CUST_03790,2025-03-12,2025-03-01,Retail,Asia-Pacific,SMB,Pro,48
CUST_03791,2024-02-28,2024-02-01,Technology,Asia-Pacific,SMB,Basic,9
CUST_03792,2025-12-26,2025-12-01,Healthcare,Asia-Pacific,SMB,Basic,4
CUST_03793,2025-02-23,2025-02-01,Technology,North America,SMB,Basic,36
CUST_03794,2024-09-22,2024-09-01,E-commerce,North America,Mid-market,Basic,225
CUST_03795,2025-02-24,2025-02-01,E-commerce,Europe,SMB,Basic,43
CUST_03796,2024-06-19,2024-06-01,Technology,Europe,SMB,Pro,8
CUST_03797,2025-06-17,2025-06-01,Finance,North America,Mid-market,Basic,196
CUST_03798,2025-06-09,2025-06-01,E-commerce,Europe,SMB,Basic,10
CUST_03799,2024-01-31,2024-01-01,Technology,North America,SMB,Enterprise,47
CUST_03800,2024-03-08,2024-03-01,E-commerce,Europe,SMB,Pro,30
CUST_03801,2024-06-03,2024-06-01,Education,Latin America,Enterprise,Enterprise,2963
CUST_03802,2024-10-11,2024-10-01,Healthcare,North America,SMB,Pro,41
CUST_03803,2025-07-21,2025-07-01,Technology,Europe,SMB,Basic,25
CUST_03804,2025-08-08,2025-08-01,Retail,North America,SMB,Pro,37
CUST_03805,2024-02-03,2024-02-01,Technology,Europe,SMB,Basic,16
CUST_03806,2025-05-11,2025-05-01,E-commerce,North America,SMB,Basic,23
CUST_03807,2024-06-23,2024-06-01,Healthcare,Asia-Pacific,SMB,Pro,49
CUST_03808,2025-05-24,2025-05-01,E-commerce,Latin America,Mid-market,Basic,171
CUST_03809,2024-08-23,2024-08-01,Finance,Europe,SMB,Pro,9
CUST_03810,2024-03-28,2024-03-01,Technology,Asia-Pacific,SMB,Basic,47
CUST_03811,2025-02-02,2025-02-01,Retail,Europe,Enterprise,Basic,3900
CUST_03812,2025-01-06,2025-01-01,Education,North America,SMB,Basic,17
CUST_03813,2024-08-15,2024-08-01,Healthcare,Europe,Mid-market,Pro,397
CUST_03814,2025-12-26,2025-12-01,E-commerce,Europe,SMB,Basic,6
CUST_03815,2024-10-13,2024-10-01,Education,Europe,SMB,Basic,6
CUST_03816,2025-07-14,2025-07-01,Retail,Europe,Mid-market,Pro,221
CUST_03817,2024-07-25,2024-07-01,Finance,Latin America,Enterprise,Enterprise,1169
CUST_03818,2024-09-14,2024-09-01,Healthcare,North America,SMB,Basic,17
CUST_03819,2025-08-09,2025-08-01,E-commerce,Asia-Pacific,Enterprise,Pro,3323
CUST_03820,2025-11-03,2025-11-01,Retail,North America,Enterprise,Pro,4394
CUST_03821,2024-03-24,2024-03-01,E-commerce,North America,SMB,Pro,14
CUST_03822,2025-10-22,2025-10-01,E-commerce,North America,Mid-market,Enterprise,457
CUST_03823,2024-05-12,2024-05-01,Healthcare,North America,SMB,Enterprise,32
CUST_03824,2025-12-28,2025-12-01,Healthcare,North America,SMB,Basic,34
CUST_03825,2024-09-19,2024-09-01,Retail,North America,Enterprise,Basic,2880
CUST_03826,2025-04-09,2025-04-01,Education,Latin America,SMB,Pro,7
CUST_03827,2025-10-18,2025-10-01,Technology,Europe,Enterprise,Enterprise,3793
CUST_03828,2025-11-05,2025-11-01,E-commerce,Latin America,Mid-market,Enterprise,134
CUST_03829,2025-06-10,2025-06-01,Healthcare,Asia-Pacific,SMB,Basic,5
CUST_03830,2024-12-12,2024-12-01,Retail,North America,Enterprise,Enterprise,3493
CUST_03831,2025-04-07,2025-04-01,E-commerce,North America,Mid-market,Enterprise,211
CUST_03832,2025-05-17,2025-05-01,Retail,Asia-Pacific,SMB,Basic,2
CUST_03833,2024-04-29,2024-04-01,Retail,Asia-Pacific,SMB,Enterprise,46
CUST_03834,2024-10-19,2024-10-01,Healthcare,North America,SMB,Basic,43
CUST_03835,2024-01-08,2024-01-01,Finance,Asia-Pacific,SMB,Pro,45
CUST_03836,2024-06-14,2024-06-01,E-commerce,Europe,SMB,Basic,1
CUST_03837,2024-03-04,2024-03-01,Finance,North America,Enterprise,Enterprise,3014
CUST_03838,2024-10-30,2024-10-01,Technology,Asia-Pacific,Enterprise,Enterprise,3268
CUST_03839,2025-12-16,2025-12-01,Retail,North America,SMB,Basic,27
CUST_03840,2024-02-15,2024-02-01,Finance,North America,Mid-market,Pro,498
CUST_03841,2024-02-18,2024-02-01,Healthcare,Europe,SMB,Basic,34
CUST_03842,2025-12-26,2025-12-01,E-commerce,Europe,SMB,Basic,13
CUST_03843,2025-07-24,2025-07-01,Healthcare,Latin America,SMB,Basic,9
CUST_03844,2025-06-15,2025-06-01,Education,Europe,Enterprise,Enterprise,4216
CUST_03845,2024-02-22,2024-02-01,Healthcare,North America,Mid-market,Enterprise,103
CUST_03846,2025-08-02,2025-08-01,Finance,Latin America,Mid-market,Enterprise,240
CUST_03847,2025-06-10,2025-06-01,Retail,Europe,SMB,Basic,7
CUST_03848,2025-01-23,2025-01-01,Education,Europe,Mid-market,Enterprise,217
CUST_03849,2024-10-10,2024-10-01,Education,Europe,SMB,Basic,43
CUST_03850,2024-08-07,2024-08-01,Technology,Europe,SMB,Basic,10
CUST_03851,2025-02-24,2025-02-01,Retail,North America,Mid-market,Pro,397
CUST_03852,2024-02-20,2024-02-01,Technology,Asia-Pacific,SMB,Basic,39
CUST_03853,2024-07-01,2024-07-01,Retail,Latin America,SMB,Pro,13
CUST_03854,2025-04-18,2025-04-01,Retail,Latin America,SMB,Basic,43
CUST_03855,2025-02-15,2025-02-01,Finance,Asia-Pacific,SMB,Basic,34
CUST_03856,2025-05-01,2025-05-01,Healthcare,North America,Enterprise,Enterprise,1654
CUST_03857,2025-01-04,2025-01-01,Technology,North America,Enterprise,Pro,1720
CUST_03858,2024-04-18,2024-04-01,Technology,Latin America,SMB,Basic,48
CUST_03859,2024-01-08,2024-01-01,Finance,Latin America,SMB,Basic,14
CUST_03860,2025-02-17,2025-02-01,Healthcare,Europe,Mid-market,Basic,384
CUST_03861,2025-07-03,2025-07-01,E-commerce,North America,SMB,Basic,7
CUST_03862,2025-03-25,2025-03-01,Education,North America,SMB,Basic,34
CUST_03863,2024-09-19,2024-09-01,Finance,North America,SMB,Basic,4
CUST_03864,2024-12-20,2024-12-01,Healthcare,North America,SMB,Basic,40
CUST_03865,2025-11-14,2025-11-01,Retail,Asia-Pacific,Mid-market,Basic,332
CUST_03866,2024-10-13,2024-10-01,Technology,Latin America,SMB,Basic,16
CUST_03867,2024-06-11,2024-06-01,Healthcare,Europe,SMB,Basic,10
CUST_03868,2025-11-22,2025-11-01,Healthcare,North America,SMB,Basic,8
CUST_03869,2025-12-30,2025-12-01,Technology,North America,SMB,Basic,39
CUST_03870,2025-10-27,2025-10-01,Finance,Latin America,Mid-market,Basic,441
CUST_03871,2024-09-25,2024-09-01,Healthcare,Asia-Pacific,SMB,Basic,47
CUST_03872,2024-11-17,2024-11-01,Technology,Asia-Pacific,SMB,Basic,48
CUST_03873,2025-04-17,2025-04-01,Technology,Asia-Pacific,SMB,Basic,42
CUST_03874,2024-02-25,2024-02-01,Education,Asia-Pacific,Enterprise,Pro,4409
CUST_03875,2025-02-07,2025-02-01,Technology,North America,Mid-market,Basic,154
CUST_03876,2025-10-13,2025-10-01,Healthcare,Asia-Pacific,Enterprise,Basic,2252
CUST_03877,2024-02-24,2024-02-01,Education,North America,SMB,Basic,15
CUST_03878,2024-03-18,2024-03-01,Healthcare,North America,Mid-market,Basic,425
CUST_03879,2024-03-03,2024-03-01,Retail,Europe,SMB,Pro,2
CUST_03880,2025-06-02,2025-06-01,Education,Europe,Mid-market,Basic,105
CUST_03881,2025-11-02,2025-11-01,Finance,Latin America,Enterprise,Enterprise,2839
CUST_03882,2024-11-30,2024-11-01,Finance,Europe,SMB,Basic,6
CUST_03883,2024-11-05,2024-11-01,Technology,Latin America,Mid-market,Basic,310
CUST_03884,2024-12-27,2024-12-01,Retail,Europe,SMB,Basic,11
CUST_03885,2024-12-16,2024-12-01,Finance,Asia-Pacific,Mid-market,Pro,65
CUST_03886,2024-10-13,2024-10-01,Healthcare,Europe,Mid-market,Pro,381
CUST_03887,2024-04-26,2024-04-01,Technology,North America,SMB,Basic,33
CUST_03888,2025-08-25,2025-08-01,Finance,North America,SMB,Basic,34
CUST_03889,2024-09-03,2024-09-01,Healthcare,North America,SMB,Basic,40
CUST_03890,2025-01-29,2025-01-01,Healthcare,Latin America,SMB,Basic,29
CUST_03891,2024-12-29,2024-12-01,Healthcare,Latin America,SMB,Basic,8
CUST_03892,2024-02-17,2024-02-01,Finance,North America,Mid-market,Pro,470
CUST_03893,2025-11-08,2025-11-01,Education,Europe,Mid-market,Pro,303
CUST_03894,2025-12-18,2025-12-01,Education,Asia-Pacific,SMB,Basic,38
CUST_03895,2025-10-10,2025-10-01,Technology,North America,SMB,Basic,1
CUST_03896,2025-02-17,2025-02-01,Retail,Europe,Mid-market,Basic,151
CUST_03897,2025-08-16,2025-08-01,Healthcare,Asia-Pacific,SMB,Basic,27
CUST_03898,2025-07-01,2025-07-01,E-commerce,Latin America,SMB,Basic,31
CUST_03899,2024-11-29,2024-11-01,Healthcare,Asia-Pacific,SMB,Enterprise,30
CUST_03900,2025-08-16,2025-08-01,Technology,Asia-Pacific,Mid-market,Pro,215
CUST_03901,2024-10-18,2024-10-01,Education,Europe,SMB,Basic,5
CUST_03902,2025-06-23,2025-06-01,Finance,Europe,SMB,Basic,45
CUST_03903,2024-10-18,2024-10-01,Technology,North America,SMB,Pro,32
CUST_03904,2024-01-21,2024-01-01,E-commerce,North America,SMB,Basic,20
CUST_03905,2025-07-06,2025-07-01,Education,Asia-Pacific,SMB,Basic,31
CUST_03906,2025-06-12,2025-06-01,Finance,North America,SMB,Basic,37
CUST_03907,2024-11-06,2024-11-01,Retail,North America,SMB,Basic,13
CUST_03908,2025-07-12,2025-07-01,Education,North America,SMB,Basic,10
CUST_03909,2024-04-10,2024-04-01,Finance,Latin America,Mid-market,Basic,146
CUST_03910,2025-03-25,2025-03-01,Retail,Europe,SMB,Basic,12
CUST_03911,2024-02-21,2024-02-01,Finance,Europe,SMB,Basic,2
CUST_03912,2025-11-23,2025-11-01,Technology,North America,Mid-market,Basic,433
CUST_03913,2024-06-07,2024-06-01,Finance,North America,SMB,Basic,7
CUST_03914,2025-04-16,2025-04-01,E-commerce,Latin America,SMB,Basic,31
CUST_03915,2024-07-12,2024-07-01,Healthcare,North America,SMB,Basic,42
CUST_03916,2025-04-27,2025-04-01,E-commerce,North America,SMB,Basic,17
CUST_03917,2025-06-17,2025-06-01,Education,Latin America,SMB,Basic,39
CUST_03918,2024-10-13,2024-10-01,Retail,Europe,SMB,Basic,18
CUST_03919,2024-03-23,2024-03-01,Finance,North America,Mid-market,Pro,76
CUST_03920,2025-11-07,2025-11-01,Retail,Asia-Pacific,SMB,Pro,17
CUST_03921,2024-06-19,2024-06-01,Technology,Europe,SMB,Basic,31
CUST_03922,2024-08-16,2024-08-01,Finance,Latin America,SMB,Basic,31
CUST_03923,2025-11-07,2025-11-01,Healthcare,Latin America,SMB,Basic,6
CUST_03924,2025-06-01,2025-06-01,Education,Latin America,Mid-market,Pro,102
CUST_03925,2024-02-07,2024-02-01,Finance,North America,Mid-market,Basic,312
CUST_03926,2025-04-30,2025-04-01,Healthcare,North America,Enterprise,Enterprise,3822
CUST_03927,2025-10-08,2025-10-01,Healthcare,North America,SMB,Basic,45
CUST_03928,2025-04-29,2025-04-01,Finance,Europe,Enterprise,Enterprise,3492
CUST_03929,2024-08-25,2024-08-01,Finance,North America,Enterprise,Enterprise,4138
CUST_03930,2025-10-28,2025-10-01,Retail,North America,SMB,Basic,5
CUST_03931,2025-07-31,2025-07-01,Technology,Asia-Pacific,Mid-market,Pro,187
CUST_03932,2024-01-28,2024-01-01,Finance,Asia-Pacific,SMB,Enterprise,8
CUST_03933,2025-11-20,2025-11-01,Healthcare,Europe,SMB,Basic,15
CUST_03934,2025-09-06,2025-09-01,E-commerce,North America,SMB,Basic,15
CUST_03935,2024-09-28,2024-09-01,E-commerce,Europe,SMB,Pro,11
CUST_03936,2025-09-30,2025-09-01,Retail,Latin America,Mid-market,Pro,292
CUST_03937,2025-04-07,2025-04-01,Technology,Europe,Mid-market,Basic,148
CUST_03938,2025-06-08,2025-06-01,Technology,North America,Mid-market,Basic,330
CUST_03939,2024-02-13,2024-02-01,Finance,Europe,Mid-market,Basic,358
CUST_03940,2025-02-15,2025-02-01,Healthcare,North America,Mid-market,Pro,442
CUST_03941,2024-02-05,2024-02-01,Finance,North America,SMB,Basic,32
CUST_03942,2025-02-11,2025-02-01,Finance,Asia-Pacific,SMB,Enterprise,49
CUST_03943,2025-12-17,2025-12-01,Healthcare,North America,SMB,Basic,4
CUST_03944,2024-01-01,2024-01-01,Technology,North America,SMB,Basic,40
CUST_03945,2024-04-28,2024-04-01,Finance,Latin America,Enterprise,Pro,718
CUST_03946,2025-05-31,2025-05-01,Technology,North America,Mid-market,Basic,55
CUST_03947,2025-05-16,2025-05-01,E-commerce,North America,Mid-market,Basic,419
CUST_03948,2025-02-14,2025-02-01,Education,North America,SMB,Enterprise,48
CUST_03949,2024-07-14,2024-07-01,Education,Europe,SMB,Basic,44
CUST_03950,2024-03-06,2024-03-01,Retail,North America,SMB,Enterprise,17
CUST_03951,2024-08-12,2024-08-01,Finance,Europe,SMB,Basic,13
CUST_03952,2025-11-01,2025-11-01,E-commerce,Latin America,SMB,Basic,21
CUST_03953,2024-03-23,2024-03-01,Finance,Latin America,SMB,Basic,28
CUST_03954,2024-08-29,2024-08-01,Finance,Asia-Pacific,Enterprise,Enterprise,3863
CUST_03955,2024-10-27,2024-10-01,Retail,Latin America,SMB,Basic,44
CUST_03956,2024-01-26,2024-01-01,Finance,Latin America,Mid-market,Basic,85
CUST_03957,2025-01-22,2025-01-01,Education,Asia-Pacific,Mid-market,Basic,190
CUST_03958,2024-02-20,2024-02-01,Retail,Latin America,Mid-market,Basic,268
CUST_03959,2024-12-31,2024-12-01,E-commerce,Asia-Pacific,SMB,Basic,45
CUST_03960,2024-09-25,2024-09-01,Retail,Asia-Pacific,SMB,Basic,17
CUST_03961,2024-08-22,2024-08-01,Retail,Europe,Mid-market,Pro,324
CUST_03962,2025-01-18,2025-01-01,Retail,Latin America,SMB,Basic,11
CUST_03963,2025-10-07,2025-10-01,Finance,North America,SMB,Basic,14
CUST_03964,2024-03-21,2024-03-01,E-commerce,Europe,Mid-market,Pro,282
CUST_03965,2025-01-26,2025-01-01,E-commerce,North America,SMB,Basic,2
CUST_03966,2025-01-15,2025-01-01,Technology,Asia-Pacific,SMB,Basic,19
CUST_03967,2025-06-11,2025-06-01,Retail,Asia-Pacific,Enterprise,Basic,3253
CUST_03968,2025-03-05,2025-03-01,Retail,North America,SMB,Pro,39
CUST_03969,2024-06-17,2024-06-01,Education,Asia-Pacific,SMB,Basic,27
CUST_03970,2025-12-21,2025-12-01,Healthcare,North America,Mid-market,Enterprise,101
CUST_03971,2025-01-02,2025-01-01,Healthcare,North America,Mid-market,Pro,224
CUST_03972,2024-03-18,2024-03-01,Finance,Europe,SMB,Basic,11
CUST_03973,2024-05-05,2024-05-01,E-commerce,Asia-Pacific,Mid-market,Enterprise,310
CUST_03974,2025-01-21,2025-01-01,Education,Asia-Pacific,SMB,Basic,25
CUST_03975,2025-05-08,2025-05-01,E-commerce,North America,SMB,Basic,40
CUST_03976,2024-12-19,2024-12-01,Technology,Europe,SMB,Basic,4
CUST_03977,2025-06-07,2025-06-01,Education,Europe,Mid-market,Pro,447
CUST_03978,2024-02-04,2024-02-01,Retail,Latin America,SMB,Basic,8
CUST_03979,2025-06-13,2025-06-01,Education,North America,Mid-market,Pro,215
CUST_03980,2024-11-17,2024-11-01,Education,Asia-Pacific,Enterprise,Enterprise,4184
CUST_03981,2025-01-26,2025-01-01,E-commerce,North America,SMB,Pro,15
CUST_03982,2025-03-15,2025-03-01,Healthcare,Europe,SMB,Basic,41
CUST_03983,2025-06-21,2025-06-01,Education,North America,Enterprise,Enterprise,2242
CUST_03984,2025-04-19,2025-04-01,Retail,North America,Mid-market,Enterprise,122
CUST_03985,2025-01-28,2025-01-01,Retail,North America,SMB,Basic,4
CUST_03986,2024-03-27,2024-03-01,Retail,Asia-Pacific,SMB,Pro,12
CUST_03987,2025-04-06,2025-04-01,Technology,Europe,Mid-market,Enterprise,414
CUST_03988,2024-06-01,2024-06-01,Healthcare,Europe,SMB,Basic,44
CUST_03989,2024-09-08,2024-09-01,Technology,Asia-Pacific,SMB,Basic,48
CUST_03990,2024-08-19,2024-08-01,Finance,Asia-Pacific,Enterprise,Pro,1556
CUST_03991,2024-07-31,2024-07-01,Technology,Europe,SMB,Basic,45
CUST_03992,2025-10-11,2025-10-01,Retail,Latin America,Enterprise,Basic,1469
CUST_03993,2024-09-30,2024-09-01,Technology,North America,SMB,Basic,31
CUST_03994,2025-03-02,2025-03-01,Finance,Latin America,SMB,Basic,28
CUST_03995,2024-11-28,2024-11-01,Retail,Europe,SMB,Basic,13
CUST_03996,2025-11-15,2025-11-01,Education,Europe,Mid-market,Pro,246
CUST_03997,2025-03-30,2025-03-01,Technology,North America,Mid-market,Pro,172
CUST_03998,2024-01-27,2024-01-01,Healthcare,Europe,Enterprise,Enterprise,1210
CUST_03999,2024-05-07,2024-05-01,Healthcare,Latin America,SMB,Pro,19
CUST_04000,2025-06-18,2025-06-01,Technology,North America,Mid-market,Basic,56
CUST_04001,2024-12-27,2024-12-01,Technology,Europe,Mid-market,Pro,363
CUST_04002,2024-10-02,2024-10-01,Finance,Latin America,Enterprise,Pro,3595
CUST_04003,2025-10-13,2025-10-01,Retail,Latin America,SMB,Pro,32
CUST_04004,2025-05-15,2025-05-01,E-commerce,North America,SMB,Pro,26
CUST_04005,2025-01-18,2025-01-01,Finance,Latin America,SMB,Pro,12
CUST_04006,2024-12-10,2024-12-01,Technology,Europe,SMB,Basic,7
CUST_04007,2025-08-06,2025-08-01,Finance,North America,SMB,Basic,25
CUST_04008,2025-06-23,2025-06-01,Education,Latin America,SMB,Pro,41
CUST_04009,2024-02-06,2024-02-01,Finance,North America,SMB,Pro,18
CUST_04010,2024-03-30,2024-03-01,E-commerce,Latin America,SMB,Pro,29
CUST_04011,2024-12-31,2024-12-01,E-commerce,North America,SMB,Basic,7
CUST_04012,2025-09-30,2025-09-01,Education,North America,SMB,Basic,43
CUST_04013,2025-04-11,2025-04-01,E-commerce,North America,Mid-market,Pro,427
CUST_04014,2024-06-25,2024-06-01,Healthcare,Latin America,Mid-market,Pro,268
CUST_04015,2024-08-04,2024-08-01,Finance,Asia-Pacific,SMB,Basic,21
CUST_04016,2025-08-21,2025-08-01,Retail,North America,Mid-market,Pro,432
CUST_04017,2025-05-21,2025-05-01,Healthcare,Asia-Pacific,SMB,Pro,30
CUST_04018,2024-11-23,2024-11-01,Technology,Europe,Enterprise,Enterprise,2692
CUST_04019,2025-06-07,2025-06-01,Education,Latin America,Mid-market,Basic,164
CUST_04020,2025-06-10,2025-06-01,Retail,Latin America,SMB,Pro,23
CUST_04021,2025-03-11,2025-03-01,Education,North America,SMB,Basic,13
CUST_04022,2025-01-13,2025-01-01,E-commerce,North America,SMB,Pro,31
CUST_04023,2025-02-18,2025-02-01,Technology,North America,Enterprise,Enterprise,3925
CUST_04024,2024-07-31,2024-07-01,Retail,Latin America,Mid-market,Basic,195
CUST_04025,2025-04-12,2025-04-01,Technology,North America,SMB,Basic,1
CUST_04026,2024-04-19,2024-04-01,Technology,Asia-Pacific,Enterprise,Enterprise,4648
CUST_04027,2024-09-18,2024-09-01,E-commerce,Latin America,SMB,Basic,37
CUST_04028,2025-08-25,2025-08-01,Education,Latin America,Mid-market,Pro,396
CUST_04029,2024-05-16,2024-05-01,Technology,Latin America,Enterprise,Pro,1559
CUST_04030,2024-08-17,2024-08-01,Retail,North America,SMB,Basic,18
CUST_04031,2025-10-24,2025-10-01,Education,North America,SMB,Basic,18
CUST_04032,2024-04-04,2024-04-01,Healthcare,North America,SMB,Pro,42
CUST_04033,2025-08-08,2025-08-01,Healthcare,Latin America,SMB,Basic,3
CUST_04034,2024-09-12,2024-09-01,E-commerce,Latin America,Mid-market,Pro,319
CUST_04035,2025-04-20,2025-04-01,Education,North America,SMB,Basic,19
CUST_04036,2024-11-20,2024-11-01,Technology,Latin America,SMB,Pro,8
CUST_04037,2025-05-02,2025-05-01,E-commerce,Europe,SMB,Basic,16
CUST_04038,2025-07-07,2025-07-01,Education,North America,SMB,Basic,36
CUST_04039,2025-03-27,2025-03-01,E-commerce,North America,SMB,Pro,46
CUST_04040,2025-05-17,2025-05-01,E-commerce,Asia-Pacific,SMB,Basic,44
CUST_04041,2024-04-13,2024-04-01,Retail,North America,SMB,Basic,16
CUST_04042,2024-06-26,2024-06-01,Finance,Asia-Pacific,SMB,Pro,8
CUST_04043,2025-10-04,2025-10-01,Technology,North America,Mid-market,Pro,222
CUST_04044,2024-11-17,2024-11-01,Healthcare,North America,Mid-market,Pro,449
CUST_04045,2024-02-27,2024-02-01,Retail,North America,Mid-market,Basic,111
CUST_04046,2025-02-23,2025-02-01,Technology,Latin America,SMB,Pro,15
CUST_04047,2024-08-30,2024-08-01,Retail,Europe,Mid-market,Pro,319
CUST_04048,2024-08-21,2024-08-01,Technology,Europe,SMB,Basic,20
CUST_04049,2025-03-23,2025-03-01,Technology,Europe,SMB,Basic,49
CUST_04050,2025-11-03,2025-11-01,E-commerce,Asia-Pacific,Mid-market,Enterprise,126
CUST_04051,2024-04-19,2024-04-01,Technology,Asia-Pacific,SMB,Pro,8
CUST_04052,2024-11-20,2024-11-01,Education,North America,Mid-market,Pro,461
CUST_04053,2025-01-02,2025-01-01,Education,North America,SMB,Pro,16
CUST_04054,2024-06-20,2024-06-01,E-commerce,Asia-Pacific,Mid-market,Basic,103
CUST_04055,2024-12-02,2024-12-01,Technology,Latin America,Mid-market,Basic,81
CUST_04056,2025-02-21,2025-02-01,Technology,Europe,SMB,Basic,26
CUST_04057,2024-08-24,2024-08-01,Finance,Europe,SMB,Basic,13
CUST_04058,2025-05-10,2025-05-01,E-commerce,Europe,SMB,Pro,2
CUST_04059,2024-11-11,2024-11-01,Healthcare,North America,Mid-market,Enterprise,188
CUST_04060,2025-12-18,2025-12-01,E-commerce,North America,SMB,Pro,24
CUST_04061,2024-02-24,2024-02-01,Technology,North America,Enterprise,Enterprise,2446
CUST_04062,2024-09-12,2024-09-01,Technology,North America,SMB,Basic,11
CUST_04063,2025-12-19,2025-12-01,Finance,Europe,SMB,Basic,19
CUST_04064,2025-09-21,2025-09-01,Technology,Asia-Pacific,SMB,Basic,43
CUST_04065,2025-10-16,2025-10-01,Technology,Asia-Pacific,Enterprise,Enterprise,4517
CUST_04066,2024-12-14,2024-12-01,Education,Asia-Pacific,SMB,Basic,14
CUST_04067,2025-08-08,2025-08-01,Technology,North America,SMB,Basic,10
CUST_04068,2024-05-26,2024-05-01,Education,North America,Enterprise,Enterprise,1966
CUST_04069,2024-12-05,2024-12-01,Finance,North America,SMB,Basic,12
CUST_04070,2025-03-20,2025-03-01,E-commerce,Europe,Mid-market,Pro,400
CUST_04071,2024-04-25,2024-04-01,Healthcare,North America,Enterprise,Pro,1129
CUST_04072,2025-04-19,2025-04-01,Retail,Europe,SMB,Basic,9
CUST_04073,2024-11-22,2024-11-01,Technology,Asia-Pacific,Enterprise,Enterprise,2915
CUST_04074,2024-11-06,2024-11-01,E-commerce,North America,SMB,Basic,14
CUST_04075,2025-01-10,2025-01-01,Technology,Asia-Pacific,SMB,Basic,43
CUST_04076,2024-08-03,2024-08-01,E-commerce,Europe,SMB,Basic,37
CUST_04077,2024-03-22,2024-03-01,Retail,North America,Enterprise,Enterprise,1495
CUST_04078,2024-12-22,2024-12-01,Technology,North America,SMB,Basic,10
CUST_04079,2024-05-03,2024-05-01,Finance,North America,Mid-market,Pro,373
CUST_04080,2024-01-23,2024-01-01,Finance,North America,Enterprise,Pro,902
CUST_04081,2024-11-26,2024-11-01,Finance,North America,SMB,Pro,12
CUST_04082,2025-06-04,2025-06-01,Education,Asia-Pacific,SMB,Pro,26
CUST_04083,2025-10-23,2025-10-01,E-commerce,North America,SMB,Basic,39
CUST_04084,2025-02-02,2025-02-01,E-commerce,Europe,SMB,Pro,46
CUST_04085,2025-12-01,2025-12-01,Retail,Europe,SMB,Basic,37
CUST_04086,2025-09-14,2025-09-01,Retail,North America,Mid-market,Pro,385
CUST_04087,2024-01-26,2024-01-01,E-commerce,Asia-Pacific,SMB,Basic,23
CUST_04088,2025-07-30,2025-07-01,Technology,North America,SMB,Basic,14
CUST_04089,2024-12-27,2024-12-01,Retail,North America,Mid-market,Pro,76
CUST_04090,2024-02-11,2024-02-01,Technology,Europe,SMB,Basic,12
CUST_04091,2024-04-04,2024-04-01,Finance,Asia-Pacific,SMB,Basic,22
CUST_04092,2025-07-30,2025-07-01,Retail,Latin America,SMB,Basic,38
CUST_04093,2024-09-08,2024-09-01,Education,Europe,Mid-market,Pro,303
CUST_04094,2025-10-26,2025-10-01,Retail,Asia-Pacific,Mid-market,Enterprise,425
CUST_04095,2024-03-02,2024-03-01,Healthcare,North America,SMB,Basic,35
CUST_04096,2024-05-05,2024-05-01,Finance,Latin America,SMB,Basic,8
CUST_04097,2024-02-23,2024-02-01,Education,Europe,SMB,Basic,45
CUST_04098,2024-07-14,2024-07-01,Finance,North America,SMB,Basic,28
CUST_04099,2025-02-09,2025-02-01,Healthcare,North America,Mid-market,Basic,424
CUST_04100,2025-08-11,2025-08-01,Healthcare,Europe,SMB,Basic,20
CUST_04101,2025-01-02,2025-01-01,Finance,North America,SMB,Basic,14
CUST_04102,2025-12-26,2025-12-01,Healthcare,Europe,Enterprise,Enterprise,1164
CUST_04103,2024-08-10,2024-08-01,Retail,Europe,Mid-market,Basic,81
CUST_04104,2025-03-10,2025-03-01,Finance,Europe,SMB,Pro,36
CUST_04105,2025-07-19,2025-07-01,Education,Europe,SMB,Basic,22
CUST_04106,2025-09-23,2025-09-01,Healthcare,North America,SMB,Basic,37
CUST_04107,2025-11-26,2025-11-01,Education,North America,Mid-market,Pro,296
CUST_04108,2025-05-23,2025-05-01,Education,Latin America,SMB,Basic,8
CUST_04109,2025-03-08,2025-03-01,Finance,Europe,SMB,Basic,36
CUST_04110,2024-03-12,2024-03-01,Technology,Asia-Pacific,Enterprise,Enterprise,3676
CUST_04111,2024-04-18,2024-04-01,Education,Asia-Pacific,SMB,Basic,22
CUST_04112,2025-04-07,2025-04-01,Retail,Europe,SMB,Pro,27
CUST_04113,2024-09-28,2024-09-01,Healthcare,North America,Mid-market,Pro,297
CUST_04114,2024-06-07,2024-06-01,E-commerce,North America,Mid-market,Pro,387
CUST_04115,2025-01-31,2025-01-01,Education,Europe,SMB,Basic,48
CUST_04116,2024-06-19,2024-06-01,E-commerce,North America,SMB,Basic,8
CUST_04117,2025-03-13,2025-03-01,Education,North America,Enterprise,Enterprise,2390
CUST_04118,2025-05-10,2025-05-01,Education,Latin America,SMB,Basic,27
CUST_04119,2025-04-21,2025-04-01,Technology,Asia-Pacific,Mid-market,Basic,378
CUST_04120,2025-11-21,2025-11-01,Healthcare,North America,SMB,Basic,34
CUST_04121,2024-02-18,2024-02-01,Finance,North America,SMB,Basic,34
CUST_04122,2024-11-24,2024-11-01,Finance,North America,Mid-market,Basic,183
CUST_04123,2025-11-20,2025-11-01,Education,North America,Enterprise,Enterprise,3317
CUST_04124,2025-10-17,2025-10-01,Education,Europe,Mid-market,Enterprise,352
CUST_04125,2024-04-08,2024-04-01,Education,Europe,Enterprise,Enterprise,2523
CUST_04126,2024-02-02,2024-02-01,Education,Europe,Enterprise,Pro,3093
CUST_04127,2024-09-26,2024-09-01,Retail,North America,SMB,Basic,9
CUST_04128,2025-06-22,2025-06-01,Technology,North America,Mid-market,Basic,262
CUST_04129,2025-07-02,2025-07-01,Finance,North America,Enterprise,Pro,2204
CUST_04130,2024-11-07,2024-11-01,E-commerce,North America,Mid-market,Pro,107
CUST_04131,2024-04-05,2024-04-01,Healthcare,Europe,Enterprise,Pro,4863
CUST_04132,2025-10-01,2025-10-01,Education,North America,Mid-market,Basic,498
CUST_04133,2025-01-01,2025-01-01,Healthcare,Latin America,Mid-market,Basic,65
CUST_04134,2024-04-19,2024-04-01,Retail,Latin America,Enterprise,Basic,2892
CUST_04135,2025-03-30,2025-03-01,Healthcare,Latin America,Mid-market,Basic,488
CUST_04136,2025-03-19,2025-03-01,Retail,Asia-Pacific,SMB,Pro,11
CUST_04137,2024-10-02,2024-10-01,E-commerce,North America,SMB,Pro,4
CUST_04138,2024-03-11,2024-03-01,Retail,North America,Enterprise,Enterprise,3273
CUST_04139,2025-09-23,2025-09-01,E-commerce,Europe,Enterprise,Enterprise,3625
CUST_04140,2025-12-20,2025-12-01,Retail,North America,SMB,Basic,5
CUST_04141,2025-03-23,2025-03-01,Finance,Asia-Pacific,Mid-market,Pro,311
CUST_04142,2025-05-28,2025-05-01,Finance,Europe,Enterprise,Pro,3710
CUST_04143,2025-12-05,2025-12-01,Technology,Europe,Mid-market,Basic,105
CUST_04144,2024-09-14,2024-09-01,Retail,North America,Mid-market,Enterprise,152
CUST_04145,2024-05-28,2024-05-01,Retail,Latin America,SMB,Pro,26
CUST_04146,2024-10-28,2024-10-01,E-commerce,Europe,Mid-market,Pro,457
CUST_04147,2024-12-04,2024-12-01,Technology,Asia-Pacific,Mid-market,Basic,119
CUST_04148,2024-05-05,2024-05-01,Technology,Asia-Pacific,SMB,Pro,5
CUST_04149,2024-04-10,2024-04-01,Retail,Asia-Pacific,SMB,Basic,29
CUST_04150,2025-12-18,2025-12-01,E-commerce,Asia-Pacific,SMB,Pro,49
CUST_04151,2024-09-26,2024-09-01,Education,North America,Mid-market,Pro,136
CUST_04152,2024-08-21,2024-08-01,Finance,Latin America,Mid-market,Basic,88
CUST_04153,2024-04-03,2024-04-01,Education,North America,Mid-market,Enterprise,406
CUST_04154,2025-05-05,2025-05-01,Finance,North America,SMB,Pro,27
CUST_04155,2025-08-16,2025-08-01,E-commerce,North America,SMB,Pro,6
CUST_04156,2025-06-12,2025-06-01,Retail,Asia-Pacific,SMB,Pro,48
CUST_04157,2024-04-11,2024-04-01,Education,Latin America,SMB,Basic,29
CUST_04158,2025-01-24,2025-01-01,Finance,North America,SMB,Basic,4
CUST_04159,2024-07-15,2024-07-01,Education,Asia-Pacific,Mid-market,Pro,234
CUST_04160,2025-05-31,2025-05-01,Retail,Europe,Enterprise,Enterprise,1179
CUST_04161,2024-12-04,2024-12-01,Finance,Latin America,Enterprise,Enterprise,4650
CUST_04162,2025-11-24,2025-11-01,E-commerce,Europe,SMB,Pro,15
CUST_04163,2025-01-09,2025-01-01,Education,Europe,SMB,Basic,20
CUST_04164,2025-10-28,2025-10-01,Retail,Europe,SMB,Basic,13
CUST_04165,2025-03-27,2025-03-01,Finance,Europe,SMB,Basic,48
CUST_04166,2024-11-12,2024-11-01,Finance,North America,SMB,Pro,16
CUST_04167,2025-07-05,2025-07-01,E-commerce,North America,SMB,Basic,8
CUST_04168,2024-03-13,2024-03-01,Retail,Europe,Mid-market,Basic,155
CUST_04169,2024-04-10,2024-04-01,Retail,North America,Enterprise,Enterprise,534
CUST_04170,2024-06-05,2024-06-01,Finance,North America,Enterprise,Enterprise,1829
CUST_04171,2025-09-17,2025-09-01,Healthcare,Latin America,SMB,Basic,27
CUST_04172,2025-05-17,2025-05-01,Education,Europe,SMB,Basic,14
CUST_04173,2025-10-03,2025-10-01,Finance,Europe,SMB,Basic,28
CUST_04174,2024-07-06,2024-07-01,Finance,Latin America,SMB,Basic,9
CUST_04175,2025-03-11,2025-03-01,Education,North America,SMB,Enterprise,36
CUST_04176,2025-10-28,2025-10-01,E-commerce,North America,Mid-market,Basic,304
CUST_04177,2025-03-09,2025-03-01,Technology,North America,Mid-market,Enterprise,499
CUST_04178,2025-11-30,2025-11-01,E-commerce,North America,Mid-market,Enterprise,276
CUST_04179,2025-03-26,2025-03-01,Healthcare,Europe,SMB,Basic,4
CUST_04180,2025-04-16,2025-04-01,Technology,North America,SMB,Pro,15
CUST_04181,2025-08-31,2025-08-01,Retail,Asia-Pacific,Mid-market,Pro,400
CUST_04182,2024-07-05,2024-07-01,Finance,North America,SMB,Basic,20
CUST_04183,2024-11-04,2024-11-01,Healthcare,Europe,SMB,Pro,17
CUST_04184,2024-08-03,2024-08-01,Education,North America,SMB,Basic,21
CUST_04185,2024-09-27,2024-09-01,Technology,Europe,SMB,Basic,9
CUST_04186,2024-07-12,2024-07-01,Technology,North America,Enterprise,Enterprise,3103
CUST_04187,2024-06-05,2024-06-01,Education,Latin America,Enterprise,Enterprise,3632
CUST_04188,2024-05-11,2024-05-01,Technology,North America,SMB,Basic,34
CUST_04189,2024-04-04,2024-04-01,Healthcare,Latin America,SMB,Basic,13
CUST_04190,2025-03-06,2025-03-01,Healthcare,Europe,SMB,Enterprise,28
CUST_04191,2024-07-13,2024-07-01,Education,Europe,SMB,Pro,12
CUST_04192,2025-10-19,2025-10-01,Finance,Europe,SMB,Basic,45
CUST_04193,2025-01-05,2025-01-01,Retail,North America,SMB,Basic,32
CUST_04194,2024-07-18,2024-07-01,Finance,Asia-Pacific,SMB,Basic,18
CUST_04195,2025-10-15,2025-10-01,Healthcare,Latin America,SMB,Basic,36
CUST_04196,2025-02-10,2025-02-01,Education,Latin America,SMB,Basic,12
CUST_04197,2024-06-17,2024-06-01,Finance,North America,Mid-market,Pro,406
CUST_04198,2025-06-04,2025-06-01,Healthcare,North America,Mid-market,Pro,144
CUST_04199,2025-03-03,2025-03-01,Finance,North America,Mid-market,Basic,127
CUST_04200,2024-11-19,2024-11-01,Retail,North America,SMB,Pro,7
CUST_04201,2025-01-05,2025-01-01,Healthcare,North America,SMB,Pro,49
CUST_04202,2024-09-28,2024-09-01,E-commerce,Europe,SMB,Pro,40
CUST_04203,2025-08-14,2025-08-01,Retail,North America,SMB,Enterprise,13
CUST_04204,2025-03-29,2025-03-01,Finance,Europe,Enterprise,Pro,621
CUST_04205,2025-06-30,2025-06-01,Education,Asia-Pacific,SMB,Basic,19
CUST_04206,2024-03-17,2024-03-01,Technology,North America,SMB,Pro,22
CUST_04207,2024-08-30,2024-08-01,Retail,Europe,SMB,Basic,22
CUST_04208,2025-09-25,2025-09-01,Finance,North America,SMB,Basic,48
CUST_04209,2025-05-20,2025-05-01,Finance,Asia-Pacific,Mid-market,Enterprise,267
CUST_04210,2025-01-10,2025-01-01,Retail,North America,SMB,Basic,3
CUST_04211,2025-01-03,2025-01-01,Finance,Asia-Pacific,SMB,Basic,14
CUST_04212,2025-03-31,2025-03-01,Healthcare,Europe,SMB,Basic,18
CUST_04213,2024-04-21,2024-04-01,Education,North America,Mid-market,Enterprise,414
CUST_04214,2024-01-11,2024-01-01,Technology,Latin America,SMB,Pro,36
CUST_04215,2025-03-23,2025-03-01,Healthcare,Europe,Mid-market,Enterprise,404
CUST_04216,2025-06-16,2025-06-01,Technology,Asia-Pacific,Mid-market,Basic,90
CUST_04217,2024-04-03,2024-04-01,Finance,Europe,SMB,Basic,20
CUST_04218,2025-05-18,2025-05-01,Retail,Asia-Pacific,Enterprise,Enterprise,1162
CUST_04219,2024-01-08,2024-01-01,Finance,Latin America,SMB,Basic,37
CUST_04220,2024-06-09,2024-06-01,Technology,North America,SMB,Basic,31
CUST_04221,2025-06-11,2025-06-01,Education,Europe,SMB,Basic,33
CUST_04222,2024-06-12,2024-06-01,Education,Europe,Mid-market,Basic,219
CUST_04223,2025-06-05,2025-06-01,Finance,North America,SMB,Basic,28
CUST_04224,2025-04-15,2025-04-01,Finance,North America,SMB,Pro,39
CUST_04225,2024-09-11,2024-09-01,Technology,North America,Enterprise,Basic,2410
CUST_04226,2024-10-24,2024-10-01,Education,Asia-Pacific,Enterprise,Enterprise,925
CUST_04227,2025-06-20,2025-06-01,Healthcare,Latin America,SMB,Pro,19
CUST_04228,2024-11-25,2024-11-01,Retail,Asia-Pacific,Enterprise,Enterprise,1617
CUST_04229,2025-01-16,2025-01-01,E-commerce,North America,Enterprise,Pro,713
CUST_04230,2025-10-04,2025-10-01,Finance,North America,SMB,Basic,45
CUST_04231,2024-07-19,2024-07-01,Technology,North America,SMB,Pro,17
CUST_04232,2025-08-01,2025-08-01,Healthcare,Europe,SMB,Pro,41
CUST_04233,2024-03-27,2024-03-01,Technology,North America,Mid-market,Pro,325
CUST_04234,2024-08-08,2024-08-01,Healthcare,Latin America,SMB,Enterprise,32
CUST_04235,2024-09-26,2024-09-01,Retail,Asia-Pacific,SMB,Basic,6
CUST_04236,2025-05-11,2025-05-01,Retail,North America,SMB,Basic,9
CUST_04237,2024-12-26,2024-12-01,Finance,Europe,Mid-market,Basic,436
CUST_04238,2024-07-04,2024-07-01,Finance,North America,SMB,Pro,41
CUST_04239,2025-06-18,2025-06-01,Finance,Asia-Pacific,SMB,Pro,2
CUST_04240,2025-05-24,2025-05-01,Healthcare,Europe,SMB,Pro,44
CUST_04241,2024-01-04,2024-01-01,Retail,Europe,SMB,Basic,5
CUST_04242,2024-06-06,2024-06-01,Healthcare,Latin America,Mid-market,Enterprise,78
CUST_04243,2024-11-30,2024-11-01,Technology,Asia-Pacific,SMB,Basic,27
CUST_04244,2025-02-02,2025-02-01,Healthcare,North America,Mid-market,Basic,244
CUST_04245,2024-12-10,2024-12-01,Finance,Asia-Pacific,Mid-market,Pro,322
CUST_04246,2025-10-30,2025-10-01,Finance,North America,SMB,Pro,12
CUST_04247,2024-05-19,2024-05-01,Retail,Latin America,SMB,Basic,32
CUST_04248,2024-11-28,2024-11-01,Healthcare,Latin America,SMB,Basic,26
CUST_04249,2025-01-28,2025-01-01,Retail,North America,SMB,Basic,21
CUST_04250,2024-06-25,2024-06-01,Education,North America,Enterprise,Enterprise,3644
CUST_04251,2024-03-31,2024-03-01,E-commerce,Asia-Pacific,SMB,Basic,44
CUST_04252,2025-08-31,2025-08-01,E-commerce,North America,Mid-market,Basic,406
CUST_04253,2025-05-05,2025-05-01,Finance,Asia-Pacific,SMB,Basic,17
CUST_04254,2025-01-16,2025-01-01,Education,Asia-Pacific,SMB,Basic,35
CUST_04255,2024-05-02,2024-05-01,Technology,North America,SMB,Basic,31
CUST_04256,2025-11-11,2025-11-01,Retail,North America,Mid-market,Pro,392
CUST_04257,2024-11-27,2024-11-01,Retail,North America,Mid-market,Basic,313
CUST_04258,2024-07-28,2024-07-01,Technology,North America,SMB,Basic,6
CUST_04259,2024-03-27,2024-03-01,Education,North America,Mid-market,Enterprise,364
CUST_04260,2025-10-25,2025-10-01,Technology,Europe,SMB,Pro,19
CUST_04261,2024-06-04,2024-06-01,Technology,Europe,Enterprise,Enterprise,4274
CUST_04262,2025-01-22,2025-01-01,E-commerce,Europe,Mid-market,Enterprise,88
CUST_04263,2025-05-19,2025-05-01,Finance,Asia-Pacific,SMB,Basic,48
CUST_04264,2025-11-17,2025-11-01,Finance,North America,Enterprise,Pro,1122
CUST_04265,2024-10-24,2024-10-01,Healthcare,North America,SMB,Basic,9
CUST_04266,2025-02-27,2025-02-01,Finance,Latin America,SMB,Basic,13
CUST_04267,2024-12-03,2024-12-01,Healthcare,Latin America,SMB,Basic,31
CUST_04268,2024-04-26,2024-04-01,Education,Asia-Pacific,SMB,Basic,16
CUST_04269,2025-11-03,2025-11-01,Technology,Europe,SMB,Enterprise,44
CUST_04270,2025-02-25,2025-02-01,E-commerce,North America,Enterprise,Pro,767
CUST_04271,2024-01-12,2024-01-01,Retail,Europe,SMB,Basic,4
CUST_04272,2024-09-15,2024-09-01,Retail,Europe,Enterprise,Enterprise,4654
CUST_04273,2025-10-03,2025-10-01,Technology,North America,Mid-market,Pro,203
CUST_04274,2024-08-05,2024-08-01,Education,North America,Enterprise,Enterprise,3978
CUST_04275,2024-10-03,2024-10-01,Retail,North America,Enterprise,Basic,2946
CUST_04276,2025-10-29,2025-10-01,Technology,North America,SMB,Pro,3
CUST_04277,2024-04-12,2024-04-01,Technology,Asia-Pacific,SMB,Basic,12
CUST_04278,2024-03-09,2024-03-01,Retail,Latin America,SMB,Pro,15
CUST_04279,2024-04-15,2024-04-01,Healthcare,Europe,Enterprise,Enterprise,3768
CUST_04280,2024-10-06,2024-10-01,Retail,North America,Mid-market,Pro,340
CUST_04281,2024-05-21,2024-05-01,Technology,Latin America,SMB,Enterprise,49
CUST_04282,2024-02-25,2024-02-01,Technology,North America,SMB,Enterprise,14
CUST_04283,2024-09-23,2024-09-01,Education,Europe,SMB,Basic,17
CUST_04284,2025-01-22,2025-01-01,Technology,North America,Mid-market,Basic,336
CUST_04285,2025-01-18,2025-01-01,Finance,Europe,SMB,Pro,43
CUST_04286,2024-03-14,2024-03-01,Education,Asia-Pacific,Enterprise,Enterprise,2385
CUST_04287,2024-05-23,2024-05-01,Technology,North America,SMB,Basic,48
CUST_04288,2025-02-07,2025-02-01,Finance,Europe,SMB,Basic,4
CUST_04289,2025-10-24,2025-10-01,E-commerce,Europe,SMB,Pro,30
CUST_04290,2024-10-07,2024-10-01,Retail,North America,SMB,Basic,45
CUST_04291,2025-07-26,2025-07-01,E-commerce,Asia-Pacific,SMB,Pro,16
CUST_04292,2025-05-22,2025-05-01,Finance,Europe,SMB,Basic,3
CUST_04293,2025-09-17,2025-09-01,Technology,North America,SMB,Pro,11
CUST_04294,2025-07-07,2025-07-01,Education,Asia-Pacific,SMB,Pro,44
CUST_04295,2024-12-13,2024-12-01,Education,Europe,SMB,Pro,25
CUST_04296,2025-02-28,2025-02-01,Healthcare,Europe,SMB,Pro,31
CUST_04297,2024-10-23,2024-10-01,Finance,North America,SMB,Pro,5
CUST_04298,2025-06-20,2025-06-01,Finance,Asia-Pacific,SMB,Basic,4
CUST_04299,2025-11-11,2025-11-01,Healthcare,Latin America,SMB,Enterprise,4
CUST_04300,2024-02-02,2024-02-01,Education,Asia-Pacific,Enterprise,Enterprise,2266
CUST_04301,2024-02-13,2024-02-01,Technology,North America,SMB,Basic,15
CUST_04302,2024-07-08,2024-07-01,Retail,Latin America,Enterprise,Enterprise,4503
CUST_04303,2024-05-09,2024-05-01,Education,Europe,SMB,Basic,41
CUST_04304,2024-11-05,2024-11-01,E-commerce,North America,SMB,Basic,1
CUST_04305,2024-01-25,2024-01-01,Retail,North America,Mid-market,Pro,104
CUST_04306,2025-04-15,2025-04-01,Retail,North America,Enterprise,Enterprise,4858
CUST_04307,2024-03-16,2024-03-01,Education,North America,Enterprise,Enterprise,4351
CUST_04308,2025-10-23,2025-10-01,Finance,Europe,SMB,Basic,21
CUST_04309,2024-09-25,2024-09-01,Technology,Asia-Pacific,SMB,Enterprise,33
CUST_04310,2024-10-07,2024-10-01,Education,North America,SMB,Pro,49
CUST_04311,2024-07-21,2024-07-01,E-commerce,Europe,SMB,Pro,35
CUST_04312,2024-12-27,2024-12-01,Healthcare,Asia-Pacific,SMB,Basic,30
CUST_04313,2024-10-30,2024-10-01,E-commerce,Asia-Pacific,Enterprise,Enterprise,3462
CUST_04314,2024-08-06,2024-08-01,Education,Latin America,SMB,Pro,48
CUST_04315,2024-03-29,2024-03-01,Education,North America,SMB,Basic,17
CUST_04316,2024-02-16,2024-02-01,Healthcare,Europe,SMB,Pro,37
CUST_04317,2025-12-24,2025-12-01,Technology,Europe,SMB,Basic,12
CUST_04318,2025-02-03,2025-02-01,E-commerce,Asia-Pacific,Enterprise,Basic,4559
CUST_04319,2024-07-20,2024-07-01,Healthcare,Europe,SMB,Basic,33
CUST_04320,2024-09-08,2024-09-01,Retail,Latin America,Mid-market,Basic,231
CUST_04321,2025-12-06,2025-12-01,Healthcare,North America,SMB,Basic,20
CUST_04322,2025-05-25,2025-05-01,E-commerce,North America,SMB,Basic,44
CUST_04323,2024-04-11,2024-04-01,Finance,North America,SMB,Pro,39
CUST_04324,2024-05-19,2024-05-01,E-commerce,North America,SMB,Basic,27
CUST_04325,2024-05-11,2024-05-01,E-commerce,North America,Enterprise,Enterprise,3534
CUST_04326,2024-02-21,2024-02-01,Finance,Asia-Pacific,SMB,Basic,44
CUST_04327,2024-12-24,2024-12-01,E-commerce,Europe,SMB,Enterprise,24
CUST_04328,2025-04-05,2025-04-01,Finance,Asia-Pacific,SMB,Basic,12
CUST_04329,2024-09-15,2024-09-01,Education,Latin America,SMB,Basic,46
CUST_04330,2025-10-16,2025-10-01,Healthcare,Europe,Enterprise,Enterprise,3603
CUST_04331,2024-06-25,2024-06-01,Healthcare,Europe,SMB,Basic,29
CUST_04332,2025-08-19,2025-08-01,Retail,North America,Enterprise,Basic,4994
CUST_04333,2025-08-19,2025-08-01,Education,North America,SMB,Pro,41
CUST_04334,2024-10-23,2024-10-01,Healthcare,Asia-Pacific,SMB,Basic,18
CUST_04335,2025-01-30,2025-01-01,Retail,Latin America,SMB,Basic,37
CUST_04336,2025-06-26,2025-06-01,Retail,Europe,Mid-market,Basic,269
CUST_04337,2024-03-22,2024-03-01,Finance,Asia-Pacific,Enterprise,Enterprise,1632
CUST_04338,2025-03-04,2025-03-01,Retail,Asia-Pacific,SMB,Basic,19
CUST_04339,2024-04-15,2024-04-01,Retail,North America,SMB,Basic,49
CUST_04340,2025-07-26,2025-07-01,Finance,Europe,Mid-market,Pro,260
CUST_04341,2024-01-29,2024-01-01,E-commerce,Asia-Pacific,Mid-market,Pro,421
CUST_04342,2024-12-31,2024-12-01,Education,North America,Mid-market,Basic,55
CUST_04343,2024-08-19,2024-08-01,Finance,Europe,Mid-market,Pro,354
CUST_04344,2024-12-25,2024-12-01,Technology,Latin America,SMB,Basic,26
CUST_04345,2025-02-24,2025-02-01,Education,Latin America,Enterprise,Basic,1845
CUST_04346,2024-08-18,2024-08-01,E-commerce,Europe,Mid-market,Basic,325
CUST_04347,2025-03-08,2025-03-01,Retail,Asia-Pacific,Enterprise,Enterprise,2912
CUST_04348,2025-02-06,2025-02-01,E-commerce,Europe,Enterprise,Enterprise,956
CUST_04349,2025-05-15,2025-05-01,Healthcare,North America,SMB,Basic,39
CUST_04350,2024-06-08,2024-06-01,Healthcare,Europe,SMB,Basic,43
CUST_04351,2024-07-11,2024-07-01,Retail,Latin America,SMB,Basic,42
CUST_04352,2025-02-06,2025-02-01,Healthcare,Asia-Pacific,SMB,Basic,44
CUST_04353,2025-03-17,2025-03-01,E-commerce,Europe,Mid-market,Pro,80
CUST_04354,2025-03-20,2025-03-01,Healthcare,Europe,SMB,Pro,36
CUST_04355,2025-04-20,2025-04-01,Healthcare,North America,SMB,Pro,3
CUST_04356,2025-07-02,2025-07-01,Finance,Europe,SMB,Basic,16
CUST_04357,2025-11-12,2025-11-01,Retail,Europe,SMB,Basic,38
CUST_04358,2025-05-09,2025-05-01,E-commerce,Europe,Mid-market,Pro,407
CUST_04359,2024-05-27,2024-05-01,Education,Europe,Mid-market,Enterprise,310
CUST_04360,2025-07-24,2025-07-01,E-commerce,Latin America,Enterprise,Enterprise,946
CUST_04361,2024-09-13,2024-09-01,Finance,Europe,SMB,Basic,2
CUST_04362,2024-09-01,2024-09-01,Education,North America,Mid-market,Basic,499
CUST_04363,2024-09-13,2024-09-01,Retail,North America,SMB,Pro,7
CUST_04364,2025-06-17,2025-06-01,Education,Europe,SMB,Basic,5
CUST_04365,2025-07-10,2025-07-01,Education,North America,Enterprise,Enterprise,3450
CUST_04366,2025-03-20,2025-03-01,Healthcare,North America,SMB,Basic,46
CUST_04367,2024-12-15,2024-12-01,Technology,North America,SMB,Basic,3
CUST_04368,2024-01-21,2024-01-01,Retail,Latin America,SMB,Pro,36
CUST_04369,2024-02-20,2024-02-01,Retail,North America,SMB,Basic,33
CUST_04370,2024-08-12,2024-08-01,Technology,North America,SMB,Pro,22
CUST_04371,2024-08-20,2024-08-01,Technology,Europe,SMB,Basic,13
CUST_04372,2025-05-13,2025-05-01,Education,Europe,Mid-market,Basic,193
CUST_04373,2025-07-28,2025-07-01,Retail,Latin America,Mid-market,Basic,372
CUST_04374,2025-06-19,2025-06-01,Finance,Latin America,Mid-market,Basic,221
CUST_04375,2025-12-20,2025-12-01,Technology,Latin America,SMB,Pro,26
CUST_04376,2024-10-26,2024-10-01,E-commerce,Europe,Mid-market,Pro,178
CUST_04377,2024-05-16,2024-05-01,Finance,Latin America,SMB,Basic,36
CUST_04378,2025-10-04,2025-10-01,E-commerce,Latin America,SMB,Pro,30
CUST_04379,2024-10-01,2024-10-01,Healthcare,North America,SMB,Basic,27
CUST_04380,2025-04-24,2025-04-01,Technology,North America,Mid-market,Pro,216
CUST_04381,2024-01-19,2024-01-01,Technology,Europe,SMB,Pro,14
CUST_04382,2024-12-03,2024-12-01,Finance,Latin America,SMB,Basic,33
CUST_04383,2025-10-21,2025-10-01,Education,North America,Enterprise,Enterprise,4704
CUST_04384,2024-05-14,2024-05-01,Technology,North America,SMB,Enterprise,12
CUST_04385,2024-01-29,2024-01-01,Technology,Europe,SMB,Basic,32
CUST_04386,2025-04-07,2025-04-01,Finance,North America,SMB,Basic,10
CUST_04387,2024-08-12,2024-08-01,Technology,North America,SMB,Pro,21
CUST_04388,2025-10-24,2025-10-01,Finance,Latin America,Enterprise,Pro,2569
CUST_04389,2024-12-10,2024-12-01,Retail,North America,Mid-market,Pro,65
CUST_04390,2025-02-19,2025-02-01,Technology,Europe,SMB,Pro,24
CUST_04391,2024-01-13,2024-01-01,Retail,Asia-Pacific,SMB,Basic,3
CUST_04392,2025-03-14,2025-03-01,E-commerce,Latin America,SMB,Basic,35
CUST_04393,2025-02-24,2025-02-01,Technology,Asia-Pacific,SMB,Basic,19
CUST_04394,2025-06-23,2025-06-01,E-commerce,Asia-Pacific,SMB,Basic,16
CUST_04395,2025-04-28,2025-04-01,E-commerce,Europe,Mid-market,Basic,466
CUST_04396,2025-02-28,2025-02-01,Technology,Europe,Mid-market,Pro,165
CUST_04397,2025-06-12,2025-06-01,Retail,North America,SMB,Basic,27
CUST_04398,2024-11-12,2024-11-01,Finance,North America,Enterprise,Enterprise,3106
CUST_04399,2025-12-12,2025-12-01,E-commerce,Asia-Pacific,SMB,Basic,21
CUST_04400,2024-05-22,2024-05-01,Retail,Asia-Pacific,SMB,Basic,16
CUST_04401,2025-01-28,2025-01-01,E-commerce,North America,SMB,Pro,30
CUST_04402,2025-04-05,2025-04-01,Healthcare,Europe,SMB,Pro,17
CUST_04403,2024-11-18,2024-11-01,Retail,Europe,SMB,Basic,5
CUST_04404,2024-12-22,2024-12-01,Retail,Asia-Pacific,SMB,Basic,44
CUST_04405,2024-08-26,2024-08-01,E-commerce,Asia-Pacific,Enterprise,Basic,1580
CUST_04406,2025-12-20,2025-12-01,Technology,Latin America,Enterprise,Enterprise,3678
CUST_04407,2025-08-22,2025-08-01,Finance,Europe,Mid-market,Pro,351
CUST_04408,2024-05-08,2024-05-01,Finance,Europe,Enterprise,Enterprise,4585
CUST_04409,2025-01-18,2025-01-01,Education,Asia-Pacific,SMB,Pro,26
CUST_04410,2025-08-11,2025-08-01,Healthcare,Europe,SMB,Basic,11
CUST_04411,2025-03-07,2025-03-01,Technology,North America,SMB,Pro,48
CUST_04412,2025-09-18,2025-09-01,Education,North America,SMB,Basic,11
CUST_04413,2025-09-30,2025-09-01,Retail,Europe,Mid-market,Basic,186
CUST_04414,2025-10-06,2025-10-01,Retail,Latin America,SMB,Enterprise,20
CUST_04415,2024-06-21,2024-06-01,Technology,Europe,Mid-market,Basic,368
CUST_04416,2024-08-12,2024-08-01,Retail,North America,SMB,Basic,37
CUST_04417,2024-04-02,2024-04-01,Healthcare,Latin America,SMB,Pro,25
CUST_04418,2024-07-25,2024-07-01,Finance,Latin America,SMB,Pro,24
CUST_04419,2024-09-29,2024-09-01,Finance,North America,Mid-market,Basic,391
CUST_04420,2025-09-01,2025-09-01,E-commerce,North America,Mid-market,Basic,156
CUST_04421,2024-07-13,2024-07-01,Retail,Latin America,SMB,Pro,49
CUST_04422,2025-01-11,2025-01-01,E-commerce,North America,SMB,Basic,21
CUST_04423,2025-11-21,2025-11-01,Retail,Asia-Pacific,SMB,Basic,17
CUST_04424,2025-03-13,2025-03-01,Retail,Latin America,SMB,Basic,22
CUST_04425,2025-09-08,2025-09-01,Technology,Latin America,SMB,Basic,28
CUST_04426,2024-01-11,2024-01-01,E-commerce,Asia-Pacific,Mid-market,Basic,146
CUST_04427,2024-12-04,2024-12-01,Retail,Latin America,SMB,Basic,23
CUST_04428,2025-07-24,2025-07-01,Technology,North America,Enterprise,Enterprise,1295
CUST_04429,2024-09-13,2024-09-01,Finance,Europe,SMB,Pro,44
CUST_04430,2025-02-01,2025-02-01,Retail,North America,SMB,Basic,35
CUST_04431,2024-03-10,2024-03-01,Retail,Europe,SMB,Basic,3
CUST_04432,2025-01-23,2025-01-01,Healthcare,Asia-Pacific,SMB,Basic,20
CUST_04433,2025-03-11,2025-03-01,Retail,North America,Enterprise,Basic,4317
CUST_04434,2024-06-20,2024-06-01,Finance,Asia-Pacific,Enterprise,Pro,3767
CUST_04435,2024-04-24,2024-04-01,Technology,Europe,SMB,Basic,8
CUST_04436,2024-12-06,2024-12-01,Finance,Europe,SMB,Basic,38
CUST_04437,2025-01-09,2025-01-01,E-commerce,North America,SMB,Basic,10
CUST_04438,2025-01-16,2025-01-01,Retail,North America,SMB,Basic,20
CUST_04439,2025-03-29,2025-03-01,Retail,Asia-Pacific,Mid-market,Pro,229
CUST_04440,2025-06-01,2025-06-01,Technology,Asia-Pacific,SMB,Basic,20
CUST_04441,2025-07-23,2025-07-01,Healthcare,North America,SMB,Basic,23
CUST_04442,2024-01-04,2024-01-01,Retail,Europe,Mid-market,Basic,145
CUST_04443,2024-10-05,2024-10-01,E-commerce,North America,Mid-market,Basic,451
CUST_04444,2024-09-01,2024-09-01,Technology,Europe,Mid-market,Basic,286
CUST_04445,2024-02-22,2024-02-01,Retail,Latin America,Mid-market,Enterprise,100
CUST_04446,2025-10-26,2025-10-01,Healthcare,Asia-Pacific,SMB,Basic,9
CUST_04447,2024-10-11,2024-10-01,E-commerce,Asia-Pacific,Mid-market,Pro,121
CUST_04448,2024-08-13,2024-08-01,Education,Asia-Pacific,Enterprise,Enterprise,4841
CUST_04449,2025-08-05,2025-08-01,E-commerce,Asia-Pacific,Enterprise,Enterprise,2437
CUST_04450,2024-07-22,2024-07-01,Education,Asia-Pacific,SMB,Pro,43
CUST_04451,2025-10-15,2025-10-01,Retail,North America,SMB,Basic,45
CUST_04452,2025-06-11,2025-06-01,Retail,North America,SMB,Basic,9
CUST_04453,2025-02-05,2025-02-01,Technology,North America,SMB,Basic,17
CUST_04454,2025-07-16,2025-07-01,E-commerce,Asia-Pacific,Mid-market,Pro,204
CUST_04455,2025-04-07,2025-04-01,Healthcare,North America,SMB,Basic,45
CUST_04456,2025-05-26,2025-05-01,E-commerce,North America,SMB,Pro,22
CUST_04457,2024-12-18,2024-12-01,E-commerce,Asia-Pacific,Mid-market,Pro,465
CUST_04458,2024-01-30,2024-01-01,Education,Europe,SMB,Enterprise,4
CUST_04459,2024-09-09,2024-09-01,E-commerce,Asia-Pacific,SMB,Basic,22
CUST_04460,2024-10-13,2024-10-01,Retail,North America,Mid-market,Enterprise,205
CUST_04461,2025-01-17,2025-01-01,Technology,Asia-Pacific,SMB,Basic,38
CUST_04462,2024-04-30,2024-04-01,Technology,Europe,Mid-market,Pro,303
CUST_04463,2024-01-20,2024-01-01,E-commerce,Asia-Pacific,SMB,Basic,29
CUST_04464,2024-12-20,2024-12-01,Finance,North America,SMB,Pro,20
CUST_04465,2025-05-24,2025-05-01,Healthcare,Latin America,SMB,Basic,19
CUST_04466,2024-01-31,2024-01-01,Healthcare,North America,SMB,Basic,3
CUST_04467,2024-11-30,2024-11-01,Healthcare,North America,SMB,Basic,34
CUST_04468,2024-07-30,2024-07-01,Retail,Asia-Pacific,SMB,Basic,42
CUST_04469,2025-06-30,2025-06-01,E-commerce,Asia-Pacific,SMB,Basic,28
CUST_04470,2025-02-02,2025-02-01,Healthcare,Europe,SMB,Basic,1
CUST_04471,2025-09-09,2025-09-01,Technology,Europe,SMB,Enterprise,44
CUST_04472,2024-03-30,2024-03-01,Finance,North America,Enterprise,Pro,3682
CUST_04473,2025-11-06,2025-11-01,Technology,Europe,SMB,Basic,36
CUST_04474,2024-01-25,2024-01-01,Technology,Asia-Pacific,SMB,Pro,43
CUST_04475,2024-05-08,2024-05-01,E-commerce,North America,SMB,Pro,48
CUST_04476,2025-12-08,2025-12-01,E-commerce,North America,SMB,Pro,30
CUST_04477,2024-07-09,2024-07-01,Finance,North America,SMB,Basic,33
CUST_04478,2025-12-28,2025-12-01,Retail,Europe,Enterprise,Enterprise,1095
CUST_04479,2024-08-11,2024-08-01,Healthcare,North America,SMB,Pro,13
CUST_04480,2025-09-09,2025-09-01,Healthcare,North America,SMB,Basic,25
CUST_04481,2025-02-10,2025-02-01,E-commerce,North America,Mid-market,Basic,347
CUST_04482,2024-11-13,2024-11-01,E-commerce,Latin America,Enterprise,Enterprise,1862
CUST_04483,2025-12-04,2025-12-01,Finance,North America,Enterprise,Pro,1731
CUST_04484,2025-12-24,2025-12-01,Technology,Europe,SMB,Pro,32
CUST_04485,2025-06-13,2025-06-01,Finance,North America,SMB,Pro,2
CUST_04486,2024-07-10,2024-07-01,E-commerce,North America,Mid-market,Basic,345
CUST_04487,2025-12-23,2025-12-01,Healthcare,North America,SMB,Basic,48
CUST_04488,2025-11-27,2025-11-01,Retail,North America,SMB,Pro,24
CUST_04489,2025-02-27,2025-02-01,Finance,Europe,SMB,Basic,1
CUST_04490,2025-11-13,2025-11-01,Finance,Latin America,Mid-market,Enterprise,392
CUST_04491,2024-12-11,2024-12-01,Retail,North America,Enterprise,Enterprise,4180
CUST_04492,2025-02-19,2025-02-01,E-commerce,Asia-Pacific,Mid-market,Pro,492
CUST_04493,2025-07-13,2025-07-01,Education,North America,SMB,Basic,16
CUST_04494,2024-12-08,2024-12-01,E-commerce,North America,Mid-market,Pro,448
CUST_04495,2024-08-28,2024-08-01,E-commerce,Europe,SMB,Basic,22
CUST_04496,2025-04-21,2025-04-01,Finance,North America,SMB,Basic,32
CUST_04497,2025-06-13,2025-06-01,Finance,North America,SMB,Basic,46
CUST_04498,2025-08-01,2025-08-01,E-commerce,North America,SMB,Pro,13
CUST_04499,2024-05-04,2024-05-01,Finance,Asia-Pacific,SMB,Basic,13
CUST_04500,2025-11-15,2025-11-01,Retail,Europe,Enterprise,Enterprise,2410
CUST_04501,2024-11-14,2024-11-01,Education,Latin America,Enterprise,Pro,3506
CUST_04502,2025-06-30,2025-06-01,Education,Latin America,Enterprise,Pro,4786
CUST_04503,2025-10-18,2025-10-01,Healthcare,Latin America,Enterprise,Basic,4324
CUST_04504,2024-02-25,2024-02-01,Healthcare,Europe,Mid-market,Pro,224
CUST_04505,2025-09-26,2025-09-01,E-commerce,Latin America,SMB,Basic,24
CUST_04506,2025-07-29,2025-07-01,Finance,Europe,Enterprise,Enterprise,1070
CUST_04507,2024-05-28,2024-05-01,E-commerce,North America,Enterprise,Enterprise,4155
CUST_04508,2025-06-11,2025-06-01,E-commerce,Asia-Pacific,SMB,Pro,17
CUST_04509,2025-01-03,2025-01-01,Healthcare,Europe,SMB,Basic,8
CUST_04510,2024-11-15,2024-11-01,Healthcare,Asia-Pacific,Mid-market,Basic,65
CUST_04511,2025-02-12,2025-02-01,Finance,Latin America,Enterprise,Enterprise,1627
CUST_04512,2024-11-12,2024-11-01,Finance,North America,SMB,Basic,27
CUST_04513,2024-12-24,2024-12-01,Healthcare,Asia-Pacific,Enterprise,Enterprise,712
CUST_04514,2024-06-05,2024-06-01,Education,North America,SMB,Pro,25
CUST_04515,2024-08-12,2024-08-01,Retail,Europe,Enterprise,Enterprise,1660
CUST_04516,2025-04-19,2025-04-01,Finance,North America,SMB,Basic,21
CUST_04517,2024-11-24,2024-11-01,Education,Asia-Pacific,SMB,Basic,9
CUST_04518,2024-06-27,2024-06-01,Technology,Asia-Pacific,SMB,Basic,15
CUST_04519,2025-02-27,2025-02-01,E-commerce,North America,SMB,Basic,20
CUST_04520,2024-05-29,2024-05-01,Finance,North America,SMB,Basic,10
CUST_04521,2024-10-03,2024-10-01,Healthcare,Europe,SMB,Basic,6
CUST_04522,2024-02-22,2024-02-01,Technology,Asia-Pacific,SMB,Basic,28
CUST_04523,2025-06-18,2025-06-01,Healthcare,North America,Mid-market,Pro,98
CUST_04524,2024-07-08,2024-07-01,Education,North America,Mid-market,Pro,238
CUST_04525,2025-11-12,2025-11-01,Education,Europe,SMB,Basic,16
CUST_04526,2024-09-30,2024-09-01,Healthcare,Latin America,Mid-market,Pro,255
CUST_04527,2024-01-30,2024-01-01,Finance,Asia-Pacific,SMB,Basic,8
CUST_04528,2024-06-10,2024-06-01,Finance,Asia-Pacific,SMB,Pro,32
CUST_04529,2024-04-29,2024-04-01,Finance,North America,SMB,Basic,39
CUST_04530,2025-01-04,2025-01-01,Education,Asia-Pacific,Enterprise,Enterprise,3200
CUST_04531,2024-03-16,2024-03-01,Technology,North America,SMB,Basic,42
CUST_04532,2024-05-13,2024-05-01,E-commerce,North America,Mid-market,Enterprise,355
CUST_04533,2024-04-28,2024-04-01,Retail,North America,Mid-market,Basic,445
CUST_04534,2024-11-15,2024-11-01,Technology,North America,SMB,Basic,10
CUST_04535,2025-10-13,2025-10-01,Finance,Latin America,SMB,Pro,18
CUST_04536,2024-06-03,2024-06-01,Finance,Asia-Pacific,Enterprise,Pro,1899
CUST_04537,2025-04-16,2025-04-01,Education,North America,SMB,Basic,34
CUST_04538,2025-07-06,2025-07-01,E-commerce,North America,SMB,Pro,18
CUST_04539,2025-07-18,2025-07-01,Retail,North America,Enterprise,Pro,4339
CUST_04540,2025-11-14,2025-11-01,Finance,North America,SMB,Basic,11
CUST_04541,2025-04-21,2025-04-01,Healthcare,Asia-Pacific,Mid-market,Basic,217
CUST_04542,2024-09-20,2024-09-01,Finance,North America,Enterprise,Pro,3541
CUST_04543,2025-10-22,2025-10-01,E-commerce,North America,SMB,Pro,6
CUST_04544,2024-11-04,2024-11-01,Finance,Europe,Enterprise,Enterprise,4083
CUST_04545,2024-12-08,2024-12-01,E-commerce,North America,Mid-market,Enterprise,404
CUST_04546,2025-11-20,2025-11-01,Technology,Europe,SMB,Basic,13
CUST_04547,2024-06-10,2024-06-01,Technology,Asia-Pacific,Enterprise,Basic,1864
CUST_04548,2025-01-07,2025-01-01,Healthcare,Europe,Mid-market,Basic,167
CUST_04549,2024-12-17,2024-12-01,E-commerce,North America,SMB,Enterprise,13
CUST_04550,2024-07-22,2024-07-01,Finance,Europe,Enterprise,Enterprise,3989
CUST_04551,2024-05-16,2024-05-01,Finance,North America,SMB,Basic,19
CUST_04552,2025-07-22,2025-07-01,E-commerce,Asia-Pacific,SMB,Basic,38
CUST_04553,2025-10-20,2025-10-01,Technology,North America,SMB,Basic,9
CUST_04554,2025-11-10,2025-11-01,Technology,North America,Enterprise,Enterprise,2012
CUST_04555,2025-03-18,2025-03-01,Education,Asia-Pacific,Mid-market,Basic,53
CUST_04556,2024-03-25,2024-03-01,Healthcare,North America,SMB,Pro,1
CUST_04557,2025-09-26,2025-09-01,Education,North America,Mid-market,Basic,302
CUST_04558,2025-03-28,2025-03-01,Retail,Latin America,SMB,Basic,30
CUST_04559,2025-04-10,2025-04-01,Technology,North America,SMB,Basic,10
CUST_04560,2025-11-13,2025-11-01,Education,Europe,SMB,Basic,35
CUST_04561,2025-03-18,2025-03-01,Finance,North America,SMB,Pro,45
CUST_04562,2025-02-02,2025-02-01,Healthcare,North America,SMB,Basic,10
CUST_04563,2024-10-26,2024-10-01,Retail,Asia-Pacific,SMB,Basic,6
CUST_04564,2025-09-21,2025-09-01,E-commerce,Asia-Pacific,Mid-market,Enterprise,80
CUST_04565,2025-05-23,2025-05-01,Education,North America,Mid-market,Enterprise,368
CUST_04566,2024-02-07,2024-02-01,E-commerce,North America,SMB,Basic,2
CUST_04567,2025-09-08,2025-09-01,Retail,Latin America,Mid-market,Basic,293
CUST_04568,2024-06-12,2024-06-01,Technology,Europe,SMB,Basic,2
CUST_04569,2025-07-14,2025-07-01,Education,North America,Mid-market,Basic,329
CUST_04570,2025-04-11,2025-04-01,Education,Asia-Pacific,SMB,Basic,41
CUST_04571,2025-10-30,2025-10-01,Finance,Asia-Pacific,SMB,Basic,8
CUST_04572,2025-05-06,2025-05-01,Technology,Europe,Mid-market,Pro,425
CUST_04573,2025-02-15,2025-02-01,Retail,North America,SMB,Basic,8
CUST_04574,2025-03-07,2025-03-01,Education,Europe,Mid-market,Basic,437
CUST_04575,2024-02-24,2024-02-01,E-commerce,Asia-Pacific,Mid-market,Basic,253
CUST_04576,2024-07-29,2024-07-01,Education,Asia-Pacific,SMB,Basic,20
CUST_04577,2024-07-07,2024-07-01,Technology,North America,Enterprise,Pro,2401
CUST_04578,2024-03-24,2024-03-01,Finance,North America,SMB,Basic,15
CUST_04579,2024-11-07,2024-11-01,Education,Europe,Enterprise,Enterprise,745
CUST_04580,2025-01-18,2025-01-01,Healthcare,Europe,SMB,Pro,5
CUST_04581,2025-03-11,2025-03-01,Education,Asia-Pacific,SMB,Pro,2
CUST_04582,2025-11-24,2025-11-01,Technology,Latin America,Enterprise,Enterprise,3003
CUST_04583,2024-04-01,2024-04-01,Healthcare,North America,SMB,Basic,5
CUST_04584,2024-07-09,2024-07-01,Finance,Asia-Pacific,SMB,Basic,28
CUST_04585,2025-06-07,2025-06-01,E-commerce,Latin America,SMB,Basic,32
CUST_04586,2024-02-16,2024-02-01,Retail,Europe,Mid-market,Basic,123
CUST_04587,2024-02-22,2024-02-01,Technology,North America,SMB,Pro,33
CUST_04588,2024-02-18,2024-02-01,Retail,North America,SMB,Basic,36
CUST_04589,2024-07-29,2024-07-01,Healthcare,North America,Mid-market,Pro,359
CUST_04590,2024-02-20,2024-02-01,Technology,Asia-Pacific,Mid-market,Basic,95
CUST_04591,2024-08-30,2024-08-01,Education,Europe,SMB,Pro,8
CUST_04592,2025-06-09,2025-06-01,E-commerce,North America,SMB,Basic,45
CUST_04593,2024-05-10,2024-05-01,Education,North America,SMB,Pro,21
CUST_04594,2025-12-20,2025-12-01,Technology,North America,Enterprise,Enterprise,1761
CUST_04595,2024-01-18,2024-01-01,Retail,North America,SMB,Basic,44
CUST_04596,2024-11-19,2024-11-01,Education,Asia-Pacific,Mid-market,Pro,458
CUST_04597,2024-10-15,2024-10-01,Education,Latin America,SMB,Enterprise,9
CUST_04598,2025-06-09,2025-06-01,Finance,Latin America,SMB,Enterprise,38
CUST_04599,2025-06-16,2025-06-01,Finance,North America,SMB,Basic,5
CUST_04600,2025-03-12,2025-03-01,E-commerce,Europe,SMB,Basic,10
CUST_04601,2025-07-25,2025-07-01,Healthcare,North America,SMB,Basic,24
CUST_04602,2024-11-16,2024-11-01,Healthcare,Europe,Mid-market,Pro,291
CUST_04603,2024-06-08,2024-06-01,Retail,Europe,SMB,Pro,4
CUST_04604,2025-10-16,2025-10-01,Retail,North America,Mid-market,Pro,322
CUST_04605,2025-01-10,2025-01-01,Healthcare,Europe,Enterprise,Pro,2897
CUST_04606,2024-06-22,2024-06-01,Technology,Latin America,Mid-market,Pro,464
CUST_04607,2024-03-21,2024-03-01,Education,Europe,SMB,Basic,47
CUST_04608,2025-08-12,2025-08-01,E-commerce,Europe,SMB,Basic,34
CUST_04609,2025-03-19,2025-03-01,Finance,Europe,Mid-market,Pro,324
CUST_04610,2025-07-09,2025-07-01,Retail,North America,SMB,Basic,35
CUST_04611,2024-06-12,2024-06-01,Finance,Latin America,Mid-market,Basic,124
CUST_04612,2024-09-13,2024-09-01,Education,Latin America,Mid-market,Pro,162
CUST_04613,2025-09-06,2025-09-01,Education,North America,SMB,Basic,38
CUST_04614,2024-05-08,2024-05-01,Healthcare,North America,Mid-market,Pro,58
CUST_04615,2025-02-23,2025-02-01,Technology,Latin America,Mid-market,Pro,484
CUST_04616,2025-12-03,2025-12-01,Technology,Europe,SMB,Basic,29
CUST_04617,2025-03-10,2025-03-01,Retail,Asia-Pacific,SMB,Pro,23
CUST_04618,2025-02-20,2025-02-01,Finance,Europe,SMB,Basic,6
CUST_04619,2025-11-12,2025-11-01,Retail,North America,SMB,Basic,48
CUST_04620,2025-09-05,2025-09-01,E-commerce,North America,SMB,Basic,12
CUST_04621,2024-11-08,2024-11-01,Healthcare,Latin America,SMB,Pro,36
CUST_04622,2024-05-12,2024-05-01,Healthcare,North America,SMB,Basic,34
CUST_04623,2025-03-05,2025-03-01,Technology,Europe,SMB,Enterprise,19
CUST_04624,2025-08-31,2025-08-01,Technology,Asia-Pacific,SMB,Pro,26
CUST_04625,2024-11-10,2024-11-01,Finance,Latin America,Mid-market,Basic,139
CUST_04626,2025-02-07,2025-02-01,Retail,Latin America,Enterprise,Basic,2627
CUST_04627,2024-01-17,2024-01-01,Technology,Asia-Pacific,SMB,Pro,10
CUST_04628,2024-04-12,2024-04-01,Healthcare,Asia-Pacific,SMB,Basic,26
CUST_04629,2025-09-07,2025-09-01,Retail,Europe,Enterprise,Pro,948
CUST_04630,2024-06-22,2024-06-01,Healthcare,Asia-Pacific,SMB,Pro,43
CUST_04631,2024-09-25,2024-09-01,Retail,Asia-Pacific,Mid-market,Basic,425
CUST_04632,2025-05-20,2025-05-01,Healthcare,Latin America,SMB,Pro,13
CUST_04633,2025-05-03,2025-05-01,Technology,Asia-Pacific,SMB,Basic,28
CUST_04634,2024-11-10,2024-11-01,Healthcare,Asia-Pacific,SMB,Basic,40
CUST_04635,2025-09-02,2025-09-01,E-commerce,Latin America,SMB,Pro,39
CUST_04636,2025-05-21,2025-05-01,Education,Europe,SMB,Basic,40
CUST_04637,2024-08-28,2024-08-01,Retail,Latin America,SMB,Pro,29
CUST_04638,2025-10-10,2025-10-01,Technology,Asia-Pacific,SMB,Basic,23
CUST_04639,2025-12-20,2025-12-01,Retail,Latin America,SMB,Basic,35
CUST_04640,2025-07-24,2025-07-01,Technology,Asia-Pacific,Enterprise,Enterprise,2193
CUST_04641,2024-02-09,2024-02-01,E-commerce,Asia-Pacific,SMB,Basic,36
CUST_04642,2024-10-06,2024-10-01,Retail,North America,SMB,Basic,12
CUST_04643,2024-09-03,2024-09-01,Education,Europe,SMB,Basic,20
CUST_04644,2025-02-10,2025-02-01,Technology,North America,SMB,Pro,22
CUST_04645,2024-07-11,2024-07-01,Technology,Europe,SMB,Pro,48
CUST_04646,2025-02-04,2025-02-01,Healthcare,Latin America,SMB,Basic,15
CUST_04647,2024-12-02,2024-12-01,Education,North America,Mid-market,Pro,354
CUST_04648,2025-11-13,2025-11-01,Technology,Latin America,SMB,Basic,42
CUST_04649,2024-08-16,2024-08-01,Education,Asia-Pacific,SMB,Pro,22
CUST_04650,2024-07-06,2024-07-01,Technology,Asia-Pacific,Mid-market,Pro,403
CUST_04651,2025-05-11,2025-05-01,Retail,Latin America,SMB,Basic,31
CUST_04652,2025-03-28,2025-03-01,Finance,Europe,Enterprise,Enterprise,1193
CUST_04653,2024-01-18,2024-01-01,Technology,Latin America,Mid-market,Pro,400
CUST_04654,2024-12-16,2024-12-01,Technology,Europe,SMB,Basic,20
CUST_04655,2024-09-02,2024-09-01,Finance,Latin America,SMB,Basic,41
CUST_04656,2025-11-08,2025-11-01,Education,Europe,Enterprise,Pro,4127
CUST_04657,2024-04-20,2024-04-01,Technology,Latin America,SMB,Pro,8
CUST_04658,2025-02-02,2025-02-01,Finance,Europe,Enterprise,Enterprise,2453
CUST_04659,2025-08-07,2025-08-01,Technology,North America,SMB,Basic,24
CUST_04660,2025-05-06,2025-05-01,Retail,North America,Mid-market,Pro,79
CUST_04661,2025-12-14,2025-12-01,Healthcare,Asia-Pacific,Enterprise,Enterprise,4585
CUST_04662,2025-11-23,2025-11-01,Education,Europe,SMB,Basic,32
CUST_04663,2025-09-23,2025-09-01,Healthcare,Latin America,SMB,Basic,3
CUST_04664,2025-04-26,2025-04-01,Retail,Europe,SMB,Basic,15
CUST_04665,2025-09-17,2025-09-01,Education,Europe,Enterprise,Basic,3584
CUST_04666,2024-12-31,2024-12-01,Retail,Europe,SMB,Pro,38
CUST_04667,2024-12-22,2024-12-01,Healthcare,North America,SMB,Basic,14
CUST_04668,2024-06-14,2024-06-01,E-commerce,North America,SMB,Basic,36
CUST_04669,2024-11-09,2024-11-01,E-commerce,Latin America,Enterprise,Enterprise,3059
CUST_04670,2025-02-12,2025-02-01,Healthcare,North America,SMB,Enterprise,32
CUST_04671,2025-08-21,2025-08-01,E-commerce,Europe,SMB,Basic,46
CUST_04672,2025-09-04,2025-09-01,E-commerce,Asia-Pacific,SMB,Basic,49
CUST_04673,2025-10-27,2025-10-01,Education,North America,Mid-market,Pro,468
CUST_04674,2024-05-16,2024-05-01,Education,North America,Enterprise,Enterprise,4602
CUST_04675,2024-05-07,2024-05-01,E-commerce,North America,SMB,Basic,19
CUST_04676,2025-01-08,2025-01-01,Education,North America,Mid-market,Enterprise,190
CUST_04677,2025-07-18,2025-07-01,Finance,Asia-Pacific,SMB,Basic,4
CUST_04678,2024-07-03,2024-07-01,Finance,North America,SMB,Basic,16
CUST_04679,2025-09-26,2025-09-01,Healthcare,Europe,SMB,Basic,41
CUST_04680,2025-06-20,2025-06-01,Retail,North America,SMB,Pro,23
CUST_04681,2024-08-26,2024-08-01,E-commerce,Latin America,Mid-market,Enterprise,270
CUST_04682,2025-02-03,2025-02-01,Finance,North America,Mid-market,Pro,275
CUST_04683,2024-08-12,2024-08-01,Education,Europe,Mid-market,Basic,486
CUST_04684,2025-08-14,2025-08-01,E-commerce,Latin America,SMB,Pro,32
CUST_04685,2024-01-13,2024-01-01,Finance,Asia-Pacific,SMB,Basic,41
CUST_04686,2025-01-29,2025-01-01,Technology,Asia-Pacific,SMB,Basic,15
CUST_04687,2024-05-27,2024-05-01,Finance,Asia-Pacific,SMB,Basic,19
CUST_04688,2025-09-09,2025-09-01,E-commerce,North America,Mid-market,Enterprise,107
CUST_04689,2024-08-24,2024-08-01,Finance,Latin America,Enterprise,Pro,3564
CUST_04690,2025-11-27,2025-11-01,Finance,Europe,Enterprise,Basic,1922
CUST_04691,2025-05-31,2025-05-01,Education,Latin America,SMB,Basic,3
CUST_04692,2024-02-11,2024-02-01,Education,Europe,SMB,Basic,44
CUST_04693,2025-05-13,2025-05-01,Retail,North America,SMB,Pro,21
CUST_04694,2024-07-10,2024-07-01,Healthcare,Latin America,SMB,Basic,46
CUST_04695,2024-02-15,2024-02-01,Finance,Asia-Pacific,SMB,Basic,4
CUST_04696,2025-03-08,2025-03-01,Technology,Europe,Mid-market,Pro,404
CUST_04697,2024-01-31,2024-01-01,Finance,North America,Mid-market,Pro,54
CUST_04698,2024-10-12,2024-10-01,Education,Asia-Pacific,Enterprise,Enterprise,626
CUST_04699,2024-05-14,2024-05-01,Finance,Europe,SMB,Basic,22
CUST_04700,2025-01-20,2025-01-01,Education,Latin America,SMB,Basic,26
CUST_04701,2024-12-23,2024-12-01,Technology,Latin America,SMB,Basic,18
CUST_04702,2024-12-23,2024-12-01,Healthcare,Asia-Pacific,Enterprise,Pro,4625
CUST_04703,2024-01-31,2024-01-01,E-commerce,Asia-Pacific,Mid-market,Pro,171
CUST_04704,2024-09-07,2024-09-01,Finance,North America,SMB,Basic,2
CUST_04705,2025-01-28,2025-01-01,Retail,Asia-Pacific,Mid-market,Basic,446
CUST_04706,2024-07-09,2024-07-01,Healthcare,North America,SMB,Basic,39
CUST_04707,2025-08-01,2025-08-01,Finance,Asia-Pacific,SMB,Basic,29
CUST_04708,2024-09-17,2024-09-01,Retail,Latin America,Mid-market,Enterprise,249
CUST_04709,2025-05-22,2025-05-01,Retail,Asia-Pacific,SMB,Basic,21
CUST_04710,2025-03-17,2025-03-01,Education,Asia-Pacific,SMB,Basic,46
CUST_04711,2025-12-03,2025-12-01,Education,North America,SMB,Pro,13
CUST_04712,2024-09-14,2024-09-01,Finance,North America,SMB,Pro,39
CUST_04713,2025-11-07,2025-11-01,E-commerce,Asia-Pacific,Mid-market,Pro,277
CUST_04714,2024-03-08,2024-03-01,Technology,Europe,SMB,Basic,13
CUST_04715,2025-11-14,2025-11-01,Healthcare,Asia-Pacific,SMB,Basic,35
CUST_04716,2024-02-17,2024-02-01,E-commerce,Latin America,SMB,Pro,3
CUST_04717,2025-11-05,2025-11-01,Healthcare,North America,SMB,Basic,44
CUST_04718,2025-07-18,2025-07-01,E-commerce,North America,SMB,Basic,47
CUST_04719,2025-11-20,2025-11-01,Technology,Europe,SMB,Basic,41
CUST_04720,2025-04-03,2025-04-01,Retail,Europe,Mid-market,Enterprise,124
CUST_04721,2025-04-22,2025-04-01,Retail,Europe,Mid-market,Basic,74
CUST_04722,2024-07-18,2024-07-01,Education,Asia-Pacific,SMB,Basic,31
CUST_04723,2024-03-31,2024-03-01,E-commerce,North America,SMB,Basic,33
CUST_04724,2024-11-28,2024-11-01,Healthcare,Latin America,SMB,Basic,12
CUST_04725,2024-07-07,2024-07-01,Education,North America,Enterprise,Pro,2934
CUST_04726,2024-07-27,2024-07-01,Healthcare,North America,Mid-market,Basic,172
CUST_04727,2025-11-19,2025-11-01,Finance,Latin America,Mid-market,Pro,126
CUST_04728,2024-12-08,2024-12-01,Education,North America,Mid-market,Basic,400
CUST_04729,2024-07-06,2024-07-01,E-commerce,Asia-Pacific,SMB,Basic,49
CUST_04730,2024-10-22,2024-10-01,Healthcare,North America,SMB,Basic,26
CUST_04731,2024-02-25,2024-02-01,Retail,Europe,SMB,Basic,1
CUST_04732,2024-08-01,2024-08-01,Retail,North America,Mid-market,Pro,89
CUST_04733,2025-04-23,2025-04-01,Technology,Asia-Pacific,SMB,Basic,33
CUST_04734,2025-04-10,2025-04-01,E-commerce,North America,Mid-market,Basic,482
CUST_04735,2025-08-14,2025-08-01,Finance,Asia-Pacific,Mid-market,Basic,270
CUST_04736,2025-01-25,2025-01-01,Retail,North America,SMB,Basic,39
CUST_04737,2024-02-04,2024-02-01,Healthcare,Asia-Pacific,Mid-market,Enterprise,400
CUST_04738,2024-11-06,2024-11-01,Retail,Asia-Pacific,Mid-market,Enterprise,80
CUST_04739,2024-08-19,2024-08-01,Education,Europe,SMB,Basic,42
CUST_04740,2024-12-30,2024-12-01,E-commerce,Europe,Mid-market,Pro,278
CUST_04741,2025-06-17,2025-06-01,Finance,Europe,Enterprise,Enterprise,1031
CUST_04742,2025-02-03,2025-02-01,Technology,Europe,SMB,Pro,49
CUST_04743,2024-03-14,2024-03-01,E-commerce,Europe,Enterprise,Enterprise,2891
CUST_04744,2024-07-13,2024-07-01,Education,North America,SMB,Pro,46
CUST_04745,2025-11-16,2025-11-01,Education,Europe,SMB,Basic,11
CUST_04746,2024-12-17,2024-12-01,Finance,Latin America,SMB,Basic,22
CUST_04747,2025-05-08,2025-05-01,Retail,Europe,SMB,Basic,9
CUST_04748,2025-01-12,2025-01-01,Technology,Asia-Pacific,SMB,Basic,44
CUST_04749,2025-10-03,2025-10-01,Technology,Europe,Enterprise,Enterprise,1851
CUST_04750,2024-01-21,2024-01-01,Healthcare,Europe,SMB,Basic,30
CUST_04751,2024-05-11,2024-05-01,Healthcare,North America,SMB,Basic,12
CUST_04752,2024-02-02,2024-02-01,Retail,North America,SMB,Basic,18
CUST_04753,2024-05-23,2024-05-01,Education,Europe,Mid-market,Pro,205
CUST_04754,2025-06-03,2025-06-01,Finance,North America,SMB,Enterprise,4
CUST_04755,2025-10-27,2025-10-01,Retail,North America,SMB,Basic,4
CUST_04756,2024-11-24,2024-11-01,Finance,Latin America,SMB,Pro,35
CUST_04757,2024-04-23,2024-04-01,Healthcare,Europe,SMB,Basic,14
CUST_04758,2025-03-25,2025-03-01,Finance,Asia-Pacific,SMB,Basic,35
CUST_04759,2025-05-15,2025-05-01,Retail,Europe,SMB,Basic,33
CUST_04760,2024-01-19,2024-01-01,Retail,North America,Mid-market,Basic,87
CUST_04761,2024-05-14,2024-05-01,Technology,Europe,Enterprise,Enterprise,1287
CUST_04762,2024-07-27,2024-07-01,Technology,North America,SMB,Basic,37
CUST_04763,2024-11-03,2024-11-01,Technology,North America,Mid-market,Pro,74
CUST_04764,2024-08-19,2024-08-01,Finance,Europe,Mid-market,Basic,485
CUST_04765,2024-12-08,2024-12-01,Education,North America,SMB,Enterprise,38
CUST_04766,2025-12-07,2025-12-01,Finance,North America,SMB,Basic,16
CUST_04767,2025-01-22,2025-01-01,Healthcare,Asia-Pacific,Mid-market,Basic,330
CUST_04768,2024-10-19,2024-10-01,Education,Europe,Enterprise,Pro,3638
CUST_04769,2024-06-24,2024-06-01,E-commerce,Europe,Mid-market,Pro,364
CUST_04770,2025-03-13,2025-03-01,Technology,North America,SMB,Basic,30
CUST_04771,2024-02-21,2024-02-01,Healthcare,North America,SMB,Basic,4
CUST_04772,2025-05-31,2025-05-01,Finance,North America,Enterprise,Enterprise,3384
CUST_04773,2025-07-23,2025-07-01,Healthcare,North America,SMB,Basic,45
CUST_04774,2025-01-17,2025-01-01,E-commerce,Europe,SMB,Pro,47
CUST_04775,2025-03-26,2025-03-01,Healthcare,Europe,SMB,Basic,47
CUST_04776,2025-03-09,2025-03-01,Finance,Latin America,Mid-market,Pro,223
CUST_04777,2025-10-17,2025-10-01,Healthcare,North America,Enterprise,Basic,3404
CUST_04778,2024-11-09,2024-11-01,Education,North America,Enterprise,Pro,4621
CUST_04779,2024-09-04,2024-09-01,Technology,North America,SMB,Basic,36
CUST_04780,2024-01-10,2024-01-01,Finance,Asia-Pacific,SMB,Pro,13
CUST_04781,2024-02-14,2024-02-01,Retail,Asia-Pacific,SMB,Basic,8
CUST_04782,2025-12-07,2025-12-01,Retail,Asia-Pacific,Mid-market,Pro,266
CUST_04783,2025-09-17,2025-09-01,Healthcare,Latin America,Enterprise,Pro,1765
CUST_04784,2025-05-01,2025-05-01,Retail,North America,SMB,Basic,24
CUST_04785,2025-01-26,2025-01-01,Retail,Latin America,SMB,Enterprise,4
CUST_04786,2024-05-11,2024-05-01,E-commerce,Asia-Pacific,Mid-market,Enterprise,337
CUST_04787,2024-12-03,2024-12-01,Retail,Europe,Enterprise,Enterprise,4057
CUST_04788,2025-03-18,2025-03-01,Healthcare,Latin America,Enterprise,Enterprise,4963
CUST_04789,2025-08-02,2025-08-01,E-commerce,Europe,Mid-market,Enterprise,496
CUST_04790,2025-07-21,2025-07-01,Retail,North America,SMB,Basic,21
CUST_04791,2025-09-15,2025-09-01,Technology,North America,SMB,Basic,22
CUST_04792,2025-01-23,2025-01-01,E-commerce,Latin America,SMB,Pro,27
CUST_04793,2025-08-25,2025-08-01,E-commerce,North America,SMB,Pro,15
CUST_04794,2024-10-08,2024-10-01,E-commerce,North America,SMB,Basic,48
CUST_04795,2025-03-09,2025-03-01,Technology,North America,Mid-market,Basic,317
CUST_04796,2024-05-05,2024-05-01,Healthcare,North America,SMB,Basic,32
CUST_04797,2025-03-18,2025-03-01,Technology,North America,SMB,Basic,49
CUST_04798,2024-10-13,2024-10-01,Technology,Europe,SMB,Enterprise,34
CUST_04799,2024-11-27,2024-11-01,Finance,North America,SMB,Basic,44
CUST_04800,2024-12-12,2024-12-01,Education,Europe,SMB,Basic,33
CUST_04801,2024-04-04,2024-04-01,E-commerce,Asia-Pacific,Enterprise,Enterprise,3156
CUST_04802,2024-02-08,2024-02-01,E-commerce,North America,SMB,Pro,39
CUST_04803,2024-07-27,2024-07-01,Healthcare,Asia-Pacific,SMB,Basic,32
CUST_04804,2025-08-17,2025-08-01,Education,Europe,Mid-market,Pro,140
CUST_04805,2025-10-15,2025-10-01,Technology,North America,SMB,Basic,45
CUST_04806,2024-05-04,2024-05-01,Technology,Europe,SMB,Basic,47
CUST_04807,2025-10-15,2025-10-01,E-commerce,North America,SMB,Pro,16
CUST_04808,2024-03-19,2024-03-01,E-commerce,Europe,SMB,Basic,29
CUST_04809,2024-11-28,2024-11-01,Healthcare,North America,SMB,Basic,49
CUST_04810,2024-06-09,2024-06-01,Education,Asia-Pacific,SMB,Pro,27
CUST_04811,2025-08-24,2025-08-01,Technology,Europe,Mid-market,Basic,443
CUST_04812,2025-09-18,2025-09-01,Education,Asia-Pacific,SMB,Basic,9
CUST_04813,2025-11-12,2025-11-01,Technology,Latin America,SMB,Basic,23
CUST_04814,2025-03-05,2025-03-01,Education,North America,SMB,Basic,4
CUST_04815,2025-05-09,2025-05-01,Education,North America,SMB,Pro,5
CUST_04816,2025-10-28,2025-10-01,E-commerce,Europe,Mid-market,Basic,53
CUST_04817,2025-11-07,2025-11-01,Finance,Europe,SMB,Pro,46
CUST_04818,2024-02-17,2024-02-01,Healthcare,Asia-Pacific,Enterprise,Enterprise,974
CUST_04819,2024-02-11,2024-02-01,Healthcare,Asia-Pacific,Enterprise,Enterprise,4017
CUST_04820,2024-08-08,2024-08-01,E-commerce,Asia-Pacific,Mid-market,Pro,378
CUST_04821,2024-02-25,2024-02-01,Healthcare,North America,SMB,Basic,19
CUST_04822,2025-12-29,2025-12-01,Retail,North America,SMB,Pro,9
CUST_04823,2024-05-16,2024-05-01,Education,Asia-Pacific,Enterprise,Enterprise,2583
CUST_04824,2024-08-02,2024-08-01,Retail,Asia-Pacific,Mid-market,Basic,363
CUST_04825,2024-01-30,2024-01-01,Healthcare,Asia-Pacific,Mid-market,Pro,322
CUST_04826,2025-03-12,2025-03-01,Technology,Asia-Pacific,SMB,Pro,38
CUST_04827,2025-05-23,2025-05-01,Retail,Europe,SMB,Basic,38
CUST_04828,2025-09-26,2025-09-01,Healthcare,North America,Enterprise,Enterprise,3707
CUST_04829,2025-08-09,2025-08-01,Healthcare,Europe,SMB,Pro,25
CUST_04830,2025-08-31,2025-08-01,Healthcare,North America,Mid-market,Basic,336
CUST_04831,2025-01-09,2025-01-01,Retail,Europe,SMB,Basic,19
CUST_04832,2024-11-06,2024-11-01,Retail,Asia-Pacific,SMB,Basic,2
CUST_04833,2025-12-27,2025-12-01,Education,Latin America,SMB,Basic,17
CUST_04834,2025-08-30,2025-08-01,Retail,North America,SMB,Basic,3
CUST_04835,2024-12-15,2024-12-01,Healthcare,Latin America,SMB,Basic,36
CUST_04836,2025-11-03,2025-11-01,Healthcare,Europe,SMB,Basic,1
CUST_04837,2025-06-09,2025-06-01,Technology,Europe,Enterprise,Basic,3932
CUST_04838,2024-06-16,2024-06-01,Education,Asia-Pacific,SMB,Pro,41
CUST_04839,2024-04-24,2024-04-01,Education,Europe,Mid-market,Pro,225
CUST_04840,2024-09-28,2024-09-01,E-commerce,Europe,Enterprise,Basic,3485
CUST_04841,2025-08-08,2025-08-01,Technology,Asia-Pacific,SMB,Pro,15
CUST_04842,2025-03-12,2025-03-01,Education,Asia-Pacific,Mid-market,Pro,223
CUST_04843,2025-10-24,2025-10-01,E-commerce,Asia-Pacific,Enterprise,Enterprise,2888
CUST_04844,2024-02-01,2024-02-01,Technology,Asia-Pacific,SMB,Basic,15
CUST_04845,2025-09-18,2025-09-01,Finance,Latin America,Enterprise,Enterprise,619
CUST_04846,2024-01-26,2024-01-01,E-commerce,Europe,SMB,Basic,37
CUST_04847,2025-08-12,2025-08-01,Retail,North America,SMB,Basic,22
CUST_04848,2025-12-13,2025-12-01,Education,Asia-Pacific,Enterprise,Enterprise,2209
CUST_04849,2024-03-27,2024-03-01,Education,Asia-Pacific,Mid-market,Enterprise,259
CUST_04850,2025-06-08,2025-06-01,Education,North America,Mid-market,Enterprise,125
CUST_04851,2024-01-22,2024-01-01,Education,Latin America,SMB,Basic,3
CUST_04852,2024-07-09,2024-07-01,Education,Europe,Enterprise,Enterprise,3921
CUST_04853,2025-08-23,2025-08-01,E-commerce,Asia-Pacific,Enterprise,Pro,1582
CUST_04854,2024-05-31,2024-05-01,Education,Europe,Mid-market,Basic,328
CUST_04855,2025-07-11,2025-07-01,Education,Europe,Mid-market,Pro,482
CUST_04856,2024-01-03,2024-01-01,Finance,Europe,SMB,Basic,29
CUST_04857,2024-10-15,2024-10-01,Finance,Latin America,SMB,Pro,7
CUST_04858,2024-12-10,2024-12-01,Healthcare,Asia-Pacific,SMB,Basic,24
CUST_04859,2024-11-30,2024-11-01,Healthcare,Asia-Pacific,SMB,Basic,6
CUST_04860,2025-09-25,2025-09-01,Healthcare,Asia-Pacific,SMB,Pro,37
CUST_04861,2024-12-29,2024-12-01,E-commerce,Europe,SMB,Basic,10
CUST_04862,2024-07-24,2024-07-01,Technology,North America,SMB,Basic,18
CUST_04863,2024-04-03,2024-04-01,Technology,North America,Enterprise,Pro,3792
CUST_04864,2024-08-06,2024-08-01,Technology,North America,SMB,Basic,12
CUST_04865,2024-01-23,2024-01-01,Education,North America,SMB,Enterprise,39
CUST_04866,2024-05-30,2024-05-01,Finance,Asia-Pacific,Mid-market,Enterprise,97
CUST_04867,2024-12-13,2024-12-01,Retail,Europe,Mid-market,Pro,276
CUST_04868,2025-05-15,2025-05-01,Retail,Europe,SMB,Basic,29
CUST_04869,2024-09-07,2024-09-01,E-commerce,North America,SMB,Basic,4
CUST_04870,2024-10-23,2024-10-01,Technology,Asia-Pacific,SMB,Basic,18
CUST_04871,2025-04-22,2025-04-01,Technology,Europe,Enterprise,Enterprise,2298
CUST_04872,2025-08-16,2025-08-01,E-commerce,Europe,Mid-market,Basic,68
CUST_04873,2024-01-03,2024-01-01,Finance,Latin America,SMB,Basic,19
CUST_04874,2024-12-22,2024-12-01,Healthcare,North America,SMB,Basic,35
CUST_04875,2025-09-16,2025-09-01,Technology,Europe,SMB,Basic,43
CUST_04876,2024-09-29,2024-09-01,Technology,Latin America,SMB,Basic,14
CUST_04877,2024-06-21,2024-06-01,Healthcare,Europe,Mid-market,Enterprise,353
CUST_04878,2024-06-02,2024-06-01,E-commerce,Europe,SMB,Basic,26
CUST_04879,2025-02-21,2025-02-01,Finance,Asia-Pacific,SMB,Enterprise,30
CUST_04880,2024-04-27,2024-04-01,Technology,Europe,SMB,Basic,13
CUST_04881,2024-04-27,2024-04-01,Education,Asia-Pacific,SMB,Basic,26
CUST_04882,2024-05-07,2024-05-01,E-commerce,Europe,Mid-market,Pro,226
CUST_04883,2025-06-21,2025-06-01,Technology,Asia-Pacific,Mid-market,Pro,344
CUST_04884,2024-05-01,2024-05-01,Healthcare,Latin America,SMB,Basic,47
CUST_04885,2024-02-07,2024-02-01,Technology,Latin America,Enterprise,Enterprise,648
CUST_04886,2024-01-16,2024-01-01,E-commerce,North America,Mid-market,Basic,337
CUST_04887,2024-12-16,2024-12-01,Healthcare,Europe,Mid-market,Pro,350
CUST_04888,2025-03-01,2025-03-01,E-commerce,Latin America,Enterprise,Enterprise,905
CUST_04889,2025-09-07,2025-09-01,Retail,Asia-Pacific,Mid-market,Pro,489
CUST_04890,2025-05-18,2025-05-01,E-commerce,Europe,Mid-market,Pro,198
CUST_04891,2025-06-11,2025-06-01,E-commerce,North America,SMB,Basic,2
CUST_04892,2025-09-14,2025-09-01,E-commerce,Latin America,SMB,Basic,37
CUST_04893,2024-10-17,2024-10-01,E-commerce,Asia-Pacific,Mid-market,Pro,309
CUST_04894,2024-04-16,2024-04-01,Retail,North America,Enterprise,Pro,3711
CUST_04895,2025-04-10,2025-04-01,Technology,North America,SMB,Pro,38
CUST_04896,2024-06-04,2024-06-01,Education,Europe,SMB,Enterprise,10
CUST_04897,2024-05-19,2024-05-01,Technology,Europe,SMB,Pro,49
CUST_04898,2024-06-13,2024-06-01,Education,Europe,SMB,Basic,29
CUST_04899,2025-08-08,2025-08-01,Education,North America,SMB,Basic,5
CUST_04900,2024-06-09,2024-06-01,Healthcare,North America,SMB,Pro,41
CUST_04901,2025-04-20,2025-04-01,Healthcare,Asia-Pacific,Mid-market,Enterprise,290
CUST_04902,2025-04-15,2025-04-01,Finance,Asia-Pacific,SMB,Basic,5
CUST_04903,2025-03-31,2025-03-01,Healthcare,North America,SMB,Pro,24
CUST_04904,2025-07-27,2025-07-01,Finance,Asia-Pacific,Mid-market,Pro,144
CUST_04905,2024-03-18,2024-03-01,E-commerce,Europe,Mid-market,Basic,178
CUST_04906,2024-11-14,2024-11-01,Healthcare,North America,SMB,Basic,42
CUST_04907,2024-12-15,2024-12-01,Finance,Latin America,SMB,Basic,48
CUST_04908,2024-05-04,2024-05-01,Technology,Latin America,Mid-market,Enterprise,59
CUST_04909,2024-03-29,2024-03-01,Healthcare,North America,Enterprise,Enterprise,2145
CUST_04910,2025-05-11,2025-05-01,Education,North America,Mid-market,Basic,100
CUST_04911,2024-09-27,2024-09-01,Retail,Latin America,SMB,Pro,45
CUST_04912,2025-03-29,2025-03-01,Retail,Asia-Pacific,SMB,Basic,17
CUST_04913,2024-08-27,2024-08-01,Education,Europe,SMB,Pro,8
CUST_04914,2024-07-15,2024-07-01,Finance,Asia-Pacific,Enterprise,Enterprise,4689
CUST_04915,2024-09-13,2024-09-01,Technology,North America,SMB,Basic,8
CUST_04916,2025-02-17,2025-02-01,Technology,North America,Mid-market,Pro,250
CUST_04917,2025-01-11,2025-01-01,Finance,North America,SMB,Basic,4
CUST_04918,2024-08-27,2024-08-01,E-commerce,Asia-Pacific,SMB,Pro,4
CUST_04919,2025-10-01,2025-10-01,Retail,Asia-Pacific,Enterprise,Enterprise,1474
CUST_04920,2024-01-24,2024-01-01,Retail,North America,SMB,Basic,34
CUST_04921,2024-02-08,2024-02-01,E-commerce,North America,Mid-market,Basic,491
CUST_04922,2024-02-28,2024-02-01,E-commerce,Asia-Pacific,SMB,Pro,30
CUST_04923,2025-06-06,2025-06-01,E-commerce,Europe,SMB,Basic,33
CUST_04924,2024-05-22,2024-05-01,Healthcare,North America,SMB,Basic,33
CUST_04925,2025-08-08,2025-08-01,Education,North America,SMB,Pro,17
CUST_04926,2025-01-18,2025-01-01,Education,Asia-Pacific,SMB,Basic,29
CUST_04927,2025-05-18,2025-05-01,Healthcare,Europe,SMB,Basic,42
CUST_04928,2025-11-27,2025-11-01,Technology,North America,SMB,Basic,42
CUST_04929,2024-03-06,2024-03-01,Retail,Asia-Pacific,SMB,Pro,24
CUST_04930,2024-01-06,2024-01-01,Technology,Latin America,Enterprise,Basic,3658
CUST_04931,2025-08-03,2025-08-01,E-commerce,Asia-Pacific,Mid-market,Pro,344
CUST_04932,2024-09-16,2024-09-01,Technology,Latin America,SMB,Basic,13
CUST_04933,2025-11-10,2025-11-01,Retail,Europe,SMB,Basic,48
CUST_04934,2025-01-17,2025-01-01,E-commerce,Europe,Mid-market,Basic,255
CUST_04935,2024-01-30,2024-01-01,Technology,North America,Enterprise,Pro,4994
CUST_04936,2024-04-04,2024-04-01,Healthcare,Latin America,SMB,Enterprise,7
CUST_04937,2024-05-03,2024-05-01,Finance,Latin America,SMB,Basic,48
CUST_04938,2024-04-04,2024-04-01,Healthcare,Europe,SMB,Basic,26
CUST_04939,2024-02-22,2024-02-01,Retail,Europe,Mid-market,Pro,482
CUST_04940,2024-06-07,2024-06-01,Finance,Europe,Enterprise,Enterprise,3886
CUST_04941,2024-10-05,2024-10-01,Retail,North America,SMB,Basic,1
CUST_04942,2025-04-04,2025-04-01,E-commerce,North America,Mid-market,Basic,136
CUST_04943,2024-05-29,2024-05-01,Education,Europe,SMB,Pro,17
CUST_04944,2024-09-18,2024-09-01,E-commerce,Asia-Pacific,SMB,Basic,48
CUST_04945,2025-03-12,2025-03-01,Technology,Europe,Mid-market,Basic,481
CUST_04946,2025-04-09,2025-04-01,Education,Asia-Pacific,Enterprise,Pro,4792
CUST_04947,2024-04-29,2024-04-01,Technology,North America,Mid-market,Enterprise,450
CUST_04948,2024-12-04,2024-12-01,Retail,Europe,Enterprise,Enterprise,1727
CUST_04949,2025-12-05,2025-12-01,Retail,North America,SMB,Basic,1
CUST_04950,2025-11-02,2025-11-01,Healthcare,Latin America,SMB,Basic,13
CUST_04951,2024-06-30,2024-06-01,Technology,Asia-Pacific,SMB,Pro,45
CUST_04952,2025-04-29,2025-04-01,Technology,Europe,Mid-market,Enterprise,238
CUST_04953,2024-09-08,2024-09-01,E-commerce,North America,Enterprise,Pro,4238
CUST_04954,2025-12-07,2025-12-01,Healthcare,Europe,Mid-market,Enterprise,144
CUST_04955,2024-05-05,2024-05-01,E-commerce,Europe,SMB,Basic,38
CUST_04956,2025-03-15,2025-03-01,Education,North America,SMB,Basic,35
CUST_04957,2025-08-07,2025-08-01,Finance,Latin America,SMB,Basic,19
CUST_04958,2024-09-14,2024-09-01,Finance,Asia-Pacific,Mid-market,Pro,141
CUST_04959,2024-10-06,2024-10-01,Finance,North America,Mid-market,Pro,398
CUST_04960,2025-03-10,2025-03-01,Technology,North America,SMB,Basic,45
CUST_04961,2024-02-07,2024-02-01,Healthcare,North America,Enterprise,Pro,4682
CUST_04962,2025-08-17,2025-08-01,Technology,North America,Mid-market,Enterprise,485
CUST_04963,2025-04-29,2025-04-01,E-commerce,Latin America,Enterprise,Basic,3342
CUST_04964,2025-09-20,2025-09-01,Finance,Latin America,SMB,Basic,20
CUST_04965,2025-05-08,2025-05-01,Retail,North America,Mid-market,Pro,143
CUST_04966,2025-04-17,2025-04-01,Education,Europe,SMB,Basic,28
CUST_04967,2025-01-05,2025-01-01,E-commerce,Europe,Mid-market,Enterprise,126
CUST_04968,2025-12-23,2025-12-01,Technology,Europe,SMB,Basic,48
CUST_04969,2024-03-29,2024-03-01,Retail,North America,SMB,Pro,27
CUST_04970,2025-09-14,2025-09-01,Finance,Europe,SMB,Basic,29
CUST_04971,2025-09-28,2025-09-01,E-commerce,Latin America,SMB,Pro,44
CUST_04972,2024-06-29,2024-06-01,Education,North America,SMB,Basic,14
CUST_04973,2025-10-15,2025-10-01,E-commerce,North America,Mid-market,Basic,90
CUST_04974,2024-07-06,2024-07-01,Technology,Asia-Pacific,SMB,Pro,36
CUST_04975,2025-02-27,2025-02-01,Education,North America,SMB,Basic,43
CUST_04976,2025-07-31,2025-07-01,Retail,Europe,SMB,Basic,30
CUST_04977,2024-05-03,2024-05-01,Education,Asia-Pacific,SMB,Pro,3
CUST_04978,2025-12-13,2025-12-01,Technology,North America,Mid-market,Pro,130
CUST_04979,2025-02-28,2025-02-01,Healthcare,Asia-Pacific,Enterprise,Enterprise,1092
CUST_04980,2025-05-12,2025-05-01,Retail,Asia-Pacific,Enterprise,Basic,526
CUST_04981,2025-11-24,2025-11-01,Technology,Latin America,SMB,Basic,31
CUST_04982,2024-08-14,2024-08-01,Technology,North America,SMB,Pro,32
CUST_04983,2025-11-22,2025-11-01,Education,Latin America,SMB,Basic,22
CUST_04984,2024-12-12,2024-12-01,Healthcare,Latin America,SMB,Basic,33
CUST_04985,2025-08-29,2025-08-01,Technology,Europe,SMB,Pro,16
CUST_04986,2024-05-19,2024-05-01,Healthcare,Europe,SMB,Basic,17
CUST_04987,2025-01-23,2025-01-01,Retail,North America,SMB,Basic,23
CUST_04988,2024-02-07,2024-02-01,Finance,Asia-Pacific,SMB,Basic,46
CUST_04989,2024-04-15,2024-04-01,E-commerce,North America,SMB,Basic,46
CUST_04990,2025-12-22,2025-12-01,Technology,Europe,Mid-market,Pro,87
CUST_04991,2024-06-03,2024-06-01,E-commerce,North America,Mid-market,Pro,128
CUST_04992,2025-06-08,2025-06-01,Retail,Europe,SMB,Basic,23
CUST_04993,2025-08-22,2025-08-01,Finance,Asia-Pacific,SMB,Basic,36
CUST_04994,2024-04-24,2024-04-01,Education,North America,Mid-market,Basic,399
CUST_04995,2025-08-12,2025-08-01,E-commerce,Latin America,Enterprise,Pro,2653
CUST_04996,2025-07-09,2025-07-01,Education,North America,Mid-market,Basic,451
CUST_04997,2024-05-25,2024-05-01,Retail,Latin America,SMB,Basic,46
CUST_04998,2024-10-26,2024-10-01,Education,North America,SMB,Basic,39
CUST_04999,2024-12-31,2024-12-01,Retail,Europe,SMB,Pro,24
CUST_05000,2025-02-02,2025-02-01,Healthcare,Europe,SMB,Basic,4
