customer_id,engagement_month,engagement_count,response_rate,avg_response_rate
CUST_00001,2024-12-01,1,1.0,0.55
CUST_00001,2025-01-01,1,0.0,0.55
CUST_00001,2025-02-01,1,1.0,0.55
CUST_00001,2025-03-01,1,1.0,0.61
CUST_00001,2025-05-01,1,0.0,0.55
CUST_00001,2025-09-01,2,0.0,0.5800000000000001
CUST_00001,2025-10-01,1,1.0,0.66
CUST_00003,2025-10-01,1,0.0,0.42
CUST_00004,2024-07-01,2,1.0,0.79
CUST_00004,2024-08-01,1,1.0,0.9
CUST_00004,2024-09-01,1,0.0,0.75
CUST_00004,2024-10-01,1,0.0,0.9
CUST_00004,2025-02-01,1,1.0,0.75
CUST_00004,2025-03-01,3,0.6666666666666666,0.75
CUST_00004,2025-05-01,1,1.0,0.75
CUST_00004,2025-08-01,1,1.0,0.75
CUST_00004,2025-09-01,1,0.0,0.75
CUST_00004,2025-10-01,1,1.0,0.75
CUST_00004,2025-11-01,3,1.0,0.75
CUST_00004,2025-12-01,1,0.0,0.75
CUST_00005,2025-11-01,1,1.0,0.39
CUST_00006,2024-07-01,2,0.5,0.35
CUST_00006,2025-02-01,1,1.0,0.35
CUST_00006,2025-04-01,1,0.0,0.35
CUST_00006,2025-10-01,1,1.0,0.39
CUST_00007,2025-06-01,1,1.0,0.55
CUST_00007,2025-09-01,2,0.0,0.55
CUST_00007,2025-10-01,1,1.0,0.61
CUST_00007,2025-12-01,1,0.0,0.55
CUST_00008,2024-07-01,2,1.0,0.66
CUST_00008,2024-08-01,2,1.0,0.55
CUST_00008,2024-11-01,1,0.0,0.55
CUST_00008,2025-02-01,1,0.0,0.55
CUST_00008,2025-03-01,1,0.0,0.55
CUST_00008,2025-04-01,1,1.0,0.61
CUST_00008,2025-06-01,1,0.0,0.55
CUST_00008,2025-10-01,1,0.0,0.55
CUST_00009,2025-07-01,1,1.0,0.61
CUST_00009,2025-08-01,2,0.5,0.5800000000000001
CUST_00009,2025-12-01,1,0.0,0.55
CUST_00010,2025-08-01,1,0.0,0.55
CUST_00010,2025-10-01,1,1.0,0.55
CUST_00011,2025-08-01,1,0.0,0.75
CUST_00011,2025-09-01,1,1.0,0.83
CUST_00012,2025-03-01,1,0.0,0.61
CUST_00012,2025-10-01,1,1.0,0.55
CUST_00012,2025-11-01,1,1.0,0.55
CUST_00012,2025-12-01,1,1.0,0.61
CUST_00013,2025-02-01,1,1.0,0.66
CUST_00013,2025-08-01,1,1.0,0.66
CUST_00014,2024-09-01,2,0.0,0.385
CUST_00014,2025-06-01,1,1.0,0.35
CUST_00014,2025-07-01,1,0.0,0.42
CUST_00014,2025-09-01,1,0.0,0.35
CUST_00015,2025-08-01,1,0.0,0.55
CUST_00015,2025-12-01,1,0.0,0.61
CUST_00016,2025-11-01,2,0.5,0.55
CUST_00016,2025-12-01,1,1.0,0.66
CUST_00017,2024-08-01,1,0.0,0.75
CUST_00017,2024-09-01,1,0.0,0.75
CUST_00017,2024-11-01,1,0.0,0.83
CUST_00017,2025-01-01,1,1.0,0.9
CUST_00017,2025-02-01,1,1.0,0.75
CUST_00017,2025-05-01,3,1.0,0.7766666666666667
CUST_00017,2025-10-01,1,0.0,0.75
CUST_00018,2025-08-01,1,0.0,0.42
CUST_00019,2025-09-01,1,1.0,0.75
CUST_00019,2025-10-01,1,1.0,0.75
CUST_00020,2025-02-01,1,1.0,0.55
CUST_00020,2025-03-01,1,1.0,0.55
CUST_00020,2025-09-01,1,0.0,0.55
CUST_00020,2025-10-01,1,1.0,0.55
CUST_00021,2024-11-01,1,0.0,0.39
CUST_00021,2024-12-01,1,0.0,0.42
CUST_00021,2025-03-01,2,0.5,0.35
CUST_00021,2025-09-01,1,1.0,0.35
CUST_00023,2025-12-01,1,1.0,0.55
CUST_00024,2025-11-01,1,0.0,0.35
CUST_00025,2025-11-01,1,0.0,0.39
CUST_00025,2025-12-01,1,0.0,0.35
CUST_00026,2024-12-01,1,1.0,0.35
CUST_00026,2025-05-01,1,0.0,0.42
CUST_00027,2024-10-01,1,0.0,0.39
CUST_00027,2024-12-01,1,0.0,0.35
CUST_00027,2025-02-01,1,0.0,0.35
CUST_00027,2025-07-01,1,0.0,0.39
CUST_00027,2025-11-01,1,1.0,0.35
CUST_00028,2025-01-01,1,0.0,0.39
CUST_00028,2025-05-01,1,0.0,0.35
CUST_00028,2025-10-01,1,1.0,0.39
CUST_00029,2025-03-01,1,1.0,0.55
CUST_00029,2025-10-01,1,1.0,0.55
CUST_00029,2025-12-01,1,0.0,0.55
CUST_00030,2025-10-01,1,0.0,0.39
CUST_00030,2025-11-01,1,1.0,0.35
CUST_00030,2025-12-01,2,0.5,0.385
CUST_00031,2024-12-01,1,0.0,0.35
CUST_00031,2025-01-01,1,1.0,0.35
CUST_00031,2025-04-01,1,0.0,0.35
CUST_00032,2024-10-01,1,0.0,0.35
CUST_00032,2025-04-01,1,0.0,0.39
CUST_00033,2024-06-01,1,0.0,0.55
CUST_00033,2024-07-01,1,1.0,0.55
CUST_00033,2024-10-01,1,1.0,0.55
CUST_00033,2024-11-01,1,1.0,0.55
CUST_00033,2025-06-01,1,1.0,0.55
CUST_00036,2025-02-01,1,0.0,0.55
CUST_00036,2025-08-01,1,0.0,0.55
CUST_00036,2025-09-01,1,1.0,0.55
CUST_00036,2025-10-01,3,0.3333333333333333,0.57
CUST_00036,2025-12-01,1,1.0,0.55
CUST_00037,2025-10-01,1,1.0,0.75
CUST_00038,2025-10-01,1,0.0,0.35
CUST_00038,2025-11-01,1,0.0,0.35
CUST_00038,2025-12-01,1,1.0,0.39
CUST_00039,2024-10-01,1,1.0,0.55
CUST_00039,2024-11-01,1,1.0,0.55
CUST_00039,2025-06-01,1,1.0,0.61
CUST_00039,2025-07-01,1,0.0,0.61
CUST_00040,2024-05-01,1,0.0,0.75
CUST_00040,2024-09-01,1,1.0,0.83
CUST_00040,2024-11-01,1,1.0,0.75
CUST_00040,2024-12-01,1,1.0,0.75
CUST_00040,2025-03-01,2,0.5,0.75
CUST_00040,2025-05-01,1,1.0,0.75
CUST_00040,2025-07-01,2,1.0,0.75
CUST_00040,2025-08-01,1,1.0,0.75
CUST_00040,2025-10-01,2,0.5,0.75
CUST_00041,2025-02-01,1,1.0,0.75
CUST_00041,2025-07-01,1,1.0,0.83
CUST_00042,2025-01-01,1,1.0,0.42
CUST_00042,2025-12-01,1,0.0,0.42
CUST_00044,2025-06-01,1,0.0,0.55
CUST_00045,2025-06-01,1,0.0,0.42
CUST_00045,2025-09-01,1,1.0,0.39
CUST_00045,2025-11-01,1,0.0,0.35
CUST_00046,2024-12-01,1,0.0,0.35
CUST_00046,2025-05-01,1,0.0,0.35
CUST_00046,2025-07-01,3,0.0,0.3499999999999999
CUST_00046,2025-08-01,1,1.0,0.35
CUST_00046,2025-12-01,1,1.0,0.35
CUST_00047,2025-10-01,1,0.0,0.42
CUST_00047,2025-11-01,1,0.0,0.35
CUST_00048,2025-11-01,1,0.0,0.35
CUST_00048,2025-12-01,1,0.0,0.35
CUST_00049,2025-11-01,1,0.0,0.35
CUST_00049,2025-12-01,1,0.0,0.35
CUST_00050,2025-09-01,1,0.0,0.35
CUST_00051,2024-06-01,1,0.0,0.39
CUST_00051,2024-08-01,1,0.0,0.39
CUST_00051,2024-09-01,1,0.0,0.39
CUST_00051,2025-06-01,2,0.5,0.35
CUST_00051,2025-07-01,2,1.0,0.37
CUST_00053,2025-06-01,1,1.0,0.9
CUST_00053,2025-08-01,1,1.0,0.75
CUST_00053,2025-10-01,1,1.0,0.75
CUST_00053,2025-11-01,1,1.0,0.75
CUST_00053,2025-12-01,3,0.6666666666666666,0.75
CUST_00054,2025-03-01,1,1.0,0.39
CUST_00054,2025-10-01,1,0.0,0.35
CUST_00055,2025-08-01,1,1.0,0.75
CUST_00055,2025-09-01,2,1.0,0.825
CUST_00056,2025-06-01,1,0.0,0.35
CUST_00056,2025-07-01,2,0.0,0.35
CUST_00057,2024-06-01,1,0.0,0.35
CUST_00057,2024-07-01,1,0.0,0.35
CUST_00057,2025-01-01,2,0.5,0.35
CUST_00057,2025-05-01,1,0.0,0.35
CUST_00057,2025-08-01,1,0.0,0.35
CUST_00057,2025-10-01,1,1.0,0.35
CUST_00057,2025-11-01,1,0.0,0.35
CUST_00058,2025-01-01,2,0.5,0.79
CUST_00058,2025-02-01,1,0.0,0.9
CUST_00058,2025-04-01,2,0.5,0.75
CUST_00058,2025-05-01,1,1.0,0.75
CUST_00058,2025-07-01,1,1.0,0.75
CUST_00058,2025-10-01,1,1.0,0.75
CUST_00059,2025-10-01,2,0.0,0.35
CUST_00059,2025-12-01,1,1.0,0.35
CUST_00060,2024-08-01,3,1.0,0.55
CUST_00060,2024-12-01,1,0.0,0.55
CUST_00060,2025-03-01,1,1.0,0.55
CUST_00060,2025-04-01,1,1.0,0.55
CUST_00060,2025-08-01,1,0.0,0.55
CUST_00061,2025-12-01,1,1.0,0.83
CUST_00063,2024-05-01,1,1.0,0.61
CUST_00063,2024-07-01,1,1.0,0.55
CUST_00063,2024-09-01,1,0.0,0.55
CUST_00063,2025-01-01,1,1.0,0.55
CUST_00063,2025-03-01,1,1.0,0.61
CUST_00063,2025-05-01,1,0.0,0.61
CUST_00063,2025-07-01,1,0.0,0.55
CUST_00064,2025-02-01,1,0.0,0.35
CUST_00064,2025-11-01,1,0.0,0.42
CUST_00065,2024-07-01,1,0.0,0.61
CUST_00065,2024-10-01,1,1.0,0.66
CUST_00065,2024-11-01,1,1.0,0.55
CUST_00065,2025-02-01,2,0.5,0.5800000000000001
CUST_00065,2025-03-01,1,0.0,0.55
CUST_00065,2025-04-01,3,1.0,0.57
CUST_00065,2025-11-01,1,0.0,0.55
CUST_00066,2024-12-01,1,0.0,0.35
CUST_00066,2025-04-01,1,0.0,0.35
CUST_00066,2025-11-01,1,0.0,0.35
CUST_00067,2025-02-01,2,0.0,0.35
CUST_00068,2024-12-01,1,1.0,0.55
CUST_00068,2025-01-01,1,0.0,0.55
CUST_00068,2025-06-01,1,0.0,0.55
CUST_00069,2025-01-01,1,1.0,0.35
CUST_00069,2025-08-01,2,0.0,0.37
CUST_00070,2025-12-01,1,0.0,0.42
CUST_00071,2024-12-01,1,0.0,0.55
CUST_00071,2025-06-01,1,1.0,0.55
CUST_00071,2025-07-01,1,1.0,0.61
CUST_00072,2025-12-01,1,1.0,0.42
CUST_00073,2024-10-01,1,0.0,0.39
CUST_00073,2024-11-01,1,0.0,0.35
CUST_00073,2025-09-01,1,0.0,0.39
CUST_00073,2025-10-01,1,1.0,0.35
CUST_00076,2024-07-01,1,1.0,0.39
CUST_00076,2025-04-01,1,1.0,0.39
CUST_00076,2025-06-01,1,0.0,0.35
CUST_00076,2025-09-01,1,0.0,0.35
CUST_00076,2025-12-01,1,0.0,0.35
CUST_00078,2025-04-01,1,0.0,0.35
CUST_00079,2024-06-01,1,1.0,0.39
CUST_00079,2025-03-01,1,0.0,0.35
CUST_00079,2025-12-01,1,0.0,0.35
CUST_00080,2024-10-01,1,0.0,0.55
CUST_00080,2024-12-01,2,1.0,0.635
CUST_00080,2025-08-01,1,1.0,0.55
CUST_00080,2025-09-01,1,0.0,0.61
CUST_00080,2025-12-01,2,0.5,0.5800000000000001
CUST_00082,2024-05-01,1,1.0,0.35
CUST_00082,2024-06-01,1,1.0,0.39
CUST_00082,2024-07-01,1,0.0,0.39
CUST_00082,2024-10-01,1,0.0,0.42
CUST_00082,2024-11-01,1,1.0,0.35
CUST_00082,2025-03-01,1,1.0,0.42
CUST_00082,2025-04-01,1,0.0,0.42
CUST_00082,2025-11-01,1,1.0,0.35
CUST_00083,2024-11-01,1,0.0,0.35
CUST_00083,2025-01-01,1,0.0,0.35
CUST_00083,2025-06-01,1,1.0,0.35
CUST_00083,2025-07-01,1,0.0,0.39
CUST_00084,2025-06-01,1,1.0,0.75
CUST_00084,2025-08-01,1,1.0,0.9
CUST_00084,2025-11-01,1,1.0,0.83
CUST_00085,2025-02-01,1,1.0,0.35
CUST_00085,2025-07-01,1,0.0,0.35
CUST_00086,2025-08-01,1,0.0,0.55
CUST_00087,2024-09-01,1,1.0,0.55
CUST_00087,2024-11-01,1,1.0,0.55
CUST_00087,2025-01-01,1,1.0,0.66
CUST_00087,2025-08-01,2,1.0,0.5800000000000001
CUST_00087,2025-10-01,1,1.0,0.55
CUST_00089,2025-08-01,1,1.0,0.75
CUST_00089,2025-11-01,1,1.0,0.83
CUST_00090,2025-09-01,1,0.0,0.42
CUST_00090,2025-10-01,1,1.0,0.35
CUST_00090,2025-12-01,1,0.0,0.39
CUST_00093,2025-09-01,1,0.0,0.35
CUST_00094,2024-06-01,2,0.5,0.865
CUST_00094,2024-12-01,1,1.0,0.75
CUST_00094,2025-03-01,2,0.0,0.75
CUST_00094,2025-09-01,1,1.0,0.75
CUST_00094,2025-10-01,1,1.0,0.75
CUST_00095,2025-02-01,1,1.0,0.75
CUST_00095,2025-04-01,1,1.0,0.75
CUST_00095,2025-07-01,2,0.5,0.83
CUST_00095,2025-10-01,1,1.0,0.9
CUST_00096,2025-12-01,1,0.0,0.35
CUST_00097,2025-11-01,1,1.0,0.66
CUST_00098,2025-03-01,1,1.0,0.55
CUST_00098,2025-04-01,1,0.0,0.55
CUST_00098,2025-11-01,1,1.0,0.61
CUST_00098,2025-12-01,1,0.0,0.55
CUST_00099,2025-12-01,1,1.0,0.35
CUST_00101,2025-10-01,1,0.0,0.42
CUST_00102,2025-06-01,1,0.0,0.35
CUST_00102,2025-08-01,1,1.0,0.39
CUST_00103,2025-01-01,1,0.0,0.55
CUST_00103,2025-02-01,1,0.0,0.55
CUST_00103,2025-05-01,1,0.0,0.61
CUST_00103,2025-09-01,1,1.0,0.61
CUST_00103,2025-11-01,1,1.0,0.61
CUST_00103,2025-12-01,1,1.0,0.55
CUST_00104,2024-04-01,1,0.0,0.35
CUST_00104,2024-11-01,1,0.0,0.35
CUST_00104,2025-01-01,2,0.5,0.35
CUST_00104,2025-03-01,1,0.0,0.35
CUST_00104,2025-12-01,1,0.0,0.35
CUST_00105,2024-05-01,1,0.0,0.35
CUST_00105,2025-08-01,1,1.0,0.39
CUST_00107,2025-05-01,1,1.0,0.42
CUST_00108,2025-05-01,1,0.0,0.75
CUST_00108,2025-06-01,1,1.0,0.75
CUST_00108,2025-07-01,1,1.0,0.83
CUST_00108,2025-09-01,3,0.6666666666666666,0.7766666666666667
CUST_00108,2025-10-01,1,1.0,0.75
CUST_00109,2025-03-01,1,1.0,0.35
CUST_00109,2025-06-01,1,0.0,0.39
CUST_00109,2025-12-01,1,1.0,0.35
CUST_00110,2024-02-01,1,1.0,0.75
CUST_00110,2024-04-01,1,0.0,0.75
CUST_00110,2024-07-01,1,1.0,0.83
CUST_00110,2024-12-01,1,1.0,0.83
CUST_00110,2025-07-01,1,1.0,0.75
CUST_00110,2025-10-01,1,1.0,0.75
CUST_00110,2025-11-01,1,1.0,0.75
CUST_00111,2025-03-01,1,1.0,0.35
CUST_00111,2025-08-01,1,0.0,0.35
CUST_00112,2025-12-01,1,1.0,0.55
CUST_00113,2025-01-01,1,0.0,0.35
CUST_00114,2025-04-01,1,0.0,0.35
CUST_00114,2025-08-01,1,0.0,0.35
CUST_00114,2025-10-01,1,0.0,0.39
CUST_00114,2025-11-01,1,0.0,0.39
CUST_00115,2024-05-01,1,1.0,0.9
CUST_00115,2024-06-01,1,1.0,0.83
CUST_00115,2024-07-01,1,1.0,0.75
CUST_00115,2024-10-01,1,1.0,0.75
CUST_00115,2024-11-01,2,0.5,0.83
CUST_00115,2025-01-01,4,0.5,0.75
CUST_00115,2025-03-01,1,1.0,0.83
CUST_00115,2025-05-01,2,1.0,0.79
CUST_00117,2024-07-01,1,1.0,0.35
CUST_00117,2024-08-01,1,0.0,0.35
CUST_00117,2024-12-01,1,1.0,0.39
CUST_00117,2025-02-01,1,0.0,0.39
CUST_00118,2025-01-01,1,0.0,0.55
CUST_00118,2025-07-01,1,0.0,0.61
CUST_00118,2025-08-01,1,1.0,0.55
CUST_00118,2025-11-01,1,0.0,0.61
CUST_00119,2025-05-01,1,0.0,0.35
CUST_00120,2025-06-01,1,1.0,0.39
CUST_00120,2025-09-01,1,0.0,0.39
CUST_00121,2025-09-01,1,0.0,0.42
CUST_00122,2025-05-01,1,0.0,0.55
CUST_00122,2025-07-01,1,0.0,0.55
CUST_00123,2024-12-01,1,0.0,0.35
CUST_00123,2025-01-01,1,1.0,0.35
CUST_00123,2025-05-01,1,0.0,0.35
CUST_00124,2025-06-01,1,1.0,0.42
CUST_00124,2025-08-01,1,0.0,0.35
CUST_00124,2025-11-01,1,0.0,0.35
CUST_00125,2025-02-01,1,0.0,0.61
CUST_00125,2025-03-01,2,1.0,0.5800000000000001
CUST_00125,2025-07-01,1,0.0,0.55
CUST_00125,2025-09-01,1,1.0,0.55
CUST_00126,2024-02-01,1,0.0,0.75
CUST_00126,2024-03-01,2,0.5,0.75
CUST_00126,2024-05-01,1,1.0,0.75
CUST_00126,2025-02-01,1,1.0,0.75
CUST_00126,2025-04-01,1,1.0,0.83
CUST_00126,2025-05-01,1,1.0,0.75
CUST_00126,2025-09-01,1,1.0,0.75
CUST_00126,2025-10-01,1,1.0,0.83
CUST_00126,2025-11-01,2,1.0,0.75
CUST_00126,2025-12-01,1,1.0,0.75
CUST_00127,2024-03-01,1,0.0,0.35
CUST_00127,2024-04-01,1,0.0,0.35
CUST_00127,2024-05-01,1,1.0,0.35
CUST_00127,2024-06-01,1,0.0,0.35
CUST_00127,2025-04-01,1,0.0,0.35
CUST_00128,2024-10-01,1,1.0,0.39
CUST_00128,2025-01-01,1,0.0,0.35
CUST_00129,2024-08-01,1,0.0,0.61
CUST_00129,2024-11-01,1,1.0,0.55
CUST_00129,2025-02-01,1,0.0,0.61
CUST_00129,2025-05-01,1,0.0,0.61
CUST_00129,2025-09-01,1,1.0,0.55
CUST_00130,2024-05-01,1,1.0,0.55
CUST_00130,2024-09-01,2,0.0,0.5800000000000001
CUST_00130,2024-11-01,1,1.0,0.61
CUST_00130,2025-02-01,1,1.0,0.55
CUST_00130,2025-07-01,1,0.0,0.55
CUST_00130,2025-08-01,1,1.0,0.55
CUST_00130,2025-10-01,1,1.0,0.66
CUST_00131,2025-03-01,1,1.0,0.39
CUST_00131,2025-05-01,1,0.0,0.39
CUST_00131,2025-06-01,1,1.0,0.35
CUST_00131,2025-12-01,2,0.5,0.35
CUST_00132,2025-08-01,1,0.0,0.35
CUST_00133,2025-06-01,1,1.0,0.83
CUST_00133,2025-10-01,1,1.0,0.75
CUST_00134,2024-07-01,1,1.0,0.42
CUST_00134,2025-02-01,1,0.0,0.39
CUST_00134,2025-07-01,1,0.0,0.35
CUST_00134,2025-10-01,1,1.0,0.39
CUST_00135,2024-07-01,2,0.0,0.37
CUST_00135,2024-08-01,2,0.0,0.35
CUST_00135,2025-01-01,1,1.0,0.39
CUST_00135,2025-10-01,1,0.0,0.35
CUST_00136,2025-09-01,1,0.0,0.35
CUST_00137,2025-02-01,1,0.0,0.42
CUST_00137,2025-08-01,1,1.0,0.35
CUST_00137,2025-10-01,1,0.0,0.42
CUST_00139,2024-06-01,1,0.0,0.75
CUST_00139,2024-07-01,1,1.0,0.75
CUST_00139,2024-11-01,2,0.5,0.825
CUST_00139,2024-12-01,2,1.0,0.79
CUST_00139,2025-01-01,2,1.0,0.865
CUST_00139,2025-04-01,1,1.0,0.75
CUST_00139,2025-05-01,1,1.0,0.9
CUST_00139,2025-06-01,1,1.0,0.75
CUST_00139,2025-07-01,1,1.0,0.83
CUST_00139,2025-10-01,1,1.0,0.9
CUST_00140,2024-08-01,3,0.6666666666666666,0.3733333333333333
CUST_00140,2024-12-01,1,0.0,0.35
CUST_00140,2025-01-01,1,0.0,0.35
CUST_00140,2025-05-01,1,1.0,0.35
CUST_00140,2025-08-01,2,0.0,0.35
CUST_00140,2025-09-01,1,1.0,0.35
CUST_00140,2025-10-01,1,0.0,0.35
CUST_00141,2025-12-01,1,0.0,0.35
CUST_00143,2024-12-01,1,1.0,0.9
CUST_00143,2025-01-01,1,1.0,0.83
CUST_00143,2025-02-01,1,1.0,0.75
CUST_00143,2025-04-01,1,1.0,0.9
CUST_00143,2025-06-01,1,1.0,0.83
CUST_00143,2025-07-01,1,1.0,0.75
CUST_00143,2025-11-01,1,1.0,0.75
CUST_00144,2025-07-01,1,0.0,0.55
CUST_00144,2025-09-01,1,1.0,0.55
CUST_00144,2025-10-01,1,1.0,0.66
CUST_00145,2024-11-01,2,0.5,0.37
CUST_00145,2025-04-01,1,1.0,0.39
CUST_00145,2025-08-01,1,0.0,0.39
CUST_00145,2025-09-01,1,1.0,0.35
CUST_00146,2025-02-01,1,0.0,0.55
CUST_00146,2025-12-01,1,0.0,0.55
CUST_00147,2025-03-01,1,0.0,0.55
CUST_00147,2025-05-01,1,0.0,0.55
CUST_00147,2025-06-01,1,0.0,0.55
CUST_00147,2025-08-01,1,1.0,0.55
CUST_00148,2025-12-01,1,1.0,0.35
CUST_00149,2025-06-01,1,1.0,0.35
CUST_00149,2025-07-01,1,1.0,0.35
CUST_00149,2025-12-01,1,0.0,0.42
CUST_00151,2025-10-01,1,0.0,0.55
CUST_00151,2025-12-01,2,0.5,0.605
CUST_00152,2025-12-01,1,0.0,0.35
CUST_00154,2024-09-01,1,0.0,0.35
CUST_00154,2024-10-01,1,0.0,0.35
CUST_00154,2024-12-01,1,1.0,0.42
CUST_00154,2025-02-01,1,0.0,0.35
CUST_00154,2025-04-01,1,0.0,0.35
CUST_00154,2025-05-01,1,1.0,0.42
CUST_00154,2025-07-01,1,1.0,0.39
CUST_00155,2024-12-01,1,1.0,0.35
CUST_00155,2025-01-01,1,0.0,0.35
CUST_00155,2025-03-01,2,0.0,0.37
CUST_00155,2025-05-01,1,0.0,0.42
CUST_00155,2025-07-01,1,1.0,0.35
CUST_00155,2025-10-01,1,0.0,0.39
CUST_00156,2024-12-01,1,0.0,0.55
CUST_00156,2025-02-01,1,1.0,0.61
CUST_00156,2025-06-01,1,1.0,0.55
CUST_00157,2025-07-01,1,1.0,0.35
CUST_00158,2025-07-01,1,1.0,0.39
CUST_00160,2024-08-01,1,1.0,0.35
CUST_00160,2024-12-01,1,1.0,0.35
CUST_00160,2025-01-01,2,0.0,0.35
CUST_00160,2025-02-01,1,1.0,0.39
CUST_00160,2025-04-01,1,0.0,0.35
CUST_00160,2025-11-01,1,1.0,0.35
CUST_00161,2025-06-01,2,1.0,0.75
CUST_00161,2025-12-01,1,1.0,0.83
CUST_00162,2024-12-01,1,1.0,0.55
CUST_00162,2025-01-01,1,0.0,0.61
CUST_00162,2025-02-01,1,1.0,0.55
CUST_00162,2025-03-01,1,1.0,0.55
CUST_00164,2025-03-01,2,1.0,0.55
CUST_00164,2025-06-01,2,0.0,0.5800000000000001
CUST_00164,2025-07-01,1,0.0,0.61
CUST_00165,2025-09-01,1,1.0,0.9
CUST_00166,2025-12-01,1,0.0,0.35
CUST_00167,2024-09-01,1,0.0,0.35
CUST_00167,2024-10-01,2,0.0,0.37
CUST_00167,2025-06-01,1,0.0,0.35
CUST_00167,2025-08-01,1,0.0,0.35
CUST_00167,2025-11-01,1,0.0,0.42
CUST_00169,2025-05-01,1,0.0,0.35
CUST_00169,2025-11-01,1,1.0,0.39
CUST_00171,2025-05-01,1,1.0,0.39
CUST_00171,2025-06-01,2,0.5,0.35
CUST_00172,2025-06-01,1,0.0,0.35
CUST_00172,2025-10-01,1,0.0,0.35
CUST_00173,2025-06-01,1,1.0,0.35
CUST_00173,2025-07-01,1,1.0,0.42
CUST_00173,2025-12-01,1,0.0,0.39
CUST_00174,2025-01-01,1,0.0,0.9
CUST_00174,2025-07-01,1,1.0,0.9
CUST_00174,2025-08-01,2,1.0,0.79
CUST_00174,2025-10-01,1,1.0,0.75
CUST_00174,2025-12-01,1,0.0,0.75
CUST_00175,2024-07-01,2,0.0,0.37
CUST_00175,2024-10-01,1,0.0,0.42
CUST_00175,2025-08-01,1,0.0,0.35
CUST_00175,2025-11-01,1,0.0,0.35
CUST_00176,2025-01-01,1,0.0,0.35
CUST_00176,2025-05-01,1,1.0,0.35
CUST_00176,2025-08-01,1,0.0,0.35
CUST_00176,2025-09-01,2,0.0,0.37
CUST_00177,2024-03-01,1,0.0,0.39
CUST_00177,2024-09-01,2,0.0,0.37
CUST_00177,2025-01-01,1,0.0,0.35
CUST_00178,2025-01-01,1,0.0,0.35
CUST_00178,2025-02-01,1,0.0,0.35
CUST_00178,2025-07-01,1,0.0,0.42
CUST_00178,2025-09-01,1,0.0,0.35
CUST_00179,2025-06-01,1,1.0,0.83
CUST_00179,2025-07-01,1,0.0,0.75
CUST_00179,2025-09-01,1,1.0,0.83
CUST_00180,2024-06-01,1,1.0,0.61
CUST_00180,2024-09-01,1,0.0,0.55
CUST_00180,2024-10-01,1,1.0,0.55
CUST_00180,2025-01-01,1,0.0,0.55
CUST_00180,2025-02-01,1,1.0,0.55
CUST_00180,2025-07-01,1,1.0,0.61
CUST_00180,2025-10-01,1,1.0,0.55
CUST_00181,2025-10-01,1,1.0,0.61
CUST_00183,2024-09-01,1,1.0,0.39
CUST_00183,2024-10-01,1,1.0,0.35
CUST_00183,2024-12-01,1,0.0,0.39
CUST_00183,2025-02-01,1,0.0,0.35
CUST_00183,2025-07-01,1,0.0,0.35
CUST_00183,2025-08-01,1,1.0,0.39
CUST_00184,2025-05-01,1,0.0,0.35
CUST_00184,2025-06-01,2,1.0,0.37
CUST_00184,2025-10-01,1,1.0,0.35
CUST_00184,2025-11-01,1,0.0,0.42
CUST_00186,2024-11-01,1,0.0,0.35
CUST_00186,2025-09-01,1,0.0,0.35
CUST_00186,2025-10-01,1,1.0,0.35
CUST_00187,2025-08-01,1,1.0,0.83
CUST_00187,2025-12-01,1,1.0,0.75
CUST_00188,2024-07-01,1,1.0,0.35
CUST_00188,2024-11-01,1,0.0,0.39
CUST_00188,2025-02-01,1,0.0,0.35
CUST_00188,2025-04-01,1,0.0,0.42
CUST_00188,2025-07-01,1,1.0,0.35
CUST_00188,2025-08-01,1,0.0,0.35
CUST_00188,2025-09-01,1,1.0,0.35
CUST_00189,2025-01-01,1,0.0,0.55
CUST_00189,2025-04-01,1,1.0,0.66
CUST_00189,2025-06-01,2,1.0,0.5800000000000001
CUST_00189,2025-07-01,1,1.0,0.61
CUST_00189,2025-11-01,2,1.0,0.55
CUST_00190,2024-10-01,1,1.0,0.75
CUST_00190,2024-11-01,1,1.0,0.75
CUST_00190,2024-12-01,1,1.0,0.83
CUST_00190,2025-01-01,1,0.0,0.75
CUST_00190,2025-03-01,1,1.0,0.83
CUST_00190,2025-04-01,1,1.0,0.75
CUST_00190,2025-05-01,2,1.0,0.865
CUST_00190,2025-06-01,1,0.0,0.75
CUST_00190,2025-08-01,2,1.0,0.79
CUST_00190,2025-10-01,1,1.0,0.83
CUST_00192,2024-05-01,2,0.0,0.37
CUST_00192,2025-05-01,1,1.0,0.35
CUST_00192,2025-09-01,1,0.0,0.35
CUST_00192,2025-11-01,1,0.0,0.35
CUST_00193,2024-04-01,1,0.0,0.35
CUST_00193,2024-05-01,1,1.0,0.39
CUST_00193,2024-08-01,1,0.0,0.35
CUST_00193,2024-10-01,1,1.0,0.35
CUST_00193,2025-01-01,1,0.0,0.35
CUST_00193,2025-06-01,1,0.0,0.35
CUST_00193,2025-09-01,1,1.0,0.35
CUST_00193,2025-12-01,1,0.0,0.42
CUST_00194,2024-09-01,1,1.0,0.75
CUST_00194,2024-10-01,1,1.0,0.75
CUST_00194,2025-06-01,1,1.0,0.83
CUST_00194,2025-08-01,1,0.0,0.75
CUST_00194,2025-09-01,1,1.0,0.75
CUST_00194,2025-12-01,1,1.0,0.75
CUST_00196,2025-06-01,2,0.5,0.5800000000000001
CUST_00196,2025-07-01,2,0.5,0.55
CUST_00196,2025-08-01,2,0.5,0.55
CUST_00198,2024-07-01,2,0.5,0.385
CUST_00198,2024-11-01,1,1.0,0.35
CUST_00198,2025-09-01,1,0.0,0.35
CUST_00199,2025-09-01,1,0.0,0.35
CUST_00200,2024-12-01,2,0.0,0.55
CUST_00200,2025-01-01,1,0.0,0.55
CUST_00200,2025-04-01,1,0.0,0.55
CUST_00200,2025-06-01,1,1.0,0.55
CUST_00200,2025-09-01,1,0.0,0.55
CUST_00200,2025-10-01,1,1.0,0.55
CUST_00201,2025-04-01,1,1.0,0.66
CUST_00201,2025-11-01,2,0.5,0.55
CUST_00201,2025-12-01,1,1.0,0.66
CUST_00202,2024-10-01,1,1.0,0.42
CUST_00202,2025-01-01,1,0.0,0.35
CUST_00202,2025-02-01,1,1.0,0.39
CUST_00202,2025-06-01,1,1.0,0.35
CUST_00202,2025-07-01,1,1.0,0.42
CUST_00202,2025-09-01,1,1.0,0.35
CUST_00203,2025-11-01,1,1.0,0.39
CUST_00204,2024-04-01,1,1.0,0.75
CUST_00204,2024-06-01,1,1.0,0.9
CUST_00204,2024-10-01,1,1.0,0.9
CUST_00204,2025-01-01,1,1.0,0.75
CUST_00204,2025-07-01,1,1.0,0.75
CUST_00204,2025-08-01,2,1.0,0.865
CUST_00204,2025-10-01,1,1.0,0.75
CUST_00204,2025-11-01,1,1.0,0.9
CUST_00204,2025-12-01,2,0.5,0.825
CUST_00205,2025-11-01,1,1.0,0.35
CUST_00206,2025-02-01,1,0.0,0.61
CUST_00206,2025-03-01,1,0.0,0.55
CUST_00206,2025-12-01,1,0.0,0.55
CUST_00207,2024-06-01,1,1.0,0.35
CUST_00207,2024-07-01,1,0.0,0.42
CUST_00208,2024-06-01,1,1.0,0.42
CUST_00208,2024-10-01,1,1.0,0.35
CUST_00208,2025-07-01,1,1.0,0.35
CUST_00208,2025-10-01,1,0.0,0.35
CUST_00208,2025-12-01,1,1.0,0.35
CUST_00209,2025-11-01,2,1.0,0.55
CUST_00209,2025-12-01,2,0.5,0.55
CUST_00210,2024-07-01,1,0.0,0.35
CUST_00210,2024-08-01,1,0.0,0.35
CUST_00210,2025-01-01,1,0.0,0.35
CUST_00210,2025-02-01,1,1.0,0.35
CUST_00212,2025-05-01,2,1.0,0.385
CUST_00212,2025-12-01,1,0.0,0.35
CUST_00213,2025-01-01,1,0.0,0.35
CUST_00213,2025-07-01,1,1.0,0.35
CUST_00213,2025-11-01,1,0.0,0.35
CUST_00213,2025-12-01,1,0.0,0.42
CUST_00214,2025-03-01,1,0.0,0.35
CUST_00215,2025-12-01,2,0.5,0.825
CUST_00216,2024-05-01,1,1.0,0.75
CUST_00216,2024-07-01,1,1.0,0.75
CUST_00216,2024-11-01,1,1.0,0.75
CUST_00216,2024-12-01,1,1.0,0.83
CUST_00216,2025-03-01,1,1.0,0.75
CUST_00216,2025-11-01,1,1.0,0.75
CUST_00217,2025-05-01,3,0.6666666666666666,0.75
CUST_00217,2025-06-01,3,1.0,0.7766666666666667
CUST_00217,2025-07-01,1,0.0,0.83
CUST_00217,2025-09-01,2,0.5,0.75
CUST_00217,2025-10-01,1,1.0,0.83
CUST_00217,2025-12-01,1,1.0,0.75
CUST_00218,2024-10-01,1,0.0,0.42
CUST_00218,2025-07-01,1,0.0,0.35
CUST_00218,2025-10-01,1,1.0,0.35
CUST_00219,2025-08-01,1,1.0,0.55
CUST_00219,2025-10-01,1,1.0,0.55
CUST_00221,2025-03-01,1,0.0,0.55
CUST_00221,2025-12-01,1,1.0,0.55
CUST_00222,2024-09-01,1,1.0,0.61
CUST_00222,2024-11-01,1,0.0,0.66
CUST_00222,2025-05-01,1,0.0,0.55
CUST_00222,2025-06-01,1,0.0,0.55
CUST_00222,2025-09-01,1,1.0,0.55
CUST_00222,2025-10-01,2,1.0,0.55
CUST_00223,2024-10-01,1,1.0,0.83
CUST_00223,2024-12-01,1,1.0,0.9
CUST_00223,2025-04-01,2,1.0,0.825
CUST_00223,2025-06-01,1,0.0,0.83
CUST_00223,2025-07-01,1,1.0,0.75
CUST_00224,2024-12-01,1,1.0,0.39
CUST_00224,2025-02-01,1,0.0,0.35
CUST_00224,2025-07-01,1,0.0,0.39
CUST_00224,2025-12-01,2,0.5,0.405
CUST_00225,2024-07-01,1,1.0,0.35
CUST_00225,2024-09-01,1,0.0,0.35
CUST_00225,2024-11-01,1,0.0,0.35
CUST_00225,2024-12-01,1,0.0,0.35
CUST_00226,2025-04-01,1,1.0,0.75
CUST_00226,2025-06-01,2,0.5,0.75
CUST_00226,2025-07-01,1,1.0,0.9
CUST_00227,2025-04-01,1,0.0,0.39
CUST_00228,2024-09-01,1,0.0,0.35
CUST_00228,2024-12-01,1,1.0,0.42
CUST_00229,2025-02-01,2,1.0,0.37
CUST_00230,2025-02-01,4,0.75,0.75
CUST_00230,2025-04-01,1,0.0,0.75
CUST_00230,2025-11-01,2,1.0,0.75
CUST_00230,2025-12-01,1,1.0,0.9
CUST_00231,2024-03-01,1,0.0,0.61
CUST_00231,2024-06-01,1,1.0,0.61
CUST_00231,2024-07-01,3,0.3333333333333333,0.57
CUST_00231,2025-01-01,1,1.0,0.55
CUST_00231,2025-02-01,1,0.0,0.55
CUST_00231,2025-03-01,1,0.0,0.55
CUST_00231,2025-05-01,1,1.0,0.55
CUST_00231,2025-06-01,1,0.0,0.61
CUST_00231,2025-07-01,2,1.0,0.55
CUST_00231,2025-10-01,1,1.0,0.61
CUST_00231,2025-12-01,2,0.5,0.55
CUST_00232,2024-05-01,1,1.0,0.55
CUST_00232,2024-08-01,1,0.0,0.55
CUST_00232,2025-06-01,1,0.0,0.66
CUST_00232,2025-07-01,1,0.0,0.66
CUST_00232,2025-08-01,1,1.0,0.55
CUST_00232,2025-12-01,1,1.0,0.61
CUST_00233,2024-10-01,1,1.0,0.35
CUST_00233,2024-11-01,1,1.0,0.35
CUST_00233,2024-12-01,1,0.0,0.39
CUST_00233,2025-06-01,1,0.0,0.35
CUST_00233,2025-11-01,1,0.0,0.35
CUST_00235,2025-10-01,1,0.0,0.39
CUST_00236,2024-02-01,1,0.0,0.42
CUST_00236,2024-03-01,1,1.0,0.35
CUST_00236,2024-04-01,1,0.0,0.42
CUST_00236,2024-10-01,1,0.0,0.35
CUST_00236,2025-03-01,1,1.0,0.39
CUST_00236,2025-07-01,1,0.0,0.35
CUST_00236,2025-11-01,1,1.0,0.35
CUST_00237,2024-07-01,2,1.0,0.55
CUST_00237,2024-08-01,1,0.0,0.61
CUST_00237,2024-09-01,1,1.0,0.55
CUST_00237,2024-11-01,1,1.0,0.55
CUST_00237,2024-12-01,1,0.0,0.55
CUST_00237,2025-03-01,1,1.0,0.55
CUST_00237,2025-05-01,1,0.0,0.55
CUST_00237,2025-06-01,1,1.0,0.55
CUST_00238,2025-07-01,1,0.0,0.35
CUST_00240,2024-03-01,1,0.0,0.35
CUST_00240,2024-07-01,1,0.0,0.39
CUST_00240,2024-08-01,1,0.0,0.42
CUST_00240,2024-11-01,1,0.0,0.35
CUST_00240,2025-04-01,1,0.0,0.42
CUST_00240,2025-06-01,1,0.0,0.35
CUST_00241,2025-08-01,1,0.0,0.39
CUST_00241,2025-12-01,1,0.0,0.35
CUST_00242,2025-06-01,1,1.0,0.35
CUST_00242,2025-10-01,1,1.0,0.39
CUST_00243,2024-08-01,1,0.0,0.55
CUST_00243,2024-09-01,2,0.5,0.55
CUST_00243,2024-11-01,1,0.0,0.66
CUST_00243,2024-12-01,1,1.0,0.55
CUST_00243,2025-01-01,2,0.5,0.55
CUST_00243,2025-02-01,1,1.0,0.55
CUST_00243,2025-12-01,1,1.0,0.61
CUST_00245,2024-06-01,1,1.0,0.39
CUST_00245,2025-10-01,2,0.0,0.35
CUST_00246,2025-07-01,1,1.0,0.61
CUST_00247,2024-12-01,1,0.0,0.39
CUST_00247,2025-01-01,1,1.0,0.35
CUST_00247,2025-08-01,1,0.0,0.35
CUST_00249,2025-03-01,1,0.0,0.55
CUST_00249,2025-09-01,1,1.0,0.55
CUST_00250,2025-07-01,1,0.0,0.35
CUST_00251,2025-12-01,2,1.0,0.35
CUST_00252,2025-05-01,1,1.0,0.35
CUST_00252,2025-11-01,1,0.0,0.39
CUST_00253,2024-11-01,1,1.0,0.35
CUST_00253,2025-05-01,1,0.0,0.35
CUST_00255,2025-03-01,1,1.0,0.35
CUST_00255,2025-09-01,2,0.0,0.37
CUST_00255,2025-10-01,1,0.0,0.35
CUST_00257,2025-09-01,1,1.0,0.35
CUST_00258,2025-12-01,1,0.0,0.55
CUST_00259,2024-11-01,2,1.0,0.61
CUST_00259,2024-12-01,1,1.0,0.61
CUST_00259,2025-01-01,1,0.0,0.66
CUST_00259,2025-04-01,1,1.0,0.55
CUST_00259,2025-10-01,1,0.0,0.61
CUST_00259,2025-11-01,1,0.0,0.55
CUST_00260,2025-04-01,1,0.0,0.35
CUST_00260,2025-06-01,1,0.0,0.42
CUST_00260,2025-09-01,1,1.0,0.39
CUST_00260,2025-10-01,1,0.0,0.35
CUST_00260,2025-12-01,1,0.0,0.35
CUST_00261,2024-12-01,1,1.0,0.61
CUST_00261,2025-04-01,1,0.0,0.61
CUST_00261,2025-05-01,1,0.0,0.55
CUST_00261,2025-08-01,2,0.5,0.605
CUST_00261,2025-09-01,1,1.0,0.55
CUST_00261,2025-10-01,1,0.0,0.55
CUST_00262,2025-05-01,1,0.0,0.55
CUST_00262,2025-08-01,1,0.0,0.55
CUST_00262,2025-10-01,1,0.0,0.61
CUST_00263,2024-04-01,1,1.0,0.35
CUST_00263,2024-10-01,1,1.0,0.35
CUST_00263,2024-11-01,1,1.0,0.35
CUST_00263,2025-04-01,1,1.0,0.35
CUST_00263,2025-11-01,1,0.0,0.35
CUST_00264,2025-06-01,1,1.0,0.39
CUST_00264,2025-12-01,1,1.0,0.39
CUST_00268,2025-04-01,1,0.0,0.39
CUST_00269,2025-12-01,1,0.0,0.55
CUST_00271,2024-12-01,1,0.0,0.83
CUST_00271,2025-02-01,3,1.0,0.8266666666666667
CUST_00271,2025-03-01,1,1.0,0.83
CUST_00271,2025-04-01,1,1.0,0.75
CUST_00271,2025-05-01,1,1.0,0.75
CUST_00271,2025-06-01,1,1.0,0.83
CUST_00271,2025-11-01,1,0.0,0.75
CUST_00272,2024-11-01,1,1.0,0.39
CUST_00272,2025-04-01,1,0.0,0.35
CUST_00272,2025-07-01,1,0.0,0.35
CUST_00272,2025-09-01,1,0.0,0.35
CUST_00272,2025-10-01,1,1.0,0.35
CUST_00273,2025-09-01,1,1.0,0.35
CUST_00274,2024-04-01,1,1.0,0.35
CUST_00274,2024-05-01,1,0.0,0.35
CUST_00274,2024-11-01,1,0.0,0.35
CUST_00274,2025-10-01,1,1.0,0.35
CUST_00275,2025-05-01,1,1.0,0.35
CUST_00275,2025-08-01,2,0.0,0.37
CUST_00276,2024-02-01,1,1.0,0.39
CUST_00276,2024-09-01,3,0.3333333333333333,0.38666666666666666
CUST_00276,2024-11-01,1,0.0,0.35
CUST_00276,2024-12-01,1,0.0,0.35
CUST_00276,2025-12-01,1,0.0,0.35
CUST_00277,2024-12-01,1,1.0,0.35
CUST_00277,2025-01-01,1,0.0,0.42
CUST_00277,2025-02-01,1,0.0,0.35
CUST_00277,2025-04-01,1,0.0,0.35
CUST_00277,2025-10-01,1,1.0,0.35
CUST_00278,2025-08-01,1,0.0,0.39
CUST_00278,2025-09-01,1,0.0,0.35
CUST_00278,2025-10-01,1,0.0,0.35
CUST_00278,2025-12-01,2,0.5,0.35
CUST_00279,2025-04-01,1,0.0,0.35
CUST_00279,2025-07-01,1,0.0,0.35
CUST_00279,2025-10-01,1,0.0,0.35
CUST_00279,2025-11-01,1,1.0,0.39
CUST_00280,2025-04-01,1,1.0,0.35
CUST_00281,2025-06-01,1,1.0,0.55
CUST_00281,2025-11-01,1,0.0,0.55
CUST_00282,2025-02-01,1,0.0,0.35
CUST_00282,2025-07-01,1,1.0,0.35
CUST_00282,2025-08-01,1,1.0,0.35
CUST_00282,2025-11-01,1,0.0,0.39
CUST_00283,2024-07-01,1,0.0,0.35
CUST_00283,2025-12-01,1,1.0,0.39
CUST_00284,2025-12-01,1,1.0,0.35
CUST_00285,2024-07-01,1,1.0,0.75
CUST_00285,2024-08-01,1,0.0,0.75
CUST_00285,2024-09-01,2,1.0,0.79
CUST_00285,2024-12-01,1,1.0,0.75
CUST_00285,2025-01-01,1,1.0,0.75
CUST_00285,2025-03-01,1,1.0,0.75
CUST_00285,2025-04-01,1,1.0,0.75
CUST_00285,2025-05-01,1,1.0,0.83
CUST_00285,2025-06-01,1,1.0,0.75
CUST_00285,2025-08-01,1,0.0,0.83
CUST_00286,2025-03-01,1,1.0,0.42
CUST_00286,2025-04-01,1,1.0,0.39
CUST_00286,2025-11-01,1,0.0,0.35
CUST_00287,2025-05-01,2,1.0,0.405
CUST_00287,2025-10-01,2,0.5,0.385
CUST_00289,2024-08-01,1,0.0,0.35
CUST_00290,2025-07-01,1,1.0,0.55
CUST_00290,2025-10-01,1,1.0,0.55
CUST_00291,2024-04-01,1,1.0,0.55
CUST_00291,2024-06-01,1,0.0,0.55
CUST_00291,2025-01-01,1,1.0,0.55
CUST_00291,2025-06-01,1,1.0,0.55
CUST_00291,2025-07-01,1,1.0,0.61
CUST_00291,2025-12-01,2,0.5,0.55
CUST_00292,2025-10-01,1,1.0,0.75
CUST_00292,2025-11-01,1,1.0,0.83
CUST_00293,2025-09-01,1,0.0,0.35
CUST_00293,2025-12-01,2,0.0,0.37
CUST_00294,2024-03-01,1,1.0,0.61
CUST_00294,2024-07-01,2,0.5,0.605
CUST_00294,2024-11-01,1,0.0,0.55
CUST_00294,2024-12-01,1,0.0,0.66
CUST_00295,2025-06-01,1,0.0,0.35
CUST_00295,2025-08-01,1,1.0,0.35
CUST_00295,2025-11-01,1,0.0,0.39
CUST_00296,2024-04-01,2,0.5,0.55
CUST_00296,2024-08-01,1,1.0,0.61
CUST_00296,2024-09-01,2,0.5,0.55
CUST_00296,2024-10-01,1,1.0,0.66
CUST_00296,2025-02-01,1,1.0,0.61
CUST_00296,2025-08-01,2,0.5,0.55
CUST_00296,2025-10-01,2,0.5,0.605
CUST_00297,2024-11-01,1,1.0,0.35
CUST_00297,2025-03-01,1,0.0,0.35
CUST_00297,2025-07-01,1,0.0,0.39
CUST_00297,2025-08-01,1,1.0,0.35
CUST_00297,2025-10-01,1,0.0,0.35
CUST_00298,2025-11-01,1,1.0,0.61
CUST_00299,2025-10-01,1,0.0,0.35
CUST_00300,2024-05-01,1,1.0,0.42
CUST_00300,2024-10-01,1,0.0,0.35
CUST_00300,2024-12-01,3,0.0,0.3733333333333333
CUST_00300,2025-02-01,1,1.0,0.35
CUST_00301,2025-01-01,1,0.0,0.55
CUST_00301,2025-03-01,1,1.0,0.55
CUST_00301,2025-09-01,2,0.0,0.635
CUST_00302,2025-11-01,1,0.0,0.39
CUST_00304,2025-09-01,1,0.0,0.35
CUST_00304,2025-11-01,1,0.0,0.35
CUST_00305,2024-09-01,1,1.0,0.35
CUST_00305,2025-02-01,1,1.0,0.35
CUST_00305,2025-05-01,1,1.0,0.35
CUST_00305,2025-07-01,1,0.0,0.35
CUST_00305,2025-10-01,1,1.0,0.35
CUST_00305,2025-11-01,1,0.0,0.35
CUST_00306,2025-09-01,1,1.0,0.35
CUST_00307,2025-08-01,1,0.0,0.55
CUST_00308,2025-04-01,1,0.0,0.35
CUST_00308,2025-05-01,1,1.0,0.35
CUST_00308,2025-09-01,1,0.0,0.35
CUST_00309,2025-07-01,1,0.0,0.39
CUST_00309,2025-11-01,1,0.0,0.35
CUST_00310,2025-04-01,1,0.0,0.35
CUST_00310,2025-07-01,2,0.5,0.405
CUST_00310,2025-10-01,1,1.0,0.39
CUST_00311,2025-11-01,1,1.0,0.66
CUST_00312,2025-12-01,1,1.0,0.55
CUST_00313,2025-11-01,1,0.0,0.35
CUST_00314,2024-07-01,2,0.5,0.75
CUST_00314,2024-08-01,1,1.0,0.9
CUST_00314,2024-11-01,1,1.0,0.83
CUST_00314,2025-02-01,1,1.0,0.75
CUST_00314,2025-04-01,1,1.0,0.83
CUST_00314,2025-05-01,2,0.5,0.825
CUST_00314,2025-06-01,1,1.0,0.75
CUST_00314,2025-07-01,1,1.0,0.75
CUST_00314,2025-09-01,1,0.0,0.75
CUST_00314,2025-10-01,1,1.0,0.83
CUST_00314,2025-12-01,2,1.0,0.75
CUST_00316,2024-07-01,1,1.0,0.42
CUST_00316,2024-12-01,1,0.0,0.35
CUST_00316,2025-01-01,1,0.0,0.35
CUST_00316,2025-06-01,1,1.0,0.35
CUST_00316,2025-07-01,1,0.0,0.42
CUST_00316,2025-09-01,1,0.0,0.35
CUST_00317,2025-10-01,1,0.0,0.55
CUST_00318,2025-04-01,1,1.0,0.75
CUST_00318,2025-06-01,1,1.0,0.75
CUST_00318,2025-07-01,1,1.0,0.75
CUST_00318,2025-10-01,1,0.0,0.75
CUST_00319,2025-10-01,2,1.0,0.75
CUST_00319,2025-11-01,1,0.0,0.75
CUST_00320,2025-11-01,1,0.0,0.35
CUST_00321,2025-12-01,2,0.5,0.35
CUST_00322,2025-02-01,1,1.0,0.35
CUST_00322,2025-05-01,2,0.0,0.37
CUST_00322,2025-10-01,1,0.0,0.39
CUST_00322,2025-11-01,1,0.0,0.35
CUST_00323,2025-05-01,1,1.0,0.39
CUST_00323,2025-09-01,1,0.0,0.35
CUST_00323,2025-11-01,1,0.0,0.35
CUST_00324,2025-09-01,2,0.0,0.35
CUST_00325,2025-04-01,2,0.5,0.75
CUST_00325,2025-05-01,1,1.0,0.75
CUST_00325,2025-07-01,1,1.0,0.75
CUST_00325,2025-09-01,1,0.0,0.83
CUST_00325,2025-10-01,1,1.0,0.75
CUST_00325,2025-11-01,1,1.0,0.75
CUST_00325,2025-12-01,1,1.0,0.83
CUST_00326,2025-08-01,2,0.5,0.385
CUST_00326,2025-10-01,1,0.0,0.35
CUST_00328,2024-06-01,1,1.0,0.35
CUST_00328,2025-01-01,1,0.0,0.35
CUST_00328,2025-02-01,1,0.0,0.39
CUST_00328,2025-12-01,1,1.0,0.35
CUST_00329,2024-08-01,1,1.0,0.42
CUST_00329,2025-04-01,1,0.0,0.39
CUST_00329,2025-05-01,1,0.0,0.35
CUST_00329,2025-06-01,1,1.0,0.42
CUST_00329,2025-07-01,2,0.0,0.37
CUST_00329,2025-08-01,1,0.0,0.39
CUST_00329,2025-10-01,1,0.0,0.39
CUST_00331,2025-09-01,1,0.0,0.35
CUST_00332,2025-03-01,1,0.0,0.35
CUST_00332,2025-07-01,1,1.0,0.35
CUST_00333,2025-02-01,1,0.0,0.39
CUST_00333,2025-03-01,1,1.0,0.35
CUST_00333,2025-05-01,1,0.0,0.39
CUST_00333,2025-11-01,1,1.0,0.35
CUST_00334,2024-11-01,1,1.0,0.35
CUST_00334,2025-02-01,1,0.0,0.35
CUST_00334,2025-09-01,1,0.0,0.35
CUST_00335,2025-11-01,2,1.0,0.5800000000000001
CUST_00336,2025-08-01,1,0.0,0.35
CUST_00336,2025-11-01,1,0.0,0.35
CUST_00337,2025-09-01,1,1.0,0.61
CUST_00338,2024-04-01,1,1.0,0.75
CUST_00338,2024-12-01,4,0.5,0.8275
CUST_00338,2025-01-01,1,0.0,0.75
CUST_00338,2025-06-01,1,0.0,0.75
CUST_00338,2025-07-01,3,0.6666666666666666,0.75
CUST_00339,2024-02-01,1,1.0,0.66
CUST_00339,2025-01-01,1,0.0,0.55
CUST_00339,2025-10-01,2,0.5,0.605
CUST_00339,2025-11-01,1,1.0,0.61
CUST_00340,2024-03-01,1,1.0,0.83
CUST_00340,2024-04-01,2,1.0,0.79
CUST_00340,2024-06-01,1,0.0,0.83
CUST_00340,2024-10-01,2,1.0,0.75
CUST_00340,2025-01-01,1,1.0,0.9
CUST_00340,2025-04-01,1,1.0,0.75
CUST_00340,2025-05-01,2,1.0,0.75
CUST_00340,2025-07-01,1,1.0,0.9
CUST_00340,2025-09-01,1,1.0,0.75
CUST_00341,2025-07-01,1,0.0,0.39
CUST_00342,2024-10-01,1,0.0,0.55
CUST_00342,2025-07-01,1,1.0,0.61
CUST_00343,2025-01-01,1,1.0,0.42
CUST_00343,2025-02-01,1,1.0,0.35
CUST_00343,2025-06-01,1,0.0,0.35
CUST_00343,2025-07-01,1,0.0,0.39
CUST_00344,2025-08-01,1,1.0,0.35
CUST_00344,2025-10-01,1,0.0,0.35
CUST_00344,2025-11-01,1,0.0,0.35
CUST_00345,2025-04-01,1,1.0,0.55
CUST_00345,2025-08-01,2,1.0,0.605
CUST_00345,2025-10-01,1,1.0,0.61
CUST_00345,2025-12-01,2,0.5,0.55
CUST_00346,2024-12-01,1,0.0,0.61
CUST_00346,2025-03-01,1,0.0,0.55
CUST_00347,2024-12-01,1,1.0,0.61
CUST_00347,2025-02-01,1,0.0,0.61
CUST_00347,2025-04-01,1,1.0,0.61
CUST_00347,2025-06-01,1,0.0,0.61
CUST_00347,2025-10-01,2,0.0,0.635
CUST_00347,2025-11-01,2,0.0,0.55
CUST_00347,2025-12-01,1,1.0,0.55
CUST_00348,2025-02-01,1,1.0,0.35
CUST_00348,2025-03-01,1,0.0,0.35
CUST_00349,2025-07-01,1,0.0,0.35
CUST_00349,2025-09-01,1,1.0,0.42
CUST_00349,2025-12-01,1,1.0,0.42
CUST_00351,2025-03-01,2,0.5,0.5800000000000001
CUST_00351,2025-09-01,1,0.0,0.55
CUST_00353,2025-06-01,1,0.0,0.35
CUST_00353,2025-08-01,1,1.0,0.35
CUST_00353,2025-09-01,1,0.0,0.35
CUST_00354,2025-07-01,1,1.0,0.75
CUST_00354,2025-09-01,1,0.0,0.75
CUST_00354,2025-11-01,1,1.0,0.75
CUST_00354,2025-12-01,4,1.0,0.75
CUST_00355,2024-08-01,1,1.0,0.55
CUST_00355,2024-12-01,1,1.0,0.66
CUST_00355,2025-04-01,3,0.6666666666666666,0.5866666666666668
CUST_00355,2025-05-01,1,0.0,0.66
CUST_00355,2025-10-01,1,1.0,0.55
CUST_00356,2024-06-01,1,1.0,0.35
CUST_00356,2024-08-01,1,0.0,0.42
CUST_00356,2025-08-01,1,0.0,0.35
CUST_00356,2025-09-01,1,0.0,0.35
CUST_00358,2024-07-01,1,1.0,0.42
CUST_00358,2024-12-01,1,1.0,0.35
CUST_00358,2025-05-01,1,0.0,0.35
CUST_00358,2025-11-01,1,1.0,0.35
CUST_00358,2025-12-01,1,0.0,0.39
CUST_00359,2024-10-01,1,1.0,0.35
CUST_00362,2025-06-01,1,1.0,0.35
CUST_00362,2025-10-01,1,0.0,0.35
CUST_00362,2025-12-01,1,0.0,0.35
CUST_00363,2025-01-01,2,0.5,0.83
CUST_00363,2025-03-01,1,0.0,0.75
CUST_00363,2025-04-01,1,1.0,0.75
CUST_00363,2025-08-01,1,1.0,0.75
CUST_00363,2025-10-01,1,1.0,0.9
CUST_00363,2025-11-01,1,1.0,0.75
CUST_00364,2025-09-01,1,1.0,0.35
CUST_00364,2025-10-01,1,0.0,0.35
CUST_00365,2024-11-01,1,1.0,0.35
CUST_00365,2025-10-01,1,1.0,0.35
CUST_00366,2025-01-01,1,1.0,0.35
CUST_00366,2025-07-01,1,0.0,0.35
CUST_00367,2024-10-01,1,1.0,0.75
CUST_00367,2025-02-01,1,1.0,0.83
CUST_00367,2025-03-01,1,1.0,0.75
CUST_00367,2025-10-01,2,1.0,0.75
CUST_00367,2025-11-01,1,1.0,0.75
CUST_00367,2025-12-01,1,1.0,0.75
CUST_00368,2025-03-01,1,0.0,0.75
CUST_00368,2025-05-01,2,1.0,0.75
CUST_00368,2025-06-01,1,1.0,0.83
CUST_00368,2025-12-01,2,1.0,0.79
CUST_00369,2024-07-01,1,0.0,0.55
CUST_00369,2024-08-01,2,1.0,0.605
CUST_00369,2024-10-01,1,0.0,0.55
CUST_00369,2024-12-01,1,1.0,0.66
CUST_00369,2025-03-01,1,1.0,0.61
CUST_00369,2025-04-01,1,1.0,0.61
CUST_00369,2025-12-01,2,1.0,0.5800000000000001
CUST_00370,2025-11-01,1,1.0,0.55
CUST_00371,2025-06-01,1,0.0,0.55
CUST_00371,2025-10-01,1,1.0,0.61
CUST_00371,2025-12-01,1,1.0,0.55
CUST_00372,2024-09-01,1,0.0,0.35
CUST_00372,2025-12-01,1,0.0,0.35
CUST_00373,2024-08-01,2,0.0,0.605
CUST_00373,2024-10-01,2,1.0,0.5800000000000001
CUST_00373,2024-12-01,1,0.0,0.55
CUST_00373,2025-01-01,1,1.0,0.55
CUST_00373,2025-02-01,1,0.0,0.55
CUST_00373,2025-03-01,2,0.5,0.61
CUST_00373,2025-04-01,2,1.0,0.55
CUST_00373,2025-06-01,1,1.0,0.55
CUST_00373,2025-11-01,1,1.0,0.55
CUST_00374,2025-06-01,1,0.0,0.35
CUST_00374,2025-07-01,1,0.0,0.39
CUST_00374,2025-11-01,1,0.0,0.35
CUST_00375,2024-04-01,1,0.0,0.61
CUST_00375,2024-05-01,2,0.5,0.5800000000000001
CUST_00375,2024-08-01,1,0.0,0.66
CUST_00375,2025-07-01,2,1.0,0.55
CUST_00376,2024-10-01,1,0.0,0.35
CUST_00377,2025-04-01,1,1.0,0.35
CUST_00377,2025-10-01,1,1.0,0.35
CUST_00378,2024-03-01,1,1.0,0.61
CUST_00378,2024-09-01,2,0.5,0.55
CUST_00378,2025-08-01,1,0.0,0.55
CUST_00378,2025-11-01,1,1.0,0.55
CUST_00379,2024-08-01,2,1.0,0.55
CUST_00379,2024-09-01,1,0.0,0.55
CUST_00379,2024-11-01,1,0.0,0.61
CUST_00379,2025-01-01,1,0.0,0.55
CUST_00379,2025-03-01,1,1.0,0.55
CUST_00379,2025-04-01,1,1.0,0.55
CUST_00379,2025-05-01,1,0.0,0.61
CUST_00379,2025-10-01,1,0.0,0.55
CUST_00380,2025-09-01,1,0.0,0.55
CUST_00381,2024-01-01,1,1.0,0.35
CUST_00381,2024-02-01,1,0.0,0.35
CUST_00381,2025-02-01,1,0.0,0.35
CUST_00383,2024-07-01,1,1.0,0.35
CUST_00383,2025-01-01,1,0.0,0.35
CUST_00383,2025-06-01,1,0.0,0.35
CUST_00383,2025-10-01,1,0.0,0.39
CUST_00384,2024-09-01,1,0.0,0.55
CUST_00384,2024-11-01,1,0.0,0.55
CUST_00384,2025-02-01,2,0.5,0.55
CUST_00384,2025-10-01,1,0.0,0.55
CUST_00386,2024-08-01,1,1.0,0.35
CUST_00386,2025-04-01,1,0.0,0.35
CUST_00387,2025-05-01,3,0.3333333333333333,0.3733333333333333
CUST_00387,2025-08-01,1,0.0,0.35
CUST_00388,2024-05-01,2,0.0,0.55
CUST_00388,2025-03-01,1,1.0,0.55
CUST_00388,2025-06-01,1,0.0,0.55
CUST_00389,2024-08-01,1,0.0,0.35
CUST_00389,2024-11-01,2,0.0,0.37
CUST_00389,2025-02-01,1,0.0,0.35
CUST_00389,2025-03-01,1,0.0,0.42
CUST_00389,2025-09-01,1,1.0,0.35
CUST_00389,2025-10-01,1,0.0,0.35
CUST_00390,2025-01-01,1,1.0,0.9
CUST_00390,2025-02-01,1,1.0,0.75
CUST_00390,2025-03-01,2,0.5,0.865
CUST_00390,2025-11-01,1,1.0,0.75
CUST_00390,2025-12-01,1,1.0,0.75
CUST_00391,2024-11-01,1,0.0,0.39
CUST_00392,2024-06-01,1,1.0,0.75
CUST_00392,2024-08-01,1,1.0,0.83
CUST_00392,2024-09-01,1,1.0,0.83
CUST_00392,2024-11-01,4,0.75,0.77
CUST_00392,2024-12-01,2,0.5,0.79
CUST_00392,2025-01-01,1,1.0,0.75
CUST_00392,2025-03-01,1,1.0,0.75
CUST_00392,2025-05-01,1,1.0,0.75
CUST_00392,2025-06-01,2,1.0,0.825
CUST_00392,2025-07-01,3,1.0,0.7999999999999999
CUST_00392,2025-09-01,1,1.0,0.75
CUST_00392,2025-11-01,1,0.0,0.75
CUST_00394,2025-10-01,1,1.0,0.9
CUST_00395,2024-04-01,2,0.5,0.37
CUST_00395,2024-08-01,1,1.0,0.35
CUST_00395,2024-09-01,1,0.0,0.35
CUST_00395,2024-11-01,1,0.0,0.35
CUST_00395,2025-10-01,1,0.0,0.35
CUST_00395,2025-11-01,1,1.0,0.39
CUST_00395,2025-12-01,1,1.0,0.35
CUST_00397,2024-09-01,1,1.0,0.39
CUST_00397,2024-12-01,1,1.0,0.42
CUST_00397,2025-07-01,1,1.0,0.35
CUST_00397,2025-10-01,1,0.0,0.35
CUST_00399,2025-03-01,1,0.0,0.35
CUST_00400,2025-10-01,1,0.0,0.66
CUST_00400,2025-12-01,1,1.0,0.55
CUST_00402,2025-09-01,1,0.0,0.35
CUST_00402,2025-10-01,1,0.0,0.35
CUST_00403,2025-10-01,1,0.0,0.35
CUST_00404,2024-07-01,1,0.0,0.35
CUST_00404,2025-02-01,1,0.0,0.39
CUST_00404,2025-08-01,1,0.0,0.35
CUST_00405,2025-01-01,1,1.0,0.75
CUST_00405,2025-06-01,1,1.0,0.75
CUST_00405,2025-10-01,1,0.0,0.75
CUST_00405,2025-12-01,1,1.0,0.9
CUST_00406,2025-05-01,1,0.0,0.35
CUST_00407,2024-04-01,1,1.0,0.66
CUST_00407,2024-09-01,1,1.0,0.55
CUST_00407,2024-11-01,2,0.5,0.55
CUST_00407,2024-12-01,1,1.0,0.55
CUST_00408,2025-09-01,1,0.0,0.35
CUST_00409,2024-06-01,1,0.0,0.35
CUST_00409,2024-11-01,3,0.3333333333333333,0.38666666666666666
CUST_00409,2025-05-01,2,0.5,0.37
CUST_00409,2025-06-01,1,0.0,0.39
CUST_00412,2024-06-01,1,1.0,0.55
CUST_00412,2024-07-01,1,0.0,0.55
CUST_00412,2024-08-01,1,0.0,0.55
CUST_00412,2025-02-01,1,0.0,0.55
CUST_00412,2025-07-01,1,0.0,0.55
CUST_00412,2025-08-01,1,0.0,0.55
CUST_00413,2025-09-01,1,0.0,0.35
CUST_00413,2025-12-01,1,0.0,0.35
CUST_00414,2025-04-01,1,0.0,0.35
CUST_00417,2025-07-01,1,0.0,0.55
CUST_00417,2025-08-01,2,0.5,0.55
CUST_00418,2025-05-01,1,0.0,0.35
CUST_00419,2025-02-01,2,0.5,0.385
CUST_00419,2025-07-01,1,0.0,0.39
CUST_00419,2025-09-01,1,0.0,0.35
CUST_00419,2025-11-01,1,0.0,0.35
CUST_00422,2025-11-01,2,0.5,0.55
CUST_00423,2025-08-01,1,0.0,0.55
CUST_00423,2025-10-01,1,1.0,0.55
CUST_00423,2025-12-01,1,1.0,0.55
CUST_00425,2025-12-01,2,0.5,0.35
CUST_00426,2025-02-01,1,1.0,0.83
CUST_00426,2025-04-01,1,0.0,0.83
CUST_00426,2025-05-01,1,1.0,0.75
CUST_00426,2025-10-01,1,1.0,0.75
CUST_00427,2025-03-01,2,0.5,0.42
CUST_00427,2025-04-01,1,1.0,0.39
CUST_00427,2025-06-01,1,0.0,0.39
CUST_00427,2025-07-01,1,0.0,0.35
CUST_00428,2025-08-01,1,0.0,0.35
CUST_00428,2025-10-01,1,0.0,0.35
CUST_00428,2025-11-01,1,0.0,0.35
CUST_00430,2024-06-01,1,1.0,0.35
CUST_00430,2024-07-01,1,0.0,0.35
CUST_00430,2024-09-01,1,1.0,0.39
CUST_00430,2024-12-01,1,1.0,0.35
CUST_00430,2025-02-01,2,0.5,0.35
CUST_00431,2025-11-01,1,1.0,0.35
CUST_00432,2024-03-01,1,1.0,0.42
CUST_00433,2025-10-01,1,0.0,0.55
CUST_00433,2025-12-01,1,1.0,0.55
CUST_00434,2024-10-01,1,0.0,0.35
CUST_00434,2025-11-01,1,0.0,0.35
CUST_00435,2025-05-01,1,1.0,0.35
CUST_00435,2025-06-01,1,0.0,0.42
CUST_00436,2024-06-01,1,1.0,0.75
CUST_00436,2024-10-01,1,0.0,0.75
CUST_00436,2025-03-01,3,1.0,0.7999999999999999
CUST_00436,2025-06-01,1,1.0,0.9
CUST_00436,2025-08-01,1,1.0,0.75
CUST_00437,2024-07-01,2,1.0,0.79
CUST_00437,2025-03-01,1,1.0,0.75
CUST_00437,2025-06-01,1,1.0,0.75
CUST_00437,2025-07-01,1,1.0,0.75
CUST_00437,2025-08-01,1,0.0,0.83
CUST_00437,2025-09-01,1,1.0,0.75
CUST_00437,2025-11-01,1,1.0,0.75
CUST_00438,2025-06-01,1,1.0,0.35
CUST_00440,2024-07-01,1,1.0,0.75
CUST_00440,2024-08-01,1,1.0,0.75
CUST_00440,2024-12-01,1,0.0,0.75
CUST_00440,2025-01-01,2,0.0,0.75
CUST_00440,2025-03-01,1,1.0,0.9
CUST_00440,2025-05-01,1,1.0,0.75
CUST_00440,2025-09-01,1,0.0,0.75
CUST_00440,2025-10-01,1,0.0,0.83
CUST_00440,2025-11-01,1,1.0,0.83
CUST_00441,2025-04-01,2,0.0,0.35
CUST_00441,2025-07-01,2,0.0,0.35
CUST_00441,2025-08-01,1,0.0,0.35
CUST_00441,2025-09-01,1,0.0,0.42
CUST_00443,2025-02-01,1,0.0,0.61
CUST_00443,2025-03-01,1,0.0,0.55
CUST_00443,2025-04-01,1,1.0,0.55
CUST_00443,2025-07-01,1,1.0,0.55
CUST_00443,2025-11-01,1,1.0,0.55
CUST_00446,2025-06-01,1,1.0,0.42
CUST_00447,2025-03-01,1,1.0,0.35
CUST_00448,2024-06-01,1,1.0,0.35
CUST_00448,2025-09-01,1,0.0,0.35
CUST_00448,2025-10-01,1,1.0,0.35
CUST_00449,2025-07-01,1,0.0,0.35
CUST_00449,2025-09-01,1,0.0,0.39
CUST_00449,2025-12-01,1,0.0,0.35
CUST_00450,2025-10-01,1,0.0,0.66
CUST_00450,2025-12-01,1,0.0,0.55
CUST_00451,2025-05-01,1,1.0,0.35
CUST_00451,2025-07-01,1,1.0,0.39
CUST_00452,2025-09-01,2,1.0,0.75
CUST_00452,2025-11-01,1,0.0,0.83
CUST_00453,2024-10-01,1,1.0,0.9
CUST_00453,2025-02-01,2,1.0,0.75
CUST_00453,2025-03-01,2,0.0,0.75
CUST_00453,2025-06-01,1,1.0,0.9
CUST_00453,2025-08-01,1,1.0,0.83
CUST_00453,2025-09-01,1,1.0,0.75
CUST_00453,2025-10-01,1,1.0,0.75
CUST_00453,2025-11-01,1,1.0,0.75
CUST_00454,2024-12-01,1,1.0,0.35
CUST_00454,2025-03-01,1,0.0,0.35
CUST_00454,2025-07-01,1,0.0,0.35
CUST_00454,2025-12-01,1,1.0,0.35
CUST_00455,2025-06-01,1,0.0,0.35
CUST_00455,2025-09-01,1,0.0,0.42
CUST_00455,2025-10-01,1,1.0,0.35
CUST_00458,2025-03-01,1,0.0,0.35
CUST_00459,2024-08-01,1,1.0,0.75
CUST_00459,2024-10-01,1,1.0,0.75
CUST_00459,2024-11-01,1,1.0,0.75
CUST_00459,2025-02-01,1,1.0,0.75
CUST_00459,2025-05-01,1,1.0,0.9
CUST_00459,2025-07-01,1,1.0,0.75
CUST_00459,2025-09-01,1,1.0,0.75
CUST_00459,2025-10-01,1,1.0,0.83
CUST_00459,2025-12-01,1,0.0,0.75
CUST_00460,2024-08-01,1,0.0,0.35
CUST_00460,2024-10-01,1,0.0,0.35
CUST_00460,2024-11-01,1,0.0,0.35
CUST_00460,2025-02-01,1,0.0,0.35
CUST_00460,2025-06-01,1,1.0,0.35
CUST_00460,2025-08-01,2,0.0,0.37
CUST_00460,2025-11-01,2,0.5,0.37
CUST_00461,2025-04-01,1,1.0,0.55
CUST_00461,2025-06-01,1,0.0,0.55
CUST_00462,2025-09-01,2,1.0,0.79
CUST_00462,2025-10-01,2,1.0,0.75
CUST_00462,2025-11-01,1,1.0,0.75
CUST_00462,2025-12-01,2,1.0,0.75
CUST_00463,2025-12-01,1,0.0,0.35
CUST_00464,2025-12-01,1,1.0,0.39
CUST_00465,2024-04-01,2,0.5,0.79
CUST_00465,2024-06-01,2,0.5,0.75
CUST_00465,2024-07-01,1,1.0,0.83
CUST_00465,2024-08-01,1,1.0,0.75
CUST_00465,2024-09-01,1,1.0,0.83
CUST_00465,2024-10-01,1,0.0,0.75
CUST_00465,2024-11-01,2,1.0,0.75
CUST_00465,2025-01-01,3,1.0,0.75
CUST_00465,2025-03-01,2,0.5,0.75
CUST_00465,2025-04-01,2,1.0,0.75
CUST_00465,2025-06-01,1,1.0,0.75
CUST_00466,2024-04-01,1,1.0,0.55
CUST_00466,2024-05-01,1,0.0,0.55
CUST_00466,2024-07-01,1,1.0,0.55
CUST_00466,2024-08-01,1,0.0,0.55
CUST_00466,2024-09-01,1,1.0,0.55
CUST_00466,2024-10-01,1,0.0,0.61
CUST_00466,2024-11-01,1,1.0,0.55
CUST_00466,2025-01-01,1,1.0,0.55
CUST_00466,2025-08-01,2,1.0,0.55
CUST_00467,2025-10-01,2,1.0,0.75
CUST_00467,2025-12-01,2,0.5,0.825
CUST_00468,2025-11-01,1,0.0,0.61
CUST_00469,2025-02-01,1,0.0,0.35
CUST_00470,2025-09-01,1,0.0,0.39
CUST_00470,2025-12-01,1,0.0,0.39
CUST_00471,2024-11-01,1,1.0,0.55
CUST_00471,2025-05-01,1,0.0,0.55
CUST_00472,2025-12-01,1,0.0,0.35
CUST_00473,2024-04-01,1,0.0,0.35
CUST_00473,2024-09-01,1,0.0,0.35
CUST_00473,2025-07-01,1,1.0,0.35
CUST_00474,2025-03-01,1,1.0,0.55
CUST_00474,2025-08-01,2,1.0,0.55
CUST_00474,2025-09-01,1,0.0,0.55
CUST_00474,2025-10-01,3,0.6666666666666666,0.57
CUST_00474,2025-11-01,1,0.0,0.55
CUST_00474,2025-12-01,1,1.0,0.55
CUST_00475,2025-04-01,1,0.0,0.75
CUST_00475,2025-05-01,1,1.0,0.75
CUST_00475,2025-06-01,1,1.0,0.83
CUST_00475,2025-07-01,2,0.5,0.75
CUST_00475,2025-08-01,1,1.0,0.75
CUST_00475,2025-09-01,2,1.0,0.75
CUST_00476,2025-12-01,1,0.0,0.39
CUST_00477,2025-11-01,1,1.0,0.55
CUST_00478,2024-07-01,1,0.0,0.55
CUST_00478,2024-09-01,1,1.0,0.61
CUST_00478,2025-02-01,1,0.0,0.55
CUST_00478,2025-03-01,1,0.0,0.55
CUST_00478,2025-04-01,1,1.0,0.61
CUST_00478,2025-07-01,1,0.0,0.55
CUST_00479,2025-04-01,1,1.0,0.35
CUST_00480,2025-08-01,1,0.0,0.39
CUST_00480,2025-10-01,1,0.0,0.39
CUST_00481,2024-10-01,1,0.0,0.35
CUST_00481,2024-12-01,1,0.0,0.35
CUST_00481,2025-05-01,1,1.0,0.39
CUST_00482,2024-02-01,1,1.0,0.9
CUST_00482,2024-07-01,1,1.0,0.75
CUST_00482,2024-10-01,1,1.0,0.75
CUST_00482,2024-11-01,1,1.0,0.75
CUST_00482,2024-12-01,2,0.5,0.75
CUST_00482,2025-07-01,1,1.0,0.75
CUST_00482,2025-08-01,2,0.5,0.75
CUST_00482,2025-09-01,1,1.0,0.83
CUST_00482,2025-10-01,1,0.0,0.75
CUST_00482,2025-11-01,1,1.0,0.75
CUST_00483,2024-05-01,1,0.0,0.55
CUST_00483,2024-07-01,1,0.0,0.61
CUST_00483,2024-10-01,1,1.0,0.61
CUST_00483,2024-11-01,1,1.0,0.55
CUST_00483,2025-03-01,1,1.0,0.55
CUST_00483,2025-04-01,1,1.0,0.55
CUST_00483,2025-06-01,2,0.5,0.61
CUST_00483,2025-09-01,1,0.0,0.61
CUST_00483,2025-12-01,2,1.0,0.55
CUST_00484,2024-04-01,1,1.0,0.9
CUST_00484,2024-05-01,2,1.0,0.75
CUST_00484,2024-07-01,1,1.0,0.75
CUST_00484,2024-11-01,1,0.0,0.75
CUST_00484,2025-01-01,1,1.0,0.83
CUST_00484,2025-02-01,1,1.0,0.75
CUST_00484,2025-04-01,1,1.0,0.75
CUST_00484,2025-05-01,1,1.0,0.75
CUST_00484,2025-06-01,1,1.0,0.75
CUST_00484,2025-09-01,3,1.0,0.75
CUST_00484,2025-12-01,1,1.0,0.83
CUST_00485,2025-07-01,1,0.0,0.66
CUST_00486,2025-07-01,1,1.0,0.42
CUST_00486,2025-10-01,1,1.0,0.35
CUST_00487,2024-12-01,1,1.0,0.9
CUST_00487,2025-02-01,1,1.0,0.75
CUST_00487,2025-04-01,1,0.0,0.75
CUST_00487,2025-09-01,1,1.0,0.75
CUST_00487,2025-11-01,1,1.0,0.75
CUST_00488,2024-07-01,1,1.0,0.35
CUST_00489,2025-11-01,1,1.0,0.35
CUST_00490,2024-10-01,1,1.0,0.35
CUST_00490,2024-12-01,1,0.0,0.35
CUST_00490,2025-04-01,1,0.0,0.39
CUST_00490,2025-12-01,1,1.0,0.35
CUST_00491,2025-09-01,2,1.0,0.35
CUST_00492,2025-08-01,1,0.0,0.35
CUST_00494,2025-07-01,1,1.0,0.35
CUST_00494,2025-12-01,1,0.0,0.42
CUST_00495,2025-12-01,2,1.0,0.75
CUST_00496,2025-10-01,1,0.0,0.35
CUST_00497,2024-07-01,1,0.0,0.35
CUST_00497,2025-03-01,1,0.0,0.39
CUST_00497,2025-04-01,1,0.0,0.35
CUST_00497,2025-05-01,1,1.0,0.35
CUST_00497,2025-06-01,1,0.0,0.35
CUST_00498,2025-12-01,1,1.0,0.83
CUST_00499,2025-08-01,1,0.0,0.35
CUST_00500,2025-12-01,1,0.0,0.39
CUST_00501,2024-06-01,1,1.0,0.35
CUST_00501,2025-02-01,1,0.0,0.35
CUST_00501,2025-03-01,1,1.0,0.39
CUST_00502,2024-10-01,1,1.0,0.55
CUST_00502,2025-01-01,1,1.0,0.55
CUST_00502,2025-02-01,1,0.0,0.55
CUST_00502,2025-03-01,1,1.0,0.61
CUST_00502,2025-11-01,1,1.0,0.55
CUST_00502,2025-12-01,1,0.0,0.55
CUST_00503,2024-08-01,1,0.0,0.61
CUST_00503,2024-11-01,1,1.0,0.55
CUST_00503,2025-01-01,1,1.0,0.61
CUST_00503,2025-04-01,1,0.0,0.55
CUST_00503,2025-09-01,1,0.0,0.66
CUST_00503,2025-10-01,1,1.0,0.61
CUST_00503,2025-11-01,1,0.0,0.55
CUST_00504,2024-04-01,1,0.0,0.35
CUST_00504,2024-11-01,2,0.5,0.37
CUST_00504,2025-10-01,1,0.0,0.39
CUST_00505,2024-12-01,1,1.0,0.39
CUST_00505,2025-07-01,1,0.0,0.35
CUST_00506,2025-09-01,2,0.5,0.405
CUST_00507,2025-11-01,1,1.0,0.35
CUST_00508,2025-08-01,1,1.0,0.42
CUST_00508,2025-10-01,1,0.0,0.39
CUST_00508,2025-12-01,1,0.0,0.35
CUST_00509,2024-12-01,3,0.3333333333333333,0.7999999999999999
CUST_00509,2025-01-01,1,1.0,0.75
CUST_00509,2025-02-01,1,1.0,0.83
CUST_00509,2025-03-01,1,1.0,0.75
CUST_00509,2025-08-01,1,1.0,0.75
CUST_00509,2025-09-01,2,1.0,0.75
CUST_00509,2025-10-01,2,0.5,0.75
CUST_00509,2025-11-01,1,1.0,0.75
CUST_00509,2025-12-01,1,0.0,0.9
CUST_00510,2025-10-01,1,0.0,0.35
CUST_00511,2024-12-01,1,1.0,0.55
CUST_00511,2025-01-01,2,0.0,0.55
CUST_00511,2025-03-01,1,1.0,0.66
CUST_00511,2025-07-01,1,0.0,0.55
CUST_00511,2025-08-01,2,0.5,0.605
CUST_00511,2025-09-01,1,1.0,0.66
CUST_00512,2025-08-01,2,0.5,0.55
CUST_00513,2025-03-01,1,0.0,0.39
CUST_00513,2025-06-01,1,1.0,0.35
CUST_00513,2025-09-01,1,0.0,0.39
CUST_00513,2025-10-01,1,0.0,0.35
CUST_00514,2025-10-01,1,0.0,0.35
CUST_00516,2024-07-01,1,0.0,0.55
CUST_00516,2024-09-01,1,0.0,0.55
CUST_00516,2025-03-01,1,1.0,0.61
CUST_00516,2025-05-01,1,1.0,0.66
CUST_00516,2025-12-01,1,0.0,0.55
CUST_00517,2025-04-01,1,0.0,0.35
CUST_00519,2024-07-01,1,0.0,0.35
CUST_00519,2025-01-01,1,0.0,0.35
CUST_00521,2024-08-01,2,0.0,0.37
CUST_00522,2025-10-01,1,1.0,0.9
CUST_00523,2024-05-01,1,0.0,0.39
CUST_00523,2024-07-01,1,0.0,0.39
CUST_00523,2024-11-01,1,1.0,0.35
CUST_00523,2025-01-01,1,0.0,0.39
CUST_00523,2025-02-01,1,1.0,0.35
CUST_00523,2025-06-01,1,0.0,0.35
CUST_00523,2025-12-01,2,0.0,0.35
CUST_00525,2025-07-01,1,1.0,0.35
CUST_00526,2024-11-01,1,1.0,0.35
CUST_00526,2024-12-01,1,0.0,0.39
CUST_00526,2025-07-01,1,0.0,0.35
CUST_00527,2024-10-01,1,0.0,0.35
CUST_00527,2025-07-01,1,0.0,0.35
CUST_00528,2025-08-01,2,1.0,0.5800000000000001
CUST_00528,2025-10-01,1,0.0,0.55
CUST_00531,2025-11-01,1,1.0,0.35
CUST_00531,2025-12-01,1,1.0,0.35
CUST_00532,2025-07-01,1,0.0,0.35
CUST_00532,2025-12-01,1,0.0,0.39
CUST_00533,2024-07-01,1,1.0,0.61
CUST_00533,2024-08-01,1,0.0,0.55
CUST_00533,2024-10-01,1,1.0,0.66
CUST_00533,2024-12-01,1,1.0,0.55
CUST_00533,2025-01-01,1,0.0,0.55
CUST_00533,2025-04-01,1,1.0,0.61
CUST_00533,2025-07-01,1,1.0,0.55
CUST_00533,2025-10-01,1,1.0,0.55
CUST_00533,2025-12-01,1,1.0,0.55
CUST_00534,2025-05-01,1,0.0,0.35
CUST_00535,2024-07-01,1,1.0,0.35
CUST_00535,2024-09-01,1,0.0,0.35
CUST_00535,2025-11-01,1,0.0,0.35
CUST_00537,2025-02-01,1,1.0,0.55
CUST_00537,2025-04-01,1,0.0,0.55
CUST_00537,2025-10-01,1,1.0,0.55
CUST_00538,2025-07-01,1,1.0,0.42
CUST_00538,2025-10-01,1,1.0,0.35
CUST_00539,2025-09-01,2,1.0,0.79
CUST_00539,2025-11-01,1,1.0,0.83
CUST_00540,2025-06-01,1,1.0,0.9
CUST_00540,2025-08-01,1,1.0,0.75
CUST_00540,2025-11-01,1,1.0,0.75
CUST_00540,2025-12-01,1,1.0,0.75
CUST_00541,2025-03-01,1,0.0,0.61
CUST_00541,2025-06-01,1,1.0,0.61
CUST_00541,2025-09-01,2,1.0,0.5800000000000001
CUST_00541,2025-11-01,1,1.0,0.55
CUST_00541,2025-12-01,1,0.0,0.55
CUST_00543,2024-12-01,2,0.5,0.37
CUST_00543,2025-02-01,2,0.5,0.35
CUST_00543,2025-08-01,1,0.0,0.39
CUST_00543,2025-10-01,1,0.0,0.35
CUST_00543,2025-11-01,1,0.0,0.42
CUST_00545,2025-09-01,1,1.0,0.75
CUST_00545,2025-11-01,1,0.0,0.75
CUST_00545,2025-12-01,1,0.0,0.83
CUST_00546,2025-10-01,1,0.0,0.61
CUST_00546,2025-12-01,1,1.0,0.55
CUST_00547,2024-05-01,1,0.0,0.35
CUST_00547,2024-07-01,1,1.0,0.39
CUST_00547,2025-09-01,1,0.0,0.35
CUST_00548,2025-09-01,1,0.0,0.55
CUST_00548,2025-10-01,1,0.0,0.55
CUST_00548,2025-12-01,1,0.0,0.55
CUST_00549,2024-09-01,1,0.0,0.35
CUST_00550,2025-02-01,1,0.0,0.35
CUST_00550,2025-08-01,1,0.0,0.35
CUST_00550,2025-10-01,1,0.0,0.35
CUST_00551,2025-11-01,2,1.0,0.79
CUST_00553,2024-10-01,1,0.0,0.35
CUST_00553,2025-05-01,2,1.0,0.35
CUST_00553,2025-07-01,1,0.0,0.35
CUST_00553,2025-11-01,1,0.0,0.35
CUST_00554,2024-11-01,1,1.0,0.83
CUST_00554,2024-12-01,1,1.0,0.75
CUST_00554,2025-02-01,1,0.0,0.75
CUST_00554,2025-06-01,1,1.0,0.75
CUST_00554,2025-07-01,1,1.0,0.75
CUST_00554,2025-10-01,1,0.0,0.9
CUST_00554,2025-12-01,1,1.0,0.9
CUST_00555,2024-07-01,1,1.0,0.75
CUST_00555,2024-10-01,1,1.0,0.75
CUST_00555,2025-02-01,1,1.0,0.83
CUST_00555,2025-05-01,2,0.5,0.75
CUST_00555,2025-11-01,1,1.0,0.75
CUST_00555,2025-12-01,1,1.0,0.83
CUST_00556,2025-09-01,1,1.0,0.39
CUST_00557,2024-03-01,1,1.0,0.66
CUST_00557,2024-04-01,2,0.5,0.55
CUST_00557,2024-08-01,1,1.0,0.55
CUST_00557,2025-02-01,1,1.0,0.55
CUST_00557,2025-03-01,1,0.0,0.55
CUST_00557,2025-06-01,1,1.0,0.55
CUST_00557,2025-08-01,2,1.0,0.5800000000000001
CUST_00557,2025-09-01,2,0.5,0.5800000000000001
CUST_00557,2025-12-01,1,1.0,0.55
CUST_00559,2025-06-01,1,1.0,0.35
CUST_00559,2025-08-01,1,0.0,0.35
CUST_00559,2025-10-01,1,0.0,0.35
CUST_00560,2025-07-01,1,1.0,0.75
CUST_00560,2025-10-01,2,1.0,0.79
CUST_00561,2025-06-01,1,1.0,0.55
CUST_00561,2025-12-01,1,0.0,0.66
CUST_00563,2024-06-01,1,1.0,0.55
CUST_00563,2024-08-01,1,1.0,0.55
CUST_00563,2024-12-01,1,1.0,0.55
CUST_00563,2025-01-01,1,1.0,0.61
CUST_00563,2025-03-01,1,1.0,0.55
CUST_00563,2025-05-01,2,0.5,0.55
CUST_00563,2025-07-01,1,1.0,0.55
CUST_00563,2025-09-01,1,1.0,0.55
CUST_00565,2025-10-01,2,0.5,0.385
CUST_00566,2025-01-01,2,0.0,0.37
CUST_00566,2025-06-01,1,1.0,0.35
CUST_00566,2025-08-01,1,0.0,0.35
CUST_00566,2025-09-01,1,1.0,0.35
CUST_00566,2025-10-01,1,0.0,0.35
CUST_00567,2024-11-01,1,0.0,0.35
CUST_00567,2025-09-01,1,1.0,0.42
CUST_00568,2025-05-01,3,0.6666666666666666,0.55
CUST_00568,2025-09-01,1,0.0,0.55
CUST_00570,2024-10-01,1,1.0,0.83
CUST_00570,2024-11-01,1,1.0,0.75
CUST_00570,2025-03-01,1,0.0,0.83
CUST_00570,2025-04-01,1,1.0,0.83
CUST_00570,2025-06-01,1,1.0,0.9
CUST_00570,2025-08-01,1,0.0,0.75
CUST_00571,2025-06-01,1,1.0,0.66
CUST_00572,2024-09-01,1,1.0,0.35
CUST_00572,2025-01-01,1,0.0,0.39
CUST_00572,2025-06-01,1,0.0,0.35
CUST_00572,2025-07-01,1,1.0,0.35
CUST_00573,2025-06-01,1,0.0,0.42
CUST_00574,2025-07-01,1,0.0,0.35
CUST_00574,2025-11-01,1,1.0,0.35
CUST_00575,2024-03-01,1,0.0,0.55
CUST_00575,2024-04-01,1,1.0,0.55
CUST_00575,2024-09-01,1,1.0,0.55
CUST_00575,2024-12-01,1,1.0,0.61
CUST_00575,2025-07-01,1,1.0,0.61
CUST_00575,2025-08-01,1,1.0,0.61
CUST_00575,2025-10-01,1,0.0,0.55
CUST_00575,2025-11-01,1,1.0,0.66
CUST_00576,2024-11-01,2,0.5,0.825
CUST_00576,2025-01-01,3,0.6666666666666666,0.85
CUST_00576,2025-02-01,1,0.0,0.75
CUST_00576,2025-03-01,1,1.0,0.83
CUST_00576,2025-05-01,3,1.0,0.7766666666666667
CUST_00576,2025-08-01,2,0.5,0.825
CUST_00576,2025-09-01,1,1.0,0.83
CUST_00576,2025-12-01,1,1.0,0.75
CUST_00577,2024-03-01,1,1.0,0.55
CUST_00577,2024-09-01,1,0.0,0.66
CUST_00577,2025-01-01,1,1.0,0.55
CUST_00577,2025-02-01,1,0.0,0.61
CUST_00577,2025-03-01,1,1.0,0.61
CUST_00577,2025-05-01,1,0.0,0.66
CUST_00577,2025-07-01,1,0.0,0.61
CUST_00577,2025-12-01,1,0.0,0.55
CUST_00578,2024-10-01,1,0.0,0.39
CUST_00578,2025-02-01,2,0.0,0.37
CUST_00578,2025-06-01,1,0.0,0.42
CUST_00579,2025-04-01,1,1.0,0.39
CUST_00579,2025-10-01,1,1.0,0.35
CUST_00580,2025-09-01,1,1.0,0.35
CUST_00581,2024-11-01,1,0.0,0.39
CUST_00581,2025-01-01,1,1.0,0.42
CUST_00581,2025-05-01,1,0.0,0.35
CUST_00581,2025-10-01,1,1.0,0.35
CUST_00581,2025-12-01,1,0.0,0.35
CUST_00582,2024-04-01,1,0.0,0.35
CUST_00582,2024-10-01,1,0.0,0.42
CUST_00582,2025-01-01,1,0.0,0.35
CUST_00582,2025-02-01,1,1.0,0.39
CUST_00582,2025-09-01,1,1.0,0.42
CUST_00582,2025-12-01,2,0.0,0.385
CUST_00583,2025-04-01,1,0.0,0.55
CUST_00583,2025-05-01,1,0.0,0.61
CUST_00584,2025-05-01,1,0.0,0.42
CUST_00584,2025-06-01,1,0.0,0.35
CUST_00584,2025-10-01,1,1.0,0.39
CUST_00585,2025-01-01,1,1.0,0.61
CUST_00585,2025-02-01,2,0.5,0.55
CUST_00585,2025-03-01,1,1.0,0.55
CUST_00585,2025-07-01,1,1.0,0.55
CUST_00585,2025-09-01,1,1.0,0.55
CUST_00585,2025-10-01,2,0.5,0.605
CUST_00586,2025-06-01,1,0.0,0.42
CUST_00586,2025-10-01,1,1.0,0.35
CUST_00586,2025-11-01,1,0.0,0.35
CUST_00586,2025-12-01,1,1.0,0.42
CUST_00587,2024-07-01,1,0.0,0.61
CUST_00587,2024-09-01,1,1.0,0.61
CUST_00587,2024-11-01,2,1.0,0.55
CUST_00587,2024-12-01,1,1.0,0.55
CUST_00587,2025-02-01,1,1.0,0.66
CUST_00587,2025-03-01,1,1.0,0.55
CUST_00587,2025-04-01,1,0.0,0.55
CUST_00587,2025-12-01,1,1.0,0.55
CUST_00589,2024-08-01,1,1.0,0.35
CUST_00589,2025-03-01,1,0.0,0.35
CUST_00589,2025-07-01,2,0.5,0.37
CUST_00589,2025-10-01,1,0.0,0.39
CUST_00590,2025-07-01,2,1.0,0.75
CUST_00590,2025-08-01,1,1.0,0.83
CUST_00591,2024-05-01,1,0.0,0.35
CUST_00591,2024-06-01,2,0.5,0.35
CUST_00591,2025-01-01,1,1.0,0.42
CUST_00591,2025-03-01,1,1.0,0.35
CUST_00593,2024-07-01,1,0.0,0.35
CUST_00593,2025-02-01,1,1.0,0.35
CUST_00593,2025-10-01,1,0.0,0.42
CUST_00594,2024-05-01,1,0.0,0.35
CUST_00594,2024-08-01,1,1.0,0.42
CUST_00594,2024-09-01,1,0.0,0.35
CUST_00594,2024-10-01,1,0.0,0.35
CUST_00594,2024-11-01,1,0.0,0.35
CUST_00594,2025-01-01,1,1.0,0.35
CUST_00594,2025-03-01,1,0.0,0.35
CUST_00594,2025-04-01,1,0.0,0.35
CUST_00594,2025-06-01,1,0.0,0.35
CUST_00594,2025-08-01,1,0.0,0.39
CUST_00594,2025-09-01,1,1.0,0.35
CUST_00594,2025-10-01,1,0.0,0.42
CUST_00595,2025-07-01,1,1.0,0.66
CUST_00595,2025-09-01,1,0.0,0.55
CUST_00596,2025-01-01,1,1.0,0.39
CUST_00596,2025-07-01,1,0.0,0.39
CUST_00596,2025-08-01,1,1.0,0.35
CUST_00598,2024-08-01,1,0.0,0.35
CUST_00598,2025-02-01,1,0.0,0.35
CUST_00598,2025-10-01,2,0.5,0.35
CUST_00598,2025-11-01,1,1.0,0.35
CUST_00599,2024-05-01,1,1.0,0.42
CUST_00599,2024-12-01,1,0.0,0.35
CUST_00599,2025-03-01,1,1.0,0.39
CUST_00599,2025-04-01,2,0.0,0.35
CUST_00599,2025-06-01,1,1.0,0.35
CUST_00599,2025-07-01,1,1.0,0.35
CUST_00600,2025-08-01,1,0.0,0.39
CUST_00601,2024-12-01,1,0.0,0.35
CUST_00601,2025-01-01,1,0.0,0.35
CUST_00603,2024-10-01,1,1.0,0.55
CUST_00603,2025-01-01,1,0.0,0.55
CUST_00603,2025-10-01,1,0.0,0.55
CUST_00604,2025-04-01,1,0.0,0.39
CUST_00604,2025-08-01,1,1.0,0.39
CUST_00605,2024-07-01,1,0.0,0.42
CUST_00605,2024-10-01,1,0.0,0.35
CUST_00605,2024-12-01,1,1.0,0.35
CUST_00605,2025-03-01,1,0.0,0.39
CUST_00605,2025-04-01,1,0.0,0.35
CUST_00606,2024-07-01,1,1.0,0.35
CUST_00606,2024-10-01,1,0.0,0.39
CUST_00606,2025-10-01,1,0.0,0.42
CUST_00607,2025-05-01,1,1.0,0.35
CUST_00607,2025-09-01,1,0.0,0.35
CUST_00608,2024-09-01,1,0.0,0.35
CUST_00608,2024-11-01,1,0.0,0.42
CUST_00608,2025-01-01,2,1.0,0.37
CUST_00608,2025-08-01,1,0.0,0.39
CUST_00609,2025-07-01,1,1.0,0.35
CUST_00610,2024-12-01,1,0.0,0.35
CUST_00610,2025-01-01,1,1.0,0.35
CUST_00610,2025-02-01,1,1.0,0.35
CUST_00610,2025-05-01,1,1.0,0.35
CUST_00610,2025-07-01,1,0.0,0.35
CUST_00610,2025-09-01,1,1.0,0.39
CUST_00611,2025-07-01,1,1.0,0.55
CUST_00612,2025-03-01,1,0.0,0.55
CUST_00612,2025-04-01,1,0.0,0.55
CUST_00612,2025-06-01,1,0.0,0.55
CUST_00612,2025-07-01,1,1.0,0.61
CUST_00612,2025-12-01,1,1.0,0.55
CUST_00613,2025-05-01,1,1.0,0.35
CUST_00613,2025-09-01,1,0.0,0.35
CUST_00614,2024-10-01,1,1.0,0.39
CUST_00614,2025-04-01,1,1.0,0.35
CUST_00614,2025-08-01,1,0.0,0.39
CUST_00614,2025-09-01,1,0.0,0.42
CUST_00615,2025-05-01,2,0.5,0.385
CUST_00615,2025-07-01,2,0.0,0.37
CUST_00615,2025-08-01,2,0.5,0.35
CUST_00615,2025-12-01,1,1.0,0.35
CUST_00616,2025-08-01,1,0.0,0.35
CUST_00617,2025-02-01,1,0.0,0.35
CUST_00618,2024-12-01,1,0.0,0.55
CUST_00618,2025-06-01,2,0.5,0.55
CUST_00618,2025-07-01,1,1.0,0.61
CUST_00618,2025-08-01,1,0.0,0.61
CUST_00618,2025-09-01,1,1.0,0.61
CUST_00621,2025-02-01,2,0.5,0.75
CUST_00621,2025-03-01,1,0.0,0.83
CUST_00621,2025-05-01,2,0.5,0.79
CUST_00621,2025-06-01,1,1.0,0.75
CUST_00621,2025-10-01,1,0.0,0.75
CUST_00621,2025-12-01,2,1.0,0.75
CUST_00622,2025-03-01,1,0.0,0.75
CUST_00622,2025-05-01,1,0.0,0.75
CUST_00622,2025-06-01,1,1.0,0.75
CUST_00622,2025-09-01,2,1.0,0.79
CUST_00622,2025-11-01,1,1.0,0.75
CUST_00623,2025-09-01,1,1.0,0.55
CUST_00624,2025-11-01,1,1.0,0.55
CUST_00625,2024-06-01,1,0.0,0.35
CUST_00625,2025-01-01,1,0.0,0.39
CUST_00625,2025-07-01,2,0.0,0.35
CUST_00626,2024-03-01,1,0.0,0.42
CUST_00626,2024-04-01,1,0.0,0.39
CUST_00626,2024-06-01,1,0.0,0.35
CUST_00626,2024-12-01,1,0.0,0.35
CUST_00626,2025-02-01,1,0.0,0.39
CUST_00626,2025-06-01,1,1.0,0.35
CUST_00626,2025-09-01,1,0.0,0.35
CUST_00627,2025-10-01,1,0.0,0.55
CUST_00627,2025-11-01,1,0.0,0.55
CUST_00628,2025-05-01,1,1.0,0.61
CUST_00628,2025-06-01,1,1.0,0.55
CUST_00628,2025-11-01,1,0.0,0.55
CUST_00629,2025-04-01,1,0.0,0.35
CUST_00629,2025-09-01,1,0.0,0.39
CUST_00630,2024-07-01,2,0.0,0.5800000000000001
CUST_00630,2024-08-01,1,1.0,0.66
CUST_00630,2024-11-01,1,1.0,0.55
CUST_00630,2024-12-01,1,1.0,0.55
CUST_00630,2025-05-01,1,1.0,0.61
CUST_00630,2025-07-01,1,1.0,0.61
CUST_00630,2025-08-01,1,0.0,0.55
CUST_00630,2025-11-01,2,0.5,0.5800000000000001
CUST_00631,2025-03-01,1,1.0,0.35
CUST_00631,2025-04-01,1,0.0,0.35
CUST_00631,2025-06-01,1,1.0,0.35
CUST_00631,2025-08-01,1,0.0,0.42
CUST_00632,2024-06-01,1,0.0,0.42
CUST_00632,2024-12-01,2,0.0,0.37
CUST_00632,2025-03-01,1,0.0,0.39
CUST_00632,2025-11-01,1,1.0,0.35
CUST_00633,2025-05-01,1,1.0,0.75
CUST_00633,2025-06-01,1,1.0,0.75
CUST_00633,2025-07-01,1,1.0,0.75
CUST_00633,2025-08-01,2,0.5,0.79
CUST_00633,2025-11-01,1,1.0,0.75
CUST_00633,2025-12-01,1,1.0,0.75
CUST_00635,2025-11-01,1,0.0,0.39
CUST_00635,2025-12-01,1,0.0,0.35
CUST_00637,2025-08-01,1,1.0,0.75
CUST_00637,2025-11-01,1,0.0,0.9
CUST_00638,2025-12-01,1,0.0,0.35
CUST_00639,2024-07-01,1,0.0,0.35
CUST_00639,2024-10-01,1,0.0,0.39
CUST_00639,2024-11-01,1,0.0,0.39
CUST_00639,2024-12-01,1,0.0,0.35
CUST_00640,2025-07-01,1,0.0,0.35
CUST_00641,2024-11-01,1,0.0,0.61
CUST_00641,2025-01-01,2,1.0,0.55
CUST_00641,2025-07-01,1,0.0,0.66
CUST_00641,2025-09-01,2,1.0,0.55
CUST_00641,2025-11-01,1,0.0,0.55
CUST_00642,2024-05-01,1,1.0,0.35
CUST_00642,2024-06-01,1,1.0,0.35
CUST_00642,2025-05-01,1,1.0,0.35
CUST_00642,2025-10-01,1,0.0,0.39
CUST_00643,2024-10-01,1,1.0,0.35
CUST_00643,2025-04-01,2,0.0,0.37
CUST_00643,2025-05-01,1,0.0,0.35
CUST_00643,2025-09-01,1,0.0,0.35
CUST_00644,2025-05-01,1,0.0,0.39
CUST_00644,2025-08-01,1,0.0,0.35
CUST_00644,2025-11-01,1,1.0,0.35
CUST_00645,2024-09-01,1,0.0,0.39
CUST_00645,2025-04-01,1,0.0,0.39
CUST_00645,2025-08-01,1,0.0,0.35
CUST_00646,2025-02-01,1,1.0,0.83
CUST_00646,2025-03-01,1,1.0,0.75
CUST_00646,2025-11-01,1,0.0,0.75
CUST_00646,2025-12-01,1,1.0,0.75
CUST_00647,2024-04-01,1,1.0,0.55
CUST_00647,2024-06-01,1,0.0,0.55
CUST_00647,2024-12-01,1,1.0,0.55
CUST_00647,2025-02-01,1,1.0,0.55
CUST_00647,2025-03-01,1,1.0,0.55
CUST_00647,2025-09-01,1,1.0,0.55
CUST_00648,2025-04-01,1,1.0,0.35
CUST_00649,2025-01-01,1,1.0,0.42
CUST_00649,2025-02-01,1,0.0,0.39
CUST_00649,2025-08-01,1,0.0,0.35
CUST_00649,2025-10-01,1,0.0,0.42
CUST_00649,2025-11-01,1,1.0,0.42
CUST_00650,2024-12-01,1,0.0,0.39
CUST_00650,2025-07-01,1,1.0,0.35
CUST_00651,2025-01-01,1,1.0,0.66
CUST_00651,2025-03-01,1,0.0,0.55
CUST_00651,2025-06-01,1,0.0,0.55
CUST_00651,2025-08-01,1,1.0,0.61
CUST_00651,2025-09-01,2,1.0,0.5800000000000001
CUST_00652,2024-12-01,1,0.0,0.61
CUST_00652,2025-02-01,2,1.0,0.605
CUST_00652,2025-03-01,1,1.0,0.61
CUST_00652,2025-04-01,1,1.0,0.55
CUST_00652,2025-10-01,1,1.0,0.55
CUST_00653,2025-04-01,1,1.0,0.35
CUST_00653,2025-10-01,1,0.0,0.35
CUST_00655,2024-12-01,1,1.0,0.61
CUST_00655,2025-09-01,2,0.5,0.5800000000000001
CUST_00655,2025-12-01,2,0.5,0.55
CUST_00656,2025-05-01,2,0.5,0.55
CUST_00656,2025-08-01,1,1.0,0.55
CUST_00656,2025-10-01,1,1.0,0.55
CUST_00656,2025-11-01,1,1.0,0.66
CUST_00657,2025-01-01,2,0.0,0.385
CUST_00657,2025-02-01,1,1.0,0.35
CUST_00657,2025-09-01,1,1.0,0.39
CUST_00657,2025-12-01,1,1.0,0.35
CUST_00658,2025-11-01,1,0.0,0.55
CUST_00659,2025-05-01,1,0.0,0.35
CUST_00660,2025-08-01,1,0.0,0.55
CUST_00660,2025-10-01,1,0.0,0.55
CUST_00660,2025-12-01,1,1.0,0.55
CUST_00662,2025-05-01,1,1.0,0.42
CUST_00662,2025-10-01,1,0.0,0.35
CUST_00663,2025-11-01,2,1.0,0.35
CUST_00663,2025-12-01,1,0.0,0.35
CUST_00664,2025-02-01,1,1.0,0.55
CUST_00664,2025-05-01,1,1.0,0.61
CUST_00664,2025-10-01,1,1.0,0.55
CUST_00664,2025-12-01,1,0.0,0.55
CUST_00666,2025-11-01,1,0.0,0.39
CUST_00667,2024-10-01,2,0.5,0.55
CUST_00667,2025-01-01,1,0.0,0.55
CUST_00668,2025-06-01,2,0.5,0.37
CUST_00668,2025-08-01,2,1.0,0.35
CUST_00668,2025-10-01,1,1.0,0.35
CUST_00669,2024-03-01,1,0.0,0.35
CUST_00669,2024-09-01,1,0.0,0.42
CUST_00669,2025-01-01,2,0.0,0.35
CUST_00669,2025-04-01,1,0.0,0.35
CUST_00669,2025-08-01,1,0.0,0.35
CUST_00670,2025-12-01,1,1.0,0.55
CUST_00671,2025-04-01,3,1.0,0.8266666666666667
CUST_00671,2025-07-01,1,0.0,0.75
CUST_00671,2025-08-01,1,1.0,0.9
CUST_00671,2025-10-01,1,1.0,0.75
CUST_00671,2025-12-01,1,1.0,0.83
CUST_00672,2025-09-01,1,1.0,0.39
CUST_00672,2025-11-01,1,0.0,0.35
CUST_00672,2025-12-01,2,0.5,0.35
CUST_00673,2025-05-01,1,1.0,0.61
CUST_00673,2025-09-01,1,1.0,0.55
CUST_00673,2025-10-01,1,1.0,0.55
CUST_00675,2025-07-01,1,1.0,0.35
CUST_00675,2025-08-01,1,0.0,0.35
CUST_00675,2025-11-01,1,0.0,0.35
CUST_00675,2025-12-01,1,0.0,0.35
CUST_00678,2024-10-01,1,0.0,0.39
CUST_00678,2024-11-01,1,1.0,0.39
CUST_00678,2025-02-01,1,0.0,0.42
CUST_00678,2025-06-01,1,1.0,0.35
CUST_00678,2025-08-01,1,0.0,0.39
CUST_00680,2025-10-01,1,0.0,0.75
CUST_00680,2025-12-01,1,1.0,0.75
CUST_00683,2024-10-01,1,1.0,0.55
CUST_00683,2025-01-01,1,1.0,0.66
CUST_00683,2025-02-01,1,0.0,0.61
CUST_00683,2025-03-01,1,1.0,0.55
CUST_00683,2025-04-01,1,0.0,0.55
CUST_00683,2025-06-01,1,1.0,0.55
CUST_00683,2025-09-01,1,0.0,0.55
CUST_00684,2025-09-01,1,0.0,0.42
CUST_00684,2025-12-01,1,0.0,0.35
CUST_00685,2025-07-01,1,1.0,0.35
CUST_00685,2025-09-01,1,1.0,0.35
CUST_00686,2025-03-01,1,0.0,0.55
CUST_00686,2025-04-01,1,1.0,0.61
CUST_00686,2025-06-01,1,0.0,0.61
CUST_00686,2025-09-01,1,1.0,0.66
CUST_00687,2024-05-01,1,1.0,0.55
CUST_00687,2024-07-01,1,1.0,0.66
CUST_00687,2025-01-01,1,0.0,0.66
CUST_00687,2025-02-01,2,0.0,0.55
CUST_00687,2025-06-01,1,1.0,0.55
CUST_00687,2025-10-01,1,0.0,0.66
CUST_00687,2025-12-01,1,0.0,0.55
CUST_00688,2024-01-01,1,1.0,0.35
CUST_00688,2024-02-01,2,1.0,0.35
CUST_00688,2024-05-01,1,0.0,0.35
CUST_00688,2024-07-01,1,0.0,0.42
CUST_00688,2025-01-01,1,1.0,0.35
CUST_00688,2025-04-01,3,0.3333333333333333,0.39666666666666667
CUST_00688,2025-06-01,1,0.0,0.35
CUST_00688,2025-12-01,1,0.0,0.42
CUST_00690,2025-02-01,2,0.0,0.37
CUST_00690,2025-05-01,1,0.0,0.35
CUST_00690,2025-12-01,1,0.0,0.39
CUST_00691,2025-07-01,1,1.0,0.35
CUST_00691,2025-08-01,2,0.5,0.35
CUST_00691,2025-10-01,1,0.0,0.35
CUST_00692,2024-10-01,2,0.5,0.55
CUST_00692,2024-11-01,3,0.6666666666666666,0.55
CUST_00692,2024-12-01,3,0.0,0.55
CUST_00692,2025-01-01,1,0.0,0.66
CUST_00692,2025-03-01,1,1.0,0.61
CUST_00692,2025-07-01,1,1.0,0.55
CUST_00692,2025-08-01,1,0.0,0.55
CUST_00692,2025-09-01,1,1.0,0.55
CUST_00693,2024-08-01,2,1.0,0.79
CUST_00693,2024-09-01,1,1.0,0.75
CUST_00693,2024-12-01,1,0.0,0.75
CUST_00693,2025-08-01,1,1.0,0.75
CUST_00694,2024-08-01,1,1.0,0.75
CUST_00694,2024-11-01,1,1.0,0.75
CUST_00694,2025-04-01,1,1.0,0.75
CUST_00694,2025-08-01,2,1.0,0.75
CUST_00694,2025-09-01,1,1.0,0.75
CUST_00695,2025-06-01,1,0.0,0.35
CUST_00695,2025-07-01,1,0.0,0.35
CUST_00695,2025-08-01,1,1.0,0.35
CUST_00696,2025-09-01,1,1.0,0.35
CUST_00698,2024-05-01,1,0.0,0.35
CUST_00698,2024-09-01,1,0.0,0.35
CUST_00698,2024-12-01,2,0.0,0.35
CUST_00698,2025-01-01,1,0.0,0.42
CUST_00698,2025-10-01,1,0.0,0.42
CUST_00699,2024-03-01,1,1.0,0.35
CUST_00699,2024-10-01,1,0.0,0.39
CUST_00699,2024-11-01,1,0.0,0.42
CUST_00699,2025-08-01,1,0.0,0.35
CUST_00700,2025-04-01,1,0.0,0.35
CUST_00700,2025-06-01,1,1.0,0.35
CUST_00700,2025-07-01,1,0.0,0.39
CUST_00700,2025-10-01,1,0.0,0.35
CUST_00701,2024-11-01,2,1.0,0.405
CUST_00701,2024-12-01,1,0.0,0.35
CUST_00701,2025-12-01,1,1.0,0.42
CUST_00702,2024-06-01,1,1.0,0.39
CUST_00702,2024-11-01,1,1.0,0.35
CUST_00702,2024-12-01,1,0.0,0.35
CUST_00702,2025-01-01,1,0.0,0.39
CUST_00702,2025-02-01,1,0.0,0.35
CUST_00702,2025-03-01,2,0.5,0.37
CUST_00702,2025-04-01,1,0.0,0.35
CUST_00704,2024-04-01,1,0.0,0.39
CUST_00704,2024-08-01,1,0.0,0.35
CUST_00705,2025-05-01,1,0.0,0.55
CUST_00705,2025-06-01,2,0.5,0.605
CUST_00705,2025-09-01,1,1.0,0.61
CUST_00705,2025-10-01,2,0.5,0.55
CUST_00705,2025-12-01,1,0.0,0.55
CUST_00706,2024-05-01,2,0.0,0.35
CUST_00706,2024-06-01,1,0.0,0.42
CUST_00706,2024-10-01,1,1.0,0.35
CUST_00706,2025-06-01,2,0.5,0.385
CUST_00706,2025-12-01,1,0.0,0.35
CUST_00708,2025-12-01,1,1.0,0.35
CUST_00709,2024-11-01,1,1.0,0.35
CUST_00709,2025-01-01,1,0.0,0.35
CUST_00709,2025-06-01,1,1.0,0.35
CUST_00709,2025-07-01,1,0.0,0.39
CUST_00709,2025-08-01,1,1.0,0.42
CUST_00710,2025-02-01,2,0.0,0.35
CUST_00710,2025-04-01,1,0.0,0.35
CUST_00710,2025-08-01,2,0.5,0.35
CUST_00710,2025-11-01,1,0.0,0.35
CUST_00711,2024-09-01,1,0.0,0.35
CUST_00711,2025-08-01,1,1.0,0.35
CUST_00711,2025-10-01,1,1.0,0.35
CUST_00711,2025-11-01,1,1.0,0.39
CUST_00712,2024-11-01,1,0.0,0.35
CUST_00712,2025-03-01,1,0.0,0.42
CUST_00712,2025-06-01,1,0.0,0.42
CUST_00712,2025-12-01,1,1.0,0.35
CUST_00713,2024-08-01,1,0.0,0.61
CUST_00713,2024-12-01,3,0.3333333333333333,0.57
CUST_00713,2025-04-01,1,0.0,0.55
CUST_00713,2025-10-01,1,1.0,0.61
CUST_00714,2024-10-01,1,0.0,0.35
CUST_00714,2025-01-01,1,1.0,0.35
CUST_00714,2025-06-01,1,0.0,0.39
CUST_00714,2025-10-01,1,0.0,0.39
CUST_00715,2024-06-01,1,0.0,0.42
CUST_00715,2025-09-01,1,1.0,0.35
CUST_00716,2025-01-01,1,1.0,0.35
CUST_00716,2025-03-01,2,0.0,0.37
CUST_00717,2025-01-01,1,0.0,0.35
CUST_00717,2025-06-01,1,1.0,0.39
CUST_00718,2024-06-01,1,1.0,0.9
CUST_00718,2024-07-01,1,1.0,0.83
CUST_00718,2024-11-01,2,1.0,0.75
CUST_00718,2025-03-01,2,0.5,0.75
CUST_00718,2025-05-01,1,1.0,0.83
CUST_00719,2025-03-01,1,0.0,0.35
CUST_00719,2025-05-01,2,0.0,0.35
CUST_00719,2025-09-01,1,0.0,0.35
CUST_00719,2025-11-01,1,0.0,0.39
CUST_00720,2024-11-01,1,1.0,0.75
CUST_00720,2025-08-01,1,1.0,0.75
CUST_00720,2025-09-01,1,1.0,0.83
CUST_00720,2025-10-01,1,1.0,0.75
CUST_00720,2025-11-01,1,0.0,0.83
CUST_00721,2024-07-01,2,1.0,0.37
CUST_00721,2024-08-01,1,0.0,0.35
CUST_00721,2024-10-01,1,1.0,0.35
CUST_00721,2025-02-01,1,0.0,0.39
CUST_00721,2025-05-01,2,0.5,0.37
CUST_00721,2025-09-01,1,0.0,0.35
CUST_00722,2025-02-01,1,0.0,0.35
CUST_00722,2025-10-01,1,0.0,0.35
CUST_00722,2025-11-01,1,1.0,0.35
CUST_00723,2025-04-01,1,1.0,0.75
CUST_00723,2025-06-01,2,0.5,0.79
CUST_00723,2025-11-01,1,1.0,0.75
CUST_00723,2025-12-01,1,0.0,0.75
CUST_00724,2025-06-01,1,0.0,0.39
CUST_00724,2025-10-01,1,0.0,0.35
CUST_00724,2025-11-01,1,0.0,0.39
CUST_00725,2024-04-01,1,0.0,0.75
CUST_00725,2024-05-01,2,0.5,0.79
CUST_00725,2024-08-01,1,1.0,0.9
CUST_00725,2024-10-01,2,1.0,0.79
CUST_00725,2025-01-01,1,1.0,0.75
CUST_00725,2025-04-01,2,0.0,0.75
CUST_00725,2025-10-01,3,0.3333333333333333,0.7766666666666667
CUST_00725,2025-11-01,1,1.0,0.75
CUST_00726,2024-10-01,1,0.0,0.42
CUST_00728,2025-05-01,1,0.0,0.55
CUST_00728,2025-07-01,1,1.0,0.55
CUST_00728,2025-10-01,1,1.0,0.55
CUST_00729,2024-10-01,1,0.0,0.39
CUST_00729,2025-02-01,1,0.0,0.35
CUST_00729,2025-05-01,1,0.0,0.39
CUST_00729,2025-06-01,1,1.0,0.42
CUST_00729,2025-07-01,1,1.0,0.35
CUST_00730,2025-12-01,1,1.0,0.39
CUST_00731,2024-09-01,1,0.0,0.35
CUST_00731,2024-10-01,1,0.0,0.35
CUST_00731,2025-10-01,1,0.0,0.35
CUST_00732,2025-12-01,1,1.0,0.75
CUST_00733,2025-07-01,1,0.0,0.55
CUST_00733,2025-10-01,1,1.0,0.55
CUST_00734,2024-08-01,1,1.0,0.75
CUST_00734,2024-10-01,1,1.0,0.75
CUST_00734,2024-11-01,1,0.0,0.75
CUST_00734,2024-12-01,1,1.0,0.75
CUST_00734,2025-03-01,2,0.5,0.75
CUST_00734,2025-04-01,1,1.0,0.75
CUST_00734,2025-05-01,1,0.0,0.75
CUST_00734,2025-06-01,1,1.0,0.83
CUST_00734,2025-11-01,3,0.6666666666666666,0.8033333333333333
CUST_00735,2025-07-01,1,0.0,0.39
CUST_00735,2025-09-01,1,1.0,0.35
CUST_00736,2025-07-01,3,1.0,0.8266666666666667
CUST_00736,2025-10-01,1,1.0,0.75
CUST_00736,2025-11-01,1,0.0,0.75
CUST_00736,2025-12-01,2,0.5,0.79
CUST_00737,2024-10-01,1,0.0,0.55
CUST_00737,2025-05-01,1,1.0,0.55
CUST_00737,2025-07-01,1,0.0,0.55
CUST_00737,2025-09-01,1,1.0,0.61
CUST_00737,2025-10-01,1,1.0,0.61
CUST_00737,2025-12-01,1,1.0,0.55
CUST_00738,2024-08-01,1,1.0,0.55
CUST_00738,2024-10-01,2,1.0,0.55
CUST_00738,2024-11-01,1,1.0,0.61
CUST_00738,2024-12-01,1,0.0,0.55
CUST_00738,2025-02-01,1,0.0,0.55
CUST_00738,2025-03-01,1,0.0,0.66
CUST_00738,2025-06-01,1,1.0,0.55
CUST_00738,2025-08-01,1,1.0,0.55
CUST_00738,2025-09-01,1,0.0,0.55
CUST_00738,2025-11-01,1,1.0,0.61
CUST_00738,2025-12-01,1,0.0,0.61
CUST_00739,2025-07-01,1,1.0,0.39
CUST_00739,2025-08-01,1,0.0,0.42
CUST_00739,2025-11-01,1,1.0,0.35
CUST_00739,2025-12-01,1,0.0,0.35
CUST_00740,2024-06-01,1,1.0,0.35
CUST_00740,2024-10-01,1,0.0,0.35
CUST_00740,2025-04-01,1,0.0,0.35
CUST_00742,2025-08-01,2,0.5,0.5800000000000001
CUST_00742,2025-09-01,2,0.5,0.55
CUST_00743,2025-03-01,2,1.0,0.5800000000000001
CUST_00743,2025-04-01,1,0.0,0.55
CUST_00743,2025-08-01,1,1.0,0.66
CUST_00743,2025-09-01,2,0.5,0.55
CUST_00743,2025-11-01,1,0.0,0.55
CUST_00744,2024-05-01,1,0.0,0.35
CUST_00744,2024-10-01,1,1.0,0.35
CUST_00744,2025-04-01,1,0.0,0.35
CUST_00744,2025-05-01,1,1.0,0.35
CUST_00747,2025-01-01,1,0.0,0.35
CUST_00747,2025-05-01,1,0.0,0.35
CUST_00747,2025-08-01,1,0.0,0.42
CUST_00748,2025-10-01,1,1.0,0.35
CUST_00749,2024-12-01,1,0.0,0.39
CUST_00749,2025-05-01,1,0.0,0.35
CUST_00751,2025-05-01,1,0.0,0.35
CUST_00752,2025-10-01,1,1.0,0.55
CUST_00752,2025-12-01,2,1.0,0.55
CUST_00753,2025-03-01,2,0.5,0.55
CUST_00753,2025-06-01,1,1.0,0.55
CUST_00753,2025-07-01,1,1.0,0.55
CUST_00753,2025-08-01,1,0.0,0.55
CUST_00753,2025-10-01,1,1.0,0.55
CUST_00755,2025-07-01,2,0.5,0.37
CUST_00755,2025-08-01,1,0.0,0.35
CUST_00755,2025-11-01,1,0.0,0.35
CUST_00756,2025-06-01,1,0.0,0.35
CUST_00756,2025-11-01,2,0.0,0.35
CUST_00757,2024-06-01,1,1.0,0.35
CUST_00757,2024-07-01,1,0.0,0.35
CUST_00757,2024-08-01,1,1.0,0.35
CUST_00757,2024-10-01,1,1.0,0.39
CUST_00757,2025-09-01,1,0.0,0.39
CUST_00758,2024-01-01,1,1.0,0.9
CUST_00758,2024-03-01,1,1.0,0.75
CUST_00758,2024-07-01,2,0.5,0.75
CUST_00758,2024-08-01,2,0.5,0.79
CUST_00758,2024-11-01,1,1.0,0.75
CUST_00758,2025-02-01,3,0.6666666666666666,0.7766666666666667
CUST_00758,2025-04-01,1,1.0,0.75
CUST_00758,2025-05-01,1,1.0,0.75
CUST_00758,2025-12-01,1,0.0,0.75
CUST_00759,2025-02-01,1,1.0,0.61
CUST_00759,2025-04-01,1,1.0,0.55
CUST_00759,2025-06-01,1,1.0,0.66
CUST_00760,2025-09-01,2,1.0,0.75
CUST_00760,2025-10-01,2,1.0,0.75
CUST_00760,2025-11-01,1,1.0,0.83
CUST_00760,2025-12-01,2,1.0,0.825
CUST_00762,2025-02-01,1,1.0,0.35
CUST_00762,2025-06-01,1,0.0,0.39
CUST_00762,2025-09-01,1,1.0,0.35
CUST_00762,2025-11-01,1,0.0,0.39
CUST_00763,2024-12-01,1,0.0,0.35
CUST_00763,2025-07-01,1,0.0,0.35
CUST_00764,2025-01-01,1,0.0,0.35
CUST_00764,2025-06-01,2,0.0,0.35
CUST_00764,2025-08-01,1,0.0,0.35
CUST_00765,2024-09-01,2,0.5,0.605
CUST_00765,2024-10-01,1,1.0,0.55
CUST_00765,2025-01-01,1,0.0,0.55
CUST_00765,2025-02-01,1,1.0,0.61
CUST_00765,2025-04-01,1,0.0,0.55
CUST_00765,2025-07-01,2,0.5,0.55
CUST_00766,2025-08-01,1,1.0,0.75
CUST_00766,2025-09-01,1,1.0,0.75
CUST_00766,2025-11-01,1,1.0,0.75
CUST_00767,2025-04-01,1,1.0,0.35
CUST_00767,2025-08-01,1,1.0,0.35
CUST_00767,2025-09-01,1,0.0,0.35
CUST_00767,2025-10-01,1,0.0,0.35
CUST_00768,2024-06-01,1,1.0,0.83
CUST_00768,2024-08-01,2,0.5,0.75
CUST_00768,2024-10-01,1,1.0,0.75
CUST_00768,2024-11-01,1,1.0,0.9
CUST_00768,2025-01-01,1,1.0,0.83
CUST_00768,2025-02-01,1,1.0,0.75
CUST_00768,2025-03-01,1,0.0,0.75
CUST_00768,2025-04-01,1,1.0,0.75
CUST_00768,2025-09-01,2,1.0,0.75
CUST_00768,2025-11-01,1,0.0,0.75
CUST_00768,2025-12-01,1,1.0,0.83
CUST_00770,2025-03-01,1,0.0,0.35
CUST_00770,2025-05-01,1,1.0,0.39
CUST_00770,2025-10-01,1,0.0,0.35
CUST_00770,2025-12-01,1,0.0,0.35
CUST_00771,2025-01-01,1,0.0,0.35
CUST_00771,2025-02-01,1,1.0,0.35
CUST_00771,2025-04-01,1,0.0,0.35
CUST_00771,2025-09-01,1,1.0,0.35
CUST_00771,2025-10-01,1,0.0,0.35
CUST_00771,2025-11-01,1,0.0,0.35
CUST_00772,2025-01-01,1,0.0,0.35
CUST_00772,2025-09-01,1,1.0,0.35
CUST_00773,2025-05-01,1,1.0,0.61
CUST_00773,2025-07-01,1,1.0,0.61
CUST_00774,2025-07-01,1,1.0,0.83
CUST_00774,2025-12-01,1,1.0,0.83
CUST_00776,2024-11-01,1,0.0,0.35
CUST_00776,2025-02-01,1,1.0,0.35
CUST_00777,2025-09-01,1,0.0,0.35
CUST_00777,2025-12-01,1,0.0,0.35
CUST_00778,2024-10-01,1,1.0,0.35
CUST_00778,2025-10-01,1,1.0,0.35
CUST_00779,2024-10-01,1,0.0,0.75
CUST_00779,2024-11-01,2,0.5,0.75
CUST_00779,2025-01-01,1,1.0,0.75
CUST_00779,2025-03-01,2,1.0,0.79
CUST_00779,2025-05-01,3,0.6666666666666666,0.75
CUST_00779,2025-07-01,1,1.0,0.75
CUST_00779,2025-12-01,2,1.0,0.79
CUST_00780,2025-08-01,2,0.5,0.35
CUST_00780,2025-12-01,1,0.0,0.35
CUST_00782,2025-12-01,2,0.5,0.37
CUST_00783,2024-08-01,1,1.0,0.61
CUST_00783,2024-10-01,1,1.0,0.61
CUST_00783,2024-12-01,1,0.0,0.55
CUST_00783,2025-05-01,3,0.6666666666666666,0.59
CUST_00783,2025-07-01,1,1.0,0.55
CUST_00783,2025-10-01,1,0.0,0.55
CUST_00784,2025-09-01,1,0.0,0.75
CUST_00784,2025-11-01,2,1.0,0.825
CUST_00786,2025-06-01,1,0.0,0.35
CUST_00786,2025-08-01,1,1.0,0.35
CUST_00786,2025-09-01,1,0.0,0.35
CUST_00786,2025-11-01,1,1.0,0.35
CUST_00787,2024-03-01,1,1.0,0.55
CUST_00787,2025-04-01,1,1.0,0.55
CUST_00787,2025-06-01,1,1.0,0.55
CUST_00787,2025-07-01,1,1.0,0.55
CUST_00787,2025-12-01,1,1.0,0.66
CUST_00788,2025-01-01,1,1.0,0.35
CUST_00788,2025-07-01,1,0.0,0.35
CUST_00788,2025-12-01,1,0.0,0.35
CUST_00789,2025-01-01,1,0.0,0.39
CUST_00789,2025-06-01,1,1.0,0.39
CUST_00789,2025-08-01,1,0.0,0.35
CUST_00790,2025-09-01,1,0.0,0.35
CUST_00790,2025-10-01,1,1.0,0.35
CUST_00792,2025-11-01,1,0.0,0.35
CUST_00793,2024-12-01,2,0.5,0.385
CUST_00793,2025-02-01,1,0.0,0.35
CUST_00793,2025-04-01,1,0.0,0.35
CUST_00793,2025-11-01,1,0.0,0.39
CUST_00794,2024-08-01,1,1.0,0.39
CUST_00794,2025-04-01,1,0.0,0.39
CUST_00794,2025-06-01,1,1.0,0.42
CUST_00795,2025-01-01,1,0.0,0.83
CUST_00795,2025-04-01,1,1.0,0.75
CUST_00795,2025-06-01,1,1.0,0.75
CUST_00795,2025-07-01,1,1.0,0.75
CUST_00795,2025-09-01,2,1.0,0.75
CUST_00795,2025-11-01,1,1.0,0.75
CUST_00795,2025-12-01,2,1.0,0.75
CUST_00796,2024-08-01,1,0.0,0.35
CUST_00796,2024-09-01,1,0.0,0.35
CUST_00796,2025-08-01,1,0.0,0.35
CUST_00796,2025-11-01,1,0.0,0.35
CUST_00797,2024-04-01,1,0.0,0.39
CUST_00797,2024-11-01,1,0.0,0.35
CUST_00797,2025-07-01,1,0.0,0.35
CUST_00797,2025-09-01,1,0.0,0.35
CUST_00798,2025-02-01,1,0.0,0.35
CUST_00798,2025-04-01,1,0.0,0.39
CUST_00798,2025-06-01,1,1.0,0.42
CUST_00798,2025-11-01,1,0.0,0.35
CUST_00800,2024-06-01,1,0.0,0.35
CUST_00800,2025-06-01,3,0.6666666666666666,0.3499999999999999
CUST_00800,2025-08-01,2,0.5,0.35
CUST_00801,2024-08-01,1,1.0,0.39
CUST_00801,2024-11-01,1,1.0,0.35
CUST_00801,2024-12-01,1,0.0,0.42
CUST_00801,2025-05-01,1,0.0,0.39
CUST_00803,2024-12-01,1,1.0,0.35
CUST_00804,2025-10-01,1,1.0,0.35
CUST_00805,2025-02-01,1,1.0,0.35
CUST_00805,2025-03-01,1,1.0,0.35
CUST_00805,2025-05-01,1,0.0,0.39
CUST_00805,2025-06-01,1,0.0,0.35
CUST_00805,2025-07-01,1,0.0,0.39
CUST_00806,2025-09-01,1,0.0,0.35
CUST_00806,2025-11-01,1,0.0,0.39
CUST_00809,2025-08-01,1,1.0,0.75
CUST_00809,2025-09-01,1,1.0,0.9
CUST_00809,2025-11-01,1,1.0,0.75
CUST_00809,2025-12-01,2,1.0,0.79
CUST_00811,2024-08-01,1,0.0,0.35
CUST_00811,2025-01-01,1,0.0,0.35
CUST_00811,2025-04-01,1,0.0,0.35
CUST_00811,2025-05-01,1,0.0,0.35
CUST_00811,2025-06-01,1,0.0,0.35
CUST_00811,2025-11-01,1,0.0,0.39
CUST_00812,2025-02-01,1,1.0,0.55
CUST_00812,2025-05-01,1,0.0,0.55
CUST_00812,2025-07-01,1,0.0,0.55
CUST_00812,2025-09-01,2,0.5,0.5800000000000001
CUST_00813,2025-08-01,1,0.0,0.35
CUST_00813,2025-12-01,1,0.0,0.39
CUST_00814,2025-04-01,1,0.0,0.35
CUST_00814,2025-05-01,1,0.0,0.39
CUST_00814,2025-07-01,1,0.0,0.35
CUST_00815,2025-06-01,1,1.0,0.66
CUST_00815,2025-08-01,2,1.0,0.605
CUST_00815,2025-10-01,1,1.0,0.66
CUST_00815,2025-12-01,1,1.0,0.55
CUST_00816,2025-02-01,1,1.0,0.55
CUST_00816,2025-04-01,1,0.0,0.55
CUST_00816,2025-07-01,1,0.0,0.61
CUST_00816,2025-08-01,1,0.0,0.55
CUST_00816,2025-09-01,1,1.0,0.55
CUST_00817,2025-02-01,1,1.0,0.61
CUST_00817,2025-09-01,1,1.0,0.55
CUST_00818,2025-03-01,1,0.0,0.66
CUST_00818,2025-06-01,1,1.0,0.55
CUST_00818,2025-07-01,1,1.0,0.61
CUST_00818,2025-12-01,1,0.0,0.55
CUST_00819,2025-02-01,1,0.0,0.61
CUST_00819,2025-09-01,1,0.0,0.61
CUST_00819,2025-10-01,1,0.0,0.55
CUST_00820,2025-12-01,1,1.0,0.35
CUST_00821,2024-10-01,2,0.0,0.35
CUST_00821,2024-11-01,1,0.0,0.39
CUST_00821,2025-08-01,1,1.0,0.35
CUST_00822,2024-03-01,1,1.0,0.75
CUST_00822,2024-06-01,1,1.0,0.75
CUST_00822,2024-08-01,1,0.0,0.83
CUST_00822,2024-10-01,1,1.0,0.83
CUST_00822,2025-02-01,1,1.0,0.75
CUST_00822,2025-04-01,1,0.0,0.75
CUST_00822,2025-08-01,1,0.0,0.75
CUST_00822,2025-10-01,1,0.0,0.75
CUST_00823,2024-09-01,1,1.0,0.42
CUST_00823,2024-10-01,1,0.0,0.35
CUST_00823,2024-11-01,1,0.0,0.35
CUST_00823,2024-12-01,1,1.0,0.39
CUST_00823,2025-01-01,1,0.0,0.39
CUST_00823,2025-03-01,1,0.0,0.39
CUST_00823,2025-06-01,2,0.5,0.37
CUST_00824,2024-10-01,2,0.5,0.39
CUST_00826,2025-05-01,1,1.0,0.35
CUST_00826,2025-09-01,1,0.0,0.42
CUST_00826,2025-12-01,1,1.0,0.39
CUST_00827,2024-09-01,1,0.0,0.55
CUST_00827,2025-03-01,1,1.0,0.66
CUST_00827,2025-06-01,1,0.0,0.55
CUST_00828,2025-05-01,1,0.0,0.35
CUST_00828,2025-12-01,2,0.5,0.35
CUST_00829,2025-04-01,2,1.0,0.385
CUST_00830,2024-07-01,1,0.0,0.42
CUST_00830,2024-09-01,1,0.0,0.39
CUST_00830,2025-06-01,1,0.0,0.35
CUST_00830,2025-10-01,1,1.0,0.35
CUST_00831,2025-10-01,1,0.0,0.35
CUST_00831,2025-11-01,1,1.0,0.39
CUST_00831,2025-12-01,1,0.0,0.35
CUST_00832,2024-08-01,1,1.0,0.83
CUST_00832,2024-10-01,1,0.0,0.75
CUST_00832,2025-01-01,3,1.0,0.7766666666666667
CUST_00832,2025-02-01,1,0.0,0.83
CUST_00832,2025-03-01,1,1.0,0.83
CUST_00832,2025-07-01,1,0.0,0.75
CUST_00832,2025-08-01,1,1.0,0.83
CUST_00832,2025-10-01,1,0.0,0.75
CUST_00832,2025-11-01,1,1.0,0.75
CUST_00834,2025-12-01,2,0.5,0.39
CUST_00835,2024-10-01,2,1.0,0.5800000000000001
CUST_00835,2024-12-01,1,1.0,0.61
CUST_00835,2025-09-01,1,1.0,0.55
CUST_00835,2025-11-01,2,1.0,0.605
CUST_00836,2024-05-01,4,0.75,0.8075
CUST_00836,2024-06-01,1,1.0,0.75
CUST_00836,2024-11-01,1,1.0,0.75
CUST_00836,2024-12-01,1,1.0,0.83
CUST_00836,2025-01-01,1,1.0,0.75
CUST_00836,2025-03-01,1,1.0,0.75
CUST_00836,2025-04-01,1,1.0,0.75
CUST_00836,2025-09-01,1,1.0,0.75
CUST_00836,2025-11-01,1,1.0,0.75
CUST_00837,2025-07-01,1,1.0,0.42
CUST_00838,2025-04-01,1,1.0,0.35
CUST_00839,2025-12-01,1,0.0,0.35
CUST_00840,2025-03-01,1,1.0,0.35
CUST_00840,2025-09-01,1,0.0,0.35
CUST_00840,2025-11-01,1,0.0,0.39
CUST_00841,2024-12-01,1,0.0,0.66
CUST_00841,2025-01-01,1,0.0,0.55
CUST_00842,2025-04-01,1,1.0,0.35
CUST_00842,2025-11-01,1,0.0,0.35
CUST_00843,2025-11-01,1,1.0,0.35
CUST_00843,2025-12-01,1,0.0,0.35
CUST_00844,2025-04-01,1,0.0,0.55
CUST_00844,2025-05-01,1,1.0,0.61
CUST_00844,2025-06-01,1,0.0,0.55
CUST_00844,2025-07-01,1,0.0,0.55
CUST_00845,2025-07-01,1,0.0,0.35
CUST_00845,2025-11-01,1,1.0,0.39
CUST_00846,2025-01-01,1,0.0,0.35
CUST_00846,2025-05-01,2,0.0,0.39
CUST_00847,2025-01-01,1,0.0,0.35
CUST_00847,2025-05-01,1,1.0,0.35
CUST_00847,2025-08-01,1,0.0,0.42
CUST_00847,2025-09-01,1,0.0,0.39
CUST_00847,2025-12-01,1,0.0,0.39
CUST_00848,2024-12-01,1,1.0,0.35
CUST_00848,2025-03-01,1,0.0,0.35
CUST_00848,2025-04-01,1,0.0,0.35
CUST_00848,2025-12-01,1,1.0,0.39
CUST_00849,2024-11-01,1,1.0,0.39
CUST_00849,2025-04-01,1,0.0,0.35
CUST_00849,2025-06-01,1,1.0,0.35
CUST_00849,2025-09-01,1,0.0,0.35
CUST_00849,2025-10-01,1,1.0,0.35
CUST_00851,2025-02-01,1,1.0,0.55
CUST_00851,2025-03-01,1,0.0,0.55
CUST_00851,2025-04-01,1,1.0,0.55
CUST_00851,2025-07-01,1,0.0,0.55
CUST_00851,2025-08-01,1,1.0,0.55
CUST_00852,2025-09-01,1,1.0,0.75
CUST_00853,2025-10-01,1,1.0,0.55
CUST_00853,2025-12-01,1,1.0,0.55
CUST_00854,2025-07-01,1,1.0,0.39
CUST_00854,2025-09-01,1,0.0,0.35
CUST_00854,2025-12-01,1,1.0,0.35
CUST_00856,2025-05-01,1,0.0,0.35
CUST_00857,2024-08-01,1,1.0,0.55
CUST_00857,2024-10-01,1,1.0,0.61
CUST_00857,2024-12-01,1,0.0,0.61
CUST_00857,2025-01-01,1,0.0,0.55
CUST_00857,2025-05-01,1,0.0,0.55
CUST_00857,2025-06-01,1,0.0,0.55
CUST_00857,2025-11-01,2,1.0,0.55
CUST_00858,2024-04-01,1,1.0,0.35
CUST_00858,2025-01-01,2,0.5,0.35
CUST_00858,2025-03-01,1,0.0,0.35
CUST_00858,2025-09-01,1,1.0,0.39
CUST_00858,2025-10-01,1,1.0,0.42
CUST_00860,2025-12-01,1,0.0,0.35
CUST_00861,2024-11-01,1,0.0,0.55
CUST_00861,2025-03-01,1,1.0,0.61
CUST_00861,2025-05-01,1,0.0,0.55
CUST_00861,2025-12-01,1,0.0,0.55
CUST_00862,2025-01-01,1,1.0,0.66
CUST_00862,2025-06-01,1,0.0,0.55
CUST_00862,2025-08-01,1,1.0,0.55
CUST_00862,2025-11-01,1,1.0,0.55
CUST_00862,2025-12-01,1,0.0,0.55
CUST_00863,2024-12-01,1,1.0,0.35
CUST_00863,2025-06-01,2,0.5,0.37
CUST_00863,2025-09-01,1,0.0,0.35
CUST_00865,2025-02-01,2,1.0,0.79
CUST_00865,2025-05-01,2,0.5,0.75
CUST_00865,2025-06-01,2,1.0,0.75
CUST_00865,2025-07-01,2,0.5,0.75
CUST_00865,2025-08-01,1,0.0,0.75
CUST_00865,2025-11-01,1,1.0,0.83
CUST_00866,2025-02-01,1,0.0,0.35
CUST_00866,2025-09-01,1,0.0,0.35
CUST_00868,2025-09-01,1,1.0,0.35
CUST_00869,2025-11-01,2,0.5,0.385
CUST_00870,2025-04-01,1,0.0,0.35
CUST_00870,2025-12-01,1,0.0,0.35
CUST_00871,2024-09-01,1,1.0,0.35
CUST_00871,2024-10-01,1,1.0,0.39
CUST_00871,2025-12-01,1,0.0,0.35
CUST_00872,2024-12-01,1,1.0,0.35
CUST_00872,2025-03-01,1,0.0,0.39
CUST_00872,2025-05-01,1,0.0,0.35
CUST_00872,2025-07-01,1,1.0,0.35
CUST_00872,2025-09-01,1,0.0,0.42
CUST_00874,2025-03-01,1,0.0,0.35
CUST_00874,2025-05-01,1,0.0,0.35
CUST_00874,2025-09-01,1,1.0,0.35
CUST_00874,2025-11-01,1,0.0,0.35
CUST_00876,2025-01-01,1,1.0,0.55
CUST_00876,2025-06-01,1,1.0,0.61
CUST_00876,2025-09-01,1,1.0,0.55
CUST_00878,2025-10-01,1,1.0,0.35
CUST_00879,2024-02-01,1,1.0,0.55
CUST_00879,2024-05-01,1,1.0,0.55
CUST_00879,2025-01-01,1,0.0,0.61
CUST_00879,2025-04-01,1,1.0,0.55
CUST_00879,2025-05-01,1,1.0,0.55
CUST_00879,2025-08-01,1,0.0,0.61
CUST_00881,2025-11-01,1,0.0,0.35
CUST_00882,2024-07-01,2,0.5,0.75
CUST_00882,2024-09-01,1,0.0,0.75
CUST_00882,2024-12-01,1,0.0,0.75
CUST_00882,2025-01-01,1,0.0,0.75
CUST_00882,2025-03-01,1,1.0,0.75
CUST_00882,2025-05-01,2,1.0,0.75
CUST_00882,2025-06-01,1,1.0,0.75
CUST_00882,2025-07-01,1,1.0,0.83
CUST_00882,2025-08-01,2,1.0,0.79
CUST_00882,2025-09-01,1,1.0,0.83
CUST_00883,2024-08-01,1,0.0,0.75
CUST_00883,2024-09-01,1,1.0,0.9
CUST_00883,2024-10-01,1,1.0,0.75
CUST_00883,2024-12-01,1,0.0,0.75
CUST_00883,2025-04-01,1,1.0,0.83
CUST_00883,2025-06-01,1,1.0,0.75
CUST_00883,2025-07-01,1,0.0,0.75
CUST_00883,2025-09-01,1,1.0,0.75
CUST_00884,2025-08-01,1,0.0,0.35
CUST_00884,2025-12-01,1,0.0,0.35
CUST_00885,2025-04-01,1,1.0,0.55
CUST_00885,2025-06-01,1,0.0,0.61
CUST_00885,2025-10-01,1,0.0,0.55
CUST_00887,2025-08-01,1,1.0,0.75
CUST_00888,2025-11-01,1,0.0,0.35
CUST_00889,2025-02-01,1,1.0,0.35
CUST_00889,2025-05-01,1,0.0,0.35
CUST_00889,2025-08-01,1,1.0,0.35
CUST_00889,2025-10-01,1,0.0,0.35
CUST_00890,2025-10-01,1,0.0,0.55
CUST_00890,2025-12-01,1,1.0,0.66
CUST_00892,2024-10-01,1,1.0,0.55
CUST_00892,2024-11-01,1,0.0,0.55
CUST_00892,2025-01-01,1,1.0,0.61
CUST_00892,2025-03-01,2,1.0,0.5800000000000001
CUST_00892,2025-04-01,1,1.0,0.55
CUST_00892,2025-05-01,1,0.0,0.55
CUST_00892,2025-08-01,1,1.0,0.55
CUST_00892,2025-12-01,1,1.0,0.55
CUST_00893,2024-08-01,1,0.0,0.35
CUST_00893,2025-01-01,1,1.0,0.35
CUST_00893,2025-05-01,1,1.0,0.42
CUST_00893,2025-06-01,1,0.0,0.39
CUST_00894,2025-12-01,1,0.0,0.35
CUST_00895,2024-04-01,1,1.0,0.35
CUST_00895,2025-03-01,1,0.0,0.35
CUST_00896,2025-09-01,1,1.0,0.35
CUST_00897,2025-10-01,1,1.0,0.61
CUST_00898,2024-10-01,1,1.0,0.55
CUST_00898,2024-11-01,1,1.0,0.55
CUST_00898,2025-06-01,3,0.6666666666666666,0.55
CUST_00898,2025-07-01,1,1.0,0.55
CUST_00899,2025-10-01,1,1.0,0.55
CUST_00899,2025-11-01,2,1.0,0.5800000000000001
CUST_00900,2025-08-01,2,0.0,0.35
CUST_00900,2025-12-01,1,0.0,0.39
CUST_00901,2025-04-01,1,1.0,0.35
CUST_00902,2024-12-01,2,0.5,0.37
CUST_00902,2025-06-01,1,0.0,0.35
CUST_00902,2025-08-01,1,1.0,0.42
CUST_00902,2025-12-01,1,1.0,0.39
CUST_00904,2025-12-01,1,1.0,0.39
CUST_00905,2024-04-01,2,0.5,0.37
CUST_00905,2024-12-01,1,1.0,0.35
CUST_00905,2025-02-01,1,0.0,0.39
CUST_00905,2025-05-01,1,1.0,0.35
CUST_00905,2025-09-01,2,0.0,0.37
CUST_00906,2025-10-01,1,1.0,0.39
CUST_00906,2025-12-01,1,0.0,0.35
CUST_00907,2025-02-01,1,1.0,0.75
CUST_00907,2025-04-01,1,1.0,0.75
CUST_00907,2025-06-01,1,1.0,0.83
CUST_00907,2025-07-01,1,0.0,0.75
CUST_00907,2025-08-01,2,1.0,0.75
CUST_00907,2025-12-01,2,0.5,0.75
CUST_00908,2025-12-01,1,1.0,0.75
CUST_00909,2024-08-01,1,0.0,0.39
CUST_00909,2025-05-01,1,0.0,0.35
CUST_00909,2025-06-01,1,0.0,0.39
CUST_00910,2025-09-01,1,0.0,0.39
CUST_00912,2025-12-01,1,1.0,0.55
CUST_00913,2024-04-01,1,1.0,0.75
CUST_00913,2024-05-01,1,1.0,0.75
CUST_00913,2024-12-01,1,1.0,0.75
CUST_00913,2025-03-01,1,1.0,0.9
CUST_00913,2025-06-01,1,1.0,0.75
CUST_00913,2025-09-01,2,0.5,0.79
CUST_00913,2025-12-01,2,1.0,0.75
CUST_00914,2024-09-01,1,1.0,0.75
CUST_00914,2024-12-01,2,1.0,0.75
CUST_00914,2025-01-01,1,0.0,0.75
CUST_00914,2025-03-01,1,1.0,0.75
CUST_00914,2025-04-01,1,1.0,0.75
CUST_00914,2025-08-01,1,1.0,0.75
CUST_00914,2025-09-01,1,1.0,0.75
CUST_00916,2025-12-01,1,0.0,0.35
CUST_00917,2024-12-01,1,0.0,0.39
CUST_00917,2025-01-01,1,0.0,0.35
CUST_00917,2025-04-01,1,1.0,0.35
CUST_00917,2025-05-01,1,0.0,0.35
CUST_00918,2024-08-01,1,0.0,0.35
CUST_00918,2025-09-01,1,0.0,0.39
CUST_00918,2025-11-01,1,0.0,0.35
CUST_00919,2024-08-01,1,1.0,0.75
CUST_00919,2024-11-01,1,1.0,0.75
CUST_00919,2024-12-01,1,1.0,0.75
CUST_00919,2025-02-01,3,1.0,0.75
CUST_00919,2025-04-01,1,1.0,0.75
CUST_00919,2025-05-01,1,0.0,0.75
CUST_00919,2025-10-01,1,1.0,0.75
CUST_00919,2025-11-01,1,1.0,0.75
CUST_00920,2025-04-01,1,1.0,0.55
CUST_00920,2025-08-01,1,0.0,0.55
CUST_00920,2025-09-01,2,0.5,0.605
CUST_00922,2024-03-01,1,1.0,0.55
CUST_00922,2024-09-01,1,1.0,0.55
CUST_00922,2025-02-01,1,1.0,0.66
CUST_00922,2025-03-01,1,1.0,0.61
CUST_00922,2025-07-01,1,0.0,0.55
CUST_00922,2025-08-01,1,1.0,0.61
CUST_00923,2025-05-01,1,0.0,0.35
CUST_00923,2025-06-01,2,0.0,0.39
CUST_00923,2025-11-01,1,1.0,0.39
CUST_00923,2025-12-01,1,0.0,0.35
CUST_00924,2024-05-01,1,0.0,0.35
CUST_00924,2025-12-01,1,1.0,0.39
CUST_00925,2024-10-01,1,0.0,0.39
CUST_00925,2025-03-01,1,0.0,0.35
CUST_00925,2025-05-01,1,1.0,0.35
CUST_00925,2025-10-01,1,0.0,0.35
CUST_00926,2025-06-01,1,0.0,0.42
CUST_00927,2024-12-01,1,1.0,0.35
CUST_00927,2025-04-01,1,0.0,0.35
CUST_00927,2025-11-01,1,0.0,0.35
CUST_00928,2025-01-01,1,1.0,0.55
CUST_00928,2025-10-01,1,1.0,0.61
CUST_00928,2025-11-01,1,1.0,0.55
CUST_00929,2025-06-01,1,0.0,0.35
CUST_00929,2025-10-01,2,0.5,0.35
CUST_00930,2024-11-01,1,0.0,0.35
CUST_00930,2024-12-01,1,0.0,0.39
CUST_00930,2025-08-01,1,0.0,0.35
CUST_00933,2025-11-01,1,0.0,0.55
CUST_00934,2024-09-01,1,0.0,0.35
CUST_00934,2024-10-01,1,0.0,0.35
CUST_00934,2024-12-01,1,0.0,0.39
CUST_00934,2025-09-01,1,0.0,0.35
CUST_00934,2025-11-01,1,0.0,0.35
CUST_00935,2025-05-01,1,1.0,0.42
CUST_00935,2025-07-01,1,0.0,0.35
CUST_00936,2025-08-01,1,0.0,0.35
CUST_00936,2025-12-01,1,0.0,0.35
CUST_00937,2024-10-01,1,1.0,0.55
CUST_00937,2024-11-01,1,1.0,0.55
CUST_00937,2024-12-01,1,1.0,0.55
CUST_00937,2025-01-01,1,1.0,0.55
CUST_00937,2025-02-01,1,0.0,0.66
CUST_00937,2025-03-01,1,1.0,0.55
CUST_00937,2025-06-01,1,1.0,0.66
CUST_00937,2025-08-01,1,0.0,0.55
CUST_00937,2025-11-01,1,0.0,0.55
CUST_00938,2025-01-01,2,0.0,0.37
CUST_00938,2025-02-01,1,0.0,0.39
CUST_00938,2025-05-01,1,0.0,0.39
CUST_00938,2025-09-01,1,1.0,0.35
CUST_00938,2025-12-01,1,0.0,0.35
CUST_00939,2024-10-01,1,1.0,0.39
CUST_00939,2024-11-01,1,0.0,0.35
CUST_00939,2025-03-01,1,0.0,0.35
CUST_00939,2025-07-01,2,0.0,0.35
CUST_00939,2025-08-01,1,0.0,0.42
CUST_00939,2025-12-01,1,0.0,0.35
CUST_00940,2024-06-01,2,1.0,0.79
CUST_00940,2025-01-01,1,1.0,0.75
CUST_00940,2025-02-01,2,1.0,0.825
CUST_00940,2025-03-01,1,0.0,0.9
CUST_00940,2025-04-01,1,1.0,0.75
CUST_00940,2025-10-01,1,1.0,0.9
CUST_00942,2024-05-01,1,1.0,0.9
CUST_00942,2024-06-01,2,1.0,0.79
CUST_00942,2024-10-01,1,1.0,0.75
CUST_00942,2024-11-01,1,1.0,0.75
CUST_00942,2024-12-01,1,1.0,0.83
CUST_00942,2025-01-01,1,0.0,0.75
CUST_00942,2025-04-01,1,0.0,0.75
CUST_00942,2025-10-01,2,1.0,0.79
CUST_00942,2025-12-01,1,1.0,0.9
CUST_00945,2025-09-01,1,0.0,0.35
CUST_00945,2025-12-01,1,0.0,0.35
CUST_00946,2025-01-01,1,0.0,0.35
CUST_00946,2025-02-01,1,0.0,0.39
CUST_00946,2025-03-01,1,1.0,0.35
CUST_00946,2025-09-01,1,0.0,0.35
CUST_00949,2025-05-01,2,1.0,0.35
CUST_00952,2025-08-01,1,0.0,0.35
CUST_00952,2025-10-01,1,0.0,0.39
CUST_00953,2025-04-01,1,0.0,0.55
CUST_00953,2025-06-01,1,1.0,0.55
CUST_00953,2025-10-01,1,1.0,0.55
CUST_00953,2025-11-01,1,0.0,0.61
CUST_00954,2025-07-01,1,0.0,0.35
CUST_00956,2025-07-01,1,0.0,0.35
CUST_00956,2025-12-01,1,1.0,0.39
CUST_00957,2025-10-01,1,1.0,0.61
CUST_00958,2025-05-01,3,1.0,0.6066666666666667
CUST_00958,2025-12-01,1,1.0,0.55
CUST_00960,2024-01-01,1,0.0,0.35
CUST_00960,2024-05-01,1,1.0,0.35
CUST_00960,2024-06-01,1,1.0,0.35
CUST_00960,2024-08-01,2,1.0,0.35
CUST_00960,2024-09-01,2,0.5,0.35
CUST_00960,2024-11-01,1,0.0,0.35
CUST_00960,2025-01-01,3,0.0,0.3499999999999999
CUST_00960,2025-03-01,1,0.0,0.35
CUST_00961,2024-11-01,1,0.0,0.35
CUST_00961,2025-02-01,2,0.0,0.35
CUST_00961,2025-12-01,1,1.0,0.35
CUST_00962,2024-06-01,1,0.0,0.75
CUST_00962,2024-08-01,1,1.0,0.75
CUST_00962,2024-11-01,1,1.0,0.75
CUST_00962,2024-12-01,1,1.0,0.75
CUST_00962,2025-01-01,1,1.0,0.75
CUST_00962,2025-04-01,1,1.0,0.75
CUST_00962,2025-09-01,1,1.0,0.75
CUST_00962,2025-10-01,2,1.0,0.75
CUST_00962,2025-11-01,1,1.0,0.83
CUST_00962,2025-12-01,2,1.0,0.75
CUST_00965,2025-04-01,1,0.0,0.35
CUST_00966,2025-08-01,2,0.0,0.55
CUST_00966,2025-12-01,2,1.0,0.5800000000000001
CUST_00967,2025-03-01,1,0.0,0.35
CUST_00967,2025-08-01,1,1.0,0.35
CUST_00967,2025-12-01,1,0.0,0.39
CUST_00968,2025-07-01,1,1.0,0.55
CUST_00968,2025-08-01,1,1.0,0.55
CUST_00969,2025-07-01,1,1.0,0.35
CUST_00969,2025-12-01,2,0.5,0.35
CUST_00970,2024-08-01,1,1.0,0.35
CUST_00970,2025-11-01,1,0.0,0.42
CUST_00970,2025-12-01,1,1.0,0.35
CUST_00971,2025-07-01,2,0.0,0.37
CUST_00971,2025-09-01,1,1.0,0.42
CUST_00972,2025-05-01,1,0.0,0.35
CUST_00972,2025-08-01,1,0.0,0.35
CUST_00975,2024-06-01,1,0.0,0.35
CUST_00975,2025-05-01,1,1.0,0.35
CUST_00975,2025-07-01,1,0.0,0.35
CUST_00976,2024-09-01,2,0.0,0.35
CUST_00976,2024-10-01,1,0.0,0.39
CUST_00976,2025-03-01,1,1.0,0.35
CUST_00976,2025-06-01,2,0.0,0.385
CUST_00976,2025-09-01,1,0.0,0.39
CUST_00976,2025-10-01,1,0.0,0.35
CUST_00978,2025-06-01,2,0.0,0.55
CUST_00978,2025-07-01,1,1.0,0.61
CUST_00978,2025-08-01,1,1.0,0.55
CUST_00978,2025-11-01,1,1.0,0.55
CUST_00979,2025-05-01,1,1.0,0.39
CUST_00979,2025-08-01,1,1.0,0.42
CUST_00979,2025-09-01,1,0.0,0.39
CUST_00979,2025-11-01,1,0.0,0.35
CUST_00980,2025-01-01,1,1.0,0.55
CUST_00980,2025-03-01,1,1.0,0.55
CUST_00980,2025-04-01,2,0.5,0.5800000000000001
CUST_00980,2025-06-01,2,0.5,0.55
CUST_00980,2025-08-01,2,1.0,0.605
CUST_00980,2025-09-01,1,1.0,0.61
CUST_00980,2025-10-01,1,1.0,0.61
CUST_00980,2025-11-01,1,1.0,0.55
CUST_00980,2025-12-01,2,0.5,0.55
CUST_00981,2024-08-01,1,0.0,0.55
CUST_00981,2024-09-01,1,1.0,0.66
CUST_00981,2025-04-01,1,0.0,0.55
CUST_00981,2025-05-01,1,1.0,0.55
CUST_00981,2025-11-01,1,0.0,0.55
CUST_00982,2025-06-01,1,0.0,0.61
CUST_00982,2025-11-01,1,0.0,0.55
CUST_00984,2025-09-01,1,0.0,0.35
CUST_00985,2025-07-01,2,0.5,0.61
CUST_00985,2025-09-01,1,0.0,0.61
CUST_00985,2025-10-01,1,0.0,0.66
CUST_00986,2025-01-01,2,1.0,0.79
CUST_00986,2025-03-01,1,1.0,0.83
CUST_00986,2025-05-01,1,1.0,0.83
CUST_00986,2025-07-01,1,1.0,0.9
CUST_00986,2025-08-01,1,0.0,0.75
CUST_00986,2025-10-01,2,1.0,0.79
CUST_00986,2025-11-01,1,1.0,0.83
CUST_00987,2025-01-01,1,1.0,0.39
CUST_00987,2025-05-01,1,1.0,0.39
CUST_00987,2025-07-01,1,1.0,0.39
CUST_00989,2025-08-01,1,1.0,0.35
CUST_00990,2024-09-01,1,1.0,0.55
CUST_00990,2025-01-01,1,1.0,0.55
CUST_00990,2025-02-01,1,0.0,0.61
CUST_00990,2025-06-01,3,0.6666666666666666,0.61
CUST_00990,2025-07-01,1,0.0,0.55
CUST_00990,2025-12-01,1,1.0,0.55
CUST_00991,2025-02-01,1,0.0,0.35
CUST_00992,2025-04-01,2,1.0,0.79
CUST_00992,2025-05-01,1,1.0,0.75
CUST_00992,2025-06-01,1,1.0,0.83
CUST_00992,2025-07-01,1,1.0,0.75
CUST_00992,2025-08-01,1,1.0,0.83
CUST_00992,2025-11-01,1,1.0,0.75
CUST_00993,2025-12-01,1,0.0,0.35
CUST_00994,2025-12-01,1,0.0,0.55
CUST_00995,2025-02-01,1,0.0,0.55
CUST_00995,2025-07-01,1,1.0,0.55
CUST_00995,2025-08-01,1,0.0,0.55
CUST_00996,2024-05-01,1,1.0,0.75
CUST_00996,2024-09-01,1,1.0,0.75
CUST_00996,2024-11-01,1,1.0,0.75
CUST_00996,2025-05-01,1,1.0,0.75
CUST_00996,2025-06-01,1,0.0,0.75
CUST_00996,2025-09-01,1,1.0,0.75
CUST_00996,2025-10-01,1,1.0,0.83
CUST_00996,2025-12-01,1,1.0,0.75
CUST_00997,2024-10-01,1,0.0,0.55
CUST_00997,2024-11-01,2,0.0,0.55
CUST_00997,2025-02-01,1,0.0,0.55
CUST_00997,2025-04-01,1,1.0,0.55
CUST_00997,2025-06-01,1,1.0,0.61
CUST_00998,2025-10-01,1,0.0,0.35
CUST_01001,2024-06-01,1,0.0,0.55
CUST_01001,2024-08-01,1,0.0,0.55
CUST_01001,2025-03-01,1,0.0,0.55
CUST_01001,2025-07-01,1,0.0,0.61
CUST_01001,2025-12-01,1,1.0,0.55
CUST_01002,2025-09-01,1,0.0,0.35
CUST_01003,2025-07-01,2,0.5,0.385
CUST_01005,2025-03-01,1,1.0,0.39
CUST_01005,2025-05-01,1,0.0,0.35
CUST_01006,2025-02-01,1,0.0,0.35
CUST_01006,2025-08-01,1,0.0,0.35
CUST_01006,2025-11-01,1,0.0,0.35
CUST_01008,2025-11-01,2,0.5,0.35
CUST_01009,2025-10-01,1,0.0,0.35
CUST_01010,2024-12-01,1,1.0,0.66
CUST_01010,2025-07-01,1,1.0,0.66
CUST_01010,2025-08-01,1,0.0,0.55
CUST_01010,2025-12-01,1,1.0,0.66
CUST_01011,2025-12-01,1,1.0,0.61
CUST_01012,2025-02-01,1,0.0,0.35
CUST_01012,2025-04-01,1,1.0,0.35
CUST_01013,2025-06-01,1,1.0,0.9
CUST_01013,2025-07-01,2,0.5,0.79
CUST_01013,2025-08-01,1,0.0,0.75
CUST_01013,2025-09-01,1,1.0,0.75
CUST_01013,2025-12-01,1,0.0,0.83
CUST_01014,2024-10-01,1,0.0,0.75
CUST_01014,2024-11-01,3,0.6666666666666666,0.85
CUST_01014,2025-02-01,1,1.0,0.75
CUST_01014,2025-03-01,1,1.0,0.75
CUST_01014,2025-04-01,1,1.0,0.9
CUST_01014,2025-05-01,1,1.0,0.75
CUST_01014,2025-06-01,2,0.5,0.75
CUST_01014,2025-07-01,1,0.0,0.75
CUST_01014,2025-08-01,2,1.0,0.75
CUST_01014,2025-09-01,1,1.0,0.75
CUST_01014,2025-10-01,1,0.0,0.75
CUST_01014,2025-11-01,1,1.0,0.75
CUST_01015,2024-05-01,2,1.0,0.825
CUST_01015,2024-06-01,1,0.0,0.83
CUST_01015,2024-07-01,1,1.0,0.75
CUST_01015,2024-08-01,1,1.0,0.75
CUST_01015,2025-01-01,1,1.0,0.83
CUST_01015,2025-02-01,1,0.0,0.75
CUST_01015,2025-08-01,1,0.0,0.83
CUST_01015,2025-09-01,1,1.0,0.75
CUST_01015,2025-10-01,1,1.0,0.75
CUST_01015,2025-11-01,1,1.0,0.75
CUST_01015,2025-12-01,1,0.0,0.75
CUST_01016,2024-06-01,1,1.0,0.35
CUST_01016,2025-04-01,1,0.0,0.39
CUST_01017,2025-03-01,1,0.0,0.66
CUST_01017,2025-10-01,2,0.0,0.5800000000000001
CUST_01018,2024-07-01,2,0.5,0.5800000000000001
CUST_01018,2024-08-01,1,1.0,0.55
CUST_01018,2024-09-01,1,1.0,0.55
CUST_01018,2024-10-01,1,0.0,0.61
CUST_01018,2025-03-01,2,1.0,0.55
CUST_01018,2025-04-01,1,0.0,0.55
CUST_01018,2025-07-01,1,0.0,0.61
CUST_01018,2025-11-01,1,0.0,0.55
CUST_01019,2024-11-01,1,0.0,0.35
CUST_01019,2025-01-01,1,0.0,0.42
CUST_01019,2025-05-01,1,0.0,0.35
CUST_01020,2024-05-01,2,0.5,0.75
CUST_01020,2024-07-01,1,1.0,0.75
CUST_01020,2024-09-01,1,0.0,0.83
CUST_01020,2024-10-01,1,0.0,0.75
CUST_01020,2024-11-01,1,1.0,0.75
CUST_01020,2024-12-01,1,1.0,0.75
CUST_01020,2025-05-01,2,0.5,0.825
CUST_01020,2025-08-01,1,1.0,0.75
CUST_01020,2025-09-01,1,1.0,0.75
CUST_01020,2025-12-01,1,1.0,0.75
CUST_01021,2024-10-01,1,1.0,0.55
CUST_01021,2024-11-01,1,1.0,0.66
CUST_01021,2025-04-01,2,0.5,0.55
CUST_01021,2025-09-01,1,1.0,0.66
CUST_01021,2025-12-01,1,1.0,0.61
CUST_01022,2024-12-01,1,0.0,0.35
CUST_01023,2025-09-01,1,1.0,0.55
CUST_01023,2025-10-01,2,0.5,0.5800000000000001
CUST_01023,2025-11-01,1,0.0,0.61
CUST_01024,2025-11-01,1,0.0,0.55
CUST_01025,2025-11-01,1,1.0,0.75
CUST_01025,2025-12-01,1,1.0,0.75
CUST_01026,2025-08-01,1,1.0,0.39
CUST_01027,2025-12-01,1,0.0,0.61
CUST_01028,2024-12-01,1,0.0,0.35
CUST_01028,2025-03-01,1,0.0,0.35
CUST_01028,2025-05-01,1,1.0,0.35
CUST_01029,2025-04-01,1,1.0,0.39
CUST_01029,2025-11-01,1,0.0,0.35
CUST_01030,2025-06-01,1,0.0,0.35
CUST_01030,2025-07-01,1,0.0,0.35
CUST_01030,2025-10-01,1,0.0,0.35
CUST_01031,2025-03-01,1,1.0,0.35
CUST_01032,2025-09-01,1,1.0,0.35
CUST_01032,2025-12-01,2,0.5,0.37
CUST_01033,2025-12-01,2,1.0,0.9
CUST_01034,2025-04-01,1,0.0,0.39
CUST_01034,2025-06-01,1,0.0,0.35
CUST_01035,2025-08-01,1,0.0,0.55
CUST_01035,2025-09-01,1,1.0,0.55
CUST_01035,2025-10-01,1,1.0,0.61
CUST_01035,2025-12-01,1,0.0,0.66
CUST_01037,2025-10-01,1,0.0,0.35
CUST_01038,2025-04-01,1,1.0,0.61
CUST_01038,2025-10-01,1,1.0,0.55
CUST_01039,2025-11-01,1,0.0,0.42
CUST_01039,2025-12-01,1,0.0,0.42
CUST_01041,2024-08-01,1,1.0,0.35
CUST_01041,2024-09-01,1,0.0,0.35
CUST_01041,2024-12-01,1,0.0,0.39
CUST_01041,2025-05-01,1,1.0,0.35
CUST_01042,2024-05-01,1,1.0,0.35
CUST_01042,2024-08-01,1,1.0,0.35
CUST_01042,2024-10-01,1,0.0,0.39
CUST_01042,2025-04-01,1,0.0,0.35
CUST_01042,2025-05-01,1,1.0,0.35
CUST_01042,2025-06-01,1,1.0,0.35
CUST_01044,2024-03-01,1,1.0,0.42
CUST_01044,2024-04-01,1,1.0,0.35
CUST_01044,2025-03-01,1,1.0,0.35
CUST_01044,2025-08-01,2,0.0,0.35
CUST_01044,2025-09-01,1,0.0,0.39
CUST_01045,2025-09-01,1,0.0,0.55
CUST_01046,2024-06-01,1,0.0,0.35
CUST_01046,2024-11-01,1,1.0,0.35
CUST_01046,2024-12-01,1,0.0,0.42
CUST_01046,2025-01-01,2,0.5,0.35
CUST_01046,2025-02-01,1,0.0,0.35
CUST_01046,2025-03-01,1,0.0,0.39
CUST_01046,2025-05-01,1,0.0,0.35
CUST_01046,2025-07-01,1,0.0,0.42
CUST_01046,2025-09-01,1,0.0,0.35
CUST_01046,2025-11-01,1,0.0,0.35
CUST_01047,2025-04-01,1,1.0,0.83
CUST_01047,2025-07-01,2,0.5,0.75
CUST_01047,2025-10-01,1,1.0,0.75
CUST_01047,2025-11-01,1,0.0,0.75
CUST_01047,2025-12-01,1,0.0,0.83
CUST_01048,2025-05-01,2,0.0,0.635
CUST_01048,2025-07-01,1,0.0,0.61
CUST_01048,2025-08-01,1,0.0,0.55
CUST_01048,2025-09-01,1,0.0,0.55
CUST_01049,2024-03-01,1,0.0,0.39
CUST_01049,2024-04-01,1,1.0,0.35
CUST_01049,2024-08-01,1,0.0,0.35
CUST_01049,2024-12-01,1,0.0,0.35
CUST_01049,2025-06-01,2,0.5,0.385
CUST_01049,2025-07-01,2,0.5,0.35
CUST_01049,2025-08-01,2,0.5,0.35
CUST_01049,2025-09-01,1,0.0,0.35
CUST_01049,2025-12-01,1,1.0,0.35
CUST_01050,2025-06-01,1,1.0,0.39
CUST_01050,2025-12-01,1,1.0,0.35
CUST_01051,2024-04-01,1,0.0,0.35
CUST_01051,2025-02-01,1,0.0,0.35
CUST_01051,2025-03-01,1,1.0,0.39
CUST_01051,2025-08-01,1,0.0,0.35
CUST_01051,2025-10-01,1,1.0,0.35
CUST_01051,2025-11-01,1,1.0,0.42
CUST_01051,2025-12-01,1,0.0,0.35
CUST_01052,2024-11-01,1,1.0,0.35
CUST_01052,2024-12-01,1,1.0,0.35
CUST_01052,2025-04-01,2,0.0,0.35
CUST_01052,2025-08-01,1,0.0,0.35
CUST_01052,2025-11-01,1,1.0,0.35
CUST_01053,2025-02-01,1,1.0,0.42
CUST_01053,2025-05-01,1,0.0,0.42
CUST_01053,2025-10-01,1,0.0,0.35
CUST_01054,2025-07-01,1,0.0,0.42
CUST_01054,2025-11-01,1,0.0,0.39
CUST_01055,2024-10-01,1,0.0,0.83
CUST_01055,2025-06-01,2,0.5,0.75
CUST_01055,2025-08-01,1,1.0,0.75
CUST_01055,2025-12-01,2,1.0,0.75
CUST_01056,2024-02-01,1,1.0,0.35
CUST_01056,2024-04-01,1,0.0,0.39
CUST_01056,2024-11-01,1,0.0,0.35
CUST_01056,2024-12-01,1,0.0,0.35
CUST_01056,2025-01-01,2,1.0,0.35
CUST_01056,2025-03-01,1,1.0,0.42
CUST_01057,2025-04-01,1,1.0,0.75
CUST_01057,2025-10-01,1,1.0,0.75
CUST_01057,2025-11-01,2,1.0,0.79
CUST_01057,2025-12-01,2,0.0,0.825
CUST_01059,2024-02-01,1,0.0,0.35
CUST_01059,2024-08-01,2,1.0,0.385
CUST_01059,2024-11-01,1,0.0,0.35
CUST_01059,2025-10-01,1,0.0,0.35
CUST_01060,2025-01-01,1,0.0,0.61
CUST_01060,2025-03-01,1,1.0,0.55
CUST_01060,2025-04-01,1,1.0,0.66
CUST_01060,2025-07-01,1,0.0,0.55
CUST_01060,2025-08-01,1,1.0,0.55
CUST_01060,2025-09-01,1,1.0,0.55
CUST_01060,2025-12-01,2,0.5,0.605
CUST_01061,2024-10-01,1,1.0,0.55
CUST_01061,2025-01-01,1,1.0,0.55
CUST_01061,2025-08-01,1,1.0,0.55
CUST_01061,2025-10-01,2,0.5,0.55
CUST_01063,2025-07-01,1,1.0,0.42
CUST_01063,2025-09-01,1,0.0,0.39
CUST_01064,2024-06-01,1,0.0,0.61
CUST_01064,2024-09-01,1,0.0,0.66
CUST_01064,2024-12-01,1,0.0,0.55
CUST_01064,2025-05-01,2,0.0,0.5800000000000001
CUST_01064,2025-07-01,2,0.5,0.55
CUST_01064,2025-09-01,2,0.5,0.55
CUST_01064,2025-11-01,1,0.0,0.55
CUST_01064,2025-12-01,1,0.0,0.55
CUST_01065,2024-08-01,2,1.0,0.75
CUST_01065,2024-09-01,1,1.0,0.9
CUST_01065,2024-10-01,1,1.0,0.75
CUST_01065,2024-11-01,1,1.0,0.83
CUST_01065,2024-12-01,1,0.0,0.83
CUST_01065,2025-03-01,2,1.0,0.75
CUST_01065,2025-04-01,1,1.0,0.75
CUST_01065,2025-07-01,1,1.0,0.75
CUST_01065,2025-08-01,2,1.0,0.79
CUST_01065,2025-10-01,1,1.0,0.75
CUST_01067,2024-09-01,2,1.0,0.37
CUST_01067,2024-10-01,1,1.0,0.35
CUST_01067,2025-08-01,1,0.0,0.39
CUST_01067,2025-12-01,1,0.0,0.35
CUST_01068,2024-07-01,1,1.0,0.75
CUST_01068,2024-08-01,2,1.0,0.79
CUST_01068,2025-01-01,1,0.0,0.75
CUST_01068,2025-02-01,1,0.0,0.75
CUST_01068,2025-04-01,2,0.5,0.75
CUST_01068,2025-07-01,1,1.0,0.75
CUST_01068,2025-10-01,2,1.0,0.825
CUST_01069,2025-01-01,1,0.0,0.35
CUST_01069,2025-07-01,1,0.0,0.35
CUST_01070,2025-05-01,1,1.0,0.35
CUST_01071,2024-09-01,1,1.0,0.55
CUST_01071,2025-05-01,1,0.0,0.55
CUST_01071,2025-06-01,1,1.0,0.55
CUST_01071,2025-09-01,1,1.0,0.55
CUST_01072,2025-03-01,1,0.0,0.35
CUST_01072,2025-05-01,1,0.0,0.35
CUST_01072,2025-09-01,2,0.5,0.39
CUST_01073,2024-12-01,1,0.0,0.35
CUST_01073,2025-02-01,1,1.0,0.35
CUST_01073,2025-08-01,1,0.0,0.35
CUST_01073,2025-12-01,1,0.0,0.35
CUST_01075,2024-05-01,1,1.0,0.61
CUST_01075,2024-08-01,1,0.0,0.55
CUST_01075,2024-11-01,1,1.0,0.55
CUST_01075,2025-09-01,2,0.5,0.605
CUST_01075,2025-10-01,2,0.5,0.55
CUST_01076,2025-05-01,1,0.0,0.39
CUST_01076,2025-07-01,1,1.0,0.35
CUST_01076,2025-08-01,1,0.0,0.35
CUST_01077,2025-01-01,1,0.0,0.39
CUST_01077,2025-03-01,1,1.0,0.35
CUST_01077,2025-11-01,1,1.0,0.42
CUST_01078,2025-02-01,1,0.0,0.55
CUST_01078,2025-03-01,1,0.0,0.55
CUST_01078,2025-06-01,2,0.5,0.55
CUST_01078,2025-07-01,1,1.0,0.61
CUST_01079,2025-05-01,1,1.0,0.75
CUST_01079,2025-08-01,1,1.0,0.9
CUST_01080,2025-12-01,1,1.0,0.35
CUST_01081,2025-03-01,1,1.0,0.55
CUST_01081,2025-05-01,1,0.0,0.55
CUST_01081,2025-06-01,1,0.0,0.55
CUST_01081,2025-07-01,3,0.6666666666666666,0.57
CUST_01081,2025-08-01,1,1.0,0.55
CUST_01082,2024-10-01,1,1.0,0.35
CUST_01082,2025-02-01,1,0.0,0.35
CUST_01082,2025-05-01,1,0.0,0.42
CUST_01082,2025-12-01,1,0.0,0.35
CUST_01083,2025-04-01,1,1.0,0.55
CUST_01083,2025-05-01,1,0.0,0.61
CUST_01083,2025-06-01,2,1.0,0.55
CUST_01083,2025-09-01,1,1.0,0.55
CUST_01084,2025-09-01,1,0.0,0.35
CUST_01086,2025-03-01,1,1.0,0.35
CUST_01086,2025-05-01,1,0.0,0.35
CUST_01086,2025-06-01,1,0.0,0.35
CUST_01087,2024-10-01,1,1.0,0.35
CUST_01087,2025-01-01,1,0.0,0.39
CUST_01088,2025-08-01,1,0.0,0.39
CUST_01089,2025-09-01,1,0.0,0.35
CUST_01091,2025-12-01,1,1.0,0.9
CUST_01092,2025-12-01,1,0.0,0.55
CUST_01093,2024-07-01,1,0.0,0.35
CUST_01093,2025-05-01,1,1.0,0.35
CUST_01093,2025-07-01,1,1.0,0.42
CUST_01095,2025-12-01,1,0.0,0.35
CUST_01096,2025-12-01,2,0.0,0.35
CUST_01097,2024-11-01,1,0.0,0.55
CUST_01097,2025-02-01,1,1.0,0.61
CUST_01097,2025-03-01,1,1.0,0.55
CUST_01097,2025-07-01,2,0.5,0.55
CUST_01098,2025-11-01,2,0.0,0.35
CUST_01100,2024-01-01,1,0.0,0.61
CUST_01100,2024-06-01,1,1.0,0.66
CUST_01100,2024-08-01,2,0.5,0.55
CUST_01100,2024-09-01,1,1.0,0.55
CUST_01100,2024-11-01,1,0.0,0.55
CUST_01100,2025-01-01,1,0.0,0.55
CUST_01100,2025-04-01,1,1.0,0.66
CUST_01100,2025-06-01,1,1.0,0.55
CUST_01101,2024-08-01,1,0.0,0.55
CUST_01101,2024-09-01,1,1.0,0.61
CUST_01101,2025-08-01,1,0.0,0.55
CUST_01102,2024-11-01,1,1.0,0.55
CUST_01102,2024-12-01,2,0.5,0.55
CUST_01102,2025-02-01,1,1.0,0.55
CUST_01102,2025-05-01,1,0.0,0.55
CUST_01102,2025-06-01,1,0.0,0.61
CUST_01102,2025-11-01,1,1.0,0.55
CUST_01105,2025-11-01,1,1.0,0.9
CUST_01105,2025-12-01,1,1.0,0.75
CUST_01106,2024-11-01,1,0.0,0.35
CUST_01106,2025-01-01,1,0.0,0.42
CUST_01106,2025-03-01,1,0.0,0.35
CUST_01106,2025-07-01,1,0.0,0.39
CUST_01107,2025-06-01,1,0.0,0.35
CUST_01107,2025-10-01,1,0.0,0.35
CUST_01107,2025-12-01,2,0.5,0.35
CUST_01108,2024-07-01,1,0.0,0.35
CUST_01108,2024-08-01,1,0.0,0.35
CUST_01108,2025-01-01,1,0.0,0.35
CUST_01110,2024-08-01,1,1.0,0.75
CUST_01110,2024-09-01,1,0.0,0.75
CUST_01110,2024-11-01,1,1.0,0.83
CUST_01110,2025-01-01,2,1.0,0.75
CUST_01110,2025-02-01,2,1.0,0.75
CUST_01110,2025-03-01,1,1.0,0.75
CUST_01111,2024-06-01,1,0.0,0.75
CUST_01111,2024-09-01,1,1.0,0.75
CUST_01111,2024-10-01,1,1.0,0.75
CUST_01111,2025-01-01,1,1.0,0.75
CUST_01111,2025-04-01,1,1.0,0.9
CUST_01111,2025-06-01,1,1.0,0.75
CUST_01111,2025-08-01,2,1.0,0.75
CUST_01111,2025-10-01,1,1.0,0.75
CUST_01112,2025-08-01,1,0.0,0.39
CUST_01113,2024-10-01,1,1.0,0.55
CUST_01113,2025-09-01,1,0.0,0.61
CUST_01113,2025-10-01,1,1.0,0.61
CUST_01114,2025-07-01,1,1.0,0.55
CUST_01114,2025-12-01,1,1.0,0.55
CUST_01115,2025-06-01,1,0.0,0.42
CUST_01117,2024-11-01,1,1.0,0.35
CUST_01117,2025-01-01,1,1.0,0.35
CUST_01117,2025-03-01,2,1.0,0.37
CUST_01117,2025-04-01,1,1.0,0.42
CUST_01117,2025-07-01,1,0.0,0.35
CUST_01117,2025-09-01,1,1.0,0.35
CUST_01118,2025-03-01,1,1.0,0.66
CUST_01118,2025-04-01,1,1.0,0.55
CUST_01118,2025-07-01,1,0.0,0.55
CUST_01118,2025-12-01,1,1.0,0.61
CUST_01119,2024-11-01,1,0.0,0.61
CUST_01119,2024-12-01,1,0.0,0.66
CUST_01119,2025-03-01,1,0.0,0.55
CUST_01119,2025-04-01,1,1.0,0.55
CUST_01119,2025-09-01,1,1.0,0.55
CUST_01119,2025-10-01,1,0.0,0.55
CUST_01120,2025-12-01,1,0.0,0.61
CUST_01121,2025-12-01,1,0.0,0.35
CUST_01122,2024-02-01,1,1.0,0.39
CUST_01122,2024-07-01,1,0.0,0.35
CUST_01122,2024-09-01,1,1.0,0.39
CUST_01123,2024-05-01,1,0.0,0.35
CUST_01124,2024-12-01,1,0.0,0.35
CUST_01124,2025-08-01,1,0.0,0.35
CUST_01124,2025-10-01,1,0.0,0.35
CUST_01125,2025-07-01,1,1.0,0.75
CUST_01125,2025-08-01,1,0.0,0.83
CUST_01125,2025-11-01,1,1.0,0.75
CUST_01125,2025-12-01,1,1.0,0.75
CUST_01126,2025-11-01,1,1.0,0.55
CUST_01128,2025-05-01,2,0.0,0.37
CUST_01128,2025-06-01,1,0.0,0.35
CUST_01128,2025-12-01,1,0.0,0.39
CUST_01129,2024-01-01,1,1.0,0.9
CUST_01129,2024-06-01,1,0.0,0.83
CUST_01129,2024-10-01,1,1.0,0.83
CUST_01129,2024-11-01,2,0.5,0.75
CUST_01129,2024-12-01,1,1.0,0.75
CUST_01129,2025-01-01,2,0.5,0.75
CUST_01129,2025-02-01,1,1.0,0.75
CUST_01129,2025-05-01,1,1.0,0.75
CUST_01129,2025-11-01,1,1.0,0.75
CUST_01131,2024-09-01,1,1.0,0.55
CUST_01131,2025-01-01,1,0.0,0.55
CUST_01131,2025-11-01,1,1.0,0.61
CUST_01131,2025-12-01,2,1.0,0.55
CUST_01132,2025-09-01,1,1.0,0.35
CUST_01133,2024-10-01,1,0.0,0.35
CUST_01133,2025-02-01,1,0.0,0.35
CUST_01133,2025-10-01,1,0.0,0.39
CUST_01135,2025-08-01,1,1.0,0.35
CUST_01135,2025-12-01,1,1.0,0.35
CUST_01136,2024-12-01,1,0.0,0.61
CUST_01136,2025-04-01,2,0.5,0.5800000000000001
CUST_01136,2025-06-01,1,1.0,0.55
CUST_01136,2025-07-01,1,0.0,0.66
CUST_01136,2025-11-01,2,0.5,0.66
CUST_01137,2024-09-01,1,0.0,0.39
CUST_01137,2024-12-01,1,0.0,0.39
CUST_01137,2025-01-01,2,0.5,0.35
CUST_01137,2025-08-01,1,1.0,0.35
CUST_01139,2025-01-01,1,0.0,0.35
CUST_01139,2025-07-01,1,1.0,0.39
CUST_01139,2025-09-01,1,0.0,0.35
CUST_01139,2025-11-01,1,0.0,0.35
CUST_01140,2025-07-01,1,1.0,0.9
CUST_01140,2025-08-01,1,1.0,0.75
CUST_01140,2025-09-01,1,1.0,0.75
CUST_01140,2025-11-01,1,1.0,0.75
CUST_01140,2025-12-01,2,1.0,0.825
CUST_01141,2025-11-01,1,1.0,0.55
CUST_01142,2024-02-01,1,1.0,0.61
CUST_01142,2025-03-01,1,1.0,0.61
CUST_01142,2025-04-01,2,0.5,0.605
CUST_01142,2025-07-01,2,0.5,0.55
CUST_01142,2025-08-01,1,1.0,0.55
CUST_01142,2025-09-01,1,0.0,0.55
CUST_01142,2025-11-01,1,1.0,0.55
CUST_01143,2025-06-01,1,0.0,0.35
CUST_01143,2025-10-01,1,0.0,0.39
CUST_01145,2024-07-01,1,0.0,0.39
CUST_01145,2024-08-01,1,0.0,0.35
CUST_01145,2024-09-01,1,0.0,0.35
CUST_01145,2025-06-01,1,0.0,0.39
CUST_01146,2025-01-01,1,0.0,0.35
CUST_01147,2025-08-01,1,1.0,0.35
CUST_01147,2025-10-01,1,0.0,0.35
CUST_01147,2025-12-01,1,0.0,0.35
CUST_01149,2024-06-01,1,1.0,0.55
CUST_01149,2024-07-01,1,0.0,0.61
CUST_01149,2024-12-01,2,1.0,0.605
CUST_01149,2025-03-01,1,0.0,0.55
CUST_01149,2025-07-01,1,1.0,0.61
CUST_01149,2025-09-01,1,1.0,0.55
CUST_01149,2025-12-01,1,0.0,0.55
CUST_01150,2024-06-01,2,0.5,0.35
CUST_01150,2025-04-01,1,1.0,0.35
CUST_01150,2025-10-01,1,0.0,0.35
CUST_01150,2025-11-01,1,1.0,0.35
CUST_01153,2024-07-01,1,0.0,0.35
CUST_01153,2024-09-01,1,0.0,0.35
CUST_01153,2025-01-01,1,0.0,0.35
CUST_01153,2025-04-01,1,0.0,0.35
CUST_01153,2025-12-01,1,1.0,0.35
CUST_01154,2025-03-01,1,0.0,0.39
CUST_01154,2025-07-01,1,0.0,0.39
CUST_01154,2025-10-01,1,0.0,0.35
CUST_01154,2025-12-01,1,0.0,0.39
CUST_01155,2025-01-01,1,1.0,0.55
CUST_01155,2025-06-01,1,1.0,0.55
CUST_01155,2025-10-01,2,0.0,0.55
CUST_01157,2024-04-01,1,1.0,0.39
CUST_01157,2024-08-01,1,0.0,0.35
CUST_01157,2024-10-01,1,0.0,0.35
CUST_01157,2024-12-01,1,0.0,0.35
CUST_01157,2025-03-01,1,1.0,0.35
CUST_01157,2025-10-01,1,1.0,0.39
CUST_01158,2025-11-01,2,0.5,0.35
CUST_01160,2025-06-01,1,0.0,0.61
CUST_01160,2025-11-01,1,1.0,0.55
CUST_01162,2025-07-01,1,1.0,0.75
CUST_01162,2025-10-01,3,1.0,0.85
CUST_01162,2025-12-01,1,1.0,0.75
CUST_01164,2024-06-01,1,0.0,0.35
CUST_01164,2025-01-01,1,1.0,0.35
CUST_01164,2025-06-01,1,1.0,0.39
CUST_01164,2025-12-01,1,0.0,0.39
CUST_01166,2025-08-01,1,1.0,0.55
CUST_01166,2025-09-01,3,1.0,0.55
CUST_01167,2025-10-01,1,1.0,0.35
CUST_01167,2025-11-01,1,0.0,0.35
CUST_01168,2025-12-01,1,1.0,0.61
CUST_01169,2024-08-01,1,0.0,0.39
CUST_01169,2025-04-01,1,1.0,0.35
CUST_01169,2025-05-01,1,0.0,0.35
CUST_01169,2025-08-01,1,0.0,0.35
CUST_01170,2024-10-01,2,0.0,0.605
CUST_01170,2024-12-01,2,0.5,0.55
CUST_01170,2025-02-01,2,1.0,0.55
CUST_01170,2025-09-01,2,0.5,0.5800000000000001
CUST_01170,2025-10-01,1,1.0,0.55
CUST_01170,2025-12-01,1,1.0,0.61
CUST_01171,2025-10-01,1,1.0,0.61
CUST_01171,2025-12-01,1,0.0,0.61
CUST_01173,2025-06-01,1,1.0,0.55
CUST_01173,2025-08-01,2,1.0,0.605
CUST_01174,2025-02-01,1,0.0,0.35
CUST_01174,2025-05-01,1,1.0,0.35
CUST_01174,2025-06-01,1,1.0,0.35
CUST_01174,2025-07-01,1,0.0,0.35
CUST_01175,2025-06-01,1,0.0,0.55
CUST_01175,2025-07-01,1,1.0,0.61
CUST_01175,2025-08-01,1,0.0,0.55
CUST_01175,2025-12-01,1,0.0,0.55
CUST_01176,2025-07-01,1,0.0,0.75
CUST_01176,2025-12-01,1,1.0,0.9
CUST_01177,2025-10-01,1,1.0,0.35
CUST_01178,2024-10-01,1,0.0,0.66
CUST_01178,2024-12-01,2,1.0,0.55
CUST_01178,2025-01-01,1,1.0,0.55
CUST_01178,2025-02-01,1,0.0,0.66
CUST_01178,2025-08-01,1,0.0,0.55
CUST_01178,2025-10-01,1,1.0,0.55
CUST_01179,2025-02-01,1,1.0,0.55
CUST_01179,2025-08-01,2,1.0,0.55
CUST_01179,2025-10-01,2,1.0,0.55
CUST_01180,2025-04-01,1,1.0,0.35
CUST_01180,2025-10-01,2,0.5,0.35
CUST_01181,2025-10-01,1,0.0,0.61
CUST_01181,2025-12-01,1,1.0,0.55
CUST_01182,2024-10-01,1,0.0,0.42
CUST_01182,2025-10-01,1,1.0,0.35
CUST_01183,2024-10-01,1,0.0,0.39
CUST_01183,2025-07-01,1,1.0,0.39
CUST_01183,2025-08-01,2,0.5,0.37
CUST_01184,2025-11-01,1,1.0,0.75
CUST_01187,2025-04-01,1,0.0,0.55
CUST_01187,2025-05-01,1,0.0,0.61
CUST_01187,2025-07-01,1,0.0,0.55
CUST_01187,2025-09-01,1,1.0,0.55
CUST_01189,2025-02-01,1,1.0,0.55
CUST_01189,2025-08-01,1,0.0,0.55
CUST_01189,2025-09-01,1,1.0,0.55
CUST_01189,2025-10-01,1,0.0,0.61
CUST_01189,2025-11-01,1,0.0,0.55
CUST_01189,2025-12-01,1,0.0,0.61
CUST_01190,2025-02-01,1,1.0,0.55
CUST_01190,2025-04-01,1,1.0,0.55
CUST_01190,2025-08-01,1,0.0,0.61
CUST_01190,2025-09-01,1,0.0,0.55
CUST_01191,2025-03-01,1,0.0,0.35
CUST_01191,2025-05-01,1,0.0,0.35
CUST_01191,2025-11-01,2,0.0,0.37
CUST_01193,2024-08-01,1,0.0,0.35
CUST_01193,2025-05-01,1,1.0,0.39
CUST_01193,2025-10-01,1,1.0,0.35
CUST_01193,2025-12-01,1,1.0,0.39
CUST_01194,2025-06-01,1,1.0,0.35
CUST_01194,2025-07-01,1,1.0,0.42
CUST_01194,2025-10-01,1,1.0,0.35
CUST_01195,2024-10-01,1,0.0,0.55
CUST_01195,2025-03-01,2,1.0,0.55
CUST_01195,2025-06-01,1,0.0,0.61
CUST_01195,2025-07-01,1,0.0,0.55
CUST_01195,2025-10-01,1,1.0,0.66
CUST_01196,2024-11-01,1,0.0,0.39
CUST_01196,2025-04-01,1,0.0,0.35
CUST_01196,2025-12-01,1,1.0,0.39
CUST_01197,2024-05-01,1,0.0,0.35
CUST_01197,2024-08-01,1,0.0,0.35
CUST_01197,2025-01-01,1,0.0,0.35
CUST_01197,2025-08-01,1,0.0,0.35
CUST_01198,2025-01-01,1,0.0,0.35
CUST_01199,2025-04-01,1,0.0,0.39
CUST_01199,2025-07-01,1,0.0,0.35
CUST_01199,2025-08-01,1,0.0,0.35
CUST_01202,2025-03-01,1,0.0,0.35
CUST_01202,2025-04-01,1,0.0,0.39
CUST_01202,2025-09-01,1,0.0,0.39
CUST_01202,2025-11-01,1,0.0,0.35
CUST_01203,2024-07-01,1,0.0,0.39
CUST_01204,2024-08-01,1,0.0,0.35
CUST_01204,2025-01-01,1,0.0,0.35
CUST_01204,2025-08-01,1,1.0,0.35
CUST_01206,2025-02-01,1,0.0,0.35
CUST_01206,2025-04-01,1,1.0,0.35
CUST_01206,2025-09-01,1,0.0,0.35
CUST_01207,2025-05-01,1,0.0,0.35
CUST_01209,2024-08-01,1,0.0,0.35
CUST_01209,2024-11-01,1,1.0,0.35
CUST_01209,2025-06-01,1,1.0,0.35
CUST_01209,2025-07-01,1,0.0,0.35
CUST_01210,2024-07-01,1,0.0,0.35
CUST_01210,2024-11-01,1,0.0,0.35
CUST_01210,2024-12-01,1,0.0,0.35
CUST_01211,2024-05-01,1,0.0,0.61
CUST_01211,2024-09-01,2,0.0,0.5800000000000001
CUST_01211,2024-10-01,1,0.0,0.55
CUST_01211,2025-03-01,1,0.0,0.55
CUST_01211,2025-08-01,1,1.0,0.55
CUST_01212,2025-04-01,1,0.0,0.35
CUST_01212,2025-12-01,1,0.0,0.42
CUST_01213,2025-04-01,2,0.5,0.55
CUST_01213,2025-05-01,1,1.0,0.55
CUST_01215,2024-04-01,1,0.0,0.35
CUST_01215,2024-07-01,1,1.0,0.39
CUST_01215,2025-01-01,1,1.0,0.35
CUST_01216,2025-06-01,3,1.0,0.8266666666666667
CUST_01216,2025-08-01,1,0.0,0.75
CUST_01217,2025-09-01,1,0.0,0.35
CUST_01218,2025-11-01,2,0.0,0.39
CUST_01219,2024-03-01,1,0.0,0.55
CUST_01219,2024-05-01,1,1.0,0.55
CUST_01219,2025-01-01,3,0.6666666666666666,0.6066666666666667
CUST_01219,2025-02-01,1,0.0,0.55
CUST_01219,2025-04-01,1,1.0,0.61
CUST_01219,2025-06-01,1,0.0,0.55
CUST_01219,2025-10-01,1,1.0,0.66
CUST_01219,2025-11-01,1,1.0,0.55
CUST_01221,2025-10-01,1,0.0,0.35
CUST_01221,2025-12-01,1,1.0,0.39
CUST_01222,2024-12-01,1,0.0,0.42
CUST_01222,2025-02-01,1,0.0,0.35
CUST_01222,2025-05-01,1,1.0,0.35
CUST_01223,2024-06-01,1,0.0,0.75
CUST_01223,2024-07-01,1,1.0,0.75
CUST_01223,2024-08-01,4,1.0,0.77
CUST_01223,2024-12-01,1,1.0,0.75
CUST_01223,2025-01-01,2,1.0,0.75
CUST_01223,2025-02-01,2,1.0,0.75
CUST_01223,2025-03-01,1,1.0,0.75
CUST_01223,2025-04-01,1,1.0,0.75
CUST_01223,2025-06-01,1,1.0,0.83
CUST_01223,2025-07-01,1,1.0,0.75
CUST_01223,2025-08-01,1,0.0,0.75
CUST_01223,2025-09-01,2,1.0,0.75
CUST_01223,2025-10-01,1,1.0,0.75
CUST_01225,2025-01-01,1,0.0,0.35
CUST_01225,2025-04-01,1,1.0,0.35
CUST_01226,2024-11-01,1,1.0,0.75
CUST_01226,2025-01-01,2,1.0,0.865
CUST_01226,2025-04-01,2,0.5,0.75
CUST_01226,2025-06-01,1,1.0,0.75
CUST_01226,2025-07-01,1,0.0,0.83
CUST_01226,2025-08-01,1,1.0,0.75
CUST_01226,2025-09-01,1,1.0,0.83
CUST_01226,2025-11-01,2,1.0,0.79
CUST_01226,2025-12-01,1,1.0,0.75
CUST_01227,2024-10-01,1,1.0,0.55
CUST_01227,2024-12-01,1,0.0,0.55
CUST_01227,2025-05-01,2,0.5,0.66
CUST_01227,2025-08-01,1,1.0,0.61
CUST_01229,2025-03-01,1,0.0,0.42
CUST_01229,2025-08-01,1,1.0,0.35
CUST_01229,2025-11-01,1,0.0,0.39
CUST_01230,2025-06-01,3,1.0,0.7766666666666667
CUST_01230,2025-08-01,1,1.0,0.83
CUST_01230,2025-09-01,1,0.0,0.83
CUST_01230,2025-10-01,1,1.0,0.75
CUST_01231,2024-03-01,1,0.0,0.35
CUST_01231,2024-08-01,1,0.0,0.35
CUST_01231,2025-10-01,1,0.0,0.35
CUST_01232,2024-12-01,1,0.0,0.61
CUST_01232,2025-01-01,1,1.0,0.55
CUST_01232,2025-07-01,1,0.0,0.61
CUST_01233,2025-07-01,2,0.0,0.55
CUST_01233,2025-10-01,1,1.0,0.66
CUST_01233,2025-12-01,1,1.0,0.66
CUST_01234,2025-08-01,1,0.0,0.35
CUST_01235,2025-12-01,2,1.0,0.75
CUST_01236,2024-05-01,1,1.0,0.35
CUST_01236,2024-10-01,1,0.0,0.39
CUST_01236,2025-06-01,1,1.0,0.39
CUST_01236,2025-10-01,1,0.0,0.35
CUST_01238,2024-12-01,1,1.0,0.55
CUST_01238,2025-02-01,1,1.0,0.66
CUST_01238,2025-06-01,1,0.0,0.55
CUST_01238,2025-07-01,1,0.0,0.66
CUST_01238,2025-09-01,1,1.0,0.55
CUST_01238,2025-11-01,1,1.0,0.55
CUST_01238,2025-12-01,1,1.0,0.55
CUST_01239,2025-01-01,1,0.0,0.75
CUST_01239,2025-04-01,1,1.0,0.83
CUST_01239,2025-05-01,1,1.0,0.75
CUST_01239,2025-07-01,1,1.0,0.75
CUST_01239,2025-11-01,1,1.0,0.75
CUST_01240,2025-09-01,1,0.0,0.35
CUST_01242,2025-10-01,1,1.0,0.55
CUST_01242,2025-11-01,1,1.0,0.61
CUST_01242,2025-12-01,1,0.0,0.55
CUST_01243,2024-11-01,2,0.5,0.55
CUST_01243,2025-01-01,2,1.0,0.61
CUST_01243,2025-02-01,1,0.0,0.55
CUST_01243,2025-04-01,1,0.0,0.55
CUST_01243,2025-05-01,1,0.0,0.55
CUST_01243,2025-06-01,1,1.0,0.66
CUST_01243,2025-08-01,1,0.0,0.66
CUST_01243,2025-10-01,1,0.0,0.55
CUST_01243,2025-11-01,1,1.0,0.55
CUST_01244,2025-09-01,1,0.0,0.35
CUST_01244,2025-10-01,1,0.0,0.42
CUST_01245,2025-07-01,1,1.0,0.83
CUST_01245,2025-08-01,1,1.0,0.83
CUST_01245,2025-11-01,1,1.0,0.75
CUST_01245,2025-12-01,1,1.0,0.75
CUST_01246,2024-10-01,1,0.0,0.35
CUST_01246,2024-11-01,2,0.5,0.35
CUST_01246,2025-04-01,1,1.0,0.35
CUST_01247,2024-08-01,1,0.0,0.35
CUST_01247,2025-10-01,1,0.0,0.35
CUST_01247,2025-11-01,2,1.0,0.35
CUST_01248,2024-07-01,1,1.0,0.55
CUST_01248,2024-10-01,1,0.0,0.61
CUST_01248,2024-12-01,1,1.0,0.55
CUST_01248,2025-04-01,1,0.0,0.55
CUST_01248,2025-07-01,1,1.0,0.66
CUST_01249,2024-07-01,1,1.0,0.35
CUST_01249,2024-08-01,1,1.0,0.35
CUST_01249,2024-11-01,1,0.0,0.35
CUST_01249,2025-01-01,1,1.0,0.35
CUST_01249,2025-02-01,1,0.0,0.39
CUST_01249,2025-04-01,1,0.0,0.35
CUST_01249,2025-09-01,1,1.0,0.39
CUST_01249,2025-10-01,1,0.0,0.35
CUST_01250,2024-10-01,1,1.0,0.35
CUST_01250,2024-11-01,1,0.0,0.35
CUST_01250,2025-01-01,1,1.0,0.35
CUST_01250,2025-04-01,1,1.0,0.39
CUST_01250,2025-10-01,1,1.0,0.35
CUST_01251,2025-08-01,1,0.0,0.35
CUST_01251,2025-10-01,1,0.0,0.39
CUST_01252,2024-01-01,1,0.0,0.75
CUST_01252,2024-02-01,1,1.0,0.75
CUST_01252,2024-03-01,2,1.0,0.79
CUST_01252,2024-08-01,3,1.0,0.8266666666666667
CUST_01252,2024-11-01,1,1.0,0.75
CUST_01252,2024-12-01,2,1.0,0.75
CUST_01252,2025-01-01,1,1.0,0.75
CUST_01252,2025-02-01,2,1.0,0.75
CUST_01252,2025-03-01,2,1.0,0.75
CUST_01252,2025-06-01,1,1.0,0.75
CUST_01252,2025-07-01,1,1.0,0.75
CUST_01252,2025-08-01,2,1.0,0.83
CUST_01252,2025-09-01,3,0.6666666666666666,0.7766666666666667
CUST_01252,2025-10-01,2,1.0,0.79
CUST_01254,2025-03-01,1,0.0,0.35
CUST_01254,2025-05-01,1,0.0,0.39
CUST_01255,2024-09-01,1,0.0,0.66
CUST_01255,2024-11-01,2,0.0,0.55
CUST_01255,2024-12-01,1,0.0,0.55
CUST_01255,2025-01-01,1,1.0,0.55
CUST_01255,2025-03-01,1,1.0,0.55
CUST_01255,2025-05-01,2,1.0,0.55
CUST_01255,2025-07-01,2,0.5,0.66
CUST_01255,2025-11-01,1,0.0,0.55
CUST_01256,2025-12-01,1,1.0,0.55
CUST_01257,2024-09-01,1,1.0,0.83
CUST_01257,2024-12-01,1,0.0,0.75
CUST_01257,2025-02-01,2,1.0,0.79
CUST_01257,2025-03-01,1,1.0,0.75
CUST_01257,2025-05-01,1,1.0,0.75
CUST_01257,2025-10-01,1,1.0,0.75
CUST_01258,2024-12-01,2,0.5,0.5800000000000001
CUST_01258,2025-03-01,1,0.0,0.55
CUST_01258,2025-05-01,1,1.0,0.61
CUST_01258,2025-06-01,1,1.0,0.55
CUST_01258,2025-08-01,1,1.0,0.61
CUST_01258,2025-09-01,2,1.0,0.5800000000000001
CUST_01258,2025-10-01,1,0.0,0.66
CUST_01258,2025-12-01,1,0.0,0.55
CUST_01259,2025-05-01,2,1.0,0.35
CUST_01259,2025-09-01,1,0.0,0.39
CUST_01259,2025-10-01,1,1.0,0.35
CUST_01260,2025-05-01,2,1.0,0.385
CUST_01261,2024-10-01,1,0.0,0.35
CUST_01261,2024-12-01,1,0.0,0.35
CUST_01261,2025-07-01,1,0.0,0.39
CUST_01262,2025-01-01,1,0.0,0.35
CUST_01262,2025-02-01,1,1.0,0.39
CUST_01262,2025-05-01,1,0.0,0.42
CUST_01263,2025-03-01,1,0.0,0.35
CUST_01263,2025-04-01,1,0.0,0.35
CUST_01263,2025-05-01,1,1.0,0.35
CUST_01265,2025-02-01,1,0.0,0.66
CUST_01265,2025-03-01,1,1.0,0.55
CUST_01265,2025-06-01,1,1.0,0.61
CUST_01265,2025-08-01,1,0.0,0.66
CUST_01265,2025-12-01,1,0.0,0.55
CUST_01266,2024-08-01,1,0.0,0.35
CUST_01266,2024-09-01,1,0.0,0.42
CUST_01266,2024-11-01,1,0.0,0.35
CUST_01266,2025-03-01,1,0.0,0.39
CUST_01266,2025-05-01,1,1.0,0.35
CUST_01266,2025-06-01,1,1.0,0.39
CUST_01267,2024-06-01,1,1.0,0.75
CUST_01267,2024-09-01,1,0.0,0.75
CUST_01267,2025-05-01,1,0.0,0.75
CUST_01267,2025-07-01,2,0.5,0.79
CUST_01269,2025-07-01,1,1.0,0.39
CUST_01270,2024-08-01,1,1.0,0.66
CUST_01270,2025-01-01,1,1.0,0.55
CUST_01270,2025-03-01,1,1.0,0.55
CUST_01270,2025-06-01,1,1.0,0.61
CUST_01270,2025-07-01,2,0.5,0.55
CUST_01270,2025-08-01,2,0.0,0.55
CUST_01270,2025-12-01,2,0.5,0.5800000000000001
CUST_01271,2025-02-01,2,0.5,0.37
CUST_01271,2025-12-01,1,1.0,0.35
CUST_01272,2025-12-01,2,1.0,0.55
CUST_01273,2025-02-01,2,1.0,0.75
CUST_01273,2025-03-01,3,1.0,0.75
CUST_01273,2025-04-01,1,1.0,0.83
CUST_01273,2025-05-01,2,0.5,0.79
CUST_01273,2025-06-01,3,0.6666666666666666,0.7766666666666667
CUST_01273,2025-10-01,1,1.0,0.75
CUST_01273,2025-12-01,1,1.0,0.75
CUST_01274,2024-07-01,1,0.0,0.35
CUST_01274,2024-11-01,1,0.0,0.39
CUST_01274,2024-12-01,1,0.0,0.35
CUST_01274,2025-01-01,1,0.0,0.35
CUST_01274,2025-06-01,1,1.0,0.35
CUST_01274,2025-07-01,1,0.0,0.42
CUST_01274,2025-08-01,2,0.0,0.385
CUST_01274,2025-10-01,1,0.0,0.42
CUST_01275,2024-09-01,1,0.0,0.35
CUST_01275,2024-10-01,2,0.5,0.35
CUST_01275,2024-12-01,1,1.0,0.35
CUST_01276,2025-11-01,1,1.0,0.55
CUST_01277,2025-01-01,2,1.0,0.75
CUST_01277,2025-05-01,1,0.0,0.9
CUST_01277,2025-06-01,1,0.0,0.75
CUST_01277,2025-09-01,1,1.0,0.75
CUST_01279,2024-06-01,1,0.0,0.83
CUST_01279,2024-08-01,1,1.0,0.83
CUST_01279,2024-11-01,1,1.0,0.83
CUST_01279,2024-12-01,1,0.0,0.75
CUST_01279,2025-02-01,1,1.0,0.75
CUST_01279,2025-07-01,1,1.0,0.75
CUST_01279,2025-09-01,1,1.0,0.75
CUST_01279,2025-10-01,1,1.0,0.83
CUST_01280,2024-08-01,2,1.0,0.385
CUST_01280,2025-03-01,1,0.0,0.39
CUST_01280,2025-11-01,1,1.0,0.35
CUST_01282,2024-10-01,1,1.0,0.55
CUST_01282,2024-11-01,1,1.0,0.61
CUST_01282,2024-12-01,1,1.0,0.55
CUST_01282,2025-04-01,1,0.0,0.55
CUST_01282,2025-06-01,1,1.0,0.55
CUST_01282,2025-10-01,1,1.0,0.55
CUST_01283,2025-04-01,1,0.0,0.42
CUST_01283,2025-09-01,1,1.0,0.35
CUST_01283,2025-11-01,3,0.3333333333333333,0.3499999999999999
CUST_01284,2024-08-01,1,1.0,0.35
CUST_01284,2025-01-01,1,1.0,0.35
CUST_01284,2025-02-01,1,1.0,0.35
CUST_01285,2025-03-01,1,0.0,0.35
CUST_01285,2025-05-01,1,0.0,0.39
CUST_01285,2025-07-01,1,0.0,0.35
CUST_01286,2024-12-01,1,1.0,0.75
CUST_01286,2025-02-01,1,1.0,0.83
CUST_01286,2025-07-01,1,1.0,0.75
CUST_01286,2025-10-01,1,1.0,0.75
CUST_01286,2025-12-01,2,1.0,0.825
CUST_01287,2024-08-01,1,1.0,0.75
CUST_01287,2024-09-01,1,1.0,0.75
CUST_01287,2025-02-01,1,1.0,0.75
CUST_01287,2025-08-01,3,0.6666666666666666,0.75
CUST_01287,2025-10-01,1,0.0,0.75
CUST_01287,2025-11-01,1,0.0,0.9
CUST_01288,2024-11-01,1,0.0,0.75
CUST_01288,2025-01-01,2,0.5,0.79
CUST_01288,2025-05-01,2,1.0,0.75
CUST_01288,2025-07-01,1,1.0,0.9
CUST_01288,2025-10-01,1,1.0,0.75
CUST_01289,2024-05-01,1,1.0,0.75
CUST_01289,2024-09-01,2,1.0,0.83
CUST_01289,2024-10-01,1,1.0,0.75
CUST_01289,2024-11-01,1,1.0,0.75
CUST_01289,2025-04-01,3,1.0,0.7766666666666667
CUST_01290,2025-08-01,1,1.0,0.61
CUST_01290,2025-09-01,2,0.5,0.55
CUST_01290,2025-12-01,1,1.0,0.61
CUST_01291,2024-04-01,1,1.0,0.61
CUST_01291,2024-08-01,2,1.0,0.5800000000000001
CUST_01291,2024-10-01,2,1.0,0.55
CUST_01291,2024-11-01,1,1.0,0.66
CUST_01291,2024-12-01,1,1.0,0.55
CUST_01291,2025-03-01,1,0.0,0.55
CUST_01291,2025-06-01,1,1.0,0.55
CUST_01291,2025-10-01,1,0.0,0.61
CUST_01292,2025-10-01,1,1.0,0.55
CUST_01293,2025-07-01,1,0.0,0.42
CUST_01293,2025-09-01,1,1.0,0.39
CUST_01293,2025-10-01,1,1.0,0.35
CUST_01294,2025-05-01,1,1.0,0.42
CUST_01294,2025-12-01,1,1.0,0.35
CUST_01295,2025-09-01,1,0.0,0.35
CUST_01295,2025-10-01,1,1.0,0.35
CUST_01296,2024-05-01,1,0.0,0.55
CUST_01296,2024-06-01,1,1.0,0.55
CUST_01296,2024-11-01,1,1.0,0.55
CUST_01296,2025-01-01,1,0.0,0.55
CUST_01296,2025-04-01,1,1.0,0.55
CUST_01296,2025-09-01,1,1.0,0.55
CUST_01297,2024-12-01,1,0.0,0.39
CUST_01297,2025-03-01,1,0.0,0.35
CUST_01297,2025-06-01,1,0.0,0.35
CUST_01298,2025-05-01,1,1.0,0.35
CUST_01299,2025-09-01,1,0.0,0.61
CUST_01300,2024-04-01,1,1.0,0.66
CUST_01300,2024-08-01,1,0.0,0.66
CUST_01300,2024-12-01,2,0.0,0.5800000000000001
CUST_01300,2025-01-01,1,1.0,0.55
CUST_01300,2025-10-01,1,1.0,0.55
CUST_01302,2024-10-01,1,1.0,0.61
CUST_01302,2024-12-01,1,1.0,0.55
CUST_01302,2025-03-01,1,0.0,0.55
CUST_01302,2025-04-01,1,1.0,0.55
CUST_01302,2025-06-01,1,1.0,0.61
CUST_01302,2025-07-01,2,1.0,0.55
CUST_01302,2025-08-01,1,1.0,0.61
CUST_01302,2025-09-01,1,0.0,0.55
CUST_01302,2025-11-01,1,1.0,0.55
CUST_01302,2025-12-01,1,1.0,0.55
CUST_01303,2025-04-01,1,0.0,0.75
CUST_01303,2025-05-01,1,1.0,0.75
CUST_01303,2025-06-01,1,1.0,0.75
CUST_01305,2025-11-01,1,0.0,0.35
CUST_01307,2025-05-01,2,1.0,0.385
CUST_01307,2025-07-01,2,0.5,0.37
CUST_01307,2025-12-01,1,1.0,0.39
CUST_01309,2024-03-01,1,0.0,0.35
CUST_01310,2025-05-01,1,1.0,0.55
CUST_01310,2025-07-01,1,0.0,0.55
CUST_01310,2025-08-01,1,1.0,0.55
CUST_01310,2025-12-01,1,1.0,0.61
CUST_01312,2025-06-01,1,0.0,0.75
CUST_01312,2025-11-01,1,1.0,0.75
CUST_01312,2025-12-01,2,1.0,0.79
CUST_01314,2025-09-01,1,1.0,0.35
CUST_01315,2025-04-01,1,0.0,0.35
CUST_01315,2025-06-01,1,0.0,0.39
CUST_01315,2025-08-01,2,0.5,0.35
CUST_01317,2025-12-01,1,1.0,0.39
CUST_01319,2025-01-01,1,0.0,0.61
CUST_01319,2025-06-01,1,1.0,0.55
CUST_01319,2025-08-01,1,1.0,0.61
CUST_01320,2025-09-01,1,0.0,0.35
CUST_01321,2025-04-01,1,0.0,0.42
CUST_01322,2025-11-01,2,0.5,0.75
CUST_01322,2025-12-01,2,0.5,0.75
CUST_01323,2025-08-01,1,0.0,0.75
CUST_01323,2025-09-01,1,0.0,0.75
CUST_01323,2025-10-01,1,1.0,0.75
CUST_01323,2025-11-01,1,1.0,0.75
CUST_01323,2025-12-01,2,1.0,0.825
CUST_01324,2025-08-01,1,0.0,0.42
CUST_01324,2025-12-01,1,0.0,0.35
CUST_01326,2024-04-01,1,1.0,0.66
CUST_01326,2024-05-01,1,1.0,0.55
CUST_01326,2024-10-01,2,0.5,0.55
CUST_01326,2025-04-01,1,1.0,0.61
CUST_01326,2025-07-01,1,1.0,0.55
CUST_01326,2025-08-01,2,0.5,0.55
CUST_01326,2025-09-01,2,0.0,0.5800000000000001
CUST_01327,2025-02-01,1,0.0,0.35
CUST_01328,2025-05-01,2,0.5,0.35
CUST_01329,2024-06-01,1,0.0,0.35
CUST_01329,2024-08-01,1,0.0,0.39
CUST_01329,2024-12-01,1,1.0,0.35
CUST_01330,2025-11-01,1,0.0,0.35
CUST_01330,2025-12-01,1,0.0,0.35
CUST_01331,2024-09-01,1,1.0,0.61
CUST_01331,2024-11-01,1,1.0,0.55
CUST_01331,2025-06-01,1,0.0,0.55
CUST_01332,2025-06-01,1,1.0,0.75
CUST_01332,2025-08-01,1,0.0,0.75
CUST_01332,2025-10-01,3,1.0,0.75
CUST_01333,2025-11-01,1,0.0,0.42
CUST_01334,2025-02-01,1,1.0,0.75
CUST_01334,2025-04-01,1,1.0,0.75
CUST_01334,2025-05-01,1,1.0,0.75
CUST_01334,2025-10-01,1,0.0,0.83
CUST_01336,2025-05-01,1,0.0,0.42
CUST_01336,2025-08-01,1,1.0,0.42
CUST_01336,2025-11-01,2,0.0,0.35
CUST_01337,2025-02-01,1,1.0,0.35
CUST_01337,2025-03-01,1,0.0,0.35
CUST_01337,2025-04-01,1,1.0,0.35
CUST_01337,2025-10-01,2,1.0,0.385
CUST_01337,2025-11-01,1,0.0,0.35
CUST_01337,2025-12-01,2,0.5,0.35
CUST_01338,2024-11-01,1,1.0,0.83
CUST_01338,2024-12-01,1,1.0,0.75
CUST_01338,2025-02-01,1,1.0,0.75
CUST_01338,2025-07-01,2,0.5,0.79
CUST_01338,2025-11-01,2,1.0,0.75
CUST_01340,2025-04-01,1,1.0,0.35
CUST_01340,2025-10-01,1,0.0,0.35
CUST_01340,2025-11-01,1,0.0,0.35
CUST_01341,2024-04-01,1,1.0,0.61
CUST_01341,2024-08-01,1,1.0,0.61
CUST_01341,2024-09-01,1,1.0,0.55
CUST_01341,2024-10-01,1,0.0,0.55
CUST_01341,2024-11-01,2,1.0,0.5800000000000001
CUST_01341,2024-12-01,1,1.0,0.61
CUST_01341,2025-05-01,1,0.0,0.66
CUST_01341,2025-10-01,1,1.0,0.55
CUST_01342,2025-05-01,1,0.0,0.35
CUST_01343,2024-10-01,1,1.0,0.39
CUST_01343,2025-02-01,1,0.0,0.35
CUST_01343,2025-05-01,1,0.0,0.35
CUST_01343,2025-08-01,1,1.0,0.35
CUST_01344,2024-05-01,1,1.0,0.83
CUST_01344,2024-08-01,1,0.0,0.75
CUST_01344,2024-10-01,2,1.0,0.83
CUST_01344,2025-05-01,2,0.5,0.75
CUST_01344,2025-07-01,1,1.0,0.75
CUST_01344,2025-09-01,1,1.0,0.83
CUST_01345,2024-10-01,1,1.0,0.35
CUST_01345,2024-12-01,1,1.0,0.35
CUST_01345,2025-03-01,1,0.0,0.35
CUST_01345,2025-08-01,2,1.0,0.385
CUST_01345,2025-12-01,1,1.0,0.42
CUST_01346,2025-10-01,1,1.0,0.75
CUST_01346,2025-11-01,1,0.0,0.75
CUST_01347,2025-11-01,1,1.0,0.55
CUST_01348,2025-10-01,1,0.0,0.55
CUST_01350,2024-07-01,1,0.0,0.35
CUST_01350,2025-04-01,1,0.0,0.35
CUST_01351,2024-11-01,1,0.0,0.55
CUST_01351,2025-10-01,1,1.0,0.55
CUST_01352,2025-08-01,1,0.0,0.42
CUST_01352,2025-09-01,2,0.0,0.385
CUST_01352,2025-11-01,1,0.0,0.35
CUST_01354,2025-12-01,1,0.0,0.35
CUST_01355,2025-05-01,3,0.0,0.3633333333333333
CUST_01355,2025-07-01,1,0.0,0.35
CUST_01355,2025-10-01,1,0.0,0.35
CUST_01356,2024-09-01,2,0.5,0.37
CUST_01356,2024-11-01,1,0.0,0.35
CUST_01356,2024-12-01,1,1.0,0.35
CUST_01356,2025-03-01,2,1.0,0.405
CUST_01357,2025-12-01,1,0.0,0.42
CUST_01358,2025-05-01,1,1.0,0.55
CUST_01358,2025-09-01,1,1.0,0.55
CUST_01358,2025-11-01,1,1.0,0.61
CUST_01360,2024-05-01,1,0.0,0.35
CUST_01360,2024-09-01,1,0.0,0.42
CUST_01360,2025-05-01,1,0.0,0.35
CUST_01360,2025-06-01,1,1.0,0.35
CUST_01361,2025-12-01,1,0.0,0.35
CUST_01362,2024-10-01,1,0.0,0.35
CUST_01362,2025-01-01,1,1.0,0.35
CUST_01362,2025-02-01,1,1.0,0.35
CUST_01362,2025-05-01,1,0.0,0.35
CUST_01362,2025-08-01,1,0.0,0.42
CUST_01362,2025-10-01,2,0.0,0.37
CUST_01363,2025-12-01,1,1.0,0.39
CUST_01364,2025-02-01,1,0.0,0.35
CUST_01364,2025-05-01,1,0.0,0.35
CUST_01365,2025-02-01,1,0.0,0.75
CUST_01365,2025-08-01,1,1.0,0.75
CUST_01365,2025-09-01,2,0.5,0.865
CUST_01366,2024-06-01,1,1.0,0.35
CUST_01366,2024-10-01,1,1.0,0.39
CUST_01366,2025-07-01,1,0.0,0.35
CUST_01366,2025-10-01,1,1.0,0.42
CUST_01366,2025-12-01,1,0.0,0.35
CUST_01368,2025-08-01,1,1.0,0.39
CUST_01368,2025-12-01,1,0.0,0.42
CUST_01370,2025-12-01,1,1.0,0.55
CUST_01371,2025-12-01,1,0.0,0.42
CUST_01372,2024-11-01,1,0.0,0.55
CUST_01372,2025-02-01,1,1.0,0.55
CUST_01372,2025-07-01,1,1.0,0.55
CUST_01373,2025-05-01,1,0.0,0.35
CUST_01375,2025-04-01,2,0.0,0.35
CUST_01375,2025-05-01,1,0.0,0.35
CUST_01375,2025-07-01,1,1.0,0.42
CUST_01376,2024-05-01,1,0.0,0.35
CUST_01376,2024-11-01,1,1.0,0.35
CUST_01377,2025-09-01,1,0.0,0.55
CUST_01377,2025-10-01,1,1.0,0.61
CUST_01377,2025-12-01,1,0.0,0.55
CUST_01379,2025-10-01,1,1.0,0.35
CUST_01380,2025-08-01,1,0.0,0.39
CUST_01381,2025-05-01,1,0.0,0.39
CUST_01383,2024-12-01,1,0.0,0.42
CUST_01384,2025-03-01,1,1.0,0.83
CUST_01384,2025-04-01,1,1.0,0.83
CUST_01384,2025-05-01,1,1.0,0.75
CUST_01384,2025-06-01,1,1.0,0.75
CUST_01384,2025-07-01,1,1.0,0.75
CUST_01384,2025-08-01,1,1.0,0.75
CUST_01384,2025-09-01,1,1.0,0.75
CUST_01384,2025-11-01,2,1.0,0.75
CUST_01386,2025-04-01,1,0.0,0.35
CUST_01386,2025-06-01,2,0.5,0.37
CUST_01386,2025-08-01,1,1.0,0.35
CUST_01388,2024-03-01,1,1.0,0.61
CUST_01388,2024-04-01,1,1.0,0.55
CUST_01388,2024-07-01,2,0.5,0.605
CUST_01388,2024-08-01,1,1.0,0.61
CUST_01388,2024-12-01,1,0.0,0.55
CUST_01388,2025-01-01,2,0.0,0.5800000000000001
CUST_01388,2025-05-01,1,0.0,0.55
CUST_01388,2025-07-01,1,0.0,0.55
CUST_01388,2025-11-01,1,1.0,0.55
CUST_01389,2025-10-01,1,0.0,0.55
CUST_01390,2024-08-01,1,0.0,0.35
CUST_01390,2025-03-01,1,0.0,0.35
CUST_01390,2025-07-01,1,1.0,0.42
CUST_01392,2025-07-01,1,0.0,0.35
CUST_01393,2025-04-01,1,0.0,0.35
CUST_01393,2025-10-01,1,0.0,0.35
CUST_01394,2024-12-01,1,1.0,0.75
CUST_01394,2025-01-01,2,0.5,0.75
CUST_01394,2025-02-01,1,1.0,0.75
CUST_01394,2025-03-01,1,1.0,0.75
CUST_01394,2025-08-01,1,0.0,0.75
CUST_01394,2025-12-01,1,1.0,0.83
CUST_01395,2024-12-01,1,1.0,0.75
CUST_01395,2025-01-01,1,1.0,0.83
CUST_01395,2025-02-01,2,1.0,0.75
CUST_01395,2025-06-01,1,0.0,0.75
CUST_01395,2025-08-01,1,0.0,0.75
CUST_01396,2024-08-01,1,0.0,0.35
CUST_01396,2024-10-01,1,0.0,0.39
CUST_01396,2025-08-01,2,0.5,0.385
CUST_01397,2024-10-01,1,1.0,0.35
CUST_01397,2025-01-01,3,0.6666666666666666,0.38666666666666666
CUST_01397,2025-12-01,1,0.0,0.35
CUST_01398,2024-09-01,1,0.0,0.35
CUST_01398,2025-05-01,1,0.0,0.35
CUST_01399,2024-10-01,1,1.0,0.55
CUST_01399,2024-12-01,1,1.0,0.66
CUST_01399,2025-01-01,1,0.0,0.55
CUST_01399,2025-02-01,1,1.0,0.55
CUST_01399,2025-07-01,1,0.0,0.55
CUST_01400,2024-10-01,2,0.5,0.75
CUST_01400,2025-01-01,2,1.0,0.83
CUST_01400,2025-02-01,1,1.0,0.75
CUST_01400,2025-05-01,2,1.0,0.75
CUST_01400,2025-07-01,2,0.0,0.75
CUST_01400,2025-09-01,1,1.0,0.75
CUST_01401,2025-04-01,1,1.0,0.35
CUST_01401,2025-07-01,1,0.0,0.35
CUST_01401,2025-12-01,1,1.0,0.39
CUST_01402,2025-02-01,2,0.5,0.5800000000000001
CUST_01402,2025-03-01,1,0.0,0.55
CUST_01402,2025-09-01,1,1.0,0.61
CUST_01403,2025-04-01,1,0.0,0.35
CUST_01404,2024-11-01,1,1.0,0.75
CUST_01404,2025-02-01,1,0.0,0.75
CUST_01404,2025-04-01,1,1.0,0.75
CUST_01404,2025-09-01,2,0.5,0.75
CUST_01404,2025-12-01,3,1.0,0.7766666666666667
CUST_01405,2024-10-01,1,0.0,0.61
CUST_01405,2025-06-01,1,1.0,0.61
CUST_01405,2025-07-01,1,0.0,0.66
CUST_01405,2025-09-01,1,1.0,0.66
CUST_01405,2025-10-01,1,0.0,0.61
CUST_01405,2025-11-01,1,0.0,0.55
CUST_01405,2025-12-01,1,0.0,0.55
CUST_01406,2025-02-01,1,0.0,0.55
CUST_01406,2025-04-01,1,1.0,0.55
CUST_01407,2025-05-01,1,0.0,0.83
CUST_01407,2025-06-01,1,0.0,0.75
CUST_01407,2025-07-01,2,0.5,0.75
CUST_01407,2025-08-01,3,0.6666666666666666,0.8533333333333334
CUST_01407,2025-10-01,1,0.0,0.75
CUST_01408,2025-05-01,1,1.0,0.35
CUST_01408,2025-12-01,1,1.0,0.42
CUST_01409,2025-07-01,1,0.0,0.39
CUST_01409,2025-10-01,1,0.0,0.42
CUST_01410,2025-05-01,1,1.0,0.35
CUST_01410,2025-07-01,1,0.0,0.35
CUST_01410,2025-08-01,1,1.0,0.35
CUST_01411,2025-05-01,1,0.0,0.35
CUST_01411,2025-12-01,1,0.0,0.35
CUST_01412,2025-04-01,1,0.0,0.35
CUST_01412,2025-07-01,2,0.0,0.35
CUST_01412,2025-09-01,1,0.0,0.39
CUST_01412,2025-12-01,1,1.0,0.35
CUST_01413,2025-03-01,1,1.0,0.61
CUST_01413,2025-05-01,1,1.0,0.55
CUST_01413,2025-10-01,1,1.0,0.55
CUST_01414,2025-07-01,1,1.0,0.66
CUST_01414,2025-09-01,1,0.0,0.55
CUST_01414,2025-12-01,1,1.0,0.55
CUST_01415,2025-07-01,1,0.0,0.61
CUST_01416,2025-10-01,1,1.0,0.55
CUST_01416,2025-11-01,1,1.0,0.55
CUST_01417,2025-05-01,1,0.0,0.55
CUST_01417,2025-06-01,1,0.0,0.55
CUST_01417,2025-08-01,1,0.0,0.55
CUST_01417,2025-10-01,1,0.0,0.55
CUST_01417,2025-11-01,1,0.0,0.61
CUST_01418,2024-03-01,1,1.0,0.55
CUST_01418,2025-02-01,1,1.0,0.61
CUST_01418,2025-05-01,1,0.0,0.55
CUST_01418,2025-06-01,2,1.0,0.55
CUST_01418,2025-09-01,2,1.0,0.605
CUST_01419,2024-07-01,2,0.0,0.385
CUST_01419,2024-09-01,1,0.0,0.35
CUST_01419,2025-01-01,1,0.0,0.39
CUST_01419,2025-05-01,1,1.0,0.35
CUST_01419,2025-07-01,1,0.0,0.35
CUST_01420,2024-05-01,1,0.0,0.35
CUST_01420,2025-03-01,1,1.0,0.35
CUST_01420,2025-10-01,1,0.0,0.35
CUST_01421,2025-10-01,1,0.0,0.35
CUST_01422,2025-12-01,1,0.0,0.35
CUST_01424,2024-09-01,1,0.0,0.55
CUST_01424,2025-03-01,2,1.0,0.5800000000000001
CUST_01424,2025-05-01,1,0.0,0.55
CUST_01424,2025-07-01,1,1.0,0.55
CUST_01424,2025-10-01,1,0.0,0.55
CUST_01424,2025-12-01,1,1.0,0.61
CUST_01425,2025-03-01,1,1.0,0.75
CUST_01425,2025-04-01,1,0.0,0.83
CUST_01425,2025-05-01,1,1.0,0.75
CUST_01425,2025-11-01,1,1.0,0.75
CUST_01426,2025-01-01,1,1.0,0.35
CUST_01426,2025-07-01,1,0.0,0.39
CUST_01427,2025-05-01,2,0.0,0.75
CUST_01427,2025-06-01,1,1.0,0.83
CUST_01427,2025-09-01,1,1.0,0.75
CUST_01427,2025-12-01,1,1.0,0.9
CUST_01428,2025-11-01,1,0.0,0.55
CUST_01429,2024-03-01,1,1.0,0.75
CUST_01429,2024-09-01,2,1.0,0.79
CUST_01429,2024-12-01,1,1.0,0.83
CUST_01429,2025-02-01,1,1.0,0.83
CUST_01429,2025-07-01,1,0.0,0.75
CUST_01429,2025-12-01,1,1.0,0.75
CUST_01430,2024-12-01,1,1.0,0.75
CUST_01430,2025-03-01,2,1.0,0.75
CUST_01430,2025-06-01,1,1.0,0.75
CUST_01430,2025-11-01,2,0.5,0.83
CUST_01431,2025-11-01,1,1.0,0.39
CUST_01432,2025-06-01,2,1.0,0.605
CUST_01432,2025-07-01,1,0.0,0.55
CUST_01432,2025-09-01,1,1.0,0.55
CUST_01433,2025-03-01,1,1.0,0.35
CUST_01433,2025-05-01,2,0.0,0.35
CUST_01434,2025-03-01,1,1.0,0.42
CUST_01434,2025-07-01,1,0.0,0.35
CUST_01434,2025-12-01,1,0.0,0.35
CUST_01435,2024-12-01,1,1.0,0.75
CUST_01435,2025-01-01,1,1.0,0.9
CUST_01435,2025-05-01,1,1.0,0.75
CUST_01435,2025-06-01,1,1.0,0.75
CUST_01435,2025-07-01,1,1.0,0.75
CUST_01436,2025-07-01,1,0.0,0.35
CUST_01436,2025-10-01,1,1.0,0.35
CUST_01437,2024-09-01,2,1.0,0.55
CUST_01437,2025-04-01,1,0.0,0.55
CUST_01437,2025-05-01,1,1.0,0.55
CUST_01439,2024-11-01,1,0.0,0.55
CUST_01439,2025-02-01,1,0.0,0.61
CUST_01439,2025-04-01,1,1.0,0.55
CUST_01439,2025-06-01,1,1.0,0.55
CUST_01439,2025-09-01,1,0.0,0.55
CUST_01439,2025-10-01,1,0.0,0.55
CUST_01439,2025-11-01,1,0.0,0.55
CUST_01439,2025-12-01,1,1.0,0.55
CUST_01440,2025-08-01,1,0.0,0.55
CUST_01441,2025-09-01,1,0.0,0.39
CUST_01441,2025-11-01,1,0.0,0.39
CUST_01442,2024-02-01,1,0.0,0.39
CUST_01442,2025-02-01,1,0.0,0.35
CUST_01442,2025-04-01,1,1.0,0.35
CUST_01442,2025-08-01,2,0.0,0.35
CUST_01442,2025-12-01,2,0.5,0.405
CUST_01443,2025-11-01,1,1.0,0.39
CUST_01445,2025-02-01,1,1.0,0.35
CUST_01445,2025-03-01,1,1.0,0.39
CUST_01445,2025-05-01,1,0.0,0.35
CUST_01445,2025-07-01,1,1.0,0.39
CUST_01445,2025-08-01,2,0.0,0.35
CUST_01446,2025-08-01,1,1.0,0.35
CUST_01447,2025-07-01,1,0.0,0.55
CUST_01447,2025-08-01,2,0.5,0.5800000000000001
CUST_01447,2025-09-01,1,0.0,0.55
CUST_01450,2025-08-01,1,0.0,0.55
CUST_01450,2025-09-01,1,0.0,0.55
CUST_01450,2025-10-01,1,1.0,0.55
CUST_01451,2024-04-01,1,0.0,0.35
CUST_01451,2024-09-01,1,1.0,0.35
CUST_01451,2025-02-01,1,1.0,0.39
CUST_01451,2025-07-01,1,1.0,0.39
CUST_01451,2025-11-01,1,1.0,0.35
CUST_01452,2025-01-01,1,0.0,0.35
CUST_01452,2025-04-01,1,0.0,0.42
CUST_01452,2025-06-01,1,1.0,0.35
CUST_01452,2025-07-01,1,0.0,0.35
CUST_01454,2025-09-01,1,0.0,0.35
CUST_01454,2025-10-01,1,1.0,0.35
CUST_01454,2025-11-01,1,0.0,0.35
CUST_01455,2024-12-01,1,0.0,0.35
CUST_01455,2025-01-01,1,1.0,0.35
CUST_01455,2025-05-01,1,0.0,0.39
CUST_01455,2025-10-01,2,0.5,0.405
CUST_01455,2025-12-01,1,1.0,0.35
CUST_01456,2024-06-01,1,0.0,0.75
CUST_01456,2024-08-01,1,1.0,0.75
CUST_01456,2024-09-01,1,1.0,0.75
CUST_01456,2025-01-01,1,1.0,0.9
CUST_01456,2025-02-01,1,1.0,0.75
CUST_01456,2025-03-01,1,1.0,0.9
CUST_01456,2025-08-01,2,0.5,0.75
CUST_01457,2025-05-01,1,1.0,0.55
CUST_01457,2025-09-01,1,0.0,0.55
CUST_01459,2025-11-01,1,0.0,0.55
CUST_01459,2025-12-01,1,1.0,0.55
CUST_01460,2025-11-01,1,0.0,0.35
CUST_01461,2025-08-01,2,0.0,0.35
CUST_01461,2025-11-01,1,0.0,0.39
CUST_01462,2025-12-01,1,1.0,0.35
CUST_01463,2025-11-01,1,1.0,0.61
CUST_01463,2025-12-01,1,0.0,0.55
CUST_01464,2024-07-01,1,0.0,0.35
CUST_01464,2024-09-01,1,0.0,0.35
CUST_01464,2024-11-01,1,1.0,0.35
CUST_01464,2025-09-01,1,1.0,0.39
CUST_01464,2025-11-01,1,0.0,0.35
CUST_01465,2024-12-01,2,0.5,0.35
CUST_01465,2025-01-01,1,0.0,0.39
CUST_01465,2025-11-01,1,1.0,0.39
CUST_01466,2024-11-01,1,0.0,0.35
CUST_01466,2024-12-01,1,1.0,0.39
CUST_01466,2025-11-01,1,0.0,0.35
CUST_01467,2025-03-01,3,1.0,0.57
CUST_01467,2025-04-01,1,1.0,0.55
CUST_01467,2025-05-01,1,0.0,0.55
CUST_01467,2025-07-01,1,0.0,0.55
CUST_01468,2025-11-01,2,0.0,0.405
CUST_01470,2025-11-01,1,1.0,0.75
CUST_01471,2024-07-01,1,0.0,0.35
CUST_01471,2025-03-01,1,0.0,0.35
CUST_01471,2025-07-01,1,1.0,0.39
CUST_01471,2025-10-01,1,1.0,0.39
CUST_01471,2025-12-01,1,0.0,0.35
CUST_01472,2024-10-01,2,1.0,0.37
CUST_01472,2024-11-01,1,0.0,0.35
CUST_01472,2024-12-01,1,1.0,0.35
CUST_01472,2025-03-01,1,0.0,0.35
CUST_01472,2025-09-01,2,0.5,0.37
CUST_01473,2024-11-01,1,1.0,0.42
CUST_01473,2024-12-01,1,1.0,0.39
CUST_01473,2025-07-01,1,1.0,0.35
CUST_01473,2025-09-01,1,0.0,0.35
CUST_01473,2025-10-01,1,1.0,0.39
CUST_01474,2024-08-01,1,1.0,0.39
CUST_01474,2024-11-01,1,0.0,0.35
CUST_01474,2025-03-01,1,0.0,0.35
CUST_01474,2025-05-01,1,0.0,0.35
CUST_01474,2025-06-01,1,0.0,0.35
CUST_01474,2025-07-01,1,1.0,0.39
CUST_01474,2025-08-01,1,1.0,0.35
CUST_01475,2024-03-01,1,0.0,0.35
CUST_01475,2024-07-01,1,0.0,0.35
CUST_01475,2024-11-01,2,0.5,0.37
CUST_01475,2025-07-01,1,0.0,0.35
CUST_01475,2025-08-01,1,0.0,0.35
CUST_01475,2025-11-01,1,0.0,0.35
CUST_01475,2025-12-01,1,0.0,0.39
CUST_01476,2025-05-01,1,0.0,0.39
CUST_01476,2025-10-01,1,1.0,0.35
CUST_01477,2025-07-01,1,1.0,0.55
CUST_01477,2025-09-01,2,0.5,0.55
CUST_01478,2025-06-01,1,1.0,0.55
CUST_01478,2025-07-01,1,1.0,0.66
CUST_01480,2025-06-01,1,0.0,0.35
CUST_01480,2025-07-01,1,1.0,0.39
CUST_01480,2025-11-01,1,1.0,0.35
CUST_01481,2025-06-01,1,0.0,0.35
CUST_01481,2025-07-01,1,1.0,0.35
CUST_01481,2025-08-01,1,0.0,0.35
CUST_01481,2025-09-01,1,0.0,0.42
CUST_01482,2024-12-01,1,1.0,0.75
CUST_01482,2025-01-01,2,1.0,0.79
CUST_01482,2025-05-01,1,1.0,0.9
CUST_01482,2025-11-01,1,0.0,0.75
CUST_01482,2025-12-01,1,1.0,0.83
CUST_01483,2025-05-01,1,0.0,0.66
CUST_01483,2025-09-01,1,1.0,0.55
CUST_01484,2025-01-01,1,0.0,0.35
CUST_01484,2025-03-01,2,0.5,0.37
CUST_01484,2025-10-01,1,0.0,0.35
CUST_01484,2025-11-01,1,0.0,0.35
CUST_01485,2024-06-01,1,1.0,0.55
CUST_01485,2024-07-01,1,0.0,0.55
CUST_01485,2024-08-01,1,0.0,0.55
CUST_01485,2024-12-01,1,0.0,0.55
CUST_01485,2025-02-01,1,1.0,0.61
CUST_01485,2025-05-01,1,1.0,0.55
CUST_01485,2025-07-01,1,0.0,0.61
CUST_01485,2025-08-01,1,1.0,0.55
CUST_01485,2025-10-01,1,1.0,0.55
CUST_01485,2025-12-01,1,0.0,0.61
CUST_01486,2024-04-01,1,1.0,0.35
CUST_01486,2024-08-01,1,0.0,0.35
CUST_01486,2024-09-01,2,0.0,0.405
CUST_01486,2025-05-01,1,1.0,0.35
CUST_01486,2025-06-01,1,0.0,0.39
CUST_01486,2025-10-01,1,0.0,0.35
CUST_01488,2024-05-01,1,0.0,0.55
CUST_01488,2024-07-01,1,1.0,0.55
CUST_01488,2024-09-01,1,1.0,0.55
CUST_01488,2025-04-01,1,1.0,0.55
CUST_01489,2025-02-01,1,0.0,0.35
CUST_01490,2025-09-01,1,1.0,0.39
CUST_01492,2024-07-01,1,1.0,0.35
CUST_01492,2024-12-01,1,0.0,0.35
CUST_01492,2025-08-01,1,1.0,0.39
CUST_01492,2025-10-01,1,0.0,0.39
CUST_01493,2024-10-01,2,0.5,0.55
CUST_01493,2024-12-01,1,1.0,0.55
CUST_01493,2025-02-01,1,0.0,0.55
CUST_01493,2025-04-01,1,1.0,0.61
CUST_01493,2025-08-01,1,1.0,0.55
CUST_01493,2025-10-01,1,0.0,0.55
CUST_01494,2025-08-01,1,1.0,0.66
CUST_01494,2025-09-01,2,0.5,0.55
CUST_01495,2024-11-01,2,0.5,0.35
CUST_01495,2025-03-01,1,0.0,0.35
CUST_01495,2025-08-01,1,1.0,0.42
CUST_01495,2025-12-01,1,0.0,0.35
CUST_01498,2024-08-01,1,0.0,0.75
CUST_01498,2024-09-01,2,1.0,0.75
CUST_01498,2024-10-01,1,1.0,0.75
CUST_01498,2024-11-01,1,1.0,0.83
CUST_01498,2025-02-01,1,0.0,0.9
CUST_01498,2025-04-01,1,1.0,0.83
CUST_01498,2025-06-01,2,0.5,0.9
CUST_01499,2024-04-01,1,0.0,0.75
CUST_01499,2024-08-01,1,0.0,0.75
CUST_01499,2024-09-01,1,1.0,0.83
CUST_01499,2024-11-01,1,1.0,0.75
CUST_01499,2025-02-01,1,0.0,0.75
CUST_01499,2025-03-01,1,1.0,0.83
CUST_01499,2025-08-01,1,1.0,0.75
CUST_01499,2025-09-01,1,1.0,0.75
CUST_01500,2025-02-01,1,0.0,0.35
CUST_01500,2025-03-01,1,1.0,0.35
CUST_01500,2025-05-01,1,0.0,0.35
CUST_01500,2025-09-01,1,1.0,0.39
CUST_01501,2025-11-01,1,0.0,0.35
CUST_01502,2024-03-01,2,0.0,0.35
CUST_01502,2024-08-01,1,1.0,0.39
CUST_01502,2024-10-01,1,0.0,0.35
CUST_01502,2024-12-01,1,1.0,0.35
CUST_01502,2025-01-01,1,0.0,0.39
CUST_01502,2025-06-01,1,1.0,0.39
CUST_01503,2025-08-01,1,0.0,0.55
CUST_01503,2025-12-01,1,0.0,0.55
CUST_01504,2025-04-01,1,1.0,0.35
CUST_01504,2025-07-01,1,0.0,0.39
CUST_01505,2025-03-01,1,1.0,0.61
CUST_01505,2025-04-01,1,0.0,0.55
CUST_01505,2025-06-01,2,0.5,0.5800000000000001
CUST_01505,2025-12-01,1,1.0,0.55
CUST_01507,2025-01-01,2,1.0,0.55
CUST_01507,2025-02-01,2,1.0,0.55
CUST_01507,2025-04-01,2,0.5,0.5800000000000001
CUST_01507,2025-07-01,1,0.0,0.55
CUST_01507,2025-09-01,2,0.5,0.605
CUST_01507,2025-10-01,1,1.0,0.61
CUST_01509,2024-09-01,1,0.0,0.35
CUST_01509,2025-04-01,1,0.0,0.35
CUST_01509,2025-12-01,1,1.0,0.39
CUST_01510,2025-05-01,1,0.0,0.39
CUST_01511,2024-09-01,1,1.0,0.39
CUST_01511,2025-03-01,1,0.0,0.39
CUST_01511,2025-12-01,1,0.0,0.35
CUST_01513,2025-10-01,1,0.0,0.35
CUST_01515,2024-06-01,1,1.0,0.55
CUST_01515,2024-07-01,1,0.0,0.61
CUST_01515,2024-08-01,1,0.0,0.61
CUST_01515,2024-11-01,1,0.0,0.55
CUST_01515,2024-12-01,1,1.0,0.55
CUST_01515,2025-07-01,1,1.0,0.55
CUST_01515,2025-11-01,1,1.0,0.55
CUST_01516,2025-06-01,1,0.0,0.35
CUST_01516,2025-09-01,1,1.0,0.39
CUST_01517,2025-10-01,1,1.0,0.55
CUST_01518,2024-12-01,1,0.0,0.35
CUST_01518,2025-01-01,2,0.5,0.37
CUST_01518,2025-03-01,1,1.0,0.35
CUST_01518,2025-06-01,1,1.0,0.39
CUST_01518,2025-08-01,1,0.0,0.39
CUST_01519,2025-03-01,1,1.0,0.75
CUST_01519,2025-05-01,1,0.0,0.75
CUST_01519,2025-06-01,1,0.0,0.75
CUST_01519,2025-07-01,1,0.0,0.75
CUST_01519,2025-09-01,1,0.0,0.83
CUST_01519,2025-11-01,1,1.0,0.75
CUST_01520,2025-08-01,1,0.0,0.35
CUST_01520,2025-09-01,2,0.5,0.39
CUST_01521,2024-01-01,1,0.0,0.35
CUST_01521,2024-02-01,1,0.0,0.35
CUST_01521,2024-06-01,1,0.0,0.35
CUST_01521,2025-01-01,1,1.0,0.39
CUST_01521,2025-12-01,1,1.0,0.42
CUST_01522,2025-05-01,1,0.0,0.66
CUST_01522,2025-06-01,1,0.0,0.61
CUST_01522,2025-08-01,1,1.0,0.55
CUST_01522,2025-10-01,1,1.0,0.61
CUST_01523,2024-11-01,1,0.0,0.39
CUST_01523,2024-12-01,1,1.0,0.39
CUST_01524,2024-07-01,1,1.0,0.83
CUST_01524,2024-08-01,1,1.0,0.75
CUST_01524,2024-11-01,1,1.0,0.75
CUST_01524,2024-12-01,1,1.0,0.75
CUST_01524,2025-03-01,3,1.0,0.7766666666666667
CUST_01524,2025-04-01,1,0.0,0.75
CUST_01524,2025-07-01,1,0.0,0.75
CUST_01524,2025-09-01,1,1.0,0.75
CUST_01524,2025-11-01,1,1.0,0.75
CUST_01525,2025-12-01,1,1.0,0.55
CUST_01526,2025-11-01,1,1.0,0.39
CUST_01526,2025-12-01,1,1.0,0.35
CUST_01527,2025-12-01,3,1.0,0.3733333333333333
CUST_01528,2024-09-01,1,1.0,0.42
CUST_01528,2025-02-01,1,0.0,0.35
CUST_01528,2025-04-01,1,0.0,0.35
CUST_01528,2025-12-01,1,1.0,0.39
CUST_01529,2024-10-01,1,0.0,0.39
CUST_01529,2025-10-01,1,0.0,0.35
CUST_01529,2025-11-01,1,0.0,0.35
CUST_01529,2025-12-01,1,0.0,0.35
CUST_01530,2024-09-01,1,0.0,0.35
CUST_01530,2024-10-01,2,0.0,0.35
CUST_01530,2025-03-01,1,0.0,0.42
CUST_01530,2025-04-01,1,0.0,0.35
CUST_01530,2025-08-01,1,1.0,0.35
CUST_01530,2025-11-01,1,0.0,0.35
CUST_01531,2024-06-01,1,0.0,0.35
CUST_01531,2025-01-01,1,0.0,0.35
CUST_01531,2025-03-01,1,0.0,0.35
CUST_01531,2025-09-01,1,0.0,0.35
CUST_01532,2025-11-01,1,0.0,0.39
CUST_01533,2025-06-01,1,0.0,0.39
CUST_01533,2025-07-01,2,0.5,0.385
CUST_01533,2025-10-01,1,1.0,0.39
CUST_01534,2025-05-01,1,1.0,0.35
CUST_01535,2025-01-01,1,0.0,0.35
CUST_01535,2025-11-01,1,1.0,0.42
CUST_01536,2025-04-01,1,0.0,0.55
CUST_01537,2025-11-01,1,1.0,0.55
CUST_01537,2025-12-01,2,1.0,0.605
CUST_01538,2025-12-01,1,0.0,0.61
CUST_01539,2024-06-01,1,0.0,0.42
CUST_01539,2025-04-01,1,0.0,0.39
CUST_01541,2025-01-01,2,0.0,0.37
CUST_01541,2025-05-01,1,0.0,0.35
CUST_01541,2025-07-01,1,1.0,0.35
CUST_01542,2024-05-01,1,0.0,0.42
CUST_01542,2025-01-01,1,1.0,0.35
CUST_01542,2025-09-01,1,1.0,0.35
CUST_01542,2025-10-01,1,0.0,0.35
CUST_01542,2025-12-01,1,0.0,0.35
CUST_01543,2025-01-01,1,1.0,0.35
CUST_01543,2025-10-01,1,1.0,0.35
CUST_01544,2024-03-01,1,1.0,0.83
CUST_01544,2024-07-01,3,1.0,0.7999999999999999
CUST_01544,2024-08-01,3,0.6666666666666666,0.75
CUST_01544,2024-10-01,1,1.0,0.75
CUST_01544,2024-12-01,2,1.0,0.75
CUST_01544,2025-01-01,1,1.0,0.83
CUST_01544,2025-02-01,1,1.0,0.75
CUST_01544,2025-05-01,1,0.0,0.75
CUST_01544,2025-10-01,1,0.0,0.83
CUST_01544,2025-11-01,4,0.25,0.77
CUST_01544,2025-12-01,1,1.0,0.9
CUST_01545,2024-10-01,2,0.5,0.385
CUST_01546,2025-01-01,2,0.5,0.75
CUST_01546,2025-06-01,3,0.3333333333333333,0.75
CUST_01546,2025-12-01,1,1.0,0.75
CUST_01547,2025-07-01,1,0.0,0.35
CUST_01548,2025-02-01,2,0.5,0.605
CUST_01548,2025-04-01,1,0.0,0.55
CUST_01548,2025-07-01,1,0.0,0.55
CUST_01548,2025-10-01,1,1.0,0.55
CUST_01549,2025-09-01,1,0.0,0.55
CUST_01549,2025-11-01,2,1.0,0.605
CUST_01550,2025-10-01,1,0.0,0.35
CUST_01551,2025-06-01,1,1.0,0.83
CUST_01551,2025-08-01,1,1.0,0.75
CUST_01551,2025-09-01,1,1.0,0.9
CUST_01551,2025-10-01,1,1.0,0.75
CUST_01551,2025-11-01,1,1.0,0.75
CUST_01552,2025-12-01,1,1.0,0.61
CUST_01553,2025-09-01,2,0.5,0.37
CUST_01554,2025-11-01,1,0.0,0.35
CUST_01554,2025-12-01,1,1.0,0.39
CUST_01555,2024-11-01,1,0.0,0.55
CUST_01555,2025-07-01,1,1.0,0.55
CUST_01555,2025-12-01,1,1.0,0.55
CUST_01557,2025-09-01,1,1.0,0.35
CUST_01558,2025-05-01,1,1.0,0.35
CUST_01559,2024-07-01,1,0.0,0.35
CUST_01559,2024-08-01,1,0.0,0.35
CUST_01559,2024-09-01,1,1.0,0.35
CUST_01559,2025-03-01,1,0.0,0.42
CUST_01559,2025-04-01,1,1.0,0.35
CUST_01559,2025-08-01,1,0.0,0.35
CUST_01560,2024-08-01,1,0.0,0.35
CUST_01560,2025-02-01,1,0.0,0.39
CUST_01560,2025-08-01,1,0.0,0.42
CUST_01560,2025-12-01,1,0.0,0.35
CUST_01561,2024-09-01,2,0.5,0.55
CUST_01561,2024-12-01,1,1.0,0.61
CUST_01561,2025-02-01,1,0.0,0.55
CUST_01561,2025-05-01,1,1.0,0.55
CUST_01561,2025-09-01,2,1.0,0.55
CUST_01561,2025-10-01,1,0.0,0.55
CUST_01561,2025-11-01,1,1.0,0.66
CUST_01562,2025-12-01,1,0.0,0.61
CUST_01563,2024-10-01,1,0.0,0.39
CUST_01563,2024-12-01,1,0.0,0.42
CUST_01563,2025-02-01,2,1.0,0.37
CUST_01563,2025-03-01,1,1.0,0.35
CUST_01563,2025-04-01,1,1.0,0.39
CUST_01564,2025-02-01,4,1.0,0.79
CUST_01564,2025-05-01,1,0.0,0.75
CUST_01564,2025-08-01,1,1.0,0.9
CUST_01564,2025-10-01,1,1.0,0.9
CUST_01564,2025-11-01,2,0.5,0.75
CUST_01564,2025-12-01,1,1.0,0.75
CUST_01565,2024-06-01,1,0.0,0.39
CUST_01565,2024-12-01,1,1.0,0.35
CUST_01565,2025-04-01,1,0.0,0.35
CUST_01565,2025-07-01,3,0.6666666666666666,0.3499999999999999
CUST_01565,2025-09-01,1,0.0,0.35
CUST_01566,2024-10-01,2,0.0,0.35
CUST_01566,2025-09-01,2,0.5,0.35
CUST_01568,2024-07-01,2,1.0,0.5800000000000001
CUST_01568,2024-08-01,2,1.0,0.605
CUST_01568,2025-04-01,1,1.0,0.55
CUST_01568,2025-08-01,1,0.0,0.55
CUST_01568,2025-09-01,1,0.0,0.61
CUST_01569,2025-06-01,1,1.0,0.35
CUST_01569,2025-07-01,1,1.0,0.35
CUST_01569,2025-09-01,3,0.6666666666666666,0.38666666666666666
CUST_01570,2024-07-01,1,1.0,0.55
CUST_01570,2025-02-01,1,0.0,0.55
CUST_01570,2025-04-01,2,0.5,0.605
CUST_01570,2025-06-01,1,1.0,0.55
CUST_01570,2025-08-01,1,0.0,0.66
CUST_01570,2025-09-01,1,1.0,0.61
CUST_01570,2025-11-01,1,1.0,0.61
CUST_01571,2025-02-01,1,1.0,0.66
CUST_01571,2025-07-01,1,0.0,0.55
CUST_01571,2025-08-01,1,0.0,0.55
CUST_01571,2025-10-01,1,0.0,0.55
CUST_01572,2024-10-01,1,1.0,0.35
CUST_01572,2025-10-01,1,1.0,0.39
CUST_01572,2025-11-01,2,0.0,0.35
CUST_01573,2025-04-01,1,0.0,0.35
CUST_01573,2025-12-01,1,0.0,0.35
CUST_01574,2024-12-01,2,1.0,0.55
CUST_01574,2025-03-01,1,1.0,0.61
CUST_01574,2025-07-01,1,0.0,0.55
CUST_01574,2025-11-01,1,1.0,0.61
CUST_01574,2025-12-01,1,1.0,0.55
CUST_01575,2025-07-01,1,0.0,0.75
CUST_01575,2025-10-01,1,1.0,0.75
CUST_01575,2025-11-01,1,1.0,0.75
CUST_01576,2025-06-01,1,0.0,0.35
CUST_01577,2025-12-01,1,1.0,0.42
CUST_01578,2025-02-01,1,1.0,0.75
CUST_01578,2025-05-01,1,0.0,0.75
CUST_01578,2025-08-01,1,0.0,0.75
CUST_01578,2025-12-01,2,1.0,0.79
CUST_01579,2024-08-01,1,0.0,0.35
CUST_01579,2024-12-01,1,0.0,0.35
CUST_01579,2025-05-01,1,0.0,0.39
CUST_01579,2025-08-01,1,1.0,0.35
CUST_01580,2025-05-01,2,0.0,0.385
CUST_01580,2025-07-01,1,0.0,0.35
CUST_01580,2025-12-01,1,0.0,0.35
CUST_01581,2025-06-01,1,0.0,0.42
CUST_01584,2025-08-01,1,0.0,0.35
CUST_01585,2025-12-01,1,0.0,0.39
CUST_01586,2025-02-01,1,0.0,0.35
CUST_01586,2025-03-01,1,0.0,0.35
CUST_01586,2025-05-01,1,1.0,0.35
CUST_01586,2025-08-01,2,0.5,0.405
CUST_01586,2025-09-01,1,0.0,0.35
CUST_01586,2025-10-01,1,0.0,0.39
CUST_01586,2025-12-01,1,1.0,0.39
CUST_01587,2024-12-01,1,0.0,0.66
CUST_01587,2025-05-01,1,0.0,0.55
CUST_01587,2025-07-01,1,1.0,0.55
CUST_01587,2025-08-01,1,1.0,0.55
CUST_01587,2025-12-01,1,1.0,0.55
CUST_01589,2025-03-01,2,0.5,0.55
CUST_01589,2025-06-01,1,1.0,0.55
CUST_01590,2024-03-01,1,1.0,0.55
CUST_01590,2024-05-01,1,1.0,0.55
CUST_01590,2025-01-01,1,1.0,0.61
CUST_01590,2025-04-01,2,1.0,0.5800000000000001
CUST_01590,2025-08-01,1,1.0,0.55
CUST_01590,2025-10-01,1,1.0,0.61
CUST_01590,2025-12-01,1,0.0,0.66
CUST_01591,2025-07-01,1,0.0,0.55
CUST_01591,2025-08-01,2,0.5,0.55
CUST_01592,2025-12-01,1,0.0,0.35
CUST_01593,2025-06-01,1,1.0,0.35
CUST_01593,2025-08-01,2,0.5,0.35
CUST_01593,2025-11-01,1,1.0,0.35
CUST_01594,2025-10-01,1,0.0,0.42
CUST_01595,2024-01-01,1,1.0,0.35
CUST_01595,2024-03-01,1,0.0,0.35
CUST_01596,2025-04-01,1,0.0,0.35
CUST_01596,2025-05-01,1,0.0,0.35
CUST_01596,2025-11-01,1,0.0,0.42
CUST_01596,2025-12-01,2,0.0,0.37
CUST_01598,2025-01-01,1,0.0,0.35
CUST_01598,2025-08-01,1,1.0,0.39
CUST_01602,2024-07-01,1,0.0,0.35
CUST_01602,2024-12-01,1,0.0,0.35
CUST_01602,2025-01-01,1,1.0,0.42
CUST_01602,2025-07-01,1,0.0,0.35
CUST_01602,2025-09-01,1,0.0,0.42
CUST_01602,2025-10-01,2,0.5,0.385
CUST_01603,2024-04-01,1,0.0,0.39
CUST_01603,2025-06-01,1,1.0,0.39
CUST_01603,2025-12-01,1,0.0,0.35
CUST_01604,2025-03-01,1,0.0,0.35
CUST_01604,2025-04-01,1,0.0,0.42
CUST_01604,2025-05-01,1,1.0,0.35
CUST_01604,2025-06-01,1,0.0,0.35
CUST_01605,2024-05-01,1,1.0,0.35
CUST_01605,2024-07-01,1,0.0,0.35
CUST_01605,2025-02-01,1,0.0,0.35
CUST_01605,2025-04-01,1,0.0,0.35
CUST_01607,2024-03-01,1,1.0,0.55
CUST_01607,2024-06-01,2,1.0,0.5800000000000001
CUST_01607,2024-09-01,1,1.0,0.55
CUST_01607,2024-12-01,2,0.0,0.55
CUST_01607,2025-05-01,1,0.0,0.61
CUST_01607,2025-06-01,1,0.0,0.55
CUST_01607,2025-08-01,1,1.0,0.55
CUST_01607,2025-10-01,1,0.0,0.55
CUST_01607,2025-12-01,1,0.0,0.61
CUST_01608,2025-02-01,1,0.0,0.55
CUST_01608,2025-04-01,1,1.0,0.66
CUST_01608,2025-09-01,1,0.0,0.55
CUST_01609,2025-02-01,1,0.0,0.35
CUST_01609,2025-06-01,1,0.0,0.35
CUST_01610,2025-04-01,1,1.0,0.42
CUST_01611,2024-08-01,1,0.0,0.35
CUST_01611,2025-11-01,3,0.0,0.3499999999999999
CUST_01612,2025-09-01,1,0.0,0.35
CUST_01612,2025-12-01,1,0.0,0.35
CUST_01613,2025-04-01,1,1.0,0.35
CUST_01613,2025-08-01,1,1.0,0.35
CUST_01613,2025-12-01,1,0.0,0.35
CUST_01614,2024-07-01,1,0.0,0.35
CUST_01614,2024-12-01,1,0.0,0.39
CUST_01614,2025-06-01,2,0.0,0.35
CUST_01614,2025-07-01,1,1.0,0.35
CUST_01614,2025-10-01,1,1.0,0.35
CUST_01615,2024-04-01,2,0.0,0.35
CUST_01615,2024-10-01,1,1.0,0.35
CUST_01615,2025-04-01,1,0.0,0.35
CUST_01615,2025-06-01,1,1.0,0.42
CUST_01615,2025-07-01,1,0.0,0.35
CUST_01616,2025-05-01,1,0.0,0.35
CUST_01617,2025-05-01,1,0.0,0.35
CUST_01617,2025-07-01,2,0.5,0.37
CUST_01617,2025-10-01,1,0.0,0.35
CUST_01618,2025-01-01,1,1.0,0.35
CUST_01618,2025-07-01,1,0.0,0.39
CUST_01619,2024-02-01,1,0.0,0.39
CUST_01619,2024-03-01,1,1.0,0.39
CUST_01619,2024-09-01,1,1.0,0.35
CUST_01620,2024-04-01,1,0.0,0.35
CUST_01620,2024-10-01,1,0.0,0.35
CUST_01620,2025-04-01,1,0.0,0.35
CUST_01620,2025-11-01,1,1.0,0.35
CUST_01621,2025-06-01,1,1.0,0.9
CUST_01621,2025-10-01,2,1.0,0.79
CUST_01622,2024-12-01,1,1.0,0.35
CUST_01622,2025-06-01,1,0.0,0.35
CUST_01623,2024-05-01,1,1.0,0.35
CUST_01623,2024-08-01,1,1.0,0.35
CUST_01623,2024-11-01,1,0.0,0.35
CUST_01623,2025-01-01,1,0.0,0.35
CUST_01623,2025-05-01,1,0.0,0.35
CUST_01623,2025-08-01,2,1.0,0.35
CUST_01623,2025-09-01,1,1.0,0.35
CUST_01623,2025-11-01,1,0.0,0.35
CUST_01625,2024-02-01,1,1.0,0.75
CUST_01625,2024-04-01,1,1.0,0.75
CUST_01625,2024-05-01,1,1.0,0.9
CUST_01625,2024-09-01,2,0.5,0.75
CUST_01625,2024-10-01,1,1.0,0.75
CUST_01625,2024-11-01,1,1.0,0.75
CUST_01625,2025-03-01,2,1.0,0.79
CUST_01625,2025-06-01,1,1.0,0.83
CUST_01625,2025-07-01,1,1.0,0.75
CUST_01625,2025-10-01,1,0.0,0.75
CUST_01625,2025-12-01,2,0.5,0.75
CUST_01626,2025-03-01,1,0.0,0.39
CUST_01626,2025-10-01,2,1.0,0.37
CUST_01627,2024-12-01,1,0.0,0.75
CUST_01627,2025-06-01,1,0.0,0.75
CUST_01627,2025-07-01,1,1.0,0.75
CUST_01627,2025-08-01,1,1.0,0.9
CUST_01627,2025-11-01,1,1.0,0.75
CUST_01627,2025-12-01,2,1.0,0.79
CUST_01628,2025-08-01,1,0.0,0.35
CUST_01629,2025-03-01,1,0.0,0.39
CUST_01629,2025-12-01,1,0.0,0.35
CUST_01630,2025-01-01,1,0.0,0.61
CUST_01630,2025-03-01,1,1.0,0.61
CUST_01630,2025-07-01,1,0.0,0.55
CUST_01630,2025-08-01,1,1.0,0.55
CUST_01631,2025-08-01,1,1.0,0.39
CUST_01631,2025-11-01,1,1.0,0.39
CUST_01631,2025-12-01,2,0.0,0.405
CUST_01633,2025-04-01,1,0.0,0.75
CUST_01633,2025-05-01,1,1.0,0.75
CUST_01633,2025-06-01,2,1.0,0.75
CUST_01633,2025-08-01,1,1.0,0.75
CUST_01633,2025-11-01,2,1.0,0.79
CUST_01633,2025-12-01,1,1.0,0.9
CUST_01634,2024-11-01,1,1.0,0.39
CUST_01634,2025-05-01,1,0.0,0.39
CUST_01634,2025-06-01,1,1.0,0.35
CUST_01634,2025-12-01,1,1.0,0.39
CUST_01635,2025-09-01,1,1.0,0.66
CUST_01636,2024-07-01,1,1.0,0.55
CUST_01636,2024-10-01,1,1.0,0.55
CUST_01636,2024-12-01,1,0.0,0.61
CUST_01636,2025-01-01,2,1.0,0.55
CUST_01636,2025-02-01,1,0.0,0.61
CUST_01636,2025-04-01,1,1.0,0.55
CUST_01636,2025-11-01,1,0.0,0.55
CUST_01636,2025-12-01,2,0.5,0.55
CUST_01639,2024-09-01,1,1.0,0.35
CUST_01639,2025-03-01,1,1.0,0.39
CUST_01639,2025-10-01,1,0.0,0.35
CUST_01640,2025-10-01,1,0.0,0.35
CUST_01641,2025-04-01,1,0.0,0.35
CUST_01641,2025-07-01,1,0.0,0.35
CUST_01641,2025-08-01,1,0.0,0.35
CUST_01641,2025-10-01,1,1.0,0.42
CUST_01641,2025-11-01,1,0.0,0.35
CUST_01642,2025-12-01,2,1.0,0.55
CUST_01643,2024-08-01,2,1.0,0.5800000000000001
CUST_01643,2025-01-01,1,1.0,0.61
CUST_01643,2025-08-01,1,0.0,0.55
CUST_01644,2025-07-01,1,0.0,0.35
CUST_01644,2025-09-01,1,1.0,0.39
CUST_01646,2025-05-01,2,1.0,0.35
CUST_01646,2025-10-01,1,1.0,0.35
CUST_01647,2025-07-01,1,1.0,0.39
CUST_01647,2025-09-01,1,1.0,0.35
CUST_01648,2025-07-01,1,1.0,0.35
CUST_01648,2025-09-01,2,0.5,0.37
CUST_01649,2025-10-01,1,1.0,0.39
CUST_01649,2025-11-01,1,0.0,0.35
CUST_01650,2025-11-01,1,0.0,0.35
CUST_01651,2025-11-01,1,1.0,0.35
CUST_01652,2025-09-01,1,1.0,0.55
CUST_01652,2025-10-01,1,0.0,0.55
CUST_01653,2025-02-01,1,1.0,0.35
CUST_01653,2025-07-01,1,0.0,0.35
CUST_01653,2025-10-01,2,0.5,0.37
CUST_01653,2025-12-01,1,0.0,0.35
CUST_01654,2024-10-01,3,1.0,0.7766666666666667
CUST_01654,2025-02-01,1,1.0,0.75
CUST_01654,2025-03-01,1,0.0,0.9
CUST_01654,2025-05-01,1,1.0,0.75
CUST_01654,2025-07-01,2,1.0,0.75
CUST_01654,2025-11-01,2,1.0,0.83
CUST_01655,2024-02-01,1,0.0,0.39
CUST_01655,2024-03-01,1,0.0,0.35
CUST_01655,2024-09-01,1,0.0,0.35
CUST_01655,2024-10-01,1,0.0,0.35
CUST_01655,2025-03-01,1,0.0,0.35
CUST_01655,2025-09-01,1,1.0,0.39
CUST_01655,2025-12-01,1,0.0,0.42
CUST_01656,2025-04-01,1,0.0,0.55
CUST_01656,2025-05-01,1,0.0,0.55
CUST_01656,2025-07-01,1,1.0,0.55
CUST_01657,2025-06-01,1,0.0,0.35
CUST_01657,2025-07-01,1,1.0,0.42
CUST_01658,2024-06-01,1,0.0,0.35
CUST_01658,2024-10-01,1,1.0,0.35
CUST_01658,2025-02-01,1,0.0,0.35
CUST_01658,2025-04-01,2,0.5,0.35
CUST_01658,2025-06-01,1,0.0,0.35
CUST_01661,2024-03-01,1,0.0,0.35
CUST_01661,2024-08-01,1,0.0,0.39
CUST_01661,2024-10-01,1,0.0,0.42
CUST_01661,2025-03-01,2,0.5,0.35
CUST_01661,2025-04-01,1,0.0,0.35
CUST_01661,2025-05-01,1,0.0,0.35
CUST_01662,2025-10-01,1,0.0,0.55
CUST_01663,2025-06-01,2,0.5,0.75
CUST_01663,2025-07-01,1,1.0,0.75
CUST_01663,2025-09-01,1,0.0,0.75
CUST_01663,2025-10-01,1,1.0,0.9
CUST_01664,2025-08-01,1,1.0,0.61
CUST_01664,2025-12-01,1,1.0,0.55
CUST_01665,2025-12-01,1,0.0,0.39
CUST_01666,2024-12-01,1,1.0,0.42
CUST_01666,2025-02-01,1,1.0,0.39
CUST_01666,2025-04-01,1,0.0,0.39
CUST_01666,2025-05-01,1,0.0,0.35
CUST_01667,2024-08-01,2,0.5,0.61
CUST_01667,2024-10-01,2,0.5,0.55
CUST_01667,2024-12-01,1,0.0,0.55
CUST_01667,2025-03-01,1,1.0,0.55
CUST_01667,2025-04-01,1,1.0,0.61
CUST_01667,2025-06-01,1,1.0,0.55
CUST_01668,2024-03-01,1,1.0,0.35
CUST_01668,2024-06-01,1,1.0,0.35
CUST_01668,2024-07-01,1,0.0,0.39
CUST_01668,2025-05-01,1,0.0,0.35
CUST_01668,2025-10-01,1,0.0,0.35
CUST_01668,2025-11-01,1,0.0,0.39
CUST_01669,2025-11-01,1,1.0,0.35
CUST_01669,2025-12-01,1,1.0,0.35
CUST_01670,2025-02-01,2,0.0,0.75
CUST_01670,2025-05-01,1,1.0,0.75
CUST_01670,2025-10-01,2,0.5,0.75
CUST_01673,2024-06-01,1,1.0,0.75
CUST_01673,2024-08-01,1,1.0,0.83
CUST_01673,2025-01-01,1,1.0,0.75
CUST_01673,2025-02-01,1,1.0,0.75
CUST_01673,2025-03-01,1,1.0,0.83
CUST_01673,2025-04-01,1,1.0,0.75
CUST_01673,2025-05-01,1,1.0,0.75
CUST_01673,2025-06-01,1,0.0,0.75
CUST_01673,2025-09-01,1,1.0,0.75
CUST_01673,2025-10-01,1,1.0,0.75
CUST_01673,2025-12-01,1,1.0,0.75
CUST_01674,2024-12-01,1,0.0,0.39
CUST_01674,2025-03-01,1,1.0,0.42
CUST_01674,2025-12-01,1,0.0,0.39
CUST_01677,2024-06-01,2,1.0,0.55
CUST_01677,2024-07-01,1,1.0,0.55
CUST_01677,2024-08-01,1,1.0,0.55
CUST_01677,2024-11-01,1,0.0,0.55
CUST_01677,2025-09-01,1,0.0,0.55
CUST_01677,2025-10-01,1,1.0,0.66
CUST_01678,2024-08-01,1,0.0,0.35
CUST_01678,2025-12-01,1,1.0,0.39
CUST_01679,2024-11-01,3,1.0,0.55
CUST_01679,2024-12-01,1,0.0,0.55
CUST_01679,2025-05-01,1,0.0,0.55
CUST_01680,2025-07-01,1,1.0,0.35
CUST_01682,2025-07-01,1,1.0,0.9
CUST_01682,2025-09-01,3,1.0,0.75
CUST_01682,2025-11-01,1,0.0,0.75
CUST_01682,2025-12-01,1,1.0,0.75
CUST_01683,2025-05-01,1,0.0,0.35
CUST_01683,2025-12-01,1,1.0,0.35
CUST_01684,2024-04-01,1,1.0,0.35
CUST_01684,2024-12-01,1,0.0,0.35
CUST_01684,2025-06-01,1,0.0,0.35
CUST_01684,2025-07-01,1,0.0,0.39
CUST_01685,2025-03-01,2,0.5,0.35
CUST_01685,2025-09-01,1,0.0,0.42
CUST_01685,2025-10-01,1,0.0,0.42
CUST_01686,2024-06-01,1,0.0,0.35
CUST_01686,2024-08-01,2,0.0,0.37
CUST_01686,2024-09-01,1,0.0,0.39
CUST_01686,2025-02-01,1,0.0,0.35
CUST_01686,2025-08-01,1,1.0,0.39
CUST_01687,2024-11-01,2,0.5,0.42
CUST_01687,2025-06-01,1,0.0,0.42
CUST_01687,2025-09-01,1,1.0,0.35
CUST_01688,2025-07-01,1,1.0,0.42
CUST_01688,2025-09-01,1,0.0,0.35
CUST_01689,2025-01-01,1,1.0,0.66
CUST_01689,2025-02-01,1,1.0,0.61
CUST_01689,2025-03-01,1,0.0,0.55
CUST_01689,2025-06-01,1,1.0,0.55
CUST_01689,2025-09-01,1,1.0,0.55
CUST_01689,2025-10-01,1,0.0,0.55
CUST_01690,2025-10-01,1,1.0,0.39
CUST_01690,2025-11-01,1,0.0,0.35
CUST_01692,2024-11-01,1,1.0,0.55
CUST_01692,2025-11-01,1,1.0,0.55
CUST_01693,2025-02-01,2,0.5,0.385
CUST_01693,2025-12-01,1,0.0,0.35
CUST_01694,2025-03-01,2,0.5,0.35
CUST_01694,2025-09-01,1,1.0,0.35
CUST_01695,2025-07-01,2,0.5,0.55
CUST_01697,2025-01-01,1,1.0,0.35
CUST_01697,2025-05-01,1,1.0,0.35
CUST_01697,2025-08-01,1,1.0,0.35
CUST_01697,2025-09-01,1,0.0,0.35
CUST_01697,2025-12-01,1,1.0,0.35
CUST_01698,2025-12-01,1,1.0,0.61
CUST_01699,2025-07-01,1,0.0,0.35
CUST_01699,2025-12-01,1,0.0,0.35
CUST_01700,2024-08-01,1,0.0,0.35
CUST_01700,2025-02-01,1,0.0,0.39
CUST_01700,2025-04-01,1,0.0,0.39
CUST_01700,2025-06-01,1,1.0,0.39
CUST_01700,2025-07-01,1,0.0,0.35
CUST_01700,2025-09-01,1,0.0,0.35
CUST_01701,2025-03-01,1,0.0,0.61
CUST_01701,2025-07-01,1,1.0,0.55
CUST_01701,2025-11-01,1,0.0,0.55
CUST_01702,2025-01-01,1,0.0,0.35
CUST_01704,2025-02-01,1,0.0,0.66
CUST_01704,2025-03-01,2,0.5,0.605
CUST_01704,2025-06-01,3,0.3333333333333333,0.55
CUST_01704,2025-08-01,1,1.0,0.55
CUST_01705,2024-08-01,2,0.5,0.35
CUST_01705,2025-12-01,1,1.0,0.35
CUST_01707,2024-08-01,1,1.0,0.42
CUST_01707,2025-05-01,1,1.0,0.35
CUST_01707,2025-08-01,1,0.0,0.35
CUST_01708,2025-03-01,1,0.0,0.35
CUST_01708,2025-05-01,2,0.5,0.37
CUST_01708,2025-06-01,1,1.0,0.35
CUST_01708,2025-09-01,1,0.0,0.35
CUST_01708,2025-10-01,1,0.0,0.35
CUST_01709,2024-10-01,1,1.0,0.75
CUST_01709,2024-11-01,1,1.0,0.9
CUST_01709,2024-12-01,1,1.0,0.75
CUST_01709,2025-01-01,1,1.0,0.75
CUST_01709,2025-04-01,1,0.0,0.83
CUST_01709,2025-06-01,1,1.0,0.83
CUST_01709,2025-08-01,2,0.5,0.79
CUST_01709,2025-10-01,1,1.0,0.75
CUST_01709,2025-11-01,2,1.0,0.75
CUST_01709,2025-12-01,1,1.0,0.83
CUST_01710,2024-10-01,1,1.0,0.55
CUST_01710,2024-12-01,1,1.0,0.66
CUST_01710,2025-01-01,1,1.0,0.66
CUST_01710,2025-06-01,1,1.0,0.55
CUST_01710,2025-08-01,1,0.0,0.55
CUST_01711,2024-12-01,1,1.0,0.39
CUST_01711,2025-08-01,1,1.0,0.39
CUST_01711,2025-09-01,1,0.0,0.42
CUST_01711,2025-11-01,1,0.0,0.35
CUST_01711,2025-12-01,1,0.0,0.35
CUST_01712,2024-11-01,1,1.0,0.42
CUST_01712,2025-07-01,1,1.0,0.35
CUST_01713,2024-08-01,1,0.0,0.35
CUST_01713,2024-10-01,1,0.0,0.35
CUST_01713,2024-11-01,1,1.0,0.35
CUST_01713,2025-03-01,1,1.0,0.35
CUST_01713,2025-08-01,1,1.0,0.35
CUST_01713,2025-09-01,1,0.0,0.35
CUST_01714,2024-12-01,1,1.0,0.35
CUST_01714,2025-06-01,1,0.0,0.35
CUST_01715,2024-06-01,1,0.0,0.35
CUST_01715,2025-03-01,1,0.0,0.35
CUST_01715,2025-11-01,1,0.0,0.35
CUST_01716,2025-07-01,1,0.0,0.35
CUST_01716,2025-09-01,1,0.0,0.35
CUST_01716,2025-11-01,1,0.0,0.35
CUST_01717,2024-04-01,1,0.0,0.35
CUST_01717,2024-12-01,1,1.0,0.35
CUST_01717,2025-12-01,1,0.0,0.35
CUST_01718,2025-07-01,1,1.0,0.35
CUST_01719,2024-01-01,1,1.0,0.9
CUST_01719,2024-03-01,2,1.0,0.825
CUST_01719,2024-05-01,1,1.0,0.9
CUST_01719,2024-07-01,2,0.5,0.75
CUST_01719,2024-08-01,1,1.0,0.83
CUST_01719,2024-11-01,1,1.0,0.9
CUST_01719,2025-01-01,1,1.0,0.75
CUST_01719,2025-05-01,2,1.0,0.79
CUST_01719,2025-08-01,1,0.0,0.75
CUST_01719,2025-10-01,1,1.0,0.83
CUST_01719,2025-11-01,4,1.0,0.77
CUST_01720,2025-05-01,1,0.0,0.35
CUST_01720,2025-09-01,1,1.0,0.35
CUST_01720,2025-11-01,1,0.0,0.35
CUST_01720,2025-12-01,1,1.0,0.35
CUST_01721,2025-02-01,1,1.0,0.35
CUST_01721,2025-05-01,1,1.0,0.35
CUST_01721,2025-08-01,1,1.0,0.35
CUST_01722,2025-07-01,1,0.0,0.61
CUST_01722,2025-08-01,1,0.0,0.55
CUST_01722,2025-09-01,1,0.0,0.61
CUST_01722,2025-10-01,1,0.0,0.55
CUST_01723,2025-04-01,1,0.0,0.35
CUST_01723,2025-12-01,1,1.0,0.39
CUST_01724,2024-12-01,1,0.0,0.35
CUST_01724,2025-01-01,1,0.0,0.35
CUST_01724,2025-05-01,1,0.0,0.35
CUST_01724,2025-08-01,1,0.0,0.35
CUST_01725,2025-11-01,1,1.0,0.55
CUST_01727,2024-12-01,2,1.0,0.75
CUST_01727,2025-05-01,1,0.0,0.75
CUST_01727,2025-06-01,1,0.0,0.75
CUST_01727,2025-09-01,1,1.0,0.75
CUST_01727,2025-11-01,1,1.0,0.9
CUST_01727,2025-12-01,1,1.0,0.75
CUST_01728,2025-12-01,1,0.0,0.55
CUST_01729,2025-07-01,2,0.0,0.35
CUST_01729,2025-08-01,1,0.0,0.35
CUST_01729,2025-09-01,1,0.0,0.35
CUST_01730,2025-08-01,1,1.0,0.35
CUST_01732,2025-09-01,1,0.0,0.75
CUST_01732,2025-10-01,1,1.0,0.75
CUST_01734,2025-05-01,1,1.0,0.55
CUST_01734,2025-07-01,2,0.5,0.5800000000000001
CUST_01734,2025-12-01,2,0.5,0.5800000000000001
CUST_01735,2024-12-01,1,0.0,0.61
CUST_01735,2025-08-01,1,1.0,0.66
CUST_01735,2025-10-01,1,0.0,0.55
CUST_01735,2025-12-01,2,0.0,0.55
CUST_01736,2024-03-01,1,0.0,0.42
CUST_01736,2024-04-01,2,0.5,0.35
CUST_01736,2025-08-01,1,1.0,0.35
CUST_01736,2025-09-01,1,0.0,0.35
CUST_01737,2024-07-01,1,1.0,0.75
CUST_01737,2024-08-01,1,1.0,0.83
CUST_01737,2025-02-01,1,1.0,0.9
CUST_01737,2025-06-01,1,1.0,0.75
CUST_01737,2025-08-01,1,1.0,0.75
CUST_01737,2025-10-01,1,1.0,0.83
CUST_01737,2025-12-01,1,1.0,0.75
CUST_01738,2025-02-01,1,0.0,0.35
CUST_01738,2025-06-01,1,1.0,0.39
CUST_01739,2025-09-01,1,0.0,0.35
CUST_01741,2025-07-01,1,1.0,0.35
CUST_01741,2025-10-01,1,1.0,0.35
CUST_01741,2025-11-01,1,0.0,0.42
CUST_01742,2024-09-01,1,1.0,0.35
CUST_01742,2025-07-01,1,0.0,0.35
CUST_01743,2025-10-01,1,1.0,0.42
CUST_01744,2024-12-01,1,0.0,0.39
CUST_01745,2025-07-01,1,0.0,0.35
CUST_01746,2024-08-01,2,0.0,0.385
CUST_01746,2024-09-01,1,0.0,0.42
CUST_01746,2024-12-01,1,0.0,0.35
CUST_01746,2025-01-01,1,0.0,0.42
CUST_01746,2025-03-01,1,1.0,0.35
CUST_01747,2024-03-01,1,0.0,0.39
CUST_01747,2024-09-01,1,0.0,0.35
CUST_01747,2025-05-01,1,0.0,0.39
CUST_01747,2025-10-01,1,0.0,0.39
CUST_01749,2025-01-01,1,1.0,0.55
CUST_01749,2025-03-01,1,1.0,0.66
CUST_01749,2025-04-01,1,1.0,0.55
CUST_01749,2025-07-01,1,0.0,0.55
CUST_01749,2025-12-01,2,0.0,0.55
CUST_01750,2025-04-01,1,0.0,0.35
CUST_01750,2025-05-01,1,0.0,0.35
CUST_01752,2025-02-01,1,0.0,0.35
CUST_01753,2025-02-01,1,0.0,0.35
CUST_01753,2025-05-01,1,1.0,0.35
CUST_01753,2025-06-01,1,1.0,0.35
CUST_01753,2025-07-01,2,0.5,0.35
CUST_01753,2025-10-01,1,1.0,0.35
CUST_01754,2024-05-01,1,1.0,0.61
CUST_01754,2024-09-01,1,1.0,0.55
CUST_01754,2024-10-01,1,1.0,0.55
CUST_01754,2024-12-01,2,1.0,0.5800000000000001
CUST_01754,2025-06-01,1,0.0,0.55
CUST_01754,2025-08-01,2,0.5,0.55
CUST_01754,2025-10-01,1,1.0,0.55
CUST_01754,2025-11-01,1,1.0,0.61
CUST_01755,2024-04-01,1,1.0,0.39
CUST_01755,2024-11-01,1,1.0,0.42
CUST_01755,2025-06-01,1,1.0,0.35
CUST_01755,2025-08-01,1,1.0,0.42
CUST_01757,2024-10-01,1,1.0,0.75
CUST_01757,2024-11-01,1,1.0,0.75
CUST_01757,2025-01-01,1,1.0,0.75
CUST_01757,2025-04-01,1,1.0,0.9
CUST_01757,2025-05-01,1,1.0,0.75
CUST_01757,2025-06-01,2,1.0,0.75
CUST_01757,2025-08-01,1,1.0,0.75
CUST_01757,2025-10-01,1,1.0,0.83
CUST_01757,2025-12-01,1,0.0,0.9
CUST_01758,2024-05-01,1,0.0,0.39
CUST_01758,2024-08-01,1,1.0,0.39
CUST_01758,2025-06-01,1,0.0,0.35
CUST_01758,2025-12-01,1,0.0,0.39
CUST_01760,2025-11-01,1,1.0,0.55
CUST_01761,2024-09-01,1,0.0,0.35
CUST_01761,2025-02-01,1,1.0,0.39
CUST_01761,2025-04-01,1,1.0,0.42
CUST_01761,2025-11-01,1,1.0,0.35
CUST_01761,2025-12-01,2,0.5,0.35
CUST_01762,2025-11-01,1,1.0,0.55
CUST_01762,2025-12-01,1,1.0,0.55
CUST_01763,2025-07-01,1,1.0,0.55
CUST_01764,2025-07-01,1,0.0,0.35
CUST_01764,2025-08-01,1,0.0,0.35
CUST_01765,2025-09-01,1,0.0,0.55
CUST_01765,2025-10-01,1,1.0,0.55
CUST_01766,2024-06-01,1,1.0,0.55
CUST_01766,2024-11-01,1,0.0,0.55
CUST_01766,2025-10-01,1,0.0,0.55
CUST_01766,2025-12-01,2,0.0,0.55
CUST_01767,2024-03-01,1,1.0,0.39
CUST_01767,2024-10-01,1,0.0,0.35
CUST_01767,2024-11-01,2,1.0,0.37
CUST_01767,2025-01-01,1,1.0,0.35
CUST_01767,2025-02-01,1,0.0,0.35
CUST_01767,2025-09-01,1,1.0,0.35
CUST_01767,2025-12-01,1,0.0,0.35
CUST_01768,2024-07-01,1,1.0,0.35
CUST_01768,2024-08-01,1,0.0,0.39
CUST_01768,2024-11-01,1,1.0,0.39
CUST_01768,2025-12-01,1,0.0,0.42
CUST_01769,2025-12-01,1,1.0,0.66
CUST_01770,2025-08-01,1,1.0,0.35
CUST_01770,2025-11-01,1,0.0,0.35
CUST_01771,2024-07-01,1,0.0,0.75
CUST_01771,2024-09-01,1,1.0,0.75
CUST_01771,2024-10-01,1,0.0,0.75
CUST_01771,2024-11-01,1,1.0,0.75
CUST_01771,2025-02-01,2,1.0,0.79
CUST_01771,2025-06-01,1,1.0,0.75
CUST_01771,2025-12-01,2,0.5,0.865
CUST_01772,2025-02-01,1,0.0,0.35
CUST_01773,2024-07-01,1,1.0,0.35
CUST_01773,2024-09-01,1,1.0,0.35
CUST_01773,2024-12-01,1,0.0,0.35
CUST_01773,2025-01-01,1,0.0,0.39
CUST_01773,2025-08-01,1,1.0,0.35
CUST_01773,2025-11-01,1,1.0,0.42
CUST_01774,2025-04-01,2,0.5,0.37
CUST_01774,2025-07-01,1,0.0,0.39
CUST_01774,2025-08-01,2,0.0,0.37
CUST_01774,2025-10-01,1,1.0,0.35
CUST_01775,2025-08-01,1,1.0,0.55
CUST_01775,2025-09-01,1,1.0,0.55
CUST_01775,2025-12-01,1,0.0,0.55
CUST_01776,2025-04-01,1,1.0,0.39
CUST_01777,2024-09-01,1,1.0,0.55
CUST_01777,2024-10-01,2,1.0,0.635
CUST_01777,2025-02-01,1,0.0,0.61
CUST_01777,2025-03-01,1,0.0,0.61
CUST_01777,2025-10-01,2,0.0,0.61
CUST_01778,2024-09-01,2,0.5,0.55
CUST_01778,2024-10-01,1,1.0,0.61
CUST_01778,2024-11-01,1,1.0,0.55
CUST_01778,2024-12-01,1,0.0,0.55
CUST_01778,2025-01-01,1,1.0,0.55
CUST_01778,2025-06-01,1,1.0,0.55
CUST_01778,2025-08-01,2,1.0,0.605
CUST_01779,2025-10-01,1,1.0,0.75
CUST_01779,2025-12-01,1,1.0,0.75
CUST_01781,2025-11-01,1,1.0,0.83
CUST_01782,2025-08-01,1,1.0,0.35
CUST_01783,2025-12-01,1,1.0,0.39
CUST_01786,2024-07-01,1,1.0,0.61
CUST_01786,2024-08-01,2,1.0,0.55
CUST_01786,2024-12-01,1,1.0,0.55
CUST_01786,2025-02-01,1,1.0,0.66
CUST_01786,2025-05-01,1,1.0,0.55
CUST_01786,2025-11-01,1,0.0,0.66
CUST_01787,2024-03-01,1,0.0,0.35
CUST_01787,2024-08-01,2,0.5,0.35
CUST_01787,2024-11-01,1,0.0,0.39
CUST_01788,2024-07-01,1,1.0,0.42
CUST_01788,2024-08-01,1,0.0,0.35
CUST_01788,2025-04-01,1,0.0,0.35
CUST_01789,2024-06-01,1,0.0,0.55
CUST_01789,2025-02-01,1,1.0,0.61
CUST_01789,2025-03-01,2,0.0,0.55
CUST_01789,2025-06-01,1,1.0,0.55
CUST_01789,2025-09-01,1,0.0,0.55
CUST_01789,2025-12-01,1,0.0,0.55
CUST_01790,2025-09-01,1,1.0,0.75
CUST_01791,2024-10-01,1,0.0,0.39
CUST_01791,2024-12-01,1,0.0,0.42
CUST_01791,2025-05-01,1,1.0,0.35
CUST_01792,2024-02-01,2,1.0,0.75
CUST_01792,2024-03-01,1,1.0,0.75
CUST_01792,2024-04-01,2,1.0,0.79
CUST_01792,2024-05-01,1,1.0,0.75
CUST_01792,2024-06-01,1,0.0,0.83
CUST_01792,2024-09-01,2,0.5,0.825
CUST_01792,2025-03-01,1,1.0,0.75
CUST_01792,2025-07-01,1,1.0,0.9
CUST_01792,2025-08-01,1,1.0,0.83
CUST_01792,2025-10-01,1,1.0,0.75
CUST_01792,2025-11-01,1,1.0,0.75
CUST_01792,2025-12-01,1,1.0,0.75
CUST_01793,2024-08-01,1,0.0,0.39
CUST_01793,2025-02-01,1,0.0,0.42
CUST_01793,2025-03-01,1,0.0,0.35
CUST_01793,2025-04-01,1,0.0,0.35
CUST_01793,2025-08-01,2,1.0,0.39
CUST_01793,2025-09-01,1,0.0,0.35
CUST_01794,2025-11-01,1,0.0,0.35
CUST_01796,2025-03-01,1,1.0,0.9
CUST_01796,2025-09-01,1,1.0,0.75
CUST_01796,2025-10-01,1,1.0,0.9
CUST_01797,2025-11-01,2,0.0,0.55
CUST_01797,2025-12-01,1,0.0,0.55
CUST_01798,2025-01-01,1,1.0,0.35
CUST_01798,2025-03-01,1,0.0,0.42
CUST_01798,2025-06-01,1,0.0,0.35
CUST_01798,2025-11-01,1,0.0,0.35
CUST_01798,2025-12-01,1,0.0,0.35
CUST_01799,2025-11-01,1,0.0,0.55
CUST_01802,2024-07-01,1,0.0,0.35
CUST_01802,2025-01-01,1,0.0,0.35
CUST_01803,2025-11-01,1,1.0,0.35
CUST_01805,2025-11-01,1,0.0,0.35
CUST_01806,2025-08-01,1,1.0,0.75
CUST_01806,2025-10-01,1,1.0,0.75
CUST_01807,2024-06-01,1,1.0,0.39
CUST_01807,2025-02-01,1,0.0,0.39
CUST_01807,2025-04-01,1,0.0,0.35
CUST_01808,2025-08-01,1,1.0,0.75
CUST_01808,2025-10-01,2,0.5,0.75
CUST_01808,2025-12-01,1,1.0,0.83
CUST_01809,2025-03-01,1,0.0,0.35
CUST_01809,2025-07-01,1,1.0,0.35
CUST_01809,2025-08-01,1,0.0,0.42
CUST_01809,2025-09-01,1,0.0,0.35
CUST_01809,2025-11-01,1,0.0,0.35
CUST_01810,2024-11-01,1,1.0,0.39
CUST_01810,2024-12-01,1,0.0,0.42
CUST_01810,2025-01-01,1,1.0,0.35
CUST_01810,2025-06-01,1,0.0,0.39
CUST_01810,2025-08-01,1,1.0,0.35
CUST_01810,2025-10-01,1,1.0,0.42
CUST_01810,2025-12-01,1,0.0,0.35
CUST_01811,2025-05-01,1,0.0,0.35
CUST_01811,2025-06-01,2,0.5,0.35
CUST_01811,2025-08-01,1,0.0,0.35
CUST_01811,2025-09-01,1,0.0,0.35
CUST_01812,2024-10-01,2,0.5,0.55
CUST_01812,2025-02-01,1,1.0,0.55
CUST_01812,2025-04-01,1,0.0,0.66
CUST_01812,2025-07-01,2,1.0,0.55
CUST_01812,2025-08-01,1,1.0,0.55
CUST_01812,2025-12-01,1,0.0,0.55
CUST_01813,2025-10-01,1,1.0,0.75
CUST_01813,2025-12-01,1,0.0,0.75
CUST_01814,2024-10-01,1,0.0,0.35
CUST_01814,2025-02-01,1,0.0,0.42
CUST_01814,2025-05-01,2,0.0,0.405
CUST_01814,2025-08-01,1,1.0,0.35
CUST_01814,2025-09-01,1,0.0,0.35
CUST_01814,2025-12-01,1,0.0,0.39
CUST_01815,2024-06-01,1,0.0,0.35
CUST_01815,2025-05-01,1,0.0,0.39
CUST_01815,2025-09-01,1,1.0,0.35
CUST_01815,2025-12-01,1,1.0,0.39
CUST_01817,2024-02-01,1,0.0,0.35
CUST_01817,2024-04-01,1,1.0,0.35
CUST_01817,2024-08-01,1,0.0,0.35
CUST_01817,2024-10-01,1,1.0,0.39
CUST_01817,2024-11-01,1,1.0,0.35
CUST_01817,2024-12-01,1,1.0,0.39
CUST_01817,2025-03-01,1,1.0,0.35
CUST_01817,2025-10-01,1,1.0,0.35
CUST_01819,2025-11-01,1,1.0,0.55
CUST_01820,2024-05-01,1,1.0,0.55
CUST_01820,2024-07-01,1,1.0,0.55
CUST_01820,2024-08-01,2,0.5,0.605
CUST_01820,2024-10-01,1,0.0,0.55
CUST_01820,2024-11-01,1,1.0,0.55
CUST_01820,2025-07-01,1,1.0,0.55
CUST_01820,2025-09-01,2,0.0,0.635
CUST_01820,2025-10-01,1,1.0,0.55
CUST_01822,2025-12-01,1,0.0,0.42
CUST_01824,2025-05-01,1,0.0,0.35
CUST_01824,2025-10-01,2,0.5,0.385
CUST_01824,2025-12-01,1,1.0,0.35
CUST_01825,2025-01-01,2,0.5,0.37
CUST_01826,2025-12-01,1,1.0,0.55
CUST_01828,2025-12-01,1,0.0,0.35
CUST_01830,2024-11-01,2,0.5,0.37
CUST_01830,2025-09-01,1,1.0,0.35
CUST_01831,2025-06-01,1,0.0,0.35
CUST_01831,2025-09-01,2,1.0,0.35
CUST_01832,2025-10-01,1,0.0,0.42
CUST_01832,2025-11-01,1,1.0,0.35
CUST_01833,2025-11-01,1,1.0,0.39
CUST_01834,2025-08-01,1,1.0,0.55
CUST_01834,2025-10-01,1,1.0,0.55
CUST_01835,2025-05-01,1,1.0,0.39
CUST_01836,2025-02-01,1,0.0,0.35
CUST_01836,2025-03-01,1,1.0,0.35
CUST_01837,2025-01-01,1,0.0,0.35
CUST_01837,2025-04-01,1,0.0,0.35
CUST_01837,2025-05-01,1,0.0,0.35
CUST_01837,2025-06-01,1,0.0,0.42
CUST_01837,2025-10-01,1,1.0,0.35
CUST_01838,2024-11-01,1,1.0,0.35
CUST_01838,2024-12-01,1,0.0,0.39
CUST_01840,2024-05-01,1,1.0,0.35
CUST_01840,2024-08-01,1,0.0,0.35
CUST_01840,2024-10-01,1,0.0,0.42
CUST_01840,2025-06-01,1,0.0,0.35
CUST_01842,2024-03-01,1,1.0,0.75
CUST_01842,2024-07-01,2,0.5,0.75
CUST_01842,2024-12-01,1,1.0,0.75
CUST_01842,2025-02-01,1,1.0,0.75
CUST_01842,2025-03-01,1,1.0,0.75
CUST_01842,2025-07-01,1,1.0,0.9
CUST_01842,2025-09-01,2,1.0,0.79
CUST_01843,2024-03-01,1,1.0,0.35
CUST_01843,2024-08-01,1,0.0,0.35
CUST_01843,2024-12-01,1,0.0,0.39
CUST_01843,2025-01-01,1,1.0,0.35
CUST_01843,2025-05-01,1,0.0,0.35
CUST_01844,2024-12-01,1,1.0,0.55
CUST_01844,2025-01-01,1,1.0,0.55
CUST_01844,2025-05-01,1,1.0,0.61
CUST_01844,2025-09-01,1,1.0,0.55
CUST_01845,2024-11-01,1,0.0,0.55
CUST_01845,2025-02-01,1,1.0,0.66
CUST_01845,2025-05-01,1,1.0,0.55
CUST_01845,2025-06-01,1,1.0,0.55
CUST_01845,2025-07-01,1,0.0,0.55
CUST_01845,2025-08-01,1,0.0,0.55
CUST_01846,2025-02-01,1,1.0,0.55
CUST_01846,2025-05-01,1,0.0,0.55
CUST_01846,2025-08-01,1,0.0,0.55
CUST_01848,2024-07-01,1,0.0,0.75
CUST_01848,2024-11-01,1,1.0,0.9
CUST_01848,2025-04-01,1,1.0,0.83
CUST_01848,2025-05-01,1,1.0,0.75
CUST_01848,2025-07-01,3,0.6666666666666666,0.7766666666666667
CUST_01848,2025-08-01,3,0.6666666666666666,0.7999999999999999
CUST_01848,2025-12-01,2,1.0,0.75
CUST_01849,2024-08-01,1,1.0,0.55
CUST_01849,2024-12-01,1,0.0,0.55
CUST_01849,2025-08-01,2,1.0,0.55
CUST_01849,2025-12-01,1,0.0,0.55
CUST_01850,2025-01-01,1,0.0,0.35
CUST_01850,2025-05-01,1,1.0,0.35
CUST_01851,2024-04-01,1,0.0,0.35
CUST_01851,2024-05-01,2,1.0,0.37
CUST_01851,2024-10-01,1,0.0,0.35
CUST_01851,2025-01-01,1,0.0,0.39
CUST_01852,2025-07-01,1,0.0,0.35
CUST_01853,2024-05-01,1,0.0,0.55
CUST_01853,2024-07-01,2,1.0,0.55
CUST_01853,2024-08-01,1,0.0,0.55
CUST_01853,2025-02-01,1,1.0,0.55
CUST_01853,2025-09-01,1,0.0,0.66
CUST_01854,2025-09-01,1,0.0,0.42
CUST_01854,2025-10-01,1,1.0,0.35
CUST_01857,2025-12-01,1,1.0,0.55
CUST_01858,2024-11-01,3,0.6666666666666666,0.3633333333333333
CUST_01858,2024-12-01,1,1.0,0.35
CUST_01858,2025-12-01,1,0.0,0.39
CUST_01859,2025-04-01,2,1.0,0.35
CUST_01859,2025-08-01,1,1.0,0.35
CUST_01861,2024-10-01,1,1.0,0.83
CUST_01861,2025-02-01,1,1.0,0.83
CUST_01861,2025-03-01,2,0.5,0.825
CUST_01861,2025-06-01,1,1.0,0.75
CUST_01861,2025-11-01,1,0.0,0.75
CUST_01862,2025-02-01,1,1.0,0.39
CUST_01864,2025-09-01,1,0.0,0.35
CUST_01864,2025-11-01,1,1.0,0.35
CUST_01864,2025-12-01,1,0.0,0.35
CUST_01865,2024-09-01,1,0.0,0.39
CUST_01865,2025-03-01,1,1.0,0.35
CUST_01865,2025-10-01,1,0.0,0.39
CUST_01867,2025-05-01,2,0.5,0.55
CUST_01867,2025-07-01,1,1.0,0.55
CUST_01867,2025-08-01,1,1.0,0.55
CUST_01868,2024-11-01,2,0.0,0.75
CUST_01868,2025-04-01,4,1.0,0.8275
CUST_01868,2025-05-01,1,1.0,0.83
CUST_01868,2025-09-01,1,1.0,0.75
CUST_01868,2025-10-01,1,0.0,0.75
CUST_01869,2024-10-01,1,1.0,0.55
CUST_01869,2024-11-01,1,1.0,0.55
CUST_01869,2025-01-01,1,0.0,0.55
CUST_01869,2025-08-01,1,1.0,0.55
CUST_01869,2025-09-01,1,0.0,0.55
CUST_01869,2025-10-01,1,0.0,0.55
CUST_01871,2025-03-01,1,0.0,0.35
CUST_01871,2025-09-01,1,1.0,0.35
CUST_01871,2025-10-01,2,0.5,0.37
CUST_01871,2025-12-01,1,0.0,0.39
CUST_01872,2024-02-01,1,0.0,0.39
CUST_01872,2024-03-01,1,0.0,0.35
CUST_01872,2024-12-01,1,0.0,0.35
CUST_01872,2025-01-01,1,0.0,0.39
CUST_01872,2025-06-01,2,1.0,0.35
CUST_01873,2024-11-01,1,1.0,0.61
CUST_01873,2025-02-01,1,0.0,0.55
CUST_01873,2025-04-01,1,1.0,0.61
CUST_01873,2025-05-01,1,0.0,0.61
CUST_01873,2025-08-01,1,1.0,0.55
CUST_01874,2024-06-01,2,1.0,0.79
CUST_01874,2024-07-01,1,0.0,0.75
CUST_01874,2024-08-01,1,0.0,0.75
CUST_01874,2024-12-01,1,1.0,0.75
CUST_01874,2025-01-01,1,0.0,0.75
CUST_01874,2025-03-01,1,1.0,0.75
CUST_01874,2025-04-01,1,1.0,0.75
CUST_01874,2025-06-01,1,1.0,0.75
CUST_01874,2025-08-01,1,1.0,0.9
CUST_01874,2025-09-01,1,1.0,0.83
CUST_01874,2025-12-01,1,1.0,0.75
CUST_01875,2024-10-01,1,0.0,0.35
CUST_01875,2024-11-01,1,1.0,0.35
CUST_01875,2025-06-01,1,0.0,0.42
CUST_01875,2025-09-01,1,1.0,0.35
CUST_01876,2025-01-01,1,0.0,0.35
CUST_01876,2025-02-01,2,0.5,0.35
CUST_01876,2025-03-01,1,0.0,0.35
CUST_01877,2025-04-01,1,0.0,0.42
CUST_01877,2025-05-01,1,0.0,0.42
CUST_01877,2025-06-01,1,0.0,0.35
CUST_01877,2025-08-01,1,0.0,0.35
CUST_01878,2025-06-01,1,1.0,0.42
CUST_01879,2024-09-01,1,1.0,0.75
CUST_01879,2025-01-01,1,1.0,0.75
CUST_01879,2025-03-01,2,0.5,0.825
CUST_01879,2025-06-01,1,1.0,0.75
CUST_01879,2025-07-01,1,0.0,0.75
CUST_01879,2025-11-01,1,1.0,0.75
CUST_01880,2025-07-01,1,0.0,0.35
CUST_01882,2025-01-01,3,0.6666666666666666,0.3733333333333333
CUST_01882,2025-03-01,1,1.0,0.42
CUST_01882,2025-09-01,2,0.5,0.35
CUST_01882,2025-11-01,1,1.0,0.35
CUST_01883,2025-01-01,1,1.0,0.42
CUST_01883,2025-10-01,1,0.0,0.42
CUST_01883,2025-12-01,1,0.0,0.42
CUST_01884,2024-10-01,1,1.0,0.39
CUST_01884,2024-11-01,1,0.0,0.35
CUST_01884,2025-06-01,1,1.0,0.42
CUST_01884,2025-10-01,1,0.0,0.35
CUST_01884,2025-11-01,1,0.0,0.39
CUST_01884,2025-12-01,1,0.0,0.35
CUST_01887,2025-03-01,2,1.0,0.83
CUST_01887,2025-04-01,1,0.0,0.75
CUST_01887,2025-05-01,1,0.0,0.75
CUST_01887,2025-09-01,2,0.5,0.75
CUST_01887,2025-10-01,1,0.0,0.75
CUST_01887,2025-11-01,1,1.0,0.83
CUST_01887,2025-12-01,1,0.0,0.75
CUST_01888,2024-08-01,1,1.0,0.75
CUST_01888,2024-10-01,1,1.0,0.83
CUST_01888,2025-01-01,1,1.0,0.75
CUST_01888,2025-02-01,2,1.0,0.79
CUST_01888,2025-03-01,1,0.0,0.83
CUST_01888,2025-07-01,2,0.5,0.79
CUST_01888,2025-11-01,1,0.0,0.83
CUST_01889,2024-04-01,3,1.0,0.8533333333333334
CUST_01889,2024-08-01,1,1.0,0.83
CUST_01889,2025-02-01,1,1.0,0.9
CUST_01889,2025-06-01,3,1.0,0.7999999999999999
CUST_01889,2025-07-01,2,1.0,0.75
CUST_01889,2025-10-01,1,1.0,0.75
CUST_01889,2025-12-01,2,1.0,0.79
CUST_01890,2025-01-01,1,1.0,0.61
CUST_01890,2025-03-01,1,0.0,0.55
CUST_01890,2025-07-01,1,1.0,0.55
CUST_01890,2025-09-01,1,0.0,0.66
CUST_01891,2024-10-01,1,1.0,0.35
CUST_01892,2024-11-01,1,0.0,0.35
CUST_01892,2025-11-01,1,1.0,0.35
CUST_01893,2025-09-01,1,1.0,0.35
CUST_01893,2025-12-01,1,0.0,0.35
CUST_01894,2025-11-01,1,0.0,0.55
CUST_01894,2025-12-01,1,1.0,0.55
CUST_01895,2024-12-01,2,1.0,0.75
CUST_01895,2025-05-01,1,1.0,0.75
CUST_01895,2025-06-01,3,1.0,0.8266666666666667
CUST_01895,2025-07-01,2,1.0,0.865
CUST_01895,2025-08-01,1,1.0,0.83
CUST_01895,2025-09-01,2,0.5,0.75
CUST_01896,2025-11-01,1,0.0,0.35
CUST_01898,2024-12-01,1,0.0,0.35
CUST_01899,2024-10-01,1,1.0,0.75
CUST_01899,2024-11-01,1,1.0,0.83
CUST_01899,2024-12-01,1,1.0,0.75
CUST_01899,2025-02-01,3,1.0,0.75
CUST_01899,2025-03-01,1,1.0,0.9
CUST_01899,2025-10-01,2,0.0,0.79
CUST_01901,2024-04-01,1,1.0,0.39
CUST_01901,2025-10-01,1,0.0,0.42
CUST_01903,2025-10-01,1,1.0,0.83
CUST_01903,2025-12-01,3,0.3333333333333333,0.8033333333333333
CUST_01904,2024-03-01,1,0.0,0.35
CUST_01904,2024-08-01,1,1.0,0.35
CUST_01904,2024-10-01,1,0.0,0.35
CUST_01904,2025-04-01,2,0.5,0.37
CUST_01904,2025-08-01,2,0.5,0.35
CUST_01904,2025-09-01,1,0.0,0.35
CUST_01905,2024-05-01,1,1.0,0.55
CUST_01905,2024-07-01,1,0.0,0.55
CUST_01905,2024-08-01,1,1.0,0.61
CUST_01905,2025-07-01,1,1.0,0.61
CUST_01905,2025-09-01,2,0.5,0.55
CUST_01906,2024-11-01,1,1.0,0.75
CUST_01906,2025-02-01,1,1.0,0.75
CUST_01906,2025-06-01,1,1.0,0.75
CUST_01906,2025-09-01,1,1.0,0.9
CUST_01906,2025-10-01,1,1.0,0.75
CUST_01908,2025-05-01,1,0.0,0.35
CUST_01908,2025-06-01,1,0.0,0.35
CUST_01908,2025-07-01,1,0.0,0.39
CUST_01908,2025-08-01,1,0.0,0.35
CUST_01909,2024-08-01,2,1.0,0.75
CUST_01909,2024-11-01,1,0.0,0.75
CUST_01909,2025-05-01,1,0.0,0.75
CUST_01909,2025-09-01,3,0.6666666666666666,0.8266666666666667
CUST_01909,2025-11-01,2,1.0,0.79
CUST_01909,2025-12-01,2,0.0,0.825
CUST_01911,2025-01-01,1,1.0,0.55
CUST_01911,2025-05-01,1,0.0,0.55
CUST_01911,2025-09-01,1,0.0,0.66
CUST_01911,2025-12-01,1,1.0,0.61
CUST_01912,2024-08-01,1,1.0,0.61
CUST_01912,2024-11-01,1,1.0,0.55
CUST_01912,2024-12-01,1,1.0,0.55
CUST_01912,2025-01-01,1,1.0,0.55
CUST_01912,2025-08-01,1,1.0,0.55
CUST_01912,2025-11-01,1,1.0,0.55
CUST_01913,2024-04-01,1,0.0,0.35
CUST_01913,2024-05-01,1,0.0,0.35
CUST_01913,2024-09-01,1,0.0,0.39
CUST_01913,2024-10-01,2,0.5,0.37
CUST_01913,2024-11-01,1,0.0,0.35
CUST_01913,2025-03-01,1,0.0,0.35
CUST_01913,2025-05-01,1,0.0,0.35
CUST_01913,2025-12-01,1,0.0,0.39
CUST_01914,2024-11-01,2,1.0,0.9
CUST_01914,2025-02-01,1,1.0,0.75
CUST_01914,2025-03-01,1,1.0,0.75
CUST_01914,2025-04-01,1,1.0,0.75
CUST_01914,2025-05-01,1,0.0,0.75
CUST_01914,2025-09-01,1,1.0,0.83
CUST_01915,2025-10-01,1,1.0,0.35
CUST_01916,2025-11-01,1,0.0,0.61
CUST_01917,2025-04-01,2,1.0,0.405
CUST_01917,2025-05-01,1,0.0,0.35
CUST_01917,2025-12-01,1,0.0,0.35
CUST_01918,2024-03-01,1,0.0,0.35
CUST_01918,2024-11-01,1,0.0,0.39
CUST_01918,2025-01-01,1,1.0,0.39
CUST_01918,2025-05-01,1,1.0,0.39
CUST_01918,2025-09-01,1,0.0,0.35
CUST_01918,2025-10-01,2,0.5,0.35
CUST_01919,2025-08-01,1,0.0,0.39
CUST_01920,2024-11-01,1,0.0,0.35
CUST_01920,2024-12-01,1,0.0,0.35
CUST_01920,2025-07-01,1,0.0,0.35
CUST_01920,2025-11-01,1,1.0,0.35
CUST_01921,2024-07-01,1,0.0,0.35
CUST_01921,2024-08-01,1,1.0,0.39
CUST_01921,2025-03-01,1,1.0,0.39
CUST_01921,2025-12-01,1,0.0,0.39
CUST_01922,2025-04-01,1,0.0,0.35
CUST_01922,2025-06-01,1,0.0,0.35
CUST_01922,2025-11-01,1,0.0,0.42
CUST_01923,2025-06-01,1,1.0,0.61
CUST_01923,2025-09-01,1,0.0,0.55
CUST_01923,2025-10-01,1,1.0,0.61
CUST_01924,2024-10-01,1,0.0,0.55
CUST_01924,2024-11-01,1,1.0,0.55
CUST_01924,2025-05-01,2,0.5,0.5800000000000001
CUST_01924,2025-06-01,1,0.0,0.55
CUST_01924,2025-07-01,1,1.0,0.66
CUST_01924,2025-12-01,1,1.0,0.55
CUST_01925,2024-11-01,1,0.0,0.35
CUST_01925,2025-03-01,1,1.0,0.35
CUST_01925,2025-06-01,1,0.0,0.42
CUST_01925,2025-09-01,1,1.0,0.35
CUST_01926,2025-11-01,1,1.0,0.35
CUST_01927,2024-11-01,1,0.0,0.39
CUST_01927,2025-01-01,1,0.0,0.39
CUST_01927,2025-02-01,1,0.0,0.39
CUST_01928,2024-04-01,1,0.0,0.55
CUST_01928,2024-05-01,1,0.0,0.55
CUST_01928,2025-01-01,1,0.0,0.55
CUST_01928,2025-03-01,1,0.0,0.55
CUST_01928,2025-04-01,2,0.5,0.55
CUST_01928,2025-08-01,1,0.0,0.55
CUST_01928,2025-11-01,3,1.0,0.59
CUST_01928,2025-12-01,1,1.0,0.55
CUST_01929,2025-12-01,1,0.0,0.35
CUST_01930,2025-07-01,1,0.0,0.55
CUST_01930,2025-08-01,1,1.0,0.55
CUST_01931,2025-05-01,1,1.0,0.61
CUST_01931,2025-09-01,2,1.0,0.55
CUST_01932,2024-08-01,1,1.0,0.61
CUST_01932,2025-02-01,1,0.0,0.55
CUST_01932,2025-05-01,1,0.0,0.55
CUST_01932,2025-07-01,1,0.0,0.55
CUST_01934,2025-03-01,1,1.0,0.35
CUST_01934,2025-04-01,1,1.0,0.35
CUST_01934,2025-07-01,1,0.0,0.35
CUST_01934,2025-08-01,1,1.0,0.39
CUST_01935,2024-10-01,1,0.0,0.55
CUST_01935,2024-12-01,1,0.0,0.61
CUST_01935,2025-05-01,1,0.0,0.61
CUST_01935,2025-07-01,1,1.0,0.55
CUST_01935,2025-11-01,1,0.0,0.61
CUST_01935,2025-12-01,1,1.0,0.66
CUST_01936,2024-04-01,1,1.0,0.9
CUST_01936,2024-05-01,1,0.0,0.75
CUST_01936,2024-07-01,2,1.0,0.75
CUST_01936,2024-08-01,1,1.0,0.9
CUST_01936,2024-10-01,1,0.0,0.75
CUST_01936,2024-11-01,1,1.0,0.75
CUST_01936,2024-12-01,1,1.0,0.75
CUST_01936,2025-05-01,2,0.5,0.75
CUST_01936,2025-08-01,1,1.0,0.75
CUST_01936,2025-09-01,1,1.0,0.83
CUST_01936,2025-11-01,2,1.0,0.79
CUST_01936,2025-12-01,1,1.0,0.75
CUST_01937,2024-08-01,1,0.0,0.55
CUST_01937,2024-10-01,1,0.0,0.55
CUST_01937,2024-11-01,1,1.0,0.61
CUST_01937,2025-01-01,1,1.0,0.55
CUST_01937,2025-06-01,1,1.0,0.55
CUST_01937,2025-08-01,1,1.0,0.55
CUST_01938,2025-10-01,2,0.5,0.35
CUST_01938,2025-12-01,1,0.0,0.39
CUST_01940,2024-04-01,1,0.0,0.35
CUST_01940,2025-02-01,1,1.0,0.35
CUST_01940,2025-09-01,1,1.0,0.35
CUST_01941,2024-09-01,1,1.0,0.39
CUST_01941,2024-12-01,1,1.0,0.39
CUST_01941,2025-04-01,1,1.0,0.35
CUST_01941,2025-10-01,1,0.0,0.35
CUST_01942,2025-07-01,2,0.5,0.605
CUST_01942,2025-09-01,1,0.0,0.55
CUST_01943,2025-08-01,1,1.0,0.83
CUST_01945,2025-05-01,2,0.0,0.37
CUST_01945,2025-08-01,1,0.0,0.35
CUST_01946,2024-09-01,1,1.0,0.55
CUST_01946,2024-11-01,1,1.0,0.66
CUST_01946,2025-04-01,1,1.0,0.61
CUST_01947,2024-04-01,1,1.0,0.55
CUST_01947,2024-05-01,1,1.0,0.55
CUST_01947,2024-07-01,1,1.0,0.55
CUST_01947,2024-09-01,1,1.0,0.55
CUST_01947,2024-10-01,1,1.0,0.55
CUST_01947,2025-03-01,1,1.0,0.55
CUST_01947,2025-07-01,1,0.0,0.55
CUST_01949,2024-03-01,1,1.0,0.35
CUST_01949,2024-05-01,1,0.0,0.35
CUST_01949,2024-11-01,1,0.0,0.35
CUST_01949,2025-03-01,1,1.0,0.35
CUST_01949,2025-09-01,1,1.0,0.39
CUST_01950,2024-12-01,1,0.0,0.75
CUST_01950,2025-01-01,1,0.0,0.83
CUST_01950,2025-06-01,1,0.0,0.83
CUST_01950,2025-07-01,1,1.0,0.75
CUST_01950,2025-10-01,3,1.0,0.75
CUST_01950,2025-11-01,3,1.0,0.75
CUST_01950,2025-12-01,1,1.0,0.83
CUST_01951,2024-04-01,1,1.0,0.55
CUST_01951,2024-05-01,1,0.0,0.55
CUST_01951,2024-10-01,1,1.0,0.55
CUST_01951,2025-01-01,1,0.0,0.55
CUST_01951,2025-04-01,1,1.0,0.61
CUST_01951,2025-10-01,1,0.0,0.55
CUST_01952,2025-05-01,1,0.0,0.35
CUST_01952,2025-11-01,1,0.0,0.35
CUST_01953,2024-04-01,1,0.0,0.75
CUST_01953,2024-06-01,3,1.0,0.7766666666666667
CUST_01953,2024-09-01,1,1.0,0.9
CUST_01953,2024-11-01,2,1.0,0.75
CUST_01953,2025-04-01,1,0.0,0.75
CUST_01953,2025-06-01,1,0.0,0.75
CUST_01953,2025-07-01,2,1.0,0.865
CUST_01953,2025-08-01,1,1.0,0.75
CUST_01953,2025-09-01,1,1.0,0.75
CUST_01954,2024-10-01,1,0.0,0.35
CUST_01954,2025-10-01,1,0.0,0.35
CUST_01956,2025-07-01,1,1.0,0.55
CUST_01956,2025-09-01,1,1.0,0.55
CUST_01956,2025-10-01,1,1.0,0.61
CUST_01956,2025-12-01,1,1.0,0.61
CUST_01958,2024-10-01,1,0.0,0.42
CUST_01958,2025-04-01,1,1.0,0.42
CUST_01958,2025-12-01,1,0.0,0.35
CUST_01959,2024-11-01,1,0.0,0.35
CUST_01959,2025-05-01,1,1.0,0.35
CUST_01959,2025-07-01,1,1.0,0.35
CUST_01960,2024-05-01,1,1.0,0.55
CUST_01960,2024-08-01,1,1.0,0.55
CUST_01960,2024-09-01,2,0.0,0.61
CUST_01960,2025-02-01,1,1.0,0.61
CUST_01960,2025-05-01,1,1.0,0.55
CUST_01960,2025-07-01,1,1.0,0.55
CUST_01960,2025-12-01,1,0.0,0.66
CUST_01961,2025-04-01,1,0.0,0.61
CUST_01961,2025-08-01,1,0.0,0.61
CUST_01962,2025-06-01,1,1.0,0.75
CUST_01962,2025-07-01,2,1.0,0.75
CUST_01962,2025-08-01,2,0.5,0.825
CUST_01962,2025-12-01,1,1.0,0.75
CUST_01963,2024-05-01,1,1.0,0.9
CUST_01963,2024-06-01,2,1.0,0.79
CUST_01963,2024-09-01,1,1.0,0.75
CUST_01963,2025-01-01,1,0.0,0.75
CUST_01963,2025-04-01,2,0.0,0.79
CUST_01963,2025-05-01,1,0.0,0.75
CUST_01963,2025-06-01,1,0.0,0.75
CUST_01964,2025-10-01,1,0.0,0.42
CUST_01965,2024-11-01,1,1.0,0.35
CUST_01965,2025-04-01,1,0.0,0.35
CUST_01965,2025-10-01,1,1.0,0.35
CUST_01965,2025-11-01,2,0.0,0.35
CUST_01966,2025-07-01,1,1.0,0.42
CUST_01966,2025-08-01,1,0.0,0.35
CUST_01967,2025-06-01,1,0.0,0.35
CUST_01967,2025-08-01,1,0.0,0.35
CUST_01967,2025-09-01,1,1.0,0.35
CUST_01967,2025-12-01,1,0.0,0.42
CUST_01968,2025-03-01,1,1.0,0.61
CUST_01969,2025-05-01,3,0.6666666666666666,0.3499999999999999
CUST_01970,2025-08-01,1,1.0,0.55
CUST_01970,2025-09-01,1,1.0,0.55
CUST_01970,2025-10-01,2,0.5,0.55
CUST_01971,2025-01-01,1,1.0,0.35
CUST_01971,2025-07-01,1,0.0,0.42
CUST_01972,2025-03-01,1,1.0,0.35
CUST_01972,2025-09-01,1,0.0,0.35
CUST_01972,2025-10-01,1,0.0,0.42
CUST_01973,2025-02-01,1,0.0,0.35
CUST_01973,2025-08-01,1,0.0,0.35
CUST_01973,2025-09-01,1,0.0,0.35
CUST_01974,2024-12-01,1,1.0,0.75
CUST_01974,2025-07-01,1,1.0,0.75
CUST_01974,2025-10-01,1,1.0,0.75
CUST_01974,2025-12-01,1,0.0,0.75
CUST_01975,2025-08-01,1,0.0,0.35
CUST_01975,2025-12-01,1,0.0,0.35
CUST_01978,2025-09-01,1,0.0,0.35
CUST_01979,2024-09-01,1,0.0,0.55
CUST_01979,2024-11-01,1,1.0,0.61
CUST_01979,2025-01-01,1,0.0,0.55
CUST_01981,2024-02-01,3,0.3333333333333333,0.75
CUST_01981,2024-03-01,1,1.0,0.75
CUST_01981,2024-05-01,1,1.0,0.9
CUST_01981,2024-06-01,1,0.0,0.75
CUST_01981,2025-03-01,1,1.0,0.83
CUST_01981,2025-05-01,1,1.0,0.83
CUST_01981,2025-06-01,1,1.0,0.75
CUST_01981,2025-07-01,1,1.0,0.75
CUST_01981,2025-08-01,1,0.0,0.75
CUST_01981,2025-09-01,1,1.0,0.75
CUST_01981,2025-10-01,3,0.6666666666666666,0.7766666666666667
CUST_01981,2025-12-01,1,1.0,0.75
CUST_01982,2024-09-01,1,0.0,0.55
CUST_01982,2024-10-01,2,0.5,0.5800000000000001
CUST_01982,2025-01-01,1,1.0,0.55
CUST_01982,2025-05-01,2,0.5,0.55
CUST_01982,2025-06-01,1,1.0,0.55
CUST_01982,2025-10-01,1,0.0,0.66
CUST_01982,2025-11-01,1,1.0,0.55
CUST_01983,2024-07-01,2,0.0,0.35
CUST_01983,2025-02-01,1,0.0,0.35
CUST_01983,2025-08-01,1,1.0,0.42
CUST_01983,2025-09-01,1,0.0,0.35
CUST_01983,2025-10-01,1,1.0,0.35
CUST_01983,2025-11-01,1,0.0,0.39
CUST_01984,2025-08-01,1,0.0,0.75
CUST_01984,2025-09-01,2,1.0,0.79
CUST_01984,2025-11-01,1,1.0,0.83
CUST_01984,2025-12-01,2,1.0,0.75
CUST_01985,2024-12-01,1,0.0,0.35
CUST_01985,2025-06-01,1,0.0,0.35
CUST_01987,2025-09-01,1,0.0,0.39
CUST_01987,2025-11-01,1,0.0,0.35
CUST_01989,2024-08-01,1,1.0,0.83
CUST_01989,2024-09-01,1,1.0,0.9
CUST_01989,2024-10-01,1,1.0,0.75
CUST_01989,2024-12-01,1,1.0,0.75
CUST_01989,2025-01-01,1,1.0,0.83
CUST_01989,2025-10-01,1,1.0,0.75
CUST_01989,2025-11-01,1,1.0,0.75
CUST_01989,2025-12-01,1,1.0,0.75
CUST_01991,2024-05-01,1,0.0,0.35
CUST_01991,2024-07-01,1,1.0,0.39
CUST_01991,2024-08-01,1,1.0,0.42
CUST_01991,2024-09-01,1,1.0,0.35
CUST_01991,2025-03-01,1,1.0,0.35
CUST_01991,2025-04-01,1,0.0,0.39
CUST_01991,2025-05-01,1,1.0,0.35
CUST_01991,2025-11-01,1,0.0,0.39
CUST_01992,2025-05-01,1,0.0,0.39
CUST_01992,2025-07-01,1,0.0,0.42
CUST_01992,2025-10-01,1,0.0,0.39
CUST_01992,2025-12-01,1,0.0,0.39
CUST_01993,2025-01-01,1,0.0,0.39
CUST_01993,2025-05-01,1,0.0,0.35
CUST_01993,2025-07-01,1,0.0,0.42
CUST_01995,2025-05-01,1,1.0,0.75
CUST_01995,2025-06-01,1,1.0,0.75
CUST_01995,2025-07-01,1,1.0,0.75
CUST_01995,2025-08-01,1,1.0,0.75
CUST_01995,2025-10-01,1,1.0,0.75
CUST_01995,2025-11-01,1,0.0,0.75
CUST_01995,2025-12-01,4,0.5,0.8075
CUST_01996,2025-10-01,1,1.0,0.39
CUST_01997,2025-04-01,1,1.0,0.35
CUST_01997,2025-06-01,1,0.0,0.35
CUST_01997,2025-07-01,1,0.0,0.35
CUST_01997,2025-11-01,1,1.0,0.42
CUST_01998,2024-07-01,2,0.5,0.35
CUST_01998,2025-11-01,1,0.0,0.35
CUST_01999,2024-11-01,1,0.0,0.35
CUST_01999,2025-01-01,1,0.0,0.35
CUST_01999,2025-04-01,1,1.0,0.35
CUST_01999,2025-09-01,1,0.0,0.35
CUST_02000,2025-04-01,1,1.0,0.55
CUST_02000,2025-06-01,1,0.0,0.55
CUST_02000,2025-11-01,1,1.0,0.55
CUST_02001,2024-04-01,1,1.0,0.35
CUST_02001,2024-05-01,1,1.0,0.35
CUST_02001,2025-09-01,1,0.0,0.39
CUST_02001,2025-11-01,1,1.0,0.35
CUST_02002,2025-09-01,1,1.0,0.42
CUST_02004,2025-01-01,1,1.0,0.35
CUST_02004,2025-08-01,1,1.0,0.35
CUST_02005,2025-06-01,1,0.0,0.39
CUST_02005,2025-08-01,1,1.0,0.35
CUST_02006,2025-07-01,1,0.0,0.35
CUST_02006,2025-08-01,1,1.0,0.35
CUST_02006,2025-10-01,1,1.0,0.35
CUST_02006,2025-12-01,1,0.0,0.35
CUST_02008,2025-06-01,2,1.0,0.605
CUST_02009,2025-06-01,1,1.0,0.35
CUST_02009,2025-07-01,1,0.0,0.35
CUST_02009,2025-12-01,1,0.0,0.39
CUST_02010,2025-08-01,1,1.0,0.75
CUST_02010,2025-10-01,2,1.0,0.75
CUST_02011,2025-06-01,2,0.0,0.35
CUST_02011,2025-07-01,1,1.0,0.35
CUST_02011,2025-09-01,1,0.0,0.35
CUST_02011,2025-10-01,1,1.0,0.35
CUST_02011,2025-11-01,1,0.0,0.35
CUST_02012,2025-05-01,1,1.0,0.42
CUST_02014,2024-07-01,1,1.0,0.39
CUST_02014,2025-02-01,1,0.0,0.35
CUST_02014,2025-04-01,1,1.0,0.35
CUST_02014,2025-07-01,1,1.0,0.35
CUST_02014,2025-10-01,1,0.0,0.35
CUST_02015,2025-06-01,1,1.0,0.35
CUST_02016,2025-03-01,1,0.0,0.35
CUST_02016,2025-04-01,1,1.0,0.39
CUST_02016,2025-08-01,1,1.0,0.39
CUST_02016,2025-10-01,1,0.0,0.39
CUST_02016,2025-12-01,1,1.0,0.35
CUST_02017,2025-06-01,1,1.0,0.35
CUST_02017,2025-08-01,1,0.0,0.35
CUST_02018,2024-03-01,1,0.0,0.35
CUST_02018,2025-02-01,1,0.0,0.35
CUST_02018,2025-08-01,1,0.0,0.39
CUST_02018,2025-10-01,1,0.0,0.35
CUST_02018,2025-12-01,1,0.0,0.35
CUST_02019,2024-04-01,1,0.0,0.35
CUST_02020,2024-09-01,1,0.0,0.35
CUST_02020,2025-01-01,1,0.0,0.35
CUST_02020,2025-02-01,1,0.0,0.39
CUST_02020,2025-06-01,1,1.0,0.35
CUST_02020,2025-08-01,1,1.0,0.42
CUST_02021,2025-01-01,1,1.0,0.75
CUST_02021,2025-07-01,1,1.0,0.75
CUST_02021,2025-08-01,1,1.0,0.75
CUST_02021,2025-10-01,1,0.0,0.75
CUST_02021,2025-11-01,2,0.5,0.79
CUST_02022,2024-11-01,1,1.0,0.55
CUST_02022,2025-01-01,1,1.0,0.66
CUST_02022,2025-06-01,1,0.0,0.55
CUST_02022,2025-10-01,1,0.0,0.55
CUST_02023,2025-03-01,1,0.0,0.35
CUST_02024,2024-08-01,1,1.0,0.39
CUST_02024,2025-05-01,1,1.0,0.39
CUST_02024,2025-06-01,1,1.0,0.35
CUST_02024,2025-07-01,1,1.0,0.35
CUST_02024,2025-08-01,2,0.5,0.35
CUST_02024,2025-10-01,1,1.0,0.35
CUST_02025,2024-10-01,1,0.0,0.35
CUST_02025,2025-02-01,1,0.0,0.35
CUST_02025,2025-03-01,1,1.0,0.39
CUST_02025,2025-04-01,1,1.0,0.35
CUST_02026,2024-11-01,1,1.0,0.66
CUST_02026,2024-12-01,1,0.0,0.55
CUST_02026,2025-08-01,1,0.0,0.55
CUST_02028,2025-10-01,1,0.0,0.61
CUST_02030,2024-06-01,1,1.0,0.39
CUST_02030,2025-07-01,1,0.0,0.39
CUST_02031,2025-05-01,1,0.0,0.35
CUST_02031,2025-07-01,1,0.0,0.35
CUST_02032,2025-05-01,1,1.0,0.35
CUST_02032,2025-08-01,1,0.0,0.35
CUST_02032,2025-10-01,1,0.0,0.35
CUST_02032,2025-12-01,1,0.0,0.35
CUST_02034,2025-02-01,1,0.0,0.42
CUST_02034,2025-06-01,1,1.0,0.39
CUST_02034,2025-07-01,1,1.0,0.39
CUST_02034,2025-12-01,1,0.0,0.35
CUST_02035,2025-07-01,1,1.0,0.61
CUST_02035,2025-12-01,1,0.0,0.55
CUST_02037,2025-05-01,1,0.0,0.39
CUST_02037,2025-06-01,1,0.0,0.35
CUST_02037,2025-10-01,1,1.0,0.35
CUST_02037,2025-11-01,1,0.0,0.35
CUST_02038,2024-03-01,1,1.0,0.75
CUST_02038,2024-04-01,1,0.0,0.75
CUST_02038,2024-05-01,1,1.0,0.75
CUST_02038,2024-06-01,1,1.0,0.9
CUST_02038,2024-08-01,1,1.0,0.75
CUST_02038,2024-12-01,1,1.0,0.75
CUST_02038,2025-03-01,2,1.0,0.79
CUST_02038,2025-04-01,1,0.0,0.75
CUST_02038,2025-05-01,1,1.0,0.75
CUST_02038,2025-06-01,2,1.0,0.79
CUST_02038,2025-09-01,1,1.0,0.75
CUST_02040,2025-06-01,1,1.0,0.61
CUST_02040,2025-08-01,1,1.0,0.55
CUST_02041,2025-09-01,2,0.5,0.55
CUST_02041,2025-12-01,1,1.0,0.55
CUST_02042,2025-02-01,1,1.0,0.55
CUST_02042,2025-03-01,1,1.0,0.61
CUST_02042,2025-05-01,1,1.0,0.55
CUST_02042,2025-07-01,1,1.0,0.66
CUST_02043,2025-06-01,3,1.0,0.7766666666666667
CUST_02043,2025-08-01,2,1.0,0.75
CUST_02043,2025-10-01,1,1.0,0.83
CUST_02043,2025-11-01,1,1.0,0.75
CUST_02044,2025-01-01,1,0.0,0.35
CUST_02044,2025-03-01,1,0.0,0.35
CUST_02044,2025-05-01,1,0.0,0.35
CUST_02044,2025-07-01,1,1.0,0.42
CUST_02044,2025-09-01,1,1.0,0.35
CUST_02045,2025-05-01,1,1.0,0.83
CUST_02045,2025-07-01,1,1.0,0.75
CUST_02045,2025-08-01,1,1.0,0.83
CUST_02045,2025-09-01,2,1.0,0.79
CUST_02046,2025-07-01,1,1.0,0.42
CUST_02048,2024-08-01,1,0.0,0.55
CUST_02048,2025-01-01,1,0.0,0.55
CUST_02048,2025-04-01,1,1.0,0.61
CUST_02048,2025-07-01,1,1.0,0.55
CUST_02048,2025-10-01,1,1.0,0.55
CUST_02048,2025-12-01,1,1.0,0.61
CUST_02050,2024-04-01,1,1.0,0.75
CUST_02050,2024-08-01,2,1.0,0.825
CUST_02050,2024-11-01,1,1.0,0.75
CUST_02050,2025-02-01,1,0.0,0.75
CUST_02050,2025-07-01,1,1.0,0.75
CUST_02050,2025-08-01,3,1.0,0.7766666666666667
CUST_02050,2025-09-01,1,1.0,0.75
CUST_02050,2025-10-01,1,1.0,0.75
CUST_02050,2025-12-01,1,1.0,0.75
CUST_02051,2025-08-01,1,1.0,0.39
CUST_02052,2024-06-01,1,1.0,0.55
CUST_02052,2024-10-01,2,1.0,0.55
CUST_02052,2025-01-01,4,0.75,0.5650000000000001
CUST_02052,2025-03-01,1,0.0,0.55
CUST_02052,2025-05-01,1,0.0,0.55
CUST_02052,2025-08-01,1,1.0,0.55
CUST_02052,2025-09-01,1,0.0,0.61
CUST_02052,2025-10-01,1,0.0,0.55
CUST_02052,2025-11-01,1,0.0,0.55
CUST_02052,2025-12-01,1,0.0,0.55
CUST_02053,2024-07-01,1,1.0,0.39
CUST_02053,2024-12-01,1,0.0,0.35
CUST_02053,2025-01-01,1,0.0,0.35
CUST_02053,2025-07-01,1,0.0,0.35
CUST_02054,2025-07-01,2,1.0,0.5800000000000001
CUST_02054,2025-12-01,1,0.0,0.55
CUST_02055,2024-08-01,1,1.0,0.75
CUST_02055,2025-04-01,1,1.0,0.75
CUST_02055,2025-05-01,1,1.0,0.75
CUST_02055,2025-12-01,1,1.0,0.75
CUST_02056,2024-07-01,1,0.0,0.35
CUST_02056,2025-01-01,2,0.5,0.385
CUST_02056,2025-02-01,1,0.0,0.39
CUST_02056,2025-04-01,1,0.0,0.35
CUST_02056,2025-07-01,1,0.0,0.35
CUST_02057,2025-12-01,1,0.0,0.75
CUST_02058,2025-05-01,1,1.0,0.55
CUST_02058,2025-06-01,1,1.0,0.55
CUST_02058,2025-11-01,1,1.0,0.55
CUST_02059,2024-06-01,1,0.0,0.35
CUST_02059,2024-09-01,1,0.0,0.35
CUST_02059,2025-05-01,1,0.0,0.35
CUST_02059,2025-10-01,1,1.0,0.39
CUST_02060,2025-08-01,1,1.0,0.39
CUST_02061,2025-05-01,1,1.0,0.55
CUST_02061,2025-07-01,1,1.0,0.66
CUST_02061,2025-11-01,2,0.0,0.605
CUST_02063,2024-12-01,1,0.0,0.35
CUST_02063,2025-10-01,1,0.0,0.35
CUST_02064,2024-04-01,1,0.0,0.39
CUST_02064,2024-09-01,1,1.0,0.39
CUST_02065,2024-08-01,1,1.0,0.42
CUST_02065,2024-10-01,1,0.0,0.35
CUST_02065,2024-11-01,1,1.0,0.39
CUST_02065,2025-02-01,1,0.0,0.42
CUST_02065,2025-04-01,1,0.0,0.35
CUST_02066,2024-08-01,1,1.0,0.35
CUST_02066,2025-02-01,1,0.0,0.35
CUST_02066,2025-05-01,2,1.0,0.37
CUST_02067,2025-08-01,2,0.0,0.37
CUST_02068,2025-09-01,1,1.0,0.61
CUST_02068,2025-10-01,1,0.0,0.55
CUST_02069,2025-04-01,1,0.0,0.55
CUST_02069,2025-08-01,1,1.0,0.66
CUST_02070,2024-04-01,1,0.0,0.35
CUST_02070,2024-07-01,1,1.0,0.35
CUST_02070,2024-09-01,1,1.0,0.39
CUST_02070,2024-10-01,2,0.0,0.37
CUST_02070,2024-11-01,1,0.0,0.35
CUST_02070,2024-12-01,1,1.0,0.39
CUST_02070,2025-04-01,2,1.0,0.37
CUST_02070,2025-08-01,1,0.0,0.35
CUST_02070,2025-12-01,1,1.0,0.35
CUST_02071,2025-07-01,1,0.0,0.35
CUST_02073,2025-12-01,2,0.5,0.35
CUST_02074,2024-12-01,1,0.0,0.55
CUST_02074,2025-02-01,2,0.5,0.55
CUST_02074,2025-05-01,1,1.0,0.55
CUST_02074,2025-10-01,1,1.0,0.55
CUST_02075,2024-06-01,2,0.0,0.35
CUST_02075,2024-11-01,1,0.0,0.35
CUST_02077,2024-07-01,1,1.0,0.61
CUST_02077,2024-08-01,2,0.5,0.605
CUST_02077,2025-05-01,2,0.5,0.55
CUST_02077,2025-06-01,1,0.0,0.55
CUST_02077,2025-09-01,1,0.0,0.55
CUST_02077,2025-10-01,1,1.0,0.55
CUST_02078,2024-09-01,1,1.0,0.35
CUST_02078,2025-03-01,1,1.0,0.35
CUST_02078,2025-09-01,1,0.0,0.35
CUST_02079,2025-12-01,1,1.0,0.35
CUST_02080,2025-09-01,1,1.0,0.35
CUST_02080,2025-10-01,1,0.0,0.39
CUST_02080,2025-12-01,1,0.0,0.35
CUST_02082,2025-04-01,1,0.0,0.35
CUST_02082,2025-05-01,1,0.0,0.42
CUST_02082,2025-07-01,1,0.0,0.39
CUST_02083,2024-10-01,1,1.0,0.9
CUST_02083,2024-11-01,1,1.0,0.75
CUST_02083,2025-01-01,1,1.0,0.75
CUST_02083,2025-02-01,1,1.0,0.75
CUST_02083,2025-04-01,1,0.0,0.75
CUST_02083,2025-07-01,1,1.0,0.9
CUST_02083,2025-08-01,1,1.0,0.83
CUST_02083,2025-10-01,1,0.0,0.9
CUST_02083,2025-11-01,1,0.0,0.75
CUST_02083,2025-12-01,1,1.0,0.75
CUST_02084,2025-07-01,1,0.0,0.39
CUST_02084,2025-11-01,1,0.0,0.35
CUST_02085,2024-07-01,1,0.0,0.39
CUST_02085,2024-10-01,1,1.0,0.35
CUST_02085,2025-01-01,1,0.0,0.35
CUST_02085,2025-05-01,1,1.0,0.35
CUST_02085,2025-07-01,1,0.0,0.39
CUST_02086,2025-05-01,2,0.0,0.75
CUST_02086,2025-08-01,1,1.0,0.75
CUST_02087,2025-05-01,1,1.0,0.75
CUST_02087,2025-09-01,1,1.0,0.75
CUST_02088,2025-10-01,1,0.0,0.55
CUST_02089,2024-03-01,1,0.0,0.35
CUST_02089,2024-04-01,2,1.0,0.37
CUST_02089,2024-06-01,1,0.0,0.39
CUST_02089,2025-03-01,1,0.0,0.35
CUST_02089,2025-04-01,1,0.0,0.35
CUST_02089,2025-05-01,1,1.0,0.35
CUST_02089,2025-08-01,1,0.0,0.39
CUST_02089,2025-11-01,1,0.0,0.35
CUST_02089,2025-12-01,1,0.0,0.35
CUST_02090,2024-08-01,1,0.0,0.66
CUST_02090,2024-09-01,1,1.0,0.55
CUST_02090,2025-04-01,1,1.0,0.55
CUST_02090,2025-07-01,1,1.0,0.61
CUST_02090,2025-08-01,1,0.0,0.66
CUST_02091,2024-09-01,2,1.0,0.865
CUST_02091,2024-11-01,1,1.0,0.75
CUST_02091,2025-01-01,1,1.0,0.9
CUST_02091,2025-03-01,1,0.0,0.83
CUST_02091,2025-06-01,1,1.0,0.83
CUST_02091,2025-12-01,1,1.0,0.75
CUST_02092,2025-04-01,1,1.0,0.75
CUST_02092,2025-05-01,1,1.0,0.83
CUST_02092,2025-09-01,1,1.0,0.83
CUST_02093,2025-04-01,1,0.0,0.39
CUST_02093,2025-07-01,1,0.0,0.35
CUST_02093,2025-09-01,1,1.0,0.35
CUST_02093,2025-10-01,1,0.0,0.35
CUST_02094,2025-02-01,2,0.5,0.75
CUST_02094,2025-03-01,1,0.0,0.9
CUST_02094,2025-04-01,1,1.0,0.83
CUST_02094,2025-05-01,1,1.0,0.75
CUST_02094,2025-09-01,1,0.0,0.83
CUST_02095,2025-05-01,1,1.0,0.75
CUST_02095,2025-09-01,1,0.0,0.75
CUST_02095,2025-12-01,1,1.0,0.83
CUST_02096,2025-09-01,1,1.0,0.39
CUST_02096,2025-10-01,1,1.0,0.35
CUST_02096,2025-11-01,2,0.5,0.35
CUST_02097,2025-05-01,1,0.0,0.55
CUST_02097,2025-07-01,1,0.0,0.55
CUST_02098,2024-11-01,1,1.0,0.55
CUST_02098,2024-12-01,1,0.0,0.61
CUST_02098,2025-01-01,1,1.0,0.55
CUST_02098,2025-04-01,1,1.0,0.66
CUST_02098,2025-05-01,2,1.0,0.55
CUST_02098,2025-07-01,2,0.0,0.55
CUST_02098,2025-08-01,1,0.0,0.55
CUST_02098,2025-12-01,1,1.0,0.55
CUST_02100,2025-07-01,2,0.5,0.35
CUST_02101,2025-03-01,1,1.0,0.75
CUST_02101,2025-04-01,1,0.0,0.75
CUST_02101,2025-06-01,1,1.0,0.75
CUST_02101,2025-09-01,1,0.0,0.75
CUST_02101,2025-10-01,1,0.0,0.75
CUST_02101,2025-11-01,1,0.0,0.75
CUST_02101,2025-12-01,1,1.0,0.75
CUST_02102,2025-07-01,1,0.0,0.35
CUST_02102,2025-10-01,1,0.0,0.35
CUST_02103,2025-02-01,1,1.0,0.42
CUST_02103,2025-05-01,2,0.5,0.37
CUST_02103,2025-08-01,1,0.0,0.35
CUST_02103,2025-11-01,1,0.0,0.39
CUST_02105,2024-09-01,3,0.6666666666666666,0.39999999999999997
CUST_02105,2024-10-01,1,0.0,0.35
CUST_02105,2025-02-01,1,0.0,0.35
CUST_02105,2025-09-01,1,0.0,0.39
CUST_02107,2025-12-01,1,0.0,0.35
CUST_02108,2025-07-01,1,0.0,0.35
CUST_02109,2024-12-01,1,1.0,0.55
CUST_02109,2025-02-01,1,1.0,0.55
CUST_02109,2025-06-01,2,0.5,0.605
CUST_02109,2025-07-01,1,1.0,0.55
CUST_02111,2025-02-01,2,0.5,0.55
CUST_02112,2025-11-01,1,0.0,0.39
CUST_02113,2025-12-01,1,0.0,0.39
CUST_02114,2024-08-01,4,0.25,0.7875
CUST_02114,2024-11-01,1,1.0,0.75
CUST_02114,2024-12-01,1,1.0,0.75
CUST_02114,2025-04-01,1,1.0,0.83
CUST_02114,2025-08-01,1,1.0,0.75
CUST_02114,2025-12-01,1,1.0,0.83
CUST_02115,2025-01-01,1,1.0,0.75
CUST_02115,2025-02-01,2,1.0,0.79
CUST_02115,2025-04-01,1,1.0,0.9
CUST_02115,2025-05-01,1,1.0,0.83
CUST_02115,2025-06-01,1,0.0,0.75
CUST_02115,2025-07-01,1,1.0,0.75
CUST_02115,2025-08-01,2,0.5,0.79
CUST_02117,2025-02-01,1,0.0,0.42
CUST_02117,2025-09-01,1,1.0,0.39
CUST_02118,2025-09-01,1,0.0,0.35
CUST_02119,2024-01-01,1,1.0,0.83
CUST_02119,2024-02-01,2,1.0,0.79
CUST_02119,2024-03-01,2,0.5,0.75
CUST_02119,2024-07-01,1,1.0,0.9
CUST_02119,2025-01-01,1,1.0,0.75
CUST_02119,2025-03-01,1,1.0,0.83
CUST_02119,2025-04-01,1,0.0,0.75
CUST_02119,2025-11-01,1,1.0,0.83
CUST_02119,2025-12-01,2,1.0,0.825
CUST_02120,2025-06-01,1,1.0,0.61
CUST_02120,2025-10-01,1,1.0,0.55
CUST_02120,2025-11-01,1,0.0,0.55
CUST_02121,2025-03-01,1,1.0,0.35
CUST_02121,2025-06-01,1,1.0,0.39
CUST_02122,2024-07-01,1,1.0,0.61
CUST_02122,2024-08-01,1,0.0,0.55
CUST_02122,2024-12-01,1,0.0,0.55
CUST_02122,2025-04-01,1,1.0,0.55
CUST_02122,2025-06-01,1,1.0,0.55
CUST_02122,2025-07-01,3,0.6666666666666666,0.5866666666666668
CUST_02122,2025-11-01,1,0.0,0.55
CUST_02123,2025-10-01,1,1.0,0.83
CUST_02124,2025-08-01,1,0.0,0.35
CUST_02125,2025-05-01,1,1.0,0.35
CUST_02125,2025-12-01,1,0.0,0.39
CUST_02127,2024-11-01,1,0.0,0.39
CUST_02127,2025-06-01,1,1.0,0.35
CUST_02127,2025-07-01,1,0.0,0.35
CUST_02128,2025-03-01,1,0.0,0.35
CUST_02128,2025-04-01,1,1.0,0.35
CUST_02129,2024-09-01,1,0.0,0.55
CUST_02129,2025-05-01,1,0.0,0.66
CUST_02129,2025-06-01,1,1.0,0.55
CUST_02129,2025-10-01,1,1.0,0.61
CUST_02129,2025-11-01,1,0.0,0.55
CUST_02131,2024-08-01,1,0.0,0.39
CUST_02131,2025-04-01,1,0.0,0.39
CUST_02131,2025-08-01,1,1.0,0.35
CUST_02131,2025-10-01,2,0.0,0.37
CUST_02132,2024-06-01,1,0.0,0.35
CUST_02132,2025-10-01,1,1.0,0.39
CUST_02133,2024-09-01,2,1.0,0.79
CUST_02133,2024-10-01,2,1.0,0.825
CUST_02133,2024-11-01,1,1.0,0.75
CUST_02133,2025-01-01,1,1.0,0.75
CUST_02133,2025-02-01,1,1.0,0.9
CUST_02133,2025-06-01,3,0.6666666666666666,0.7766666666666667
CUST_02133,2025-12-01,1,1.0,0.75
CUST_02134,2025-09-01,1,1.0,0.35
CUST_02136,2024-02-01,1,1.0,0.75
CUST_02136,2024-03-01,1,1.0,0.83
CUST_02136,2024-08-01,1,1.0,0.83
CUST_02136,2024-09-01,2,1.0,0.825
CUST_02136,2024-10-01,1,1.0,0.83
CUST_02136,2024-11-01,1,1.0,0.75
CUST_02136,2024-12-01,2,1.0,0.75
CUST_02136,2025-01-01,1,1.0,0.75
CUST_02136,2025-02-01,1,0.0,0.83
CUST_02136,2025-09-01,1,1.0,0.83
CUST_02136,2025-11-01,2,1.0,0.79
CUST_02137,2024-10-01,1,1.0,0.55
CUST_02137,2025-02-01,1,1.0,0.55
CUST_02137,2025-05-01,1,0.0,0.55
CUST_02137,2025-06-01,2,1.0,0.5800000000000001
CUST_02137,2025-11-01,1,0.0,0.61
CUST_02137,2025-12-01,1,1.0,0.61
CUST_02138,2025-06-01,1,1.0,0.55
CUST_02139,2024-10-01,1,1.0,0.75
CUST_02139,2024-11-01,1,0.0,0.75
CUST_02139,2025-01-01,2,1.0,0.75
CUST_02139,2025-03-01,1,0.0,0.75
CUST_02139,2025-04-01,1,1.0,0.75
CUST_02139,2025-05-01,1,1.0,0.75
CUST_02139,2025-06-01,2,1.0,0.79
CUST_02140,2025-02-01,1,0.0,0.55
CUST_02140,2025-03-01,1,0.0,0.61
CUST_02140,2025-06-01,1,1.0,0.55
CUST_02140,2025-11-01,1,1.0,0.61
CUST_02140,2025-12-01,1,0.0,0.55
CUST_02142,2025-04-01,1,0.0,0.35
CUST_02142,2025-05-01,1,0.0,0.35
CUST_02142,2025-06-01,1,0.0,0.35
CUST_02142,2025-12-01,2,0.0,0.35
CUST_02144,2024-08-01,1,0.0,0.35
CUST_02144,2024-09-01,1,0.0,0.35
CUST_02144,2024-11-01,1,0.0,0.35
CUST_02144,2025-01-01,1,1.0,0.35
CUST_02145,2025-04-01,1,0.0,0.42
CUST_02145,2025-05-01,1,0.0,0.35
CUST_02145,2025-08-01,1,0.0,0.35
CUST_02145,2025-10-01,1,0.0,0.35
CUST_02146,2024-11-01,1,1.0,0.75
CUST_02146,2024-12-01,1,0.0,0.75
CUST_02146,2025-02-01,2,1.0,0.75
CUST_02146,2025-05-01,1,1.0,0.75
CUST_02146,2025-08-01,1,1.0,0.75
CUST_02146,2025-09-01,1,1.0,0.75
CUST_02146,2025-10-01,1,1.0,0.9
CUST_02146,2025-12-01,1,1.0,0.75
CUST_02147,2025-04-01,1,1.0,0.55
CUST_02147,2025-06-01,2,0.5,0.605
CUST_02147,2025-08-01,1,1.0,0.66
CUST_02147,2025-10-01,3,0.6666666666666666,0.57
CUST_02151,2025-12-01,1,0.0,0.35
CUST_02152,2025-06-01,1,0.0,0.35
CUST_02152,2025-12-01,1,1.0,0.39
CUST_02154,2024-07-01,2,0.0,0.5800000000000001
CUST_02154,2024-08-01,1,1.0,0.55
CUST_02154,2025-06-01,1,0.0,0.55
CUST_02154,2025-07-01,1,0.0,0.55
CUST_02155,2025-09-01,1,0.0,0.39
CUST_02156,2025-07-01,1,0.0,0.35
CUST_02156,2025-10-01,1,0.0,0.35
CUST_02157,2024-07-01,1,0.0,0.55
CUST_02157,2024-10-01,1,0.0,0.61
CUST_02157,2024-12-01,1,1.0,0.55
CUST_02157,2025-08-01,1,1.0,0.55
CUST_02157,2025-09-01,1,1.0,0.55
CUST_02157,2025-11-01,1,0.0,0.55
CUST_02158,2024-12-01,1,1.0,0.42
CUST_02158,2025-03-01,1,1.0,0.35
CUST_02158,2025-04-01,1,1.0,0.42
CUST_02158,2025-09-01,2,0.0,0.37
CUST_02159,2025-06-01,1,1.0,0.42
CUST_02159,2025-12-01,1,0.0,0.35
CUST_02160,2025-02-01,1,1.0,0.35
CUST_02160,2025-06-01,1,0.0,0.35
CUST_02162,2024-11-01,1,0.0,0.35
CUST_02163,2025-07-01,1,1.0,0.75
CUST_02163,2025-09-01,1,1.0,0.75
CUST_02163,2025-11-01,1,1.0,0.75
CUST_02164,2024-07-01,1,1.0,0.39
CUST_02164,2024-08-01,1,0.0,0.35
CUST_02164,2025-02-01,1,0.0,0.35
CUST_02164,2025-06-01,1,0.0,0.35
CUST_02164,2025-10-01,1,1.0,0.35
CUST_02165,2025-03-01,1,0.0,0.39
CUST_02166,2025-10-01,2,0.0,0.35
CUST_02167,2025-02-01,1,1.0,0.55
CUST_02167,2025-05-01,1,1.0,0.55
CUST_02167,2025-06-01,1,1.0,0.55
CUST_02169,2025-11-01,1,1.0,0.35
CUST_02169,2025-12-01,2,0.5,0.37
CUST_02170,2025-01-01,1,1.0,0.83
CUST_02170,2025-02-01,1,1.0,0.75
CUST_02170,2025-03-01,1,1.0,0.83
CUST_02170,2025-04-01,1,1.0,0.75
CUST_02170,2025-05-01,1,1.0,0.75
CUST_02170,2025-06-01,1,1.0,0.75
CUST_02170,2025-08-01,1,1.0,0.83
CUST_02170,2025-09-01,2,0.5,0.75
CUST_02170,2025-11-01,1,1.0,0.75
CUST_02171,2024-12-01,1,1.0,0.55
CUST_02171,2025-01-01,1,1.0,0.61
CUST_02171,2025-06-01,1,0.0,0.55
CUST_02171,2025-08-01,1,1.0,0.66
CUST_02171,2025-09-01,2,0.5,0.55
CUST_02171,2025-10-01,1,1.0,0.55
CUST_02172,2025-09-01,1,1.0,0.75
CUST_02172,2025-12-01,1,1.0,0.75
CUST_02174,2025-06-01,1,0.0,0.55
CUST_02174,2025-07-01,1,0.0,0.55
CUST_02174,2025-09-01,1,0.0,0.55
CUST_02174,2025-11-01,1,1.0,0.55
CUST_02175,2024-12-01,1,1.0,0.39
CUST_02175,2025-02-01,1,1.0,0.39
CUST_02175,2025-09-01,1,0.0,0.35
CUST_02176,2025-11-01,1,1.0,0.39
CUST_02177,2024-03-01,1,1.0,0.55
CUST_02177,2024-04-01,1,0.0,0.55
CUST_02177,2024-05-01,1,0.0,0.61
CUST_02177,2024-06-01,2,0.5,0.55
CUST_02178,2025-10-01,1,1.0,0.55
CUST_02178,2025-12-01,2,1.0,0.5800000000000001
CUST_02179,2025-11-01,2,0.0,0.35
CUST_02180,2025-07-01,1,0.0,0.35
CUST_02180,2025-10-01,1,1.0,0.42
CUST_02180,2025-11-01,1,0.0,0.35
CUST_02180,2025-12-01,1,1.0,0.35
CUST_02181,2025-10-01,1,1.0,0.39
CUST_02181,2025-11-01,2,0.0,0.35
CUST_02183,2024-02-01,1,0.0,0.35
CUST_02183,2024-12-01,1,0.0,0.35
CUST_02183,2025-02-01,1,1.0,0.35
CUST_02183,2025-07-01,2,0.5,0.385
CUST_02183,2025-12-01,1,0.0,0.35
CUST_02184,2024-06-01,1,0.0,0.39
CUST_02184,2024-07-01,1,1.0,0.35
CUST_02184,2024-11-01,1,0.0,0.35
CUST_02184,2025-06-01,1,1.0,0.42
CUST_02184,2025-09-01,1,0.0,0.39
CUST_02184,2025-10-01,1,0.0,0.39
CUST_02185,2025-01-01,1,1.0,0.35
CUST_02185,2025-08-01,1,0.0,0.35
CUST_02186,2024-12-01,1,0.0,0.66
CUST_02186,2025-04-01,1,0.0,0.55
CUST_02186,2025-05-01,1,1.0,0.55
CUST_02186,2025-09-01,1,0.0,0.61
CUST_02186,2025-12-01,1,1.0,0.55
CUST_02187,2025-05-01,1,0.0,0.35
CUST_02187,2025-12-01,1,0.0,0.35
CUST_02189,2025-08-01,1,0.0,0.42
CUST_02190,2025-03-01,1,0.0,0.35
CUST_02190,2025-09-01,1,0.0,0.42
CUST_02190,2025-10-01,1,0.0,0.39
CUST_02190,2025-12-01,2,0.0,0.37
CUST_02191,2025-09-01,1,1.0,0.35
CUST_02192,2025-01-01,1,0.0,0.39
CUST_02192,2025-05-01,1,0.0,0.42
CUST_02192,2025-08-01,1,1.0,0.35
CUST_02192,2025-12-01,1,0.0,0.39
CUST_02193,2025-05-01,1,1.0,0.35
CUST_02193,2025-10-01,1,0.0,0.39
CUST_02194,2024-08-01,1,1.0,0.39
CUST_02194,2024-10-01,1,1.0,0.35
CUST_02194,2024-11-01,1,1.0,0.35
CUST_02194,2025-06-01,2,0.5,0.35
CUST_02194,2025-07-01,1,0.0,0.35
CUST_02197,2025-02-01,1,1.0,0.35
CUST_02197,2025-03-01,1,1.0,0.35
CUST_02197,2025-09-01,1,0.0,0.35
CUST_02198,2025-12-01,1,0.0,0.42
CUST_02199,2025-10-01,1,1.0,0.39
CUST_02199,2025-12-01,1,1.0,0.35
CUST_02200,2025-09-01,1,0.0,0.55
CUST_02200,2025-10-01,1,1.0,0.61
CUST_02202,2025-03-01,1,0.0,0.39
CUST_02202,2025-07-01,1,1.0,0.35
CUST_02203,2025-08-01,1,0.0,0.39
CUST_02203,2025-10-01,1,0.0,0.35
CUST_02204,2024-11-01,1,0.0,0.39
CUST_02204,2024-12-01,1,1.0,0.39
CUST_02204,2025-06-01,1,1.0,0.35
CUST_02204,2025-10-01,1,1.0,0.35
CUST_02205,2025-02-01,1,1.0,0.55
CUST_02205,2025-05-01,1,1.0,0.55
CUST_02205,2025-07-01,1,0.0,0.61
CUST_02205,2025-08-01,1,1.0,0.55
CUST_02206,2025-09-01,1,0.0,0.61
CUST_02206,2025-10-01,1,1.0,0.55
CUST_02206,2025-12-01,1,1.0,0.55
CUST_02207,2024-09-01,1,0.0,0.35
CUST_02207,2025-02-01,1,0.0,0.35
CUST_02207,2025-06-01,1,1.0,0.42
CUST_02208,2024-02-01,2,1.0,0.5800000000000001
CUST_02208,2024-05-01,1,1.0,0.55
CUST_02208,2024-06-01,1,1.0,0.61
CUST_02208,2024-08-01,1,1.0,0.61
CUST_02208,2025-07-01,1,0.0,0.55
CUST_02209,2024-05-01,1,0.0,0.39
CUST_02209,2024-10-01,1,0.0,0.35
CUST_02209,2025-01-01,1,0.0,0.39
CUST_02210,2024-12-01,1,1.0,0.75
CUST_02210,2025-01-01,1,1.0,0.9
CUST_02210,2025-05-01,2,0.5,0.75
CUST_02210,2025-07-01,4,0.75,0.77
CUST_02210,2025-08-01,1,1.0,0.75
CUST_02210,2025-11-01,1,1.0,0.75
CUST_02210,2025-12-01,1,0.0,0.9
CUST_02211,2025-10-01,1,1.0,0.35
CUST_02212,2025-02-01,1,1.0,0.9
CUST_02212,2025-04-01,1,0.0,0.75
CUST_02212,2025-05-01,1,1.0,0.83
CUST_02212,2025-06-01,1,0.0,0.75
CUST_02212,2025-07-01,1,0.0,0.83
CUST_02212,2025-08-01,2,0.0,0.825
CUST_02212,2025-10-01,1,1.0,0.75
CUST_02212,2025-11-01,2,1.0,0.75
CUST_02213,2024-08-01,1,1.0,0.39
CUST_02213,2024-11-01,1,0.0,0.35
CUST_02213,2025-02-01,1,0.0,0.35
CUST_02213,2025-03-01,1,0.0,0.35
CUST_02213,2025-06-01,1,1.0,0.39
CUST_02213,2025-07-01,1,1.0,0.35
CUST_02213,2025-09-01,2,0.5,0.37
CUST_02214,2025-11-01,1,0.0,0.35
CUST_02214,2025-12-01,2,1.0,0.35
CUST_02215,2025-10-01,1,1.0,0.35
CUST_02216,2025-09-01,1,0.0,0.35
CUST_02217,2025-01-01,1,0.0,0.39
CUST_02217,2025-02-01,1,0.0,0.35
CUST_02218,2025-12-01,1,1.0,0.55
CUST_02219,2025-07-01,1,0.0,0.35
CUST_02219,2025-11-01,1,0.0,0.39
CUST_02220,2025-02-01,1,0.0,0.55
CUST_02220,2025-04-01,1,1.0,0.55
CUST_02220,2025-11-01,1,1.0,0.55
CUST_02221,2025-09-01,1,1.0,0.75
CUST_02222,2025-02-01,1,0.0,0.35
CUST_02222,2025-11-01,1,0.0,0.39
CUST_02223,2025-05-01,2,0.0,0.35
CUST_02223,2025-12-01,1,0.0,0.39
CUST_02224,2025-01-01,1,1.0,0.39
CUST_02224,2025-06-01,1,0.0,0.35
CUST_02224,2025-07-01,1,1.0,0.39
CUST_02224,2025-12-01,2,1.0,0.35
CUST_02226,2025-12-01,1,0.0,0.35
CUST_02228,2025-04-01,1,0.0,0.39
CUST_02229,2025-12-01,1,1.0,0.55
CUST_02230,2025-05-01,1,1.0,0.35
CUST_02230,2025-06-01,1,1.0,0.35
CUST_02230,2025-08-01,1,1.0,0.39
CUST_02231,2025-02-01,2,1.0,0.75
CUST_02231,2025-04-01,1,1.0,0.75
CUST_02231,2025-06-01,1,1.0,0.75
CUST_02231,2025-11-01,1,1.0,0.9
CUST_02232,2025-12-01,2,1.0,0.55
CUST_02233,2024-02-01,1,1.0,0.75
CUST_02233,2024-07-01,1,1.0,0.75
CUST_02233,2024-11-01,1,0.0,0.75
CUST_02233,2024-12-01,1,0.0,0.75
CUST_02233,2025-03-01,1,0.0,0.75
CUST_02233,2025-05-01,1,1.0,0.75
CUST_02233,2025-06-01,1,1.0,0.75
CUST_02233,2025-07-01,3,0.6666666666666666,0.8266666666666667
CUST_02233,2025-08-01,1,1.0,0.75
CUST_02233,2025-10-01,1,1.0,0.75
CUST_02233,2025-12-01,1,1.0,0.75
CUST_02234,2025-07-01,1,0.0,0.42
CUST_02234,2025-11-01,1,0.0,0.39
CUST_02235,2024-09-01,1,0.0,0.39
CUST_02235,2025-04-01,1,0.0,0.42
CUST_02235,2025-06-01,1,0.0,0.35
CUST_02236,2024-08-01,1,1.0,0.42
CUST_02236,2025-01-01,1,0.0,0.35
CUST_02236,2025-03-01,1,0.0,0.35
CUST_02236,2025-07-01,1,1.0,0.42
CUST_02237,2024-12-01,1,0.0,0.35
CUST_02237,2025-11-01,1,0.0,0.42
CUST_02239,2024-08-01,1,0.0,0.35
CUST_02239,2024-12-01,1,0.0,0.35
CUST_02239,2025-12-01,1,1.0,0.35
CUST_02240,2024-04-01,1,0.0,0.39
CUST_02240,2025-02-01,1,1.0,0.39
CUST_02240,2025-05-01,1,0.0,0.35
CUST_02240,2025-07-01,1,0.0,0.42
CUST_02241,2025-12-01,1,1.0,0.75
CUST_02242,2025-09-01,1,0.0,0.42
CUST_02242,2025-12-01,1,0.0,0.39
CUST_02243,2025-11-01,2,0.5,0.635
CUST_02243,2025-12-01,1,0.0,0.55
CUST_02245,2024-03-01,2,1.0,0.5800000000000001
CUST_02245,2024-06-01,1,1.0,0.61
CUST_02245,2024-09-01,2,0.0,0.605
CUST_02245,2025-03-01,1,0.0,0.55
CUST_02245,2025-11-01,1,0.0,0.66
CUST_02247,2024-09-01,1,0.0,0.42
CUST_02247,2025-11-01,1,0.0,0.35
CUST_02248,2024-08-01,1,1.0,0.83
CUST_02248,2024-10-01,1,1.0,0.75
CUST_02248,2025-03-01,3,1.0,0.7999999999999999
CUST_02248,2025-07-01,1,0.0,0.75
CUST_02249,2024-04-01,1,0.0,0.35
CUST_02249,2025-08-01,1,0.0,0.39
CUST_02250,2024-11-01,1,0.0,0.35
CUST_02250,2024-12-01,1,1.0,0.35
CUST_02250,2025-03-01,1,0.0,0.35
CUST_02250,2025-04-01,1,0.0,0.35
CUST_02252,2025-04-01,1,0.0,0.35
CUST_02252,2025-05-01,1,0.0,0.42
CUST_02252,2025-06-01,1,0.0,0.35
CUST_02252,2025-10-01,1,1.0,0.35
CUST_02253,2025-08-01,1,0.0,0.35
CUST_02254,2024-10-01,1,1.0,0.39
CUST_02254,2025-01-01,1,0.0,0.35
CUST_02254,2025-03-01,1,0.0,0.35
CUST_02254,2025-08-01,1,0.0,0.35
CUST_02255,2024-07-01,1,0.0,0.35
CUST_02255,2025-01-01,1,0.0,0.39
CUST_02255,2025-02-01,1,0.0,0.42
CUST_02255,2025-11-01,1,0.0,0.35
CUST_02257,2024-07-01,1,0.0,0.35
CUST_02257,2024-10-01,1,0.0,0.35
CUST_02257,2024-11-01,1,0.0,0.35
CUST_02257,2025-06-01,1,0.0,0.39
CUST_02257,2025-08-01,1,1.0,0.39
CUST_02257,2025-10-01,1,1.0,0.35
CUST_02257,2025-11-01,1,0.0,0.35
CUST_02258,2024-12-01,1,0.0,0.35
CUST_02258,2025-01-01,1,1.0,0.35
CUST_02258,2025-05-01,1,0.0,0.35
CUST_02259,2024-06-01,1,0.0,0.66
CUST_02259,2024-07-01,2,0.0,0.55
CUST_02259,2024-08-01,1,1.0,0.66
CUST_02259,2024-09-01,1,0.0,0.55
CUST_02259,2025-03-01,1,1.0,0.66
CUST_02260,2025-02-01,1,0.0,0.35
CUST_02260,2025-03-01,1,0.0,0.39
CUST_02260,2025-05-01,1,0.0,0.35
CUST_02261,2025-05-01,1,1.0,0.35
CUST_02261,2025-09-01,1,0.0,0.39
CUST_02262,2024-02-01,1,0.0,0.35
CUST_02262,2025-01-01,1,0.0,0.35
CUST_02262,2025-05-01,1,0.0,0.39
CUST_02262,2025-06-01,1,0.0,0.35
CUST_02262,2025-08-01,1,0.0,0.35
CUST_02263,2024-05-01,1,1.0,0.42
CUST_02263,2024-10-01,1,1.0,0.39
CUST_02263,2024-11-01,1,1.0,0.42
CUST_02263,2025-07-01,1,0.0,0.35
CUST_02263,2025-08-01,1,0.0,0.35
CUST_02264,2025-04-01,1,1.0,0.35
CUST_02264,2025-11-01,1,1.0,0.42
CUST_02267,2024-09-01,1,1.0,0.75
CUST_02267,2025-04-01,2,1.0,0.75
CUST_02267,2025-05-01,1,1.0,0.75
CUST_02267,2025-06-01,1,1.0,0.83
CUST_02267,2025-08-01,1,1.0,0.75
CUST_02267,2025-11-01,1,1.0,0.83
CUST_02268,2025-08-01,1,0.0,0.35
CUST_02269,2024-06-01,1,0.0,0.55
CUST_02269,2025-01-01,1,1.0,0.66
CUST_02269,2025-03-01,1,0.0,0.66
CUST_02269,2025-06-01,2,0.5,0.605
CUST_02269,2025-07-01,1,1.0,0.61
CUST_02269,2025-11-01,1,1.0,0.61
CUST_02270,2024-02-01,1,0.0,0.35
CUST_02270,2024-05-01,1,1.0,0.35
CUST_02270,2024-06-01,1,0.0,0.35
CUST_02270,2024-08-01,1,1.0,0.39
CUST_02270,2024-09-01,1,0.0,0.42
CUST_02270,2025-03-01,1,0.0,0.35
CUST_02270,2025-12-01,1,0.0,0.35
CUST_02271,2025-01-01,1,0.0,0.35
CUST_02271,2025-06-01,1,0.0,0.39
CUST_02271,2025-07-01,1,1.0,0.35
CUST_02271,2025-10-01,1,0.0,0.39
CUST_02271,2025-12-01,1,1.0,0.42
CUST_02272,2024-11-01,1,0.0,0.35
CUST_02272,2025-02-01,1,0.0,0.35
CUST_02272,2025-03-01,1,1.0,0.42
CUST_02272,2025-06-01,1,0.0,0.35
CUST_02272,2025-11-01,1,1.0,0.35
CUST_02273,2024-02-01,1,0.0,0.61
CUST_02273,2024-06-01,1,0.0,0.61
CUST_02273,2024-07-01,1,1.0,0.55
CUST_02273,2024-12-01,1,1.0,0.55
CUST_02273,2025-01-01,1,1.0,0.61
CUST_02273,2025-06-01,1,1.0,0.61
CUST_02273,2025-08-01,1,1.0,0.55
CUST_02273,2025-11-01,1,0.0,0.55
CUST_02273,2025-12-01,2,0.0,0.55
CUST_02274,2024-08-01,1,0.0,0.35
CUST_02274,2025-02-01,1,0.0,0.39
CUST_02274,2025-05-01,1,1.0,0.35
CUST_02274,2025-09-01,1,0.0,0.35
CUST_02275,2025-05-01,2,0.0,0.385
CUST_02276,2024-09-01,1,0.0,0.35
CUST_02276,2025-02-01,1,1.0,0.35
CUST_02276,2025-03-01,1,0.0,0.35
CUST_02276,2025-10-01,1,0.0,0.35
CUST_02276,2025-11-01,1,0.0,0.35
CUST_02277,2024-11-01,1,0.0,0.61
CUST_02277,2025-01-01,1,0.0,0.55
CUST_02277,2025-09-01,2,0.5,0.5800000000000001
CUST_02277,2025-11-01,1,0.0,0.55
CUST_02277,2025-12-01,3,0.6666666666666666,0.55
CUST_02278,2024-07-01,1,1.0,0.55
CUST_02278,2024-11-01,3,0.3333333333333333,0.55
CUST_02278,2025-03-01,1,1.0,0.55
CUST_02278,2025-08-01,1,0.0,0.55
CUST_02279,2025-10-01,2,0.5,0.35
CUST_02280,2025-11-01,1,1.0,0.61
CUST_02281,2024-07-01,2,1.0,0.825
CUST_02281,2024-09-01,1,0.0,0.75
CUST_02281,2024-10-01,1,0.0,0.75
CUST_02281,2024-11-01,2,0.5,0.75
CUST_02281,2025-01-01,1,1.0,0.9
CUST_02281,2025-02-01,1,1.0,0.75
CUST_02281,2025-03-01,1,1.0,0.9
CUST_02281,2025-05-01,2,1.0,0.75
CUST_02281,2025-10-01,1,1.0,0.83
CUST_02282,2024-04-01,2,1.0,0.75
CUST_02282,2024-05-01,1,1.0,0.75
CUST_02282,2024-07-01,1,0.0,0.83
CUST_02282,2024-08-01,2,0.5,0.825
CUST_02282,2024-09-01,2,1.0,0.75
CUST_02282,2024-10-01,1,1.0,0.75
CUST_02282,2024-11-01,1,1.0,0.75
CUST_02282,2025-02-01,1,1.0,0.9
CUST_02282,2025-04-01,1,1.0,0.83
CUST_02282,2025-09-01,1,1.0,0.83
CUST_02283,2025-08-01,1,0.0,0.35
CUST_02283,2025-11-01,2,1.0,0.35
CUST_02284,2025-06-01,1,0.0,0.35
CUST_02285,2025-07-01,1,0.0,0.55
CUST_02285,2025-08-01,1,1.0,0.61
CUST_02286,2025-09-01,1,1.0,0.35
CUST_02288,2024-09-01,1,1.0,0.39
CUST_02288,2025-06-01,1,0.0,0.39
CUST_02291,2024-03-01,1,1.0,0.35
CUST_02292,2025-02-01,1,0.0,0.35
CUST_02292,2025-04-01,1,0.0,0.35
CUST_02293,2025-06-01,1,1.0,0.39
CUST_02294,2024-11-01,1,0.0,0.35
CUST_02294,2025-01-01,1,1.0,0.35
CUST_02294,2025-03-01,1,0.0,0.35
CUST_02294,2025-09-01,1,0.0,0.39
CUST_02295,2025-03-01,1,0.0,0.55
CUST_02296,2025-11-01,1,1.0,0.55
CUST_02296,2025-12-01,1,1.0,0.66
CUST_02297,2024-05-01,2,0.5,0.5800000000000001
CUST_02297,2024-06-01,1,0.0,0.55
CUST_02297,2024-11-01,1,1.0,0.55
CUST_02297,2024-12-01,1,1.0,0.61
CUST_02297,2025-07-01,1,0.0,0.55
CUST_02297,2025-09-01,1,1.0,0.66
CUST_02297,2025-11-01,1,1.0,0.55
CUST_02297,2025-12-01,1,0.0,0.55
CUST_02298,2025-10-01,1,1.0,0.75
CUST_02298,2025-12-01,1,1.0,0.75
CUST_02299,2024-12-01,1,0.0,0.35
CUST_02299,2025-03-01,2,0.5,0.37
CUST_02299,2025-04-01,2,0.5,0.35
CUST_02300,2024-11-01,1,0.0,0.35
CUST_02300,2025-07-01,1,0.0,0.35
CUST_02300,2025-10-01,1,0.0,0.39
CUST_02301,2025-09-01,2,0.5,0.37
CUST_02302,2025-12-01,1,1.0,0.75
CUST_02303,2025-03-01,2,0.0,0.42
CUST_02303,2025-05-01,1,0.0,0.35
CUST_02303,2025-08-01,1,0.0,0.35
CUST_02303,2025-10-01,1,0.0,0.35
CUST_02303,2025-11-01,1,0.0,0.42
CUST_02305,2025-09-01,1,0.0,0.35
CUST_02307,2025-07-01,2,0.5,0.55
CUST_02307,2025-10-01,1,0.0,0.61
CUST_02309,2025-07-01,1,0.0,0.35
CUST_02310,2024-09-01,2,0.5,0.37
CUST_02310,2025-06-01,1,0.0,0.39
CUST_02310,2025-10-01,1,0.0,0.39
CUST_02313,2024-08-01,1,0.0,0.35
CUST_02313,2025-06-01,1,0.0,0.35
CUST_02314,2024-07-01,1,1.0,0.35
CUST_02316,2025-04-01,1,0.0,0.35
CUST_02316,2025-10-01,1,0.0,0.39
CUST_02317,2025-02-01,2,1.0,0.75
CUST_02317,2025-05-01,1,0.0,0.75
CUST_02317,2025-06-01,2,0.5,0.825
CUST_02317,2025-07-01,1,1.0,0.83
CUST_02317,2025-12-01,1,1.0,0.75
CUST_02318,2025-01-01,2,0.5,0.385
CUST_02318,2025-04-01,3,0.6666666666666666,0.3499999999999999
CUST_02318,2025-06-01,1,0.0,0.35
CUST_02319,2024-12-01,1,0.0,0.55
CUST_02319,2025-01-01,1,1.0,0.61
CUST_02319,2025-03-01,1,1.0,0.55
CUST_02319,2025-04-01,2,0.5,0.61
CUST_02319,2025-05-01,1,0.0,0.61
CUST_02320,2025-03-01,1,1.0,0.35
CUST_02321,2025-01-01,1,0.0,0.35
CUST_02321,2025-06-01,1,1.0,0.39
CUST_02321,2025-12-01,1,0.0,0.35
CUST_02322,2024-08-01,1,1.0,0.39
CUST_02322,2024-09-01,1,0.0,0.35
CUST_02322,2024-10-01,2,0.0,0.37
CUST_02322,2024-12-01,1,0.0,0.39
CUST_02322,2025-06-01,3,0.6666666666666666,0.3499999999999999
CUST_02323,2025-04-01,1,1.0,0.39
CUST_02324,2024-12-01,1,0.0,0.35
CUST_02324,2025-01-01,1,1.0,0.39
CUST_02324,2025-02-01,1,1.0,0.35
CUST_02325,2024-07-01,2,0.0,0.5800000000000001
CUST_02325,2024-08-01,2,0.0,0.5800000000000001
CUST_02325,2025-01-01,1,1.0,0.66
CUST_02326,2025-05-01,1,0.0,0.66
CUST_02326,2025-09-01,1,1.0,0.61
CUST_02326,2025-10-01,1,0.0,0.55
CUST_02326,2025-11-01,1,0.0,0.55
CUST_02326,2025-12-01,1,1.0,0.55
CUST_02327,2025-05-01,1,0.0,0.35
CUST_02327,2025-08-01,1,0.0,0.35
CUST_02328,2025-03-01,1,0.0,0.55
CUST_02328,2025-08-01,1,1.0,0.61
CUST_02329,2025-04-01,1,1.0,0.75
CUST_02329,2025-09-01,1,1.0,0.75
CUST_02330,2025-01-01,1,0.0,0.35
CUST_02330,2025-03-01,1,1.0,0.35
CUST_02330,2025-05-01,1,1.0,0.35
CUST_02331,2024-04-01,1,1.0,0.66
CUST_02331,2024-08-01,1,1.0,0.55
CUST_02331,2025-12-01,2,1.0,0.55
CUST_02332,2025-08-01,2,0.5,0.42
CUST_02332,2025-09-01,1,0.0,0.42
CUST_02333,2025-10-01,1,0.0,0.83
CUST_02333,2025-11-01,1,1.0,0.75
CUST_02334,2025-06-01,1,0.0,0.35
CUST_02334,2025-12-01,1,1.0,0.35
CUST_02335,2025-09-01,1,0.0,0.55
CUST_02336,2024-10-01,1,0.0,0.39
CUST_02336,2025-02-01,1,1.0,0.35
CUST_02336,2025-03-01,1,0.0,0.39
CUST_02336,2025-10-01,1,1.0,0.35
CUST_02337,2024-04-01,1,0.0,0.55
CUST_02337,2024-09-01,1,1.0,0.55
CUST_02337,2024-10-01,1,1.0,0.55
CUST_02337,2024-11-01,1,1.0,0.55
CUST_02337,2025-05-01,1,1.0,0.55
CUST_02337,2025-06-01,1,0.0,0.55
CUST_02337,2025-07-01,1,0.0,0.61
CUST_02337,2025-10-01,1,0.0,0.55
CUST_02339,2025-05-01,1,1.0,0.35
CUST_02339,2025-07-01,1,1.0,0.35
CUST_02339,2025-08-01,2,0.5,0.37
CUST_02339,2025-09-01,1,0.0,0.35
CUST_02340,2024-11-01,2,0.5,0.605
CUST_02340,2025-02-01,1,1.0,0.55
CUST_02340,2025-05-01,1,0.0,0.55
CUST_02340,2025-06-01,2,0.5,0.605
CUST_02340,2025-10-01,1,1.0,0.55
CUST_02340,2025-11-01,1,1.0,0.55
CUST_02341,2025-06-01,1,0.0,0.35
CUST_02341,2025-09-01,1,1.0,0.35
CUST_02342,2025-11-01,1,1.0,0.55
CUST_02343,2024-08-01,1,1.0,0.66
CUST_02343,2024-09-01,1,1.0,0.55
CUST_02343,2025-01-01,1,1.0,0.55
CUST_02343,2025-08-01,1,0.0,0.55
CUST_02344,2025-10-01,1,1.0,0.35
CUST_02345,2025-12-01,1,1.0,0.55
CUST_02346,2025-03-01,1,0.0,0.35
CUST_02347,2025-12-01,1,1.0,0.83
CUST_02348,2025-05-01,1,1.0,0.83
CUST_02348,2025-06-01,2,1.0,0.825
CUST_02348,2025-07-01,1,1.0,0.75
CUST_02348,2025-11-01,2,1.0,0.79
CUST_02348,2025-12-01,1,0.0,0.83
CUST_02351,2025-01-01,1,0.0,0.55
CUST_02351,2025-03-01,1,0.0,0.55
CUST_02351,2025-05-01,1,1.0,0.61
CUST_02351,2025-11-01,1,1.0,0.55
CUST_02352,2025-10-01,1,1.0,0.83
CUST_02352,2025-12-01,1,1.0,0.83
CUST_02353,2025-04-01,1,1.0,0.55
CUST_02354,2025-01-01,1,1.0,0.61
CUST_02354,2025-02-01,1,1.0,0.55
CUST_02354,2025-09-01,1,1.0,0.61
CUST_02354,2025-11-01,1,0.0,0.55
CUST_02355,2025-05-01,1,1.0,0.83
CUST_02355,2025-07-01,1,0.0,0.75
CUST_02355,2025-11-01,2,0.0,0.75
CUST_02355,2025-12-01,1,0.0,0.75
CUST_02356,2025-10-01,1,0.0,0.55
CUST_02357,2024-06-01,1,1.0,0.35
CUST_02357,2025-03-01,1,0.0,0.35
CUST_02357,2025-05-01,1,1.0,0.35
CUST_02357,2025-06-01,1,1.0,0.35
CUST_02357,2025-12-01,1,0.0,0.42
CUST_02359,2024-10-01,1,0.0,0.75
CUST_02359,2025-01-01,1,1.0,0.75
CUST_02359,2025-04-01,1,0.0,0.9
CUST_02359,2025-05-01,1,1.0,0.75
CUST_02359,2025-06-01,1,1.0,0.75
CUST_02359,2025-08-01,2,1.0,0.9
CUST_02359,2025-11-01,1,0.0,0.75
CUST_02360,2025-03-01,1,0.0,0.42
CUST_02360,2025-11-01,1,0.0,0.35
CUST_02361,2025-04-01,1,1.0,0.66
CUST_02361,2025-07-01,1,1.0,0.66
CUST_02362,2025-03-01,1,0.0,0.35
CUST_02362,2025-06-01,1,1.0,0.35
CUST_02363,2025-02-01,1,1.0,0.35
CUST_02363,2025-03-01,1,0.0,0.35
CUST_02363,2025-04-01,1,0.0,0.39
CUST_02364,2025-05-01,1,0.0,0.39
CUST_02365,2025-07-01,1,1.0,0.35
CUST_02365,2025-09-01,1,1.0,0.35
CUST_02366,2025-04-01,1,0.0,0.35
CUST_02366,2025-05-01,1,0.0,0.42
CUST_02366,2025-12-01,2,0.0,0.35
CUST_02367,2025-07-01,1,0.0,0.35
CUST_02367,2025-11-01,1,1.0,0.35
CUST_02369,2025-11-01,1,0.0,0.35
CUST_02370,2025-02-01,1,1.0,0.55
CUST_02371,2025-12-01,1,1.0,0.39
CUST_02372,2024-07-01,1,1.0,0.39
CUST_02372,2025-09-01,2,1.0,0.35
CUST_02374,2025-06-01,1,1.0,0.35
CUST_02375,2025-01-01,1,0.0,0.35
CUST_02375,2025-04-01,1,1.0,0.39
CUST_02375,2025-05-01,1,0.0,0.35
CUST_02375,2025-08-01,1,1.0,0.35
CUST_02376,2025-06-01,1,1.0,0.55
CUST_02376,2025-07-01,2,1.0,0.605
CUST_02376,2025-09-01,2,1.0,0.55
CUST_02376,2025-11-01,1,1.0,0.66
CUST_02376,2025-12-01,1,1.0,0.55
CUST_02377,2024-10-01,1,1.0,0.61
CUST_02377,2025-07-01,1,0.0,0.55
CUST_02377,2025-09-01,1,0.0,0.55
CUST_02377,2025-12-01,1,0.0,0.61
CUST_02378,2025-06-01,1,0.0,0.75
CUST_02378,2025-08-01,2,0.5,0.865
CUST_02378,2025-09-01,1,0.0,0.75
CUST_02379,2025-10-01,1,1.0,0.9
CUST_02379,2025-12-01,1,0.0,0.9
CUST_02380,2025-06-01,1,1.0,0.42
CUST_02381,2024-08-01,2,1.0,0.75
CUST_02381,2024-10-01,1,0.0,0.75
CUST_02381,2025-05-01,1,1.0,0.9
CUST_02381,2025-12-01,1,1.0,0.75
CUST_02382,2024-02-01,1,1.0,0.61
CUST_02382,2024-03-01,2,0.5,0.635
CUST_02382,2024-04-01,1,1.0,0.55
CUST_02382,2024-06-01,1,0.0,0.55
CUST_02382,2024-08-01,1,1.0,0.55
CUST_02382,2024-12-01,1,1.0,0.61
CUST_02382,2025-02-01,1,1.0,0.55
CUST_02382,2025-04-01,1,1.0,0.55
CUST_02382,2025-06-01,1,1.0,0.55
CUST_02382,2025-08-01,1,1.0,0.55
CUST_02383,2025-11-01,1,0.0,0.35
CUST_02384,2024-05-01,1,1.0,0.35
CUST_02384,2024-11-01,1,0.0,0.35
CUST_02384,2025-03-01,1,0.0,0.35
CUST_02384,2025-11-01,2,0.5,0.35
CUST_02385,2025-05-01,1,1.0,0.42
CUST_02385,2025-09-01,2,0.5,0.385
CUST_02385,2025-10-01,1,0.0,0.35
CUST_02386,2024-08-01,1,1.0,0.39
CUST_02386,2024-11-01,1,0.0,0.35
CUST_02386,2025-05-01,1,0.0,0.35
CUST_02387,2024-07-01,1,0.0,0.55
CUST_02387,2024-08-01,1,1.0,0.55
CUST_02387,2025-06-01,1,0.0,0.61
CUST_02387,2025-10-01,2,1.0,0.55
CUST_02388,2025-06-01,1,1.0,0.75
CUST_02388,2025-09-01,1,0.0,0.75
CUST_02388,2025-10-01,1,1.0,0.75
CUST_02388,2025-11-01,1,1.0,0.75
CUST_02389,2025-12-01,2,1.0,0.55
CUST_02390,2025-06-01,1,0.0,0.42
CUST_02390,2025-07-01,1,0.0,0.35
CUST_02390,2025-08-01,1,0.0,0.35
CUST_02390,2025-09-01,1,1.0,0.35
CUST_02393,2025-03-01,1,1.0,0.55
CUST_02393,2025-04-01,3,0.6666666666666666,0.55
CUST_02393,2025-05-01,1,0.0,0.66
CUST_02393,2025-10-01,2,0.5,0.61
CUST_02393,2025-12-01,1,1.0,0.55
CUST_02394,2025-02-01,1,1.0,0.35
CUST_02394,2025-07-01,1,1.0,0.39
CUST_02394,2025-09-01,1,0.0,0.35
CUST_02394,2025-10-01,1,0.0,0.39
CUST_02395,2024-07-01,1,1.0,0.35
CUST_02395,2025-08-01,1,0.0,0.35
CUST_02396,2024-11-01,1,0.0,0.55
CUST_02396,2025-01-01,1,1.0,0.55
CUST_02396,2025-04-01,1,0.0,0.61
CUST_02396,2025-06-01,2,1.0,0.55
CUST_02396,2025-07-01,2,0.5,0.55
CUST_02398,2024-12-01,1,1.0,0.35
CUST_02398,2025-06-01,1,0.0,0.35
CUST_02399,2024-12-01,1,1.0,0.83
CUST_02399,2025-08-01,1,0.0,0.75
CUST_02399,2025-12-01,1,0.0,0.75
CUST_02400,2025-05-01,1,1.0,0.75
CUST_02400,2025-10-01,2,0.5,0.75
CUST_02401,2024-06-01,1,1.0,0.75
CUST_02401,2024-09-01,1,1.0,0.75
CUST_02401,2024-10-01,1,0.0,0.75
CUST_02401,2025-03-01,1,1.0,0.75
CUST_02401,2025-05-01,1,1.0,0.75
CUST_02401,2025-07-01,1,0.0,0.75
CUST_02401,2025-08-01,1,1.0,0.9
CUST_02401,2025-09-01,1,1.0,0.75
CUST_02401,2025-11-01,1,0.0,0.83
CUST_02404,2025-08-01,1,0.0,0.35
CUST_02404,2025-10-01,2,1.0,0.37
CUST_02404,2025-11-01,1,0.0,0.35
CUST_02405,2024-11-01,1,0.0,0.35
CUST_02405,2025-10-01,1,1.0,0.39
CUST_02406,2025-11-01,1,0.0,0.66
CUST_02407,2025-05-01,2,0.0,0.35
CUST_02408,2024-06-01,1,0.0,0.39
CUST_02408,2024-08-01,1,0.0,0.35
CUST_02408,2024-10-01,1,1.0,0.35
CUST_02408,2024-11-01,1,1.0,0.35
CUST_02408,2025-03-01,1,0.0,0.39
CUST_02408,2025-06-01,1,0.0,0.35
CUST_02408,2025-07-01,1,0.0,0.35
CUST_02408,2025-08-01,1,0.0,0.39
CUST_02408,2025-09-01,1,0.0,0.35
CUST_02410,2024-08-01,1,0.0,0.35
CUST_02410,2024-10-01,1,0.0,0.35
CUST_02410,2025-02-01,1,0.0,0.35
CUST_02410,2025-07-01,1,0.0,0.35
CUST_02411,2024-06-01,1,1.0,0.35
CUST_02411,2025-11-01,1,1.0,0.35
CUST_02411,2025-12-01,1,1.0,0.35
CUST_02412,2025-09-01,1,1.0,0.55
CUST_02414,2025-04-01,1,1.0,0.35
CUST_02414,2025-11-01,1,1.0,0.39
CUST_02415,2025-09-01,1,0.0,0.61
CUST_02415,2025-12-01,1,1.0,0.61
CUST_02417,2025-10-01,1,1.0,0.83
CUST_02418,2024-05-01,1,0.0,0.35
CUST_02418,2024-06-01,1,0.0,0.35
CUST_02418,2025-01-01,1,0.0,0.35
CUST_02418,2025-07-01,1,0.0,0.39
CUST_02418,2025-08-01,1,1.0,0.35
CUST_02418,2025-09-01,1,0.0,0.35
CUST_02419,2025-09-01,1,1.0,0.35
CUST_02419,2025-11-01,1,0.0,0.35
CUST_02420,2024-02-01,2,0.5,0.385
CUST_02420,2024-10-01,1,0.0,0.35
CUST_02420,2024-11-01,1,0.0,0.39
CUST_02420,2025-06-01,1,1.0,0.39
CUST_02422,2024-09-01,2,0.0,0.35
CUST_02422,2025-11-01,1,1.0,0.35
CUST_02423,2025-08-01,1,1.0,0.55
CUST_02424,2025-06-01,1,1.0,0.35
CUST_02424,2025-09-01,1,1.0,0.35
CUST_02424,2025-10-01,1,1.0,0.35
CUST_02425,2024-12-01,1,0.0,0.35
CUST_02425,2025-12-01,1,0.0,0.35
CUST_02426,2025-06-01,1,1.0,0.9
CUST_02426,2025-07-01,1,1.0,0.9
CUST_02426,2025-11-01,1,1.0,0.75
CUST_02426,2025-12-01,2,0.5,0.75
CUST_02427,2024-09-01,1,1.0,0.55
CUST_02427,2025-04-01,1,1.0,0.55
CUST_02427,2025-07-01,2,0.5,0.55
CUST_02428,2025-01-01,1,1.0,0.55
CUST_02428,2025-02-01,2,1.0,0.5800000000000001
CUST_02428,2025-04-01,1,1.0,0.55
CUST_02428,2025-09-01,1,1.0,0.55
CUST_02428,2025-10-01,1,0.0,0.55
CUST_02428,2025-11-01,1,0.0,0.55
CUST_02429,2025-04-01,1,0.0,0.55
CUST_02429,2025-05-01,1,1.0,0.55
CUST_02429,2025-06-01,1,1.0,0.55
CUST_02429,2025-09-01,1,0.0,0.55
CUST_02429,2025-11-01,1,0.0,0.61
CUST_02430,2025-05-01,2,0.5,0.635
CUST_02431,2024-12-01,1,1.0,0.55
CUST_02431,2025-05-01,1,0.0,0.55
CUST_02431,2025-11-01,1,1.0,0.61
CUST_02432,2025-03-01,1,0.0,0.55
CUST_02432,2025-04-01,1,1.0,0.55
CUST_02432,2025-06-01,1,1.0,0.66
CUST_02432,2025-11-01,1,0.0,0.55
CUST_02433,2025-09-01,1,1.0,0.75
CUST_02433,2025-12-01,1,1.0,0.83
CUST_02435,2024-07-01,1,0.0,0.35
CUST_02435,2024-09-01,1,0.0,0.39
CUST_02435,2024-12-01,2,0.5,0.37
CUST_02435,2025-04-01,1,0.0,0.39
CUST_02435,2025-05-01,1,0.0,0.35
CUST_02435,2025-08-01,1,1.0,0.35
CUST_02435,2025-11-01,1,0.0,0.35
CUST_02436,2025-05-01,1,0.0,0.35
CUST_02436,2025-06-01,1,0.0,0.42
CUST_02436,2025-07-01,1,0.0,0.35
CUST_02436,2025-08-01,1,0.0,0.35
CUST_02436,2025-12-01,1,0.0,0.35
CUST_02437,2024-12-01,1,0.0,0.35
CUST_02437,2025-07-01,1,1.0,0.42
CUST_02437,2025-09-01,1,1.0,0.35
CUST_02438,2025-05-01,1,0.0,0.39
CUST_02438,2025-10-01,1,0.0,0.35
CUST_02439,2025-02-01,1,0.0,0.39
CUST_02439,2025-09-01,1,1.0,0.35
CUST_02440,2025-12-01,1,0.0,0.35
CUST_02441,2025-04-01,1,1.0,0.75
CUST_02441,2025-06-01,1,1.0,0.75
CUST_02441,2025-07-01,1,1.0,0.83
CUST_02441,2025-09-01,1,1.0,0.75
CUST_02441,2025-11-01,2,1.0,0.825
CUST_02442,2025-10-01,1,0.0,0.35
CUST_02443,2025-03-01,1,0.0,0.35
CUST_02443,2025-08-01,1,1.0,0.35
CUST_02443,2025-12-01,2,0.0,0.37
CUST_02444,2024-07-01,1,0.0,0.35
CUST_02444,2024-12-01,1,0.0,0.35
CUST_02444,2025-08-01,1,0.0,0.35
CUST_02447,2024-07-01,1,0.0,0.35
CUST_02447,2025-03-01,1,0.0,0.35
CUST_02447,2025-04-01,1,1.0,0.35
CUST_02447,2025-07-01,1,1.0,0.35
CUST_02447,2025-08-01,2,1.0,0.35
CUST_02447,2025-10-01,1,1.0,0.35
CUST_02448,2025-01-01,1,0.0,0.55
CUST_02448,2025-02-01,1,0.0,0.61
CUST_02448,2025-03-01,1,1.0,0.61
CUST_02448,2025-08-01,1,0.0,0.55
CUST_02448,2025-09-01,1,0.0,0.55
CUST_02449,2025-03-01,1,0.0,0.55
CUST_02449,2025-10-01,1,0.0,0.55
CUST_02450,2025-09-01,1,1.0,0.35
CUST_02451,2025-01-01,1,0.0,0.39
CUST_02451,2025-10-01,1,0.0,0.35
CUST_02454,2025-01-01,1,1.0,0.75
CUST_02454,2025-04-01,1,1.0,0.75
CUST_02454,2025-06-01,1,1.0,0.75
CUST_02454,2025-10-01,1,0.0,0.75
CUST_02454,2025-11-01,1,1.0,0.9
CUST_02455,2024-04-01,2,0.5,0.75
CUST_02455,2024-05-01,1,1.0,0.75
CUST_02455,2024-09-01,1,1.0,0.9
CUST_02455,2024-10-01,1,1.0,0.75
CUST_02455,2024-11-01,1,1.0,0.75
CUST_02455,2025-01-01,1,1.0,0.83
CUST_02455,2025-05-01,1,1.0,0.75
CUST_02455,2025-08-01,1,1.0,0.75
CUST_02455,2025-09-01,1,0.0,0.75
CUST_02455,2025-11-01,3,1.0,0.7999999999999999
CUST_02457,2025-03-01,2,0.5,0.35
CUST_02458,2025-10-01,1,1.0,0.55
CUST_02460,2024-12-01,1,1.0,0.75
CUST_02460,2025-01-01,2,1.0,0.75
CUST_02460,2025-02-01,1,0.0,0.75
CUST_02460,2025-04-01,2,0.0,0.75
CUST_02460,2025-05-01,4,0.5,0.77
CUST_02460,2025-11-01,1,1.0,0.75
CUST_02460,2025-12-01,1,1.0,0.75
CUST_02461,2024-04-01,1,0.0,0.75
CUST_02461,2024-07-01,1,0.0,0.75
CUST_02461,2024-08-01,1,1.0,0.75
CUST_02461,2024-09-01,1,0.0,0.83
CUST_02461,2024-10-01,2,1.0,0.75
CUST_02461,2024-11-01,1,0.0,0.83
CUST_02461,2025-01-01,4,1.0,0.825
CUST_02461,2025-02-01,1,1.0,0.75
CUST_02461,2025-03-01,1,0.0,0.75
CUST_02461,2025-05-01,1,1.0,0.75
CUST_02461,2025-09-01,1,0.0,0.83
CUST_02461,2025-10-01,1,1.0,0.75
CUST_02461,2025-11-01,1,1.0,0.75
CUST_02463,2025-08-01,2,0.0,0.385
CUST_02463,2025-11-01,1,1.0,0.35
CUST_02464,2024-09-01,1,1.0,0.39
CUST_02464,2024-11-01,1,1.0,0.39
CUST_02465,2024-10-01,1,1.0,0.55
CUST_02465,2025-02-01,1,1.0,0.55
CUST_02465,2025-04-01,1,0.0,0.55
CUST_02465,2025-05-01,3,0.0,0.55
CUST_02465,2025-06-01,1,1.0,0.55
CUST_02465,2025-09-01,1,0.0,0.55
CUST_02466,2024-08-01,1,1.0,0.61
CUST_02466,2025-03-01,1,1.0,0.55
CUST_02466,2025-05-01,2,0.0,0.55
CUST_02466,2025-06-01,1,1.0,0.55
CUST_02466,2025-11-01,2,0.5,0.5800000000000001
CUST_02468,2024-06-01,1,1.0,0.55
CUST_02468,2024-09-01,1,0.0,0.61
CUST_02468,2025-02-01,1,1.0,0.55
CUST_02468,2025-03-01,1,1.0,0.61
CUST_02468,2025-07-01,1,0.0,0.66
CUST_02468,2025-09-01,1,1.0,0.55
CUST_02468,2025-11-01,1,0.0,0.55
CUST_02469,2024-10-01,1,1.0,0.75
CUST_02469,2024-11-01,2,0.5,0.79
CUST_02469,2025-02-01,1,0.0,0.75
CUST_02469,2025-06-01,1,1.0,0.75
CUST_02469,2025-09-01,1,1.0,0.75
CUST_02469,2025-10-01,1,1.0,0.75
CUST_02470,2024-06-01,1,0.0,0.35
CUST_02470,2024-10-01,1,1.0,0.42
CUST_02470,2024-12-01,1,1.0,0.39
CUST_02470,2025-01-01,1,0.0,0.35
CUST_02470,2025-02-01,1,0.0,0.35
CUST_02470,2025-09-01,1,1.0,0.35
CUST_02471,2025-12-01,1,1.0,0.42
CUST_02473,2025-08-01,1,0.0,0.39
CUST_02473,2025-11-01,1,1.0,0.35
CUST_02474,2024-03-01,1,1.0,0.35
CUST_02474,2024-06-01,1,1.0,0.35
CUST_02474,2024-07-01,1,1.0,0.35
CUST_02474,2024-10-01,1,1.0,0.35
CUST_02474,2025-12-01,1,0.0,0.35
CUST_02477,2024-12-01,1,0.0,0.61
CUST_02477,2025-01-01,2,0.0,0.55
CUST_02477,2025-05-01,1,0.0,0.55
CUST_02477,2025-09-01,1,0.0,0.55
CUST_02477,2025-10-01,1,1.0,0.55
CUST_02478,2025-11-01,2,0.0,0.37
CUST_02478,2025-12-01,1,0.0,0.39
CUST_02480,2025-01-01,1,1.0,0.55
CUST_02480,2025-02-01,1,1.0,0.55
CUST_02480,2025-06-01,1,1.0,0.55
CUST_02480,2025-08-01,1,0.0,0.55
CUST_02480,2025-10-01,1,0.0,0.55
CUST_02480,2025-11-01,2,1.0,0.55
CUST_02482,2025-10-01,1,0.0,0.55
CUST_02484,2024-07-01,3,0.6666666666666666,0.55
CUST_02484,2025-06-01,1,0.0,0.55
CUST_02484,2025-07-01,1,0.0,0.55
CUST_02484,2025-10-01,1,1.0,0.55
CUST_02485,2024-10-01,2,0.0,0.55
CUST_02485,2024-12-01,2,0.5,0.55
CUST_02485,2025-04-01,1,0.0,0.61
CUST_02485,2025-05-01,1,1.0,0.55
CUST_02485,2025-11-01,1,0.0,0.61
CUST_02485,2025-12-01,1,1.0,0.55
CUST_02487,2025-02-01,1,1.0,0.42
CUST_02487,2025-03-01,1,0.0,0.35
CUST_02487,2025-07-01,1,0.0,0.35
CUST_02487,2025-09-01,1,1.0,0.35
CUST_02487,2025-10-01,1,1.0,0.35
CUST_02488,2025-07-01,1,1.0,0.39
CUST_02488,2025-08-01,1,1.0,0.35
CUST_02488,2025-09-01,1,0.0,0.35
CUST_02488,2025-11-01,2,0.0,0.37
CUST_02489,2024-12-01,1,0.0,0.55
CUST_02489,2025-05-01,1,0.0,0.55
CUST_02489,2025-08-01,1,1.0,0.61
CUST_02490,2025-06-01,1,1.0,0.55
CUST_02490,2025-07-01,2,0.5,0.5800000000000001
CUST_02490,2025-11-01,1,1.0,0.55
CUST_02490,2025-12-01,2,0.5,0.605
CUST_02491,2024-09-01,1,0.0,0.35
CUST_02491,2025-03-01,1,0.0,0.35
CUST_02491,2025-08-01,3,0.6666666666666666,0.38666666666666666
CUST_02492,2024-09-01,1,0.0,0.35
CUST_02492,2025-06-01,1,0.0,0.35
CUST_02492,2025-08-01,1,1.0,0.39
CUST_02492,2025-10-01,1,1.0,0.35
CUST_02492,2025-12-01,1,1.0,0.39
CUST_02493,2024-08-01,1,0.0,0.35
CUST_02493,2025-05-01,1,0.0,0.35
CUST_02495,2024-05-01,1,1.0,0.35
CUST_02495,2024-06-01,1,0.0,0.35
CUST_02495,2025-01-01,1,0.0,0.39
CUST_02495,2025-12-01,1,1.0,0.35
CUST_02496,2025-05-01,1,0.0,0.35
CUST_02497,2025-09-01,2,0.5,0.75
CUST_02497,2025-10-01,1,1.0,0.9
CUST_02498,2025-11-01,2,0.5,0.55
CUST_02499,2025-09-01,1,0.0,0.35
CUST_02500,2024-10-01,1,0.0,0.75
CUST_02500,2025-02-01,1,1.0,0.75
CUST_02500,2025-04-01,1,1.0,0.83
CUST_02500,2025-06-01,2,0.5,0.75
CUST_02500,2025-07-01,1,1.0,0.75
CUST_02501,2024-03-01,1,0.0,0.35
CUST_02501,2024-11-01,1,1.0,0.35
CUST_02501,2025-01-01,1,1.0,0.35
CUST_02501,2025-10-01,1,0.0,0.35
CUST_02502,2025-10-01,1,1.0,0.35
CUST_02503,2024-08-01,1,0.0,0.55
CUST_02503,2024-09-01,1,1.0,0.55
CUST_02503,2024-10-01,1,0.0,0.55
CUST_02503,2024-11-01,1,1.0,0.61
CUST_02503,2025-06-01,2,0.5,0.55
CUST_02503,2025-08-01,1,0.0,0.55
CUST_02503,2025-09-01,2,0.5,0.605
CUST_02504,2025-08-01,1,0.0,0.55
CUST_02505,2025-07-01,1,0.0,0.35
CUST_02505,2025-08-01,1,0.0,0.39
CUST_02506,2025-06-01,1,1.0,0.39
CUST_02506,2025-07-01,1,1.0,0.35
CUST_02506,2025-10-01,1,1.0,0.35
CUST_02507,2024-12-01,1,0.0,0.35
CUST_02508,2024-08-01,1,0.0,0.35
CUST_02508,2024-11-01,1,0.0,0.35
CUST_02508,2024-12-01,1,0.0,0.39
CUST_02508,2025-06-01,1,0.0,0.35
CUST_02509,2024-09-01,1,1.0,0.35
CUST_02509,2024-12-01,1,1.0,0.39
CUST_02509,2025-06-01,1,0.0,0.35
CUST_02509,2025-11-01,1,1.0,0.35
CUST_02510,2025-10-01,1,1.0,0.55
CUST_02511,2024-08-01,1,0.0,0.55
CUST_02511,2025-05-01,1,0.0,0.61
CUST_02511,2025-07-01,1,0.0,0.55
CUST_02511,2025-11-01,1,1.0,0.55
CUST_02512,2024-02-01,1,1.0,0.66
CUST_02512,2024-03-01,1,1.0,0.55
CUST_02512,2024-05-01,1,0.0,0.61
CUST_02512,2024-07-01,1,0.0,0.55
CUST_02512,2024-10-01,1,1.0,0.55
CUST_02512,2025-05-01,2,0.5,0.605
CUST_02512,2025-06-01,1,0.0,0.66
CUST_02512,2025-11-01,1,0.0,0.55
CUST_02513,2025-07-01,1,0.0,0.61
CUST_02513,2025-09-01,1,0.0,0.55
CUST_02513,2025-12-01,1,0.0,0.61
CUST_02514,2025-08-01,1,0.0,0.35
CUST_02514,2025-11-01,1,1.0,0.39
CUST_02514,2025-12-01,1,1.0,0.42
CUST_02515,2025-02-01,1,1.0,0.39
CUST_02515,2025-04-01,1,0.0,0.35
CUST_02515,2025-07-01,1,1.0,0.35
CUST_02515,2025-09-01,1,0.0,0.35
CUST_02515,2025-11-01,2,0.5,0.39
CUST_02515,2025-12-01,1,0.0,0.39
CUST_02517,2025-07-01,2,0.0,0.35
CUST_02517,2025-09-01,1,0.0,0.35
CUST_02518,2025-12-01,1,1.0,0.55
CUST_02519,2025-08-01,1,0.0,0.42
CUST_02519,2025-10-01,1,1.0,0.35
CUST_02519,2025-11-01,1,0.0,0.42
CUST_02520,2025-12-01,1,0.0,0.35
CUST_02521,2024-10-01,1,0.0,0.35
CUST_02521,2024-12-01,1,1.0,0.35
CUST_02521,2025-09-01,1,1.0,0.35
CUST_02523,2025-08-01,1,0.0,0.35
CUST_02523,2025-09-01,1,0.0,0.35
CUST_02523,2025-10-01,1,0.0,0.35
CUST_02523,2025-12-01,1,0.0,0.42
CUST_02524,2025-03-01,1,1.0,0.39
CUST_02524,2025-07-01,1,0.0,0.35
CUST_02524,2025-10-01,1,0.0,0.35
CUST_02524,2025-12-01,1,1.0,0.35
CUST_02525,2024-09-01,3,0.0,0.57
CUST_02525,2024-11-01,1,0.0,0.55
CUST_02525,2025-04-01,1,0.0,0.66
CUST_02525,2025-06-01,1,1.0,0.66
CUST_02525,2025-10-01,2,0.5,0.55
CUST_02525,2025-11-01,1,1.0,0.55
CUST_02526,2025-03-01,1,0.0,0.35
CUST_02526,2025-04-01,1,1.0,0.35
CUST_02526,2025-07-01,1,0.0,0.39
CUST_02527,2024-11-01,1,1.0,0.39
CUST_02527,2025-03-01,1,1.0,0.42
CUST_02528,2025-07-01,1,0.0,0.35
CUST_02529,2024-06-01,1,1.0,0.35
CUST_02529,2024-08-01,1,0.0,0.35
CUST_02529,2024-11-01,1,0.0,0.39
CUST_02529,2024-12-01,1,0.0,0.35
CUST_02529,2025-01-01,1,0.0,0.35
CUST_02529,2025-06-01,1,0.0,0.39
CUST_02532,2025-12-01,2,1.0,0.61
CUST_02533,2024-08-01,2,0.0,0.75
CUST_02533,2024-10-01,1,1.0,0.75
CUST_02533,2024-11-01,1,1.0,0.75
CUST_02533,2025-01-01,1,1.0,0.75
CUST_02533,2025-04-01,1,1.0,0.9
CUST_02533,2025-12-01,1,1.0,0.75
CUST_02535,2025-06-01,1,0.0,0.55
CUST_02535,2025-07-01,1,0.0,0.61
CUST_02535,2025-09-01,1,0.0,0.55
CUST_02536,2024-08-01,1,0.0,0.35
CUST_02536,2024-10-01,1,1.0,0.42
CUST_02536,2025-01-01,2,0.5,0.35
CUST_02537,2025-03-01,1,0.0,0.35
CUST_02537,2025-05-01,1,1.0,0.42
CUST_02537,2025-08-01,2,0.0,0.385
CUST_02537,2025-10-01,1,1.0,0.35
CUST_02537,2025-12-01,1,0.0,0.35
CUST_02538,2024-12-01,1,1.0,0.83
CUST_02538,2025-01-01,1,1.0,0.75
CUST_02538,2025-02-01,1,0.0,0.75
CUST_02538,2025-08-01,1,1.0,0.75
CUST_02538,2025-09-01,1,1.0,0.83
CUST_02538,2025-10-01,1,0.0,0.83
CUST_02538,2025-12-01,2,0.5,0.75
CUST_02539,2024-04-01,2,0.5,0.35
CUST_02539,2024-09-01,1,0.0,0.35
CUST_02539,2025-02-01,1,1.0,0.35
CUST_02542,2025-03-01,1,1.0,0.35
CUST_02543,2025-08-01,1,1.0,0.42
CUST_02543,2025-12-01,1,0.0,0.35
CUST_02545,2024-06-01,1,0.0,0.35
CUST_02545,2024-07-01,1,0.0,0.35
CUST_02545,2024-11-01,2,0.5,0.405
CUST_02546,2024-11-01,1,1.0,0.55
CUST_02546,2025-02-01,1,1.0,0.55
CUST_02547,2025-09-01,1,1.0,0.35
CUST_02548,2025-11-01,1,0.0,0.35
CUST_02549,2025-11-01,1,0.0,0.35
CUST_02550,2025-04-01,1,1.0,0.39
CUST_02552,2025-06-01,1,1.0,0.35
CUST_02553,2025-08-01,1,0.0,0.35
CUST_02553,2025-10-01,1,1.0,0.35
CUST_02553,2025-11-01,1,0.0,0.35
CUST_02554,2025-05-01,1,0.0,0.39
CUST_02554,2025-10-01,1,0.0,0.35
CUST_02556,2024-09-01,2,0.5,0.5800000000000001
CUST_02556,2024-10-01,1,1.0,0.66
CUST_02556,2025-01-01,1,0.0,0.55
CUST_02556,2025-02-01,1,1.0,0.55
CUST_02556,2025-08-01,2,1.0,0.55
CUST_02556,2025-12-01,1,0.0,0.55
CUST_02557,2024-07-01,1,0.0,0.35
CUST_02557,2024-08-01,1,0.0,0.35
CUST_02557,2024-09-01,1,0.0,0.35
CUST_02557,2025-01-01,1,1.0,0.42
CUST_02557,2025-02-01,1,0.0,0.39
CUST_02557,2025-09-01,1,1.0,0.35
CUST_02559,2025-05-01,1,0.0,0.55
CUST_02559,2025-07-01,2,0.5,0.55
CUST_02559,2025-10-01,1,0.0,0.55
CUST_02560,2025-09-01,1,0.0,0.35
CUST_02561,2024-04-01,2,0.5,0.75
CUST_02561,2025-03-01,1,1.0,0.75
CUST_02561,2025-04-01,1,1.0,0.83
CUST_02561,2025-07-01,3,0.6666666666666666,0.75
CUST_02561,2025-09-01,1,1.0,0.83
CUST_02561,2025-10-01,1,1.0,0.75
CUST_02561,2025-12-01,3,1.0,0.8033333333333333
CUST_02562,2025-02-01,1,1.0,0.35
CUST_02563,2024-07-01,1,1.0,0.55
CUST_02563,2024-09-01,1,1.0,0.55
CUST_02563,2024-11-01,1,1.0,0.55
CUST_02563,2025-06-01,1,1.0,0.55
CUST_02563,2025-07-01,1,1.0,0.66
CUST_02563,2025-08-01,1,1.0,0.55
CUST_02563,2025-09-01,1,0.0,0.61
CUST_02563,2025-10-01,1,1.0,0.55
CUST_02563,2025-12-01,1,1.0,0.66
CUST_02564,2024-07-01,1,0.0,0.35
CUST_02565,2024-05-01,1,0.0,0.61
CUST_02565,2024-06-01,2,0.0,0.55
CUST_02565,2024-07-01,2,1.0,0.55
CUST_02565,2024-10-01,1,1.0,0.61
CUST_02565,2024-11-01,1,1.0,0.55
CUST_02565,2025-05-01,1,1.0,0.55
CUST_02566,2024-04-01,1,0.0,0.39
CUST_02566,2024-05-01,1,0.0,0.39
CUST_02566,2025-02-01,1,1.0,0.35
CUST_02566,2025-11-01,1,0.0,0.35
CUST_02567,2025-11-01,1,1.0,0.75
CUST_02569,2025-07-01,1,1.0,0.55
CUST_02570,2024-11-01,1,0.0,0.35
CUST_02570,2025-03-01,1,0.0,0.35
CUST_02570,2025-11-01,1,0.0,0.39
CUST_02570,2025-12-01,2,0.0,0.35
CUST_02571,2024-12-01,2,0.5,0.37
CUST_02571,2025-03-01,1,1.0,0.39
CUST_02571,2025-05-01,1,0.0,0.35
CUST_02571,2025-07-01,1,0.0,0.39
CUST_02571,2025-10-01,1,0.0,0.35
CUST_02572,2025-07-01,1,0.0,0.35
CUST_02573,2024-12-01,2,0.0,0.35
CUST_02573,2025-03-01,2,0.0,0.37
CUST_02576,2024-09-01,1,1.0,0.55
CUST_02576,2025-03-01,1,1.0,0.55
CUST_02576,2025-05-01,1,1.0,0.66
CUST_02576,2025-06-01,1,0.0,0.55
CUST_02576,2025-07-01,1,1.0,0.55
CUST_02578,2024-04-01,1,0.0,0.35
CUST_02578,2025-01-01,2,0.5,0.35
CUST_02578,2025-04-01,1,0.0,0.35
CUST_02578,2025-05-01,1,1.0,0.35
CUST_02578,2025-08-01,2,0.0,0.385
CUST_02578,2025-09-01,1,0.0,0.35
CUST_02578,2025-11-01,1,0.0,0.35
CUST_02579,2024-04-01,1,0.0,0.35
CUST_02579,2024-09-01,2,0.0,0.35
CUST_02579,2024-10-01,1,0.0,0.39
CUST_02579,2025-01-01,1,1.0,0.35
CUST_02579,2025-09-01,1,1.0,0.35
CUST_02579,2025-10-01,1,0.0,0.42
CUST_02579,2025-12-01,1,0.0,0.35
CUST_02580,2024-04-01,1,1.0,0.35
CUST_02580,2024-05-01,1,1.0,0.35
CUST_02580,2024-07-01,1,0.0,0.35
CUST_02580,2024-09-01,1,0.0,0.35
CUST_02580,2025-01-01,1,1.0,0.39
CUST_02580,2025-03-01,1,0.0,0.39
CUST_02580,2025-12-01,1,0.0,0.35
CUST_02581,2025-04-01,1,1.0,0.35
CUST_02581,2025-05-01,1,0.0,0.39
CUST_02581,2025-08-01,1,0.0,0.39
CUST_02581,2025-11-01,1,0.0,0.35
CUST_02582,2024-06-01,1,1.0,0.55
CUST_02582,2024-07-01,2,1.0,0.5800000000000001
CUST_02582,2024-08-01,1,0.0,0.55
CUST_02582,2024-09-01,1,0.0,0.55
CUST_02582,2024-11-01,1,1.0,0.55
CUST_02582,2025-05-01,1,1.0,0.55
CUST_02583,2025-08-01,1,1.0,0.61
CUST_02584,2025-01-01,1,0.0,0.55
CUST_02584,2025-03-01,1,0.0,0.55
CUST_02584,2025-04-01,1,1.0,0.55
CUST_02584,2025-06-01,1,0.0,0.55
CUST_02584,2025-09-01,1,0.0,0.55
CUST_02584,2025-11-01,2,0.0,0.55
CUST_02585,2025-08-01,1,1.0,0.35
CUST_02585,2025-09-01,1,1.0,0.42
CUST_02586,2025-09-01,1,1.0,0.61
CUST_02586,2025-11-01,1,0.0,0.55
CUST_02587,2025-11-01,1,0.0,0.75
CUST_02587,2025-12-01,2,0.5,0.79
CUST_02588,2024-10-01,1,1.0,0.35
CUST_02588,2024-11-01,1,1.0,0.39
CUST_02588,2025-09-01,1,0.0,0.35
CUST_02591,2024-10-01,1,0.0,0.55
CUST_02591,2025-03-01,1,1.0,0.55
CUST_02593,2024-11-01,1,1.0,0.83
CUST_02593,2025-03-01,1,1.0,0.75
CUST_02593,2025-05-01,1,1.0,0.75
CUST_02593,2025-12-01,3,1.0,0.75
CUST_02594,2024-07-01,1,1.0,0.75
CUST_02594,2024-09-01,1,0.0,0.75
CUST_02594,2024-11-01,2,1.0,0.79
CUST_02594,2025-01-01,1,1.0,0.75
CUST_02594,2025-04-01,2,0.5,0.75
CUST_02594,2025-06-01,1,1.0,0.83
CUST_02594,2025-07-01,2,0.5,0.75
CUST_02594,2025-09-01,2,1.0,0.75
CUST_02594,2025-11-01,1,1.0,0.75
CUST_02595,2025-09-01,1,0.0,0.35
CUST_02596,2024-03-01,1,0.0,0.61
CUST_02596,2024-05-01,2,0.5,0.635
CUST_02596,2024-06-01,1,0.0,0.55
CUST_02596,2024-08-01,1,1.0,0.55
CUST_02596,2024-10-01,1,1.0,0.55
CUST_02596,2025-02-01,2,0.5,0.55
CUST_02596,2025-03-01,1,0.0,0.61
CUST_02596,2025-04-01,1,0.0,0.61
CUST_02596,2025-05-01,1,1.0,0.66
CUST_02596,2025-07-01,2,0.5,0.55
CUST_02596,2025-12-01,1,1.0,0.61
CUST_02597,2025-08-01,1,0.0,0.39
CUST_02597,2025-10-01,1,0.0,0.35
CUST_02597,2025-11-01,1,0.0,0.35
CUST_02597,2025-12-01,1,1.0,0.35
CUST_02598,2024-08-01,1,0.0,0.35
CUST_02598,2025-09-01,1,1.0,0.35
CUST_02599,2025-10-01,1,0.0,0.35
CUST_02600,2025-12-01,1,0.0,0.35
CUST_02601,2024-04-01,1,0.0,0.55
CUST_02601,2024-11-01,1,1.0,0.55
CUST_02601,2024-12-01,1,1.0,0.55
CUST_02601,2025-05-01,1,1.0,0.66
CUST_02602,2025-03-01,1,0.0,0.35
CUST_02602,2025-07-01,2,0.0,0.385
CUST_02602,2025-08-01,1,0.0,0.39
CUST_02603,2025-09-01,2,0.5,0.605
CUST_02603,2025-12-01,1,0.0,0.55
CUST_02604,2025-11-01,1,1.0,0.55
CUST_02605,2024-08-01,1,0.0,0.39
CUST_02606,2025-06-01,1,0.0,0.39
CUST_02606,2025-07-01,1,0.0,0.42
CUST_02607,2024-03-01,1,1.0,0.42
CUST_02607,2024-06-01,1,0.0,0.35
CUST_02607,2024-09-01,3,0.3333333333333333,0.3633333333333333
CUST_02607,2024-12-01,1,1.0,0.35
CUST_02607,2025-08-01,1,1.0,0.35
CUST_02607,2025-09-01,1,0.0,0.35
CUST_02607,2025-11-01,1,1.0,0.39
CUST_02609,2024-12-01,1,0.0,0.35
CUST_02609,2025-03-01,1,0.0,0.35
CUST_02609,2025-06-01,1,1.0,0.39
CUST_02610,2024-04-01,1,0.0,0.35
CUST_02610,2024-08-01,1,0.0,0.35
CUST_02610,2025-02-01,1,1.0,0.42
CUST_02610,2025-05-01,1,1.0,0.35
CUST_02610,2025-09-01,1,0.0,0.39
CUST_02610,2025-11-01,1,0.0,0.35
CUST_02611,2025-03-01,1,0.0,0.35
CUST_02612,2024-02-01,1,1.0,0.9
CUST_02612,2024-04-01,1,1.0,0.75
CUST_02612,2024-11-01,1,1.0,0.9
CUST_02612,2025-03-01,2,0.5,0.75
CUST_02612,2025-08-01,2,1.0,0.75
CUST_02612,2025-10-01,1,1.0,0.83
CUST_02612,2025-11-01,1,0.0,0.75
CUST_02613,2025-06-01,1,1.0,0.42
CUST_02613,2025-07-01,1,1.0,0.42
CUST_02614,2025-01-01,2,0.0,0.35
CUST_02614,2025-05-01,1,1.0,0.42
CUST_02614,2025-06-01,2,0.5,0.37
CUST_02614,2025-08-01,1,0.0,0.35
CUST_02615,2024-10-01,1,1.0,0.35
CUST_02615,2025-05-01,1,1.0,0.35
CUST_02615,2025-08-01,1,0.0,0.35
CUST_02615,2025-12-01,2,0.0,0.385
CUST_02616,2025-05-01,1,1.0,0.35
CUST_02617,2024-05-01,1,0.0,0.55
CUST_02617,2024-08-01,1,0.0,0.55
CUST_02617,2024-09-01,1,0.0,0.55
CUST_02617,2024-10-01,1,0.0,0.61
CUST_02617,2025-01-01,1,1.0,0.55
CUST_02617,2025-02-01,2,0.5,0.55
CUST_02617,2025-03-01,1,0.0,0.61
CUST_02617,2025-04-01,1,1.0,0.55
CUST_02617,2025-07-01,1,1.0,0.55
CUST_02617,2025-09-01,1,1.0,0.55
CUST_02617,2025-10-01,1,0.0,0.55
CUST_02617,2025-11-01,1,1.0,0.55
CUST_02618,2025-06-01,1,0.0,0.66
CUST_02618,2025-07-01,2,0.0,0.55
CUST_02618,2025-08-01,1,1.0,0.55
CUST_02618,2025-10-01,1,0.0,0.55
CUST_02618,2025-12-01,1,1.0,0.55
CUST_02619,2024-07-01,1,1.0,0.75
CUST_02619,2024-08-01,2,1.0,0.79
CUST_02619,2024-10-01,1,1.0,0.83
CUST_02619,2024-11-01,1,0.0,0.75
CUST_02619,2024-12-01,1,1.0,0.9
CUST_02619,2025-01-01,1,1.0,0.75
CUST_02619,2025-03-01,1,0.0,0.75
CUST_02619,2025-04-01,1,1.0,0.83
CUST_02619,2025-07-01,1,1.0,0.75
CUST_02619,2025-09-01,2,0.5,0.79
CUST_02620,2025-01-01,1,0.0,0.35
CUST_02620,2025-02-01,1,0.0,0.35
CUST_02620,2025-03-01,1,0.0,0.35
CUST_02620,2025-05-01,2,0.5,0.37
CUST_02620,2025-06-01,1,0.0,0.39
CUST_02621,2025-10-01,1,0.0,0.39
CUST_02623,2024-07-01,1,1.0,0.35
CUST_02623,2025-04-01,1,1.0,0.35
CUST_02623,2025-07-01,2,0.0,0.35
CUST_02625,2024-06-01,1,0.0,0.55
CUST_02625,2024-07-01,1,1.0,0.55
CUST_02625,2024-11-01,1,0.0,0.55
CUST_02625,2025-08-01,1,1.0,0.55
CUST_02625,2025-11-01,1,0.0,0.61
CUST_02626,2025-02-01,1,1.0,0.61
CUST_02626,2025-05-01,1,1.0,0.55
CUST_02626,2025-06-01,1,1.0,0.55
CUST_02626,2025-08-01,1,0.0,0.66
CUST_02626,2025-10-01,1,1.0,0.55
CUST_02627,2025-10-01,1,1.0,0.83
CUST_02629,2025-11-01,1,1.0,0.35
CUST_02631,2024-11-01,1,1.0,0.35
CUST_02631,2025-04-01,2,0.5,0.37
CUST_02632,2025-01-01,1,0.0,0.55
CUST_02632,2025-02-01,2,0.5,0.55
CUST_02632,2025-04-01,1,1.0,0.61
CUST_02632,2025-06-01,1,1.0,0.66
CUST_02632,2025-10-01,1,1.0,0.55
CUST_02632,2025-12-01,1,0.0,0.55
CUST_02633,2025-01-01,1,0.0,0.66
CUST_02633,2025-03-01,1,1.0,0.55
CUST_02633,2025-05-01,1,1.0,0.55
CUST_02633,2025-11-01,1,1.0,0.66
CUST_02633,2025-12-01,1,0.0,0.55
CUST_02634,2024-11-01,1,1.0,0.61
CUST_02634,2025-03-01,1,0.0,0.55
CUST_02634,2025-06-01,1,1.0,0.55
CUST_02634,2025-09-01,1,0.0,0.61
CUST_02634,2025-12-01,1,1.0,0.55
CUST_02635,2025-02-01,1,1.0,0.75
CUST_02635,2025-05-01,1,1.0,0.75
CUST_02635,2025-06-01,1,1.0,0.83
CUST_02635,2025-08-01,2,1.0,0.75
CUST_02635,2025-10-01,2,0.5,0.75
CUST_02636,2025-11-01,1,0.0,0.42
CUST_02637,2024-05-01,1,0.0,0.35
CUST_02637,2024-11-01,1,1.0,0.39
CUST_02637,2025-03-01,1,0.0,0.42
CUST_02637,2025-11-01,2,0.5,0.35
CUST_02638,2024-04-01,1,1.0,0.75
CUST_02638,2024-05-01,2,0.5,0.75
CUST_02638,2025-01-01,1,1.0,0.75
CUST_02638,2025-02-01,1,1.0,0.75
CUST_02638,2025-03-01,1,1.0,0.75
CUST_02638,2025-04-01,1,1.0,0.75
CUST_02638,2025-05-01,3,1.0,0.8266666666666667
CUST_02638,2025-06-01,2,1.0,0.79
CUST_02638,2025-07-01,1,1.0,0.75
CUST_02638,2025-08-01,1,1.0,0.83
CUST_02638,2025-10-01,1,0.0,0.75
CUST_02638,2025-11-01,1,1.0,0.75
CUST_02639,2024-11-01,1,0.0,0.35
CUST_02639,2025-02-01,1,0.0,0.35
CUST_02639,2025-04-01,1,0.0,0.35
CUST_02640,2024-07-01,1,1.0,0.55
CUST_02640,2024-08-01,1,0.0,0.55
CUST_02640,2024-10-01,1,1.0,0.61
CUST_02640,2025-03-01,1,1.0,0.55
CUST_02640,2025-08-01,1,1.0,0.55
CUST_02640,2025-10-01,1,1.0,0.66
CUST_02641,2024-06-01,1,1.0,0.9
CUST_02641,2024-12-01,2,0.5,0.75
CUST_02641,2025-01-01,1,1.0,0.83
CUST_02641,2025-04-01,1,0.0,0.75
CUST_02641,2025-05-01,1,1.0,0.75
CUST_02641,2025-06-01,1,0.0,0.75
CUST_02641,2025-07-01,1,1.0,0.75
CUST_02641,2025-09-01,1,1.0,0.75
CUST_02641,2025-11-01,2,0.5,0.79
CUST_02642,2024-10-01,2,1.0,0.35
CUST_02642,2025-08-01,1,0.0,0.35
CUST_02643,2024-10-01,1,0.0,0.42
CUST_02643,2025-08-01,1,0.0,0.35
CUST_02644,2024-11-01,1,1.0,0.42
CUST_02644,2025-03-01,1,1.0,0.35
CUST_02644,2025-06-01,1,1.0,0.42
CUST_02644,2025-10-01,1,0.0,0.42
CUST_02645,2024-05-01,3,0.3333333333333333,0.55
CUST_02645,2024-07-01,1,0.0,0.55
CUST_02645,2024-10-01,1,0.0,0.55
CUST_02645,2025-01-01,1,0.0,0.55
CUST_02645,2025-02-01,1,0.0,0.55
CUST_02645,2025-03-01,2,0.5,0.5800000000000001
CUST_02645,2025-06-01,1,0.0,0.55
CUST_02645,2025-07-01,2,0.5,0.55
CUST_02645,2025-12-01,1,1.0,0.55
CUST_02646,2024-08-01,1,0.0,0.35
CUST_02646,2024-09-01,1,0.0,0.35
CUST_02646,2024-12-01,1,1.0,0.35
CUST_02646,2025-07-01,1,0.0,0.35
CUST_02646,2025-08-01,1,0.0,0.35
CUST_02647,2025-08-01,1,1.0,0.75
CUST_02648,2025-09-01,1,1.0,0.35
CUST_02648,2025-10-01,1,1.0,0.35
CUST_02649,2025-07-01,1,0.0,0.39
CUST_02649,2025-08-01,1,0.0,0.35
CUST_02650,2025-01-01,1,1.0,0.75
CUST_02650,2025-02-01,1,0.0,0.75
CUST_02650,2025-03-01,1,1.0,0.83
CUST_02650,2025-04-01,2,0.5,0.825
CUST_02650,2025-05-01,1,1.0,0.75
CUST_02650,2025-08-01,2,1.0,0.825
CUST_02650,2025-10-01,1,1.0,0.83
CUST_02652,2025-05-01,1,1.0,0.61
CUST_02653,2024-08-01,1,1.0,0.75
CUST_02653,2025-03-01,1,1.0,0.83
CUST_02653,2025-05-01,1,0.0,0.75
CUST_02653,2025-07-01,1,0.0,0.83
CUST_02653,2025-08-01,2,1.0,0.79
CUST_02653,2025-09-01,1,1.0,0.83
CUST_02653,2025-11-01,1,1.0,0.83
CUST_02654,2025-01-01,1,0.0,0.66
CUST_02654,2025-03-01,1,1.0,0.55
CUST_02654,2025-05-01,1,1.0,0.55
CUST_02654,2025-08-01,1,1.0,0.55
CUST_02654,2025-10-01,2,1.0,0.5800000000000001
CUST_02655,2025-12-01,1,0.0,0.35
CUST_02656,2024-08-01,1,0.0,0.55
CUST_02656,2024-12-01,1,0.0,0.55
CUST_02656,2025-07-01,2,0.5,0.55
CUST_02656,2025-12-01,2,1.0,0.5800000000000001
CUST_02657,2025-03-01,1,1.0,0.83
CUST_02657,2025-05-01,1,1.0,0.83
CUST_02657,2025-06-01,1,1.0,0.83
CUST_02657,2025-11-01,2,0.5,0.75
CUST_02659,2024-03-01,1,0.0,0.75
CUST_02659,2024-06-01,1,1.0,0.75
CUST_02659,2024-07-01,2,1.0,0.79
CUST_02659,2024-08-01,2,1.0,0.865
CUST_02659,2024-11-01,1,1.0,0.75
CUST_02659,2025-03-01,2,1.0,0.75
CUST_02659,2025-05-01,1,1.0,0.75
CUST_02659,2025-07-01,1,1.0,0.75
CUST_02659,2025-09-01,1,1.0,0.75
CUST_02660,2025-06-01,1,0.0,0.55
CUST_02660,2025-07-01,1,1.0,0.55
CUST_02660,2025-08-01,1,0.0,0.61
CUST_02660,2025-10-01,2,1.0,0.55
CUST_02660,2025-11-01,1,1.0,0.55
CUST_02661,2025-10-01,1,0.0,0.35
CUST_02662,2025-09-01,1,1.0,0.61
CUST_02662,2025-11-01,1,1.0,0.55
CUST_02663,2025-09-01,1,1.0,0.55
CUST_02663,2025-11-01,1,1.0,0.61
CUST_02664,2025-04-01,2,0.0,0.35
CUST_02664,2025-05-01,1,1.0,0.39
CUST_02664,2025-08-01,1,0.0,0.35
CUST_02665,2024-09-01,2,0.0,0.5800000000000001
CUST_02665,2024-12-01,1,1.0,0.55
CUST_02665,2025-01-01,1,1.0,0.55
CUST_02665,2025-03-01,1,1.0,0.55
CUST_02665,2025-06-01,1,1.0,0.55
CUST_02665,2025-07-01,1,1.0,0.55
CUST_02665,2025-11-01,1,1.0,0.55
CUST_02666,2024-09-01,1,1.0,0.9
CUST_02666,2024-10-01,1,1.0,0.75
CUST_02666,2024-12-01,1,0.0,0.75
CUST_02666,2025-01-01,1,1.0,0.75
CUST_02666,2025-04-01,1,1.0,0.75
CUST_02666,2025-05-01,1,1.0,0.75
CUST_02666,2025-11-01,1,1.0,0.9
CUST_02667,2024-09-01,1,1.0,0.66
CUST_02667,2024-12-01,2,0.5,0.5800000000000001
CUST_02667,2025-12-01,1,0.0,0.61
CUST_02669,2025-09-01,1,0.0,0.35
CUST_02670,2024-07-01,1,0.0,0.55
CUST_02670,2024-09-01,1,0.0,0.55
CUST_02670,2024-11-01,2,1.0,0.55
CUST_02670,2025-02-01,1,1.0,0.55
CUST_02670,2025-05-01,1,1.0,0.66
CUST_02670,2025-06-01,1,1.0,0.55
CUST_02670,2025-07-01,1,0.0,0.55
CUST_02670,2025-09-01,1,1.0,0.55
CUST_02671,2025-01-01,1,1.0,0.35
CUST_02671,2025-06-01,1,1.0,0.39
CUST_02671,2025-08-01,1,0.0,0.35
CUST_02672,2025-02-01,1,0.0,0.35
CUST_02672,2025-11-01,1,0.0,0.39
CUST_02673,2025-03-01,1,1.0,0.83
CUST_02673,2025-04-01,2,0.5,0.79
CUST_02673,2025-07-01,2,1.0,0.75
CUST_02673,2025-09-01,1,1.0,0.75
CUST_02674,2024-06-01,1,1.0,0.55
CUST_02674,2024-08-01,1,1.0,0.55
CUST_02674,2024-11-01,1,0.0,0.55
CUST_02674,2025-05-01,1,0.0,0.55
CUST_02674,2025-07-01,1,1.0,0.55
CUST_02674,2025-12-01,2,0.5,0.55
CUST_02675,2025-01-01,1,0.0,0.39
CUST_02675,2025-03-01,1,1.0,0.42
CUST_02675,2025-07-01,1,0.0,0.35
CUST_02675,2025-08-01,1,1.0,0.35
CUST_02675,2025-09-01,1,0.0,0.39
CUST_02676,2025-10-01,1,1.0,0.35
CUST_02677,2024-12-01,1,0.0,0.39
CUST_02677,2025-07-01,1,0.0,0.35
CUST_02677,2025-10-01,1,0.0,0.39
CUST_02678,2025-12-01,1,1.0,0.35
CUST_02679,2025-06-01,1,0.0,0.55
CUST_02679,2025-12-01,1,1.0,0.61
CUST_02680,2025-06-01,1,1.0,0.35
CUST_02681,2025-03-01,2,0.5,0.75
CUST_02681,2025-05-01,2,1.0,0.75
CUST_02681,2025-09-01,1,1.0,0.75
CUST_02683,2025-02-01,2,0.5,0.405
CUST_02683,2025-05-01,1,0.0,0.35
CUST_02683,2025-11-01,1,1.0,0.35
CUST_02683,2025-12-01,2,0.0,0.37
CUST_02684,2024-02-01,1,1.0,0.35
CUST_02684,2024-04-01,1,1.0,0.42
CUST_02684,2025-01-01,1,0.0,0.35
CUST_02684,2025-10-01,1,1.0,0.35
CUST_02684,2025-11-01,1,0.0,0.35
CUST_02685,2025-02-01,2,0.0,0.385
CUST_02685,2025-05-01,1,0.0,0.35
CUST_02685,2025-09-01,2,0.5,0.385
CUST_02687,2025-09-01,1,1.0,0.39
CUST_02688,2024-11-01,1,1.0,0.39
CUST_02688,2024-12-01,1,0.0,0.39
CUST_02688,2025-02-01,1,0.0,0.42
CUST_02689,2024-09-01,1,0.0,0.39
CUST_02689,2024-12-01,1,0.0,0.35
CUST_02689,2025-10-01,2,0.0,0.35
CUST_02690,2025-10-01,1,0.0,0.35
CUST_02691,2024-11-01,1,0.0,0.75
CUST_02691,2025-03-01,1,0.0,0.83
CUST_02691,2025-04-01,1,0.0,0.75
CUST_02691,2025-06-01,1,1.0,0.75
CUST_02691,2025-10-01,1,1.0,0.75
CUST_02691,2025-11-01,2,1.0,0.75
CUST_02692,2024-09-01,1,1.0,0.35
CUST_02692,2025-05-01,1,1.0,0.39
CUST_02693,2025-06-01,1,1.0,0.75
CUST_02693,2025-07-01,1,1.0,0.75
CUST_02693,2025-08-01,2,0.5,0.75
CUST_02693,2025-09-01,1,1.0,0.75
CUST_02694,2024-12-01,2,1.0,0.61
CUST_02694,2025-03-01,2,0.5,0.55
CUST_02694,2025-06-01,1,0.0,0.61
CUST_02694,2025-11-01,1,0.0,0.55
CUST_02694,2025-12-01,1,0.0,0.55
CUST_02695,2024-02-01,1,0.0,0.55
CUST_02695,2024-03-01,1,1.0,0.66
CUST_02695,2024-05-01,1,1.0,0.55
CUST_02695,2025-01-01,1,1.0,0.66
CUST_02695,2025-06-01,1,0.0,0.55
CUST_02695,2025-07-01,1,0.0,0.61
CUST_02695,2025-10-01,1,1.0,0.55
CUST_02696,2024-12-01,1,1.0,0.35
CUST_02696,2025-05-01,1,1.0,0.35
CUST_02696,2025-07-01,1,0.0,0.42
CUST_02696,2025-08-01,2,0.5,0.37
CUST_02697,2024-12-01,1,0.0,0.42
CUST_02697,2025-01-01,1,0.0,0.39
CUST_02697,2025-09-01,1,0.0,0.35
CUST_02697,2025-10-01,1,0.0,0.35
CUST_02699,2025-12-01,1,1.0,0.35
CUST_02701,2024-05-01,1,0.0,0.55
CUST_02701,2024-07-01,1,1.0,0.55
CUST_02701,2025-01-01,1,1.0,0.55
CUST_02701,2025-03-01,1,0.0,0.55
CUST_02701,2025-11-01,1,0.0,0.55
CUST_02702,2024-05-01,1,1.0,0.35
CUST_02702,2024-11-01,1,0.0,0.39
CUST_02703,2025-07-01,2,0.0,0.35
CUST_02703,2025-09-01,2,0.5,0.35
CUST_02704,2024-07-01,1,0.0,0.66
CUST_02704,2025-03-01,1,1.0,0.61
CUST_02704,2025-04-01,1,1.0,0.55
CUST_02704,2025-09-01,1,1.0,0.55
CUST_02704,2025-11-01,2,1.0,0.5800000000000001
CUST_02705,2025-06-01,1,0.0,0.35
CUST_02705,2025-12-01,1,0.0,0.35
CUST_02706,2025-06-01,1,1.0,0.35
CUST_02706,2025-07-01,1,0.0,0.35
CUST_02706,2025-10-01,1,0.0,0.35
CUST_02707,2024-07-01,1,0.0,0.39
CUST_02707,2025-01-01,1,0.0,0.42
CUST_02707,2025-07-01,1,1.0,0.35
CUST_02707,2025-09-01,1,1.0,0.35
CUST_02707,2025-10-01,1,1.0,0.35
CUST_02707,2025-12-01,1,1.0,0.35
CUST_02708,2025-09-01,1,0.0,0.35
CUST_02708,2025-12-01,1,0.0,0.35
CUST_02709,2024-05-01,1,0.0,0.75
CUST_02709,2024-11-01,1,1.0,0.75
CUST_02709,2024-12-01,1,1.0,0.75
CUST_02709,2025-02-01,1,1.0,0.75
CUST_02709,2025-03-01,1,1.0,0.75
CUST_02709,2025-04-01,1,0.0,0.75
CUST_02709,2025-05-01,1,1.0,0.83
CUST_02709,2025-06-01,1,0.0,0.75
CUST_02709,2025-08-01,1,1.0,0.83
CUST_02709,2025-11-01,3,1.0,0.7999999999999999
CUST_02710,2025-09-01,1,1.0,0.35
CUST_02710,2025-10-01,1,1.0,0.35
CUST_02711,2024-08-01,1,1.0,0.83
CUST_02711,2024-10-01,2,0.5,0.79
CUST_02711,2024-11-01,1,1.0,0.75
CUST_02711,2025-01-01,2,0.5,0.75
CUST_02711,2025-05-01,2,1.0,0.79
CUST_02711,2025-07-01,1,1.0,0.75
CUST_02711,2025-10-01,2,1.0,0.79
CUST_02711,2025-11-01,2,1.0,0.75
CUST_02711,2025-12-01,1,1.0,0.83
CUST_02712,2024-09-01,1,0.0,0.35
CUST_02712,2025-01-01,1,0.0,0.35
CUST_02712,2025-02-01,1,1.0,0.35
CUST_02712,2025-09-01,2,0.0,0.35
CUST_02713,2025-11-01,1,0.0,0.39
CUST_02714,2025-10-01,1,0.0,0.35
CUST_02714,2025-12-01,1,1.0,0.35
CUST_02715,2024-08-01,2,1.0,0.865
CUST_02715,2024-10-01,1,1.0,0.83
CUST_02715,2025-05-01,1,1.0,0.75
CUST_02715,2025-08-01,1,1.0,0.75
CUST_02715,2025-09-01,1,1.0,0.75
CUST_02717,2025-07-01,1,0.0,0.39
CUST_02719,2024-05-01,1,1.0,0.35
CUST_02719,2024-09-01,1,0.0,0.35
CUST_02719,2024-10-01,1,1.0,0.35
CUST_02719,2025-10-01,1,0.0,0.35
CUST_02720,2024-07-01,1,1.0,0.39
CUST_02720,2024-09-01,1,1.0,0.35
CUST_02720,2024-12-01,1,0.0,0.35
CUST_02720,2025-11-01,1,0.0,0.35
CUST_02721,2025-04-01,1,0.0,0.35
CUST_02721,2025-06-01,1,0.0,0.42
CUST_02721,2025-08-01,1,0.0,0.35
CUST_02721,2025-12-01,1,0.0,0.35
CUST_02723,2025-06-01,1,1.0,0.39
CUST_02723,2025-07-01,1,1.0,0.35
CUST_02723,2025-11-01,1,0.0,0.35
CUST_02725,2024-08-01,1,1.0,0.75
CUST_02725,2024-12-01,1,1.0,0.75
CUST_02725,2025-02-01,1,1.0,0.75
CUST_02725,2025-05-01,1,1.0,0.75
CUST_02725,2025-06-01,1,1.0,0.75
CUST_02725,2025-07-01,1,0.0,0.75
CUST_02725,2025-08-01,1,1.0,0.75
CUST_02725,2025-10-01,2,1.0,0.75
CUST_02725,2025-11-01,1,1.0,0.75
CUST_02726,2024-12-01,1,1.0,0.35
CUST_02726,2025-06-01,1,0.0,0.35
CUST_02727,2025-04-01,1,0.0,0.55
CUST_02727,2025-06-01,1,0.0,0.61
CUST_02727,2025-07-01,1,1.0,0.55
CUST_02727,2025-08-01,1,1.0,0.55
CUST_02727,2025-11-01,1,1.0,0.55
CUST_02728,2024-04-01,1,1.0,0.35
CUST_02728,2024-05-01,1,0.0,0.42
CUST_02728,2024-07-01,1,1.0,0.35
CUST_02728,2024-08-01,1,0.0,0.35
CUST_02728,2025-07-01,3,0.0,0.37666666666666665
CUST_02729,2025-05-01,1,0.0,0.35
CUST_02730,2025-06-01,1,1.0,0.61
CUST_02731,2024-12-01,1,1.0,0.35
CUST_02731,2025-11-01,1,1.0,0.35
CUST_02733,2025-10-01,1,0.0,0.35
CUST_02734,2025-03-01,1,1.0,0.39
CUST_02734,2025-06-01,1,1.0,0.35
CUST_02734,2025-09-01,1,1.0,0.39
CUST_02736,2025-02-01,1,0.0,0.39
CUST_02736,2025-08-01,1,0.0,0.35
CUST_02736,2025-12-01,1,1.0,0.35
CUST_02737,2025-08-01,1,0.0,0.35
CUST_02738,2025-05-01,1,1.0,0.35
CUST_02739,2024-09-01,1,1.0,0.55
CUST_02739,2025-01-01,1,0.0,0.66
CUST_02739,2025-05-01,1,1.0,0.55
CUST_02739,2025-06-01,1,0.0,0.55
CUST_02739,2025-08-01,1,0.0,0.61
CUST_02739,2025-10-01,1,0.0,0.55
CUST_02740,2025-04-01,1,0.0,0.55
CUST_02740,2025-07-01,1,1.0,0.61
CUST_02740,2025-08-01,1,1.0,0.55
CUST_02740,2025-11-01,1,1.0,0.61
CUST_02741,2024-05-01,1,1.0,0.35
CUST_02741,2024-06-01,1,0.0,0.35
CUST_02741,2024-07-01,1,0.0,0.42
CUST_02741,2025-04-01,2,0.5,0.37
CUST_02741,2025-06-01,1,0.0,0.35
CUST_02743,2024-08-01,1,0.0,0.75
CUST_02743,2024-09-01,1,1.0,0.9
CUST_02743,2024-11-01,1,0.0,0.75
CUST_02743,2024-12-01,1,1.0,0.83
CUST_02743,2025-01-01,1,1.0,0.75
CUST_02743,2025-02-01,1,1.0,0.75
CUST_02743,2025-05-01,1,0.0,0.75
CUST_02743,2025-07-01,1,1.0,0.75
CUST_02743,2025-09-01,1,1.0,0.75
CUST_02743,2025-10-01,1,1.0,0.75
CUST_02743,2025-12-01,2,0.5,0.75
CUST_02744,2025-10-01,1,1.0,0.39
CUST_02745,2025-06-01,1,0.0,0.55
CUST_02746,2025-05-01,1,0.0,0.55
CUST_02748,2025-01-01,1,0.0,0.35
CUST_02748,2025-03-01,1,1.0,0.35
CUST_02748,2025-08-01,1,0.0,0.35
CUST_02748,2025-10-01,1,0.0,0.35
CUST_02749,2024-08-01,1,0.0,0.35
CUST_02749,2024-10-01,1,1.0,0.35
CUST_02749,2025-06-01,1,1.0,0.35
CUST_02749,2025-07-01,1,1.0,0.35
CUST_02749,2025-08-01,1,1.0,0.35
CUST_02749,2025-09-01,1,0.0,0.35
CUST_02750,2024-07-01,1,1.0,0.55
CUST_02750,2024-08-01,1,1.0,0.55
CUST_02750,2024-11-01,2,0.5,0.5800000000000001
CUST_02750,2025-05-01,1,0.0,0.66
CUST_02750,2025-12-01,1,1.0,0.55
CUST_02751,2024-05-01,1,0.0,0.39
CUST_02751,2024-09-01,1,0.0,0.42
CUST_02751,2024-11-01,1,0.0,0.35
CUST_02751,2025-02-01,1,1.0,0.39
CUST_02751,2025-09-01,1,1.0,0.39
CUST_02751,2025-10-01,1,0.0,0.35
CUST_02752,2025-06-01,1,1.0,0.35
CUST_02752,2025-07-01,1,1.0,0.42
CUST_02753,2025-09-01,1,0.0,0.35
CUST_02753,2025-12-01,1,0.0,0.35
CUST_02754,2025-05-01,1,1.0,0.42
CUST_02754,2025-06-01,1,0.0,0.35
CUST_02754,2025-07-01,1,1.0,0.35
CUST_02755,2024-03-01,2,0.5,0.5800000000000001
CUST_02755,2024-04-01,1,1.0,0.55
CUST_02755,2024-07-01,1,0.0,0.61
CUST_02755,2025-06-01,1,0.0,0.55
CUST_02755,2025-09-01,1,1.0,0.55
CUST_02755,2025-10-01,1,0.0,0.55
CUST_02755,2025-11-01,1,1.0,0.66
CUST_02756,2025-07-01,2,1.0,0.405
CUST_02758,2025-05-01,1,0.0,0.42
CUST_02758,2025-06-01,1,0.0,0.35
CUST_02758,2025-11-01,1,1.0,0.42
CUST_02759,2025-10-01,2,0.5,0.55
CUST_02759,2025-11-01,1,0.0,0.55
CUST_02759,2025-12-01,1,1.0,0.61
CUST_02760,2024-02-01,1,1.0,0.61
CUST_02760,2024-03-01,1,1.0,0.55
CUST_02760,2024-05-01,1,0.0,0.61
CUST_02760,2025-03-01,2,0.5,0.5800000000000001
CUST_02760,2025-07-01,1,1.0,0.61
CUST_02760,2025-08-01,2,1.0,0.605
CUST_02760,2025-10-01,1,1.0,0.55
CUST_02761,2025-01-01,1,0.0,0.35
CUST_02761,2025-09-01,2,0.0,0.37
CUST_02763,2024-03-01,1,1.0,0.75
CUST_02763,2024-05-01,1,1.0,0.83
CUST_02763,2024-07-01,1,1.0,0.83
CUST_02763,2024-08-01,1,1.0,0.75
CUST_02763,2025-04-01,1,1.0,0.75
CUST_02763,2025-06-01,1,1.0,0.75
CUST_02763,2025-07-01,1,0.0,0.9
CUST_02763,2025-08-01,1,1.0,0.83
CUST_02763,2025-10-01,1,1.0,0.83
CUST_02765,2024-02-01,1,1.0,0.39
CUST_02765,2024-09-01,1,1.0,0.35
CUST_02765,2025-05-01,1,0.0,0.42
CUST_02767,2025-11-01,1,1.0,0.39
CUST_02768,2024-07-01,2,0.0,0.55
CUST_02768,2024-10-01,1,1.0,0.55
CUST_02768,2024-11-01,1,0.0,0.55
CUST_02768,2025-01-01,1,0.0,0.61
CUST_02768,2025-02-01,1,1.0,0.55
CUST_02768,2025-10-01,1,0.0,0.55
CUST_02768,2025-12-01,1,1.0,0.55
CUST_02769,2025-03-01,1,0.0,0.55
CUST_02771,2024-07-01,1,0.0,0.35
CUST_02771,2025-06-01,1,1.0,0.35
CUST_02771,2025-08-01,1,0.0,0.42
CUST_02772,2025-05-01,1,0.0,0.39
CUST_02773,2025-03-01,1,0.0,0.35
CUST_02773,2025-04-01,1,0.0,0.35
CUST_02773,2025-10-01,1,0.0,0.39
CUST_02773,2025-11-01,1,0.0,0.42
CUST_02773,2025-12-01,1,0.0,0.39
CUST_02774,2025-11-01,1,1.0,0.35
CUST_02775,2025-05-01,1,0.0,0.39
CUST_02775,2025-09-01,1,0.0,0.35
CUST_02777,2025-09-01,1,1.0,0.9
CUST_02777,2025-10-01,3,1.0,0.8033333333333333
CUST_02777,2025-12-01,1,1.0,0.75
CUST_02778,2024-08-01,1,1.0,0.39
CUST_02778,2025-03-01,1,0.0,0.35
CUST_02779,2025-05-01,1,0.0,0.35
CUST_02779,2025-07-01,1,0.0,0.35
CUST_02779,2025-11-01,1,1.0,0.35
CUST_02780,2024-11-01,1,1.0,0.39
CUST_02780,2025-10-01,1,0.0,0.35
CUST_02781,2025-06-01,1,0.0,0.35
CUST_02781,2025-12-01,1,0.0,0.39
CUST_02782,2025-03-01,1,0.0,0.35
CUST_02782,2025-08-01,1,0.0,0.35
CUST_02782,2025-10-01,1,0.0,0.42
CUST_02783,2025-11-01,2,0.5,0.75
CUST_02785,2025-07-01,1,1.0,0.66
CUST_02786,2025-05-01,1,1.0,0.61
CUST_02786,2025-06-01,1,1.0,0.55
CUST_02786,2025-08-01,1,0.0,0.55
CUST_02788,2024-06-01,1,0.0,0.35
CUST_02788,2025-12-01,1,0.0,0.35
CUST_02789,2024-08-01,1,1.0,0.55
CUST_02789,2025-01-01,1,0.0,0.61
CUST_02789,2025-07-01,1,1.0,0.61
CUST_02789,2025-12-01,1,0.0,0.55
CUST_02791,2025-11-01,1,0.0,0.35
CUST_02792,2025-11-01,1,0.0,0.35
CUST_02793,2025-10-01,1,1.0,0.61
CUST_02794,2024-10-01,1,1.0,0.55
CUST_02794,2024-11-01,1,1.0,0.55
CUST_02794,2025-01-01,1,0.0,0.55
CUST_02794,2025-03-01,1,0.0,0.55
CUST_02794,2025-11-01,1,0.0,0.55
CUST_02794,2025-12-01,1,0.0,0.55
CUST_02795,2025-01-01,1,0.0,0.35
CUST_02795,2025-12-01,1,0.0,0.35
CUST_02796,2025-04-01,1,1.0,0.35
CUST_02796,2025-05-01,1,1.0,0.35
CUST_02797,2025-01-01,1,1.0,0.55
CUST_02797,2025-02-01,1,1.0,0.55
CUST_02797,2025-04-01,2,0.5,0.66
CUST_02798,2024-02-01,3,0.3333333333333333,0.59
CUST_02798,2024-03-01,1,1.0,0.55
CUST_02798,2024-05-01,1,1.0,0.55
CUST_02798,2024-08-01,1,1.0,0.55
CUST_02798,2024-10-01,1,1.0,0.61
CUST_02798,2025-04-01,1,0.0,0.55
CUST_02798,2025-06-01,1,0.0,0.61
CUST_02798,2025-12-01,1,1.0,0.66
CUST_02799,2024-03-01,1,1.0,0.75
CUST_02799,2024-07-01,1,1.0,0.75
CUST_02799,2024-11-01,1,0.0,0.83
CUST_02799,2025-04-01,2,1.0,0.79
CUST_02799,2025-09-01,1,1.0,0.83
CUST_02799,2025-11-01,1,1.0,0.75
CUST_02801,2025-01-01,1,0.0,0.39
CUST_02801,2025-07-01,1,0.0,0.35
CUST_02801,2025-12-01,1,0.0,0.35
CUST_02802,2025-02-01,1,0.0,0.35
CUST_02802,2025-05-01,1,1.0,0.42
CUST_02804,2024-07-01,1,1.0,0.42
CUST_02804,2025-03-01,1,0.0,0.35
CUST_02805,2025-08-01,1,0.0,0.55
CUST_02805,2025-12-01,1,1.0,0.55
CUST_02806,2024-09-01,1,0.0,0.42
CUST_02806,2025-04-01,1,0.0,0.35
CUST_02806,2025-10-01,1,1.0,0.35
CUST_02807,2024-03-01,1,0.0,0.35
CUST_02807,2024-05-01,1,0.0,0.39
CUST_02807,2025-03-01,1,0.0,0.35
CUST_02807,2025-04-01,1,0.0,0.35
CUST_02807,2025-07-01,1,0.0,0.35
CUST_02807,2025-08-01,2,1.0,0.37
CUST_02807,2025-09-01,1,1.0,0.42
CUST_02807,2025-11-01,1,0.0,0.35
CUST_02808,2025-09-01,1,1.0,0.75
CUST_02808,2025-10-01,1,1.0,0.75
CUST_02809,2025-05-01,1,1.0,0.55
CUST_02809,2025-07-01,1,1.0,0.55
CUST_02810,2024-09-01,1,0.0,0.35
CUST_02810,2025-09-01,1,0.0,0.35
CUST_02810,2025-10-01,1,0.0,0.35
CUST_02812,2025-06-01,1,0.0,0.35
CUST_02812,2025-07-01,1,1.0,0.35
CUST_02813,2025-06-01,1,0.0,0.35
CUST_02813,2025-12-01,1,1.0,0.39
CUST_02817,2024-01-01,1,1.0,0.9
CUST_02817,2024-11-01,1,1.0,0.75
CUST_02817,2025-01-01,2,0.5,0.75
CUST_02817,2025-02-01,1,1.0,0.75
CUST_02817,2025-03-01,2,1.0,0.865
CUST_02817,2025-05-01,1,1.0,0.83
CUST_02817,2025-06-01,1,1.0,0.75
CUST_02817,2025-11-01,1,1.0,0.9
CUST_02818,2024-07-01,1,0.0,0.55
CUST_02818,2025-05-01,2,0.5,0.55
CUST_02818,2025-06-01,1,1.0,0.55
CUST_02818,2025-07-01,1,1.0,0.55
CUST_02818,2025-08-01,1,0.0,0.55
CUST_02818,2025-09-01,1,1.0,0.55
CUST_02819,2025-03-01,1,1.0,0.61
CUST_02819,2025-12-01,1,1.0,0.55
CUST_02820,2024-06-01,1,0.0,0.75
CUST_02820,2024-08-01,1,1.0,0.75
CUST_02820,2024-09-01,1,0.0,0.75
CUST_02820,2024-11-01,1,1.0,0.75
CUST_02820,2025-05-01,2,0.5,0.75
CUST_02820,2025-10-01,1,1.0,0.83
CUST_02820,2025-12-01,1,1.0,0.75
CUST_02821,2024-05-01,1,1.0,0.9
CUST_02821,2024-06-01,1,1.0,0.75
CUST_02821,2024-10-01,1,1.0,0.83
CUST_02821,2024-12-01,2,0.5,0.75
CUST_02821,2025-01-01,1,1.0,0.75
CUST_02821,2025-02-01,2,1.0,0.75
CUST_02821,2025-03-01,1,1.0,0.75
CUST_02821,2025-06-01,2,0.5,0.79
CUST_02821,2025-08-01,1,1.0,0.83
CUST_02821,2025-09-01,1,0.0,0.75
CUST_02821,2025-11-01,1,1.0,0.75
CUST_02822,2025-02-01,1,1.0,0.55
CUST_02822,2025-03-01,1,0.0,0.55
CUST_02823,2025-04-01,1,1.0,0.42
CUST_02823,2025-05-01,2,0.0,0.385
CUST_02823,2025-09-01,1,0.0,0.39
CUST_02824,2025-06-01,1,0.0,0.66
CUST_02824,2025-08-01,1,1.0,0.55
CUST_02825,2025-01-01,1,0.0,0.55
CUST_02825,2025-02-01,1,1.0,0.55
CUST_02825,2025-12-01,2,0.5,0.55
CUST_02826,2025-07-01,1,1.0,0.35
CUST_02826,2025-09-01,1,0.0,0.35
CUST_02827,2025-06-01,1,1.0,0.35
CUST_02828,2024-01-01,1,1.0,0.42
CUST_02828,2024-07-01,1,1.0,0.35
CUST_02828,2025-01-01,1,1.0,0.35
CUST_02828,2025-02-01,1,0.0,0.35
CUST_02829,2024-12-01,2,1.0,0.37
CUST_02829,2025-01-01,1,0.0,0.35
CUST_02829,2025-06-01,1,0.0,0.35
CUST_02829,2025-09-01,1,0.0,0.35
CUST_02829,2025-11-01,1,0.0,0.35
CUST_02829,2025-12-01,1,1.0,0.35
CUST_02830,2025-04-01,1,1.0,0.55
CUST_02830,2025-09-01,1,1.0,0.55
CUST_02830,2025-10-01,1,0.0,0.61
CUST_02831,2025-09-01,1,0.0,0.35
CUST_02832,2024-05-01,1,0.0,0.35
CUST_02832,2024-10-01,1,0.0,0.35
CUST_02832,2024-11-01,2,0.5,0.405
CUST_02832,2025-05-01,1,0.0,0.35
CUST_02832,2025-06-01,1,1.0,0.35
CUST_02832,2025-07-01,1,1.0,0.39
CUST_02834,2024-07-01,1,0.0,0.83
CUST_02834,2024-08-01,1,1.0,0.75
CUST_02834,2024-12-01,1,0.0,0.75
CUST_02834,2025-05-01,1,1.0,0.75
CUST_02834,2025-08-01,1,1.0,0.75
CUST_02834,2025-10-01,1,0.0,0.75
CUST_02834,2025-11-01,2,1.0,0.75
CUST_02835,2025-08-01,1,0.0,0.35
CUST_02836,2025-09-01,1,0.0,0.55
CUST_02836,2025-12-01,1,0.0,0.55
CUST_02838,2025-02-01,1,1.0,0.66
CUST_02838,2025-03-01,1,0.0,0.55
CUST_02838,2025-07-01,1,1.0,0.55
CUST_02838,2025-12-01,1,0.0,0.55
CUST_02839,2025-11-01,1,0.0,0.35
CUST_02840,2024-04-01,1,1.0,0.35
CUST_02840,2024-05-01,1,1.0,0.35
CUST_02840,2025-07-01,1,0.0,0.35
CUST_02840,2025-11-01,1,0.0,0.35
CUST_02840,2025-12-01,1,1.0,0.39
CUST_02841,2025-11-01,1,1.0,0.55
CUST_02842,2024-10-01,1,1.0,0.35
CUST_02842,2025-08-01,1,0.0,0.35
CUST_02843,2025-02-01,1,1.0,0.42
CUST_02844,2024-05-01,2,1.0,0.55
CUST_02844,2024-09-01,1,0.0,0.55
CUST_02844,2024-10-01,1,1.0,0.55
CUST_02844,2024-12-01,2,0.5,0.55
CUST_02844,2025-01-01,1,1.0,0.55
CUST_02844,2025-03-01,1,1.0,0.55
CUST_02844,2025-06-01,1,1.0,0.61
CUST_02844,2025-07-01,1,0.0,0.55
CUST_02845,2025-07-01,1,1.0,0.75
CUST_02845,2025-10-01,1,1.0,0.9
CUST_02845,2025-11-01,1,1.0,0.83
CUST_02846,2024-08-01,1,1.0,0.75
CUST_02846,2024-11-01,2,1.0,0.825
CUST_02846,2025-05-01,1,1.0,0.75
CUST_02846,2025-06-01,2,1.0,0.83
CUST_02846,2025-09-01,1,1.0,0.75
CUST_02846,2025-10-01,1,1.0,0.75
CUST_02848,2024-07-01,1,1.0,0.55
CUST_02848,2025-02-01,1,1.0,0.61
CUST_02848,2025-04-01,1,0.0,0.66
CUST_02848,2025-06-01,1,0.0,0.55
CUST_02848,2025-07-01,2,0.0,0.55
CUST_02848,2025-08-01,1,1.0,0.55
CUST_02848,2025-09-01,1,0.0,0.55
CUST_02848,2025-10-01,1,1.0,0.55
CUST_02849,2025-12-01,2,0.5,0.37
CUST_02850,2024-04-01,1,0.0,0.35
CUST_02850,2024-07-01,1,0.0,0.35
CUST_02850,2024-09-01,1,0.0,0.42
CUST_02850,2024-12-01,1,0.0,0.35
CUST_02850,2025-05-01,1,0.0,0.39
CUST_02851,2024-06-01,1,0.0,0.35
CUST_02851,2024-10-01,1,1.0,0.39
CUST_02851,2025-02-01,1,1.0,0.35
CUST_02851,2025-06-01,1,1.0,0.42
CUST_02851,2025-11-01,1,1.0,0.35
CUST_02852,2025-08-01,1,1.0,0.55
CUST_02853,2025-11-01,1,0.0,0.35
CUST_02854,2025-05-01,1,1.0,0.35
CUST_02854,2025-10-01,1,0.0,0.35
CUST_02854,2025-12-01,1,0.0,0.39
CUST_02855,2025-04-01,1,1.0,0.55
CUST_02855,2025-06-01,1,0.0,0.55
CUST_02855,2025-10-01,2,0.5,0.605
CUST_02855,2025-12-01,1,1.0,0.61
CUST_02856,2024-07-01,1,1.0,0.66
CUST_02856,2024-12-01,1,0.0,0.61
CUST_02856,2025-01-01,1,1.0,0.55
CUST_02856,2025-03-01,1,0.0,0.55
CUST_02856,2025-05-01,1,0.0,0.61
CUST_02856,2025-06-01,2,0.0,0.5800000000000001
CUST_02857,2025-02-01,1,0.0,0.35
CUST_02857,2025-03-01,2,0.5,0.35
CUST_02859,2025-03-01,1,1.0,0.75
CUST_02859,2025-06-01,1,1.0,0.75
CUST_02859,2025-07-01,2,1.0,0.75
CUST_02859,2025-09-01,1,1.0,0.75
CUST_02859,2025-12-01,3,0.6666666666666666,0.7766666666666667
CUST_02860,2025-09-01,1,0.0,0.35
CUST_02860,2025-12-01,1,1.0,0.35
CUST_02861,2025-07-01,1,1.0,0.35
CUST_02862,2025-05-01,1,0.0,0.35
CUST_02862,2025-07-01,1,1.0,0.35
CUST_02863,2024-04-01,1,1.0,0.35
CUST_02863,2024-08-01,1,0.0,0.35
CUST_02863,2025-05-01,1,0.0,0.39
CUST_02863,2025-07-01,1,1.0,0.35
CUST_02864,2024-07-01,1,0.0,0.35
CUST_02864,2024-11-01,1,1.0,0.42
CUST_02864,2025-01-01,2,0.0,0.37
CUST_02864,2025-04-01,1,0.0,0.35
CUST_02865,2024-06-01,1,0.0,0.35
CUST_02865,2025-01-01,1,1.0,0.35
CUST_02865,2025-05-01,1,0.0,0.35
CUST_02866,2024-08-01,1,0.0,0.42
CUST_02866,2024-12-01,1,0.0,0.35
CUST_02866,2025-07-01,1,0.0,0.35
CUST_02867,2025-08-01,2,1.0,0.75
CUST_02867,2025-12-01,1,1.0,0.83
CUST_02868,2024-06-01,1,0.0,0.35
CUST_02868,2025-03-01,2,0.5,0.37
CUST_02870,2024-11-01,1,0.0,0.35
CUST_02870,2024-12-01,1,0.0,0.35
CUST_02870,2025-01-01,1,0.0,0.39
CUST_02870,2025-08-01,1,0.0,0.35
CUST_02871,2025-08-01,1,1.0,0.35
CUST_02871,2025-11-01,1,0.0,0.35
CUST_02872,2025-03-01,2,0.5,0.37
CUST_02872,2025-07-01,1,1.0,0.39
CUST_02873,2024-06-01,1,1.0,0.35
CUST_02873,2025-01-01,1,0.0,0.39
CUST_02873,2025-11-01,1,0.0,0.35
CUST_02874,2024-10-01,1,1.0,0.75
CUST_02874,2025-04-01,1,1.0,0.75
CUST_02874,2025-05-01,1,1.0,0.75
CUST_02874,2025-06-01,3,0.6666666666666666,0.8033333333333333
CUST_02874,2025-08-01,1,1.0,0.83
CUST_02874,2025-09-01,2,1.0,0.83
CUST_02874,2025-11-01,1,1.0,0.75
CUST_02876,2025-08-01,1,1.0,0.42
CUST_02876,2025-10-01,1,1.0,0.35
CUST_02876,2025-12-01,1,1.0,0.35
CUST_02877,2025-08-01,1,0.0,0.35
CUST_02877,2025-10-01,1,0.0,0.35
CUST_02878,2024-09-01,2,0.5,0.55
CUST_02878,2025-01-01,1,1.0,0.61
CUST_02878,2025-07-01,1,0.0,0.55
CUST_02878,2025-08-01,1,0.0,0.55
CUST_02879,2024-12-01,1,1.0,0.55
CUST_02879,2025-01-01,1,0.0,0.55
CUST_02879,2025-07-01,1,1.0,0.55
CUST_02879,2025-10-01,1,0.0,0.55
CUST_02881,2025-01-01,1,0.0,0.42
CUST_02881,2025-12-01,1,0.0,0.42
CUST_02882,2025-09-01,2,0.5,0.35
CUST_02883,2024-12-01,2,0.5,0.55
CUST_02883,2025-01-01,1,1.0,0.55
CUST_02883,2025-03-01,1,0.0,0.55
CUST_02883,2025-05-01,1,0.0,0.55
CUST_02883,2025-07-01,1,1.0,0.55
CUST_02883,2025-08-01,1,1.0,0.55
CUST_02883,2025-09-01,2,1.0,0.55
CUST_02883,2025-10-01,1,0.0,0.61
CUST_02883,2025-11-01,2,0.5,0.55
CUST_02883,2025-12-01,1,1.0,0.61
CUST_02884,2025-05-01,1,1.0,0.35
CUST_02884,2025-06-01,1,0.0,0.35
CUST_02884,2025-10-01,1,0.0,0.42
CUST_02885,2025-10-01,1,0.0,0.55
CUST_02885,2025-11-01,1,0.0,0.61
CUST_02889,2024-07-01,1,0.0,0.61
CUST_02889,2024-08-01,1,1.0,0.55
CUST_02889,2025-02-01,1,1.0,0.61
CUST_02889,2025-04-01,2,1.0,0.635
CUST_02889,2025-09-01,1,0.0,0.55
CUST_02890,2025-03-01,1,1.0,0.39
CUST_02890,2025-07-01,1,1.0,0.42
CUST_02890,2025-11-01,2,0.5,0.35
CUST_02890,2025-12-01,1,1.0,0.35
CUST_02891,2025-01-01,2,1.0,0.79
CUST_02891,2025-03-01,1,1.0,0.9
CUST_02891,2025-04-01,3,0.6666666666666666,0.75
CUST_02891,2025-10-01,1,0.0,0.75
CUST_02892,2025-06-01,1,1.0,0.75
CUST_02892,2025-10-01,2,1.0,0.79
CUST_02892,2025-12-01,1,1.0,0.75
CUST_02893,2024-09-01,1,0.0,0.39
CUST_02893,2025-01-01,1,0.0,0.39
CUST_02893,2025-02-01,2,0.5,0.35
CUST_02893,2025-07-01,1,0.0,0.39
CUST_02893,2025-08-01,1,0.0,0.42
CUST_02894,2024-10-01,1,0.0,0.55
CUST_02894,2025-05-01,1,1.0,0.55
CUST_02894,2025-11-01,1,0.0,0.61
CUST_02894,2025-12-01,1,0.0,0.61
CUST_02895,2024-10-01,1,0.0,0.61
CUST_02895,2024-11-01,1,0.0,0.61
CUST_02895,2025-02-01,1,1.0,0.55
CUST_02895,2025-07-01,1,0.0,0.61
CUST_02895,2025-10-01,1,0.0,0.55
CUST_02896,2025-02-01,1,1.0,0.75
CUST_02896,2025-03-01,2,1.0,0.825
CUST_02896,2025-07-01,1,0.0,0.83
CUST_02896,2025-09-01,1,1.0,0.83
CUST_02896,2025-10-01,1,1.0,0.75
CUST_02896,2025-12-01,2,0.5,0.75
CUST_02897,2025-01-01,1,1.0,0.75
CUST_02897,2025-02-01,1,1.0,0.75
CUST_02897,2025-07-01,1,0.0,0.75
CUST_02897,2025-11-01,1,1.0,0.75
CUST_02897,2025-12-01,1,1.0,0.83
CUST_02898,2025-03-01,1,0.0,0.55
CUST_02898,2025-04-01,1,0.0,0.55
CUST_02898,2025-06-01,1,0.0,0.55
CUST_02898,2025-07-01,1,0.0,0.55
CUST_02898,2025-12-01,1,1.0,0.61
CUST_02899,2025-11-01,1,0.0,0.35
CUST_02899,2025-12-01,1,0.0,0.35
CUST_02900,2025-10-01,1,1.0,0.35
CUST_02902,2025-06-01,1,1.0,0.61
CUST_02902,2025-09-01,1,1.0,0.55
CUST_02903,2025-07-01,1,0.0,0.35
CUST_02903,2025-08-01,1,1.0,0.35
CUST_02903,2025-10-01,1,0.0,0.35
CUST_02905,2024-06-01,1,1.0,0.35
CUST_02905,2024-11-01,1,0.0,0.35
CUST_02905,2025-03-01,1,1.0,0.39
CUST_02905,2025-10-01,1,1.0,0.39
CUST_02906,2025-01-01,1,1.0,0.35
CUST_02906,2025-06-01,1,1.0,0.35
CUST_02906,2025-08-01,1,0.0,0.35
CUST_02907,2025-01-01,1,1.0,0.83
CUST_02907,2025-05-01,1,1.0,0.75
CUST_02907,2025-08-01,2,1.0,0.865
CUST_02907,2025-09-01,2,0.5,0.79
CUST_02908,2025-02-01,1,0.0,0.35
CUST_02909,2025-07-01,1,1.0,0.55
CUST_02909,2025-10-01,1,1.0,0.55
CUST_02910,2025-12-01,1,0.0,0.55
CUST_02911,2024-10-01,1,0.0,0.42
CUST_02911,2024-11-01,1,0.0,0.39
CUST_02911,2025-01-01,1,0.0,0.39
CUST_02911,2025-03-01,1,0.0,0.35
CUST_02912,2025-09-01,1,0.0,0.35
CUST_02913,2025-09-01,1,0.0,0.35
CUST_02914,2025-05-01,1,0.0,0.35
CUST_02914,2025-07-01,1,0.0,0.35
CUST_02915,2024-05-01,1,1.0,0.75
CUST_02915,2024-10-01,2,0.0,0.75
CUST_02915,2025-01-01,1,1.0,0.75
CUST_02915,2025-09-01,2,1.0,0.825
CUST_02915,2025-12-01,1,1.0,0.83
CUST_02916,2025-06-01,1,1.0,0.35
CUST_02916,2025-07-01,1,0.0,0.35
CUST_02916,2025-10-01,1,0.0,0.35
CUST_02917,2024-05-01,3,0.6666666666666666,0.7766666666666667
CUST_02917,2024-10-01,1,1.0,0.75
CUST_02917,2025-05-01,3,0.0,0.8266666666666667
CUST_02917,2025-06-01,2,1.0,0.75
CUST_02917,2025-08-01,1,1.0,0.75
CUST_02917,2025-10-01,1,1.0,0.75
CUST_02917,2025-12-01,1,1.0,0.83
CUST_02918,2024-11-01,1,1.0,0.35
CUST_02918,2025-07-01,1,0.0,0.35
CUST_02918,2025-08-01,1,0.0,0.35
CUST_02918,2025-12-01,2,0.0,0.385
CUST_02919,2025-05-01,1,0.0,0.35
CUST_02920,2024-10-01,2,1.0,0.75
CUST_02920,2024-12-01,1,0.0,0.75
CUST_02920,2025-03-01,1,1.0,0.9
CUST_02920,2025-08-01,1,0.0,0.75
CUST_02921,2025-03-01,2,1.0,0.75
CUST_02921,2025-10-01,1,0.0,0.75
CUST_02923,2024-03-01,1,0.0,0.55
CUST_02923,2024-06-01,1,1.0,0.61
CUST_02923,2025-02-01,1,1.0,0.55
CUST_02923,2025-03-01,1,0.0,0.55
CUST_02923,2025-04-01,2,0.5,0.55
CUST_02923,2025-05-01,1,0.0,0.55
CUST_02923,2025-07-01,1,1.0,0.61
CUST_02923,2025-09-01,1,1.0,0.55
CUST_02923,2025-12-01,2,1.0,0.55
CUST_02924,2024-10-01,1,1.0,0.39
CUST_02924,2024-11-01,1,0.0,0.35
CUST_02924,2025-08-01,1,1.0,0.35
CUST_02924,2025-10-01,1,0.0,0.39
CUST_02924,2025-12-01,1,0.0,0.35
CUST_02925,2024-08-01,1,0.0,0.35
CUST_02925,2025-10-01,1,1.0,0.35
CUST_02925,2025-12-01,2,0.5,0.39
CUST_02926,2025-10-01,1,1.0,0.75
CUST_02926,2025-12-01,1,1.0,0.75
CUST_02927,2025-12-01,1,1.0,0.55
CUST_02928,2025-07-01,1,1.0,0.55
CUST_02929,2025-04-01,1,1.0,0.42
CUST_02930,2025-08-01,1,1.0,0.55
CUST_02931,2025-01-01,2,1.0,0.79
CUST_02931,2025-03-01,1,1.0,0.75
CUST_02931,2025-04-01,1,1.0,0.83
CUST_02931,2025-08-01,1,1.0,0.75
CUST_02931,2025-09-01,1,1.0,0.83
CUST_02931,2025-11-01,1,1.0,0.75
CUST_02931,2025-12-01,1,1.0,0.83
CUST_02932,2024-06-01,1,1.0,0.66
CUST_02932,2024-07-01,1,1.0,0.66
CUST_02932,2025-10-01,1,1.0,0.55
CUST_02932,2025-12-01,1,1.0,0.55
CUST_02933,2025-09-01,1,0.0,0.35
CUST_02933,2025-12-01,1,1.0,0.39
CUST_02935,2024-08-01,2,1.0,0.83
CUST_02935,2024-10-01,1,0.0,0.75
CUST_02935,2025-02-01,1,0.0,0.75
CUST_02935,2025-03-01,1,1.0,0.9
CUST_02935,2025-08-01,2,0.0,0.75
CUST_02935,2025-09-01,1,1.0,0.75
CUST_02935,2025-10-01,1,1.0,0.75
CUST_02935,2025-12-01,2,1.0,0.825
CUST_02936,2024-12-01,1,1.0,0.35
CUST_02936,2025-01-01,1,0.0,0.35
CUST_02936,2025-02-01,1,0.0,0.35
CUST_02936,2025-03-01,1,0.0,0.35
CUST_02937,2024-06-01,1,0.0,0.35
CUST_02937,2024-08-01,1,1.0,0.42
CUST_02937,2025-06-01,1,0.0,0.35
CUST_02937,2025-12-01,1,0.0,0.35
CUST_02938,2025-08-01,1,1.0,0.9
CUST_02941,2024-08-01,1,0.0,0.55
CUST_02941,2024-10-01,3,0.3333333333333333,0.55
CUST_02941,2025-02-01,1,1.0,0.61
CUST_02941,2025-10-01,2,0.5,0.55
CUST_02942,2025-01-01,1,0.0,0.35
CUST_02942,2025-02-01,1,0.0,0.35
CUST_02943,2025-07-01,1,0.0,0.35
CUST_02943,2025-09-01,2,0.5,0.35
CUST_02944,2024-12-01,1,1.0,0.55
CUST_02944,2025-02-01,2,0.5,0.55
CUST_02944,2025-04-01,1,1.0,0.61
CUST_02944,2025-05-01,1,1.0,0.61
CUST_02944,2025-09-01,1,1.0,0.55
CUST_02945,2024-02-01,1,1.0,0.55
CUST_02945,2024-09-01,1,1.0,0.55
CUST_02945,2024-11-01,1,1.0,0.61
CUST_02945,2025-02-01,1,1.0,0.61
CUST_02945,2025-04-01,1,1.0,0.66
CUST_02945,2025-06-01,1,0.0,0.66
CUST_02945,2025-08-01,1,1.0,0.55
CUST_02945,2025-12-01,1,0.0,0.55
CUST_02946,2024-02-01,1,1.0,0.55
CUST_02946,2024-09-01,1,1.0,0.55
CUST_02946,2025-10-01,1,0.0,0.55
CUST_02947,2025-06-01,1,0.0,0.55
CUST_02947,2025-07-01,1,1.0,0.66
CUST_02947,2025-11-01,1,1.0,0.55
CUST_02949,2024-10-01,1,0.0,0.35
CUST_02949,2024-12-01,1,0.0,0.35
CUST_02949,2025-02-01,1,1.0,0.35
CUST_02950,2024-08-01,1,0.0,0.42
CUST_02950,2024-12-01,1,0.0,0.42
CUST_02950,2025-01-01,1,0.0,0.39
CUST_02950,2025-03-01,1,0.0,0.35
CUST_02950,2025-04-01,1,0.0,0.35
CUST_02950,2025-06-01,1,1.0,0.35
CUST_02950,2025-10-01,1,0.0,0.35
CUST_02951,2025-03-01,1,1.0,0.35
CUST_02951,2025-09-01,1,1.0,0.35
CUST_02952,2024-04-01,1,1.0,0.75
CUST_02952,2024-06-01,1,1.0,0.83
CUST_02952,2024-08-01,1,0.0,0.9
CUST_02952,2024-09-01,1,1.0,0.9
CUST_02952,2024-11-01,1,1.0,0.75
CUST_02952,2025-04-01,1,1.0,0.75
CUST_02952,2025-05-01,1,1.0,0.83
CUST_02952,2025-07-01,2,1.0,0.825
CUST_02952,2025-08-01,1,1.0,0.75
CUST_02952,2025-12-01,1,1.0,0.75
CUST_02953,2024-07-01,1,1.0,0.35
CUST_02953,2024-08-01,1,0.0,0.35
CUST_02953,2024-12-01,1,1.0,0.35
CUST_02953,2025-06-01,1,0.0,0.35
CUST_02955,2025-08-01,1,1.0,0.55
CUST_02955,2025-09-01,1,0.0,0.55
CUST_02955,2025-11-01,1,1.0,0.55
CUST_02955,2025-12-01,1,1.0,0.55
CUST_02956,2025-03-01,1,1.0,0.66
CUST_02956,2025-06-01,1,1.0,0.55
CUST_02956,2025-08-01,1,1.0,0.55
CUST_02956,2025-10-01,1,0.0,0.55
CUST_02957,2024-09-01,1,0.0,0.75
CUST_02957,2024-10-01,2,1.0,0.825
CUST_02957,2024-11-01,1,0.0,0.75
CUST_02957,2025-04-01,1,0.0,0.75
CUST_02957,2025-06-01,1,1.0,0.83
CUST_02957,2025-09-01,1,1.0,0.9
CUST_02957,2025-11-01,1,1.0,0.75
CUST_02957,2025-12-01,1,1.0,0.75
CUST_02958,2025-05-01,1,0.0,0.35
CUST_02959,2024-06-01,1,0.0,0.35
CUST_02959,2024-07-01,1,1.0,0.39
CUST_02959,2025-12-01,1,1.0,0.35
CUST_02960,2024-11-01,1,0.0,0.55
CUST_02960,2025-02-01,1,1.0,0.55
CUST_02960,2025-03-01,1,1.0,0.55
CUST_02960,2025-11-01,1,1.0,0.55
CUST_02960,2025-12-01,1,1.0,0.61
CUST_02961,2025-09-01,1,0.0,0.35
CUST_02961,2025-12-01,1,0.0,0.35
CUST_02962,2025-09-01,1,0.0,0.35
CUST_02963,2025-12-01,1,1.0,0.35
CUST_02964,2025-10-01,2,0.5,0.5800000000000001
CUST_02964,2025-11-01,1,1.0,0.61
CUST_02965,2025-04-01,1,0.0,0.42
CUST_02965,2025-05-01,1,1.0,0.35
CUST_02965,2025-07-01,1,1.0,0.35
CUST_02966,2025-05-01,1,0.0,0.61
CUST_02966,2025-06-01,1,0.0,0.55
CUST_02967,2025-11-01,1,0.0,0.35
CUST_02968,2025-09-01,1,1.0,0.35
CUST_02970,2025-07-01,2,1.0,0.35
CUST_02970,2025-08-01,1,0.0,0.39
CUST_02970,2025-12-01,1,1.0,0.35
CUST_02971,2025-08-01,2,0.0,0.35
CUST_02971,2025-12-01,1,1.0,0.35
CUST_02973,2024-10-01,1,0.0,0.55
CUST_02973,2025-09-01,1,0.0,0.55
CUST_02973,2025-12-01,1,0.0,0.55
CUST_02974,2024-05-01,2,0.0,0.35
CUST_02974,2025-04-01,1,1.0,0.35
CUST_02974,2025-07-01,1,1.0,0.35
CUST_02975,2025-07-01,1,0.0,0.35
CUST_02975,2025-08-01,1,0.0,0.39
CUST_02975,2025-09-01,1,0.0,0.35
CUST_02975,2025-11-01,1,0.0,0.35
CUST_02977,2025-03-01,2,0.5,0.5800000000000001
CUST_02977,2025-06-01,1,1.0,0.55
CUST_02977,2025-11-01,2,0.5,0.5800000000000001
CUST_02977,2025-12-01,2,1.0,0.55
CUST_02978,2025-05-01,1,1.0,0.83
CUST_02978,2025-06-01,1,1.0,0.83
CUST_02978,2025-09-01,1,1.0,0.75
CUST_02978,2025-10-01,1,1.0,0.75
CUST_02978,2025-11-01,1,0.0,0.83
CUST_02979,2024-09-01,1,0.0,0.35
CUST_02979,2025-01-01,1,1.0,0.39
CUST_02979,2025-02-01,1,1.0,0.42
CUST_02979,2025-05-01,1,0.0,0.35
CUST_02979,2025-09-01,1,0.0,0.35
CUST_02979,2025-10-01,1,0.0,0.35
CUST_02979,2025-11-01,1,0.0,0.35
CUST_02980,2024-09-01,1,0.0,0.55
CUST_02980,2024-10-01,1,0.0,0.61
CUST_02980,2025-05-01,1,1.0,0.55
CUST_02980,2025-11-01,1,1.0,0.55
CUST_02981,2025-10-01,1,1.0,0.39
CUST_02982,2025-07-01,1,0.0,0.35
CUST_02982,2025-12-01,1,1.0,0.35
CUST_02983,2025-08-01,1,0.0,0.55
CUST_02983,2025-11-01,2,0.5,0.55
CUST_02984,2024-12-01,1,1.0,0.55
CUST_02984,2025-01-01,1,1.0,0.66
CUST_02984,2025-06-01,1,1.0,0.55
CUST_02984,2025-08-01,1,1.0,0.55
CUST_02984,2025-10-01,2,1.0,0.55
CUST_02985,2025-07-01,1,0.0,0.35
CUST_02985,2025-08-01,1,1.0,0.35
CUST_02985,2025-10-01,1,0.0,0.35
CUST_02986,2024-11-01,1,0.0,0.35
CUST_02986,2025-01-01,2,0.5,0.39
CUST_02986,2025-03-01,1,0.0,0.35
CUST_02986,2025-05-01,1,1.0,0.35
CUST_02987,2024-11-01,1,1.0,0.35
CUST_02987,2024-12-01,1,0.0,0.35
CUST_02987,2025-03-01,1,0.0,0.35
CUST_02987,2025-05-01,1,0.0,0.35
CUST_02988,2025-03-01,1,1.0,0.35
CUST_02988,2025-06-01,1,0.0,0.35
CUST_02988,2025-07-01,1,0.0,0.39
CUST_02988,2025-09-01,1,0.0,0.35
CUST_02988,2025-10-01,1,1.0,0.35
CUST_02989,2024-11-01,1,1.0,0.75
CUST_02989,2024-12-01,2,0.0,0.75
CUST_02989,2025-03-01,1,1.0,0.9
CUST_02989,2025-04-01,1,1.0,0.75
CUST_02989,2025-08-01,1,1.0,0.75
CUST_02990,2024-07-01,1,1.0,0.39
CUST_02990,2024-12-01,2,1.0,0.37
CUST_02990,2025-04-01,1,0.0,0.35
CUST_02990,2025-05-01,1,0.0,0.42
CUST_02990,2025-07-01,1,1.0,0.35
CUST_02990,2025-08-01,1,0.0,0.35
CUST_02991,2025-10-01,1,1.0,0.61
CUST_02991,2025-11-01,1,1.0,0.55
CUST_02991,2025-12-01,2,0.5,0.55
CUST_02992,2025-12-01,2,0.5,0.55
CUST_02993,2025-11-01,2,0.5,0.79
CUST_02993,2025-12-01,1,1.0,0.75
CUST_02994,2025-07-01,1,0.0,0.35
CUST_02994,2025-08-01,1,0.0,0.39
CUST_02995,2025-08-01,1,1.0,0.9
CUST_02995,2025-09-01,1,0.0,0.75
CUST_02995,2025-10-01,1,0.0,0.83
CUST_02995,2025-11-01,2,0.5,0.79
CUST_02996,2025-04-01,2,0.0,0.37
CUST_02996,2025-07-01,1,0.0,0.35
CUST_02997,2025-08-01,1,0.0,0.35
CUST_02998,2024-04-01,1,1.0,0.55
CUST_02998,2024-05-01,1,1.0,0.55
CUST_02998,2024-06-01,1,1.0,0.55
CUST_02998,2025-02-01,1,1.0,0.55
CUST_02998,2025-05-01,1,1.0,0.55
CUST_02998,2025-06-01,1,1.0,0.55
CUST_02998,2025-09-01,2,0.5,0.605
CUST_02998,2025-10-01,1,1.0,0.55
CUST_02998,2025-12-01,1,0.0,0.55
CUST_02999,2025-08-01,1,1.0,0.39
CUST_02999,2025-09-01,1,1.0,0.35
CUST_03000,2024-03-01,1,0.0,0.35
CUST_03000,2025-01-01,1,0.0,0.35
CUST_03000,2025-02-01,2,0.0,0.37
CUST_03000,2025-11-01,1,0.0,0.39
CUST_03001,2025-03-01,3,1.0,0.7766666666666667
CUST_03001,2025-04-01,1,1.0,0.75
CUST_03001,2025-09-01,1,1.0,0.9
CUST_03001,2025-11-01,1,1.0,0.75
CUST_03001,2025-12-01,2,0.5,0.75
CUST_03002,2024-06-01,1,1.0,0.42
CUST_03002,2024-08-01,1,1.0,0.35
CUST_03002,2024-11-01,1,0.0,0.35
CUST_03002,2025-01-01,1,1.0,0.35
CUST_03002,2025-10-01,1,0.0,0.35
CUST_03002,2025-12-01,1,0.0,0.35
CUST_03003,2025-02-01,1,1.0,0.55
CUST_03003,2025-07-01,2,0.5,0.5800000000000001
CUST_03005,2025-09-01,1,0.0,0.35
CUST_03008,2024-11-01,1,0.0,0.39
CUST_03008,2025-03-01,1,0.0,0.39
CUST_03008,2025-12-01,1,0.0,0.35
CUST_03009,2024-09-01,1,0.0,0.35
CUST_03009,2024-10-01,1,0.0,0.35
CUST_03009,2025-02-01,1,0.0,0.35
CUST_03009,2025-05-01,1,1.0,0.35
CUST_03009,2025-06-01,1,0.0,0.35
CUST_03010,2025-05-01,2,0.5,0.37
CUST_03010,2025-08-01,1,0.0,0.42
CUST_03011,2024-12-01,1,1.0,0.35
CUST_03011,2025-01-01,1,0.0,0.35
CUST_03011,2025-10-01,1,0.0,0.35
CUST_03011,2025-12-01,1,1.0,0.35
CUST_03012,2025-09-01,1,1.0,0.35
CUST_03014,2025-11-01,2,1.0,0.37
CUST_03015,2024-02-01,1,1.0,0.35
CUST_03015,2024-07-01,1,0.0,0.35
CUST_03015,2024-10-01,1,0.0,0.35
CUST_03015,2025-01-01,1,1.0,0.35
CUST_03015,2025-09-01,1,0.0,0.35
CUST_03016,2025-08-01,1,1.0,0.75
CUST_03016,2025-09-01,1,1.0,0.9
CUST_03016,2025-10-01,1,1.0,0.75
CUST_03016,2025-11-01,2,0.5,0.83
CUST_03018,2024-08-01,1,0.0,0.39
CUST_03018,2024-09-01,1,0.0,0.35
CUST_03018,2024-11-01,1,0.0,0.35
CUST_03018,2024-12-01,1,0.0,0.35
CUST_03018,2025-07-01,1,1.0,0.42
CUST_03018,2025-10-01,1,0.0,0.35
CUST_03019,2024-01-01,1,0.0,0.35
CUST_03019,2024-09-01,1,1.0,0.35
CUST_03019,2025-10-01,1,0.0,0.39
CUST_03020,2025-05-01,1,1.0,0.61
CUST_03020,2025-06-01,1,0.0,0.55
CUST_03020,2025-10-01,1,1.0,0.66
CUST_03020,2025-11-01,1,1.0,0.55
CUST_03021,2024-08-01,1,0.0,0.55
CUST_03021,2025-02-01,1,1.0,0.55
CUST_03021,2025-06-01,1,1.0,0.55
CUST_03021,2025-08-01,2,0.5,0.5800000000000001
CUST_03022,2025-09-01,1,1.0,0.55
CUST_03023,2024-11-01,1,1.0,0.75
CUST_03023,2024-12-01,1,1.0,0.75
CUST_03023,2025-01-01,1,1.0,0.83
CUST_03023,2025-09-01,1,1.0,0.9
CUST_03023,2025-10-01,1,1.0,0.75
CUST_03023,2025-12-01,1,1.0,0.75
CUST_03024,2025-12-01,1,0.0,0.55
CUST_03026,2024-04-01,1,1.0,0.83
CUST_03026,2024-06-01,1,0.0,0.75
CUST_03026,2024-07-01,1,0.0,0.75
CUST_03026,2024-09-01,2,0.5,0.75
CUST_03026,2024-12-01,1,1.0,0.75
CUST_03026,2025-03-01,1,0.0,0.75
CUST_03026,2025-04-01,1,1.0,0.75
CUST_03026,2025-07-01,1,1.0,0.75
CUST_03026,2025-11-01,1,1.0,0.75
CUST_03027,2025-09-01,1,1.0,0.39
CUST_03028,2025-04-01,2,1.0,0.79
CUST_03028,2025-06-01,1,1.0,0.75
CUST_03028,2025-08-01,1,1.0,0.9
CUST_03028,2025-09-01,1,1.0,0.9
CUST_03028,2025-11-01,1,1.0,0.75
CUST_03028,2025-12-01,1,1.0,0.83
CUST_03029,2025-04-01,1,0.0,0.61
CUST_03029,2025-05-01,1,1.0,0.55
CUST_03029,2025-08-01,1,0.0,0.55
CUST_03029,2025-12-01,1,1.0,0.55
CUST_03030,2025-06-01,1,1.0,0.75
CUST_03030,2025-08-01,1,1.0,0.83
CUST_03030,2025-10-01,2,0.5,0.79
CUST_03031,2025-03-01,1,1.0,0.55
CUST_03031,2025-10-01,1,1.0,0.55
CUST_03031,2025-11-01,1,1.0,0.55
CUST_03031,2025-12-01,1,0.0,0.55
CUST_03032,2024-08-01,1,1.0,0.75
CUST_03032,2024-09-01,1,1.0,0.9
CUST_03032,2024-12-01,2,1.0,0.79
CUST_03032,2025-02-01,4,1.0,0.8075
CUST_03032,2025-05-01,2,1.0,0.825
CUST_03032,2025-07-01,1,1.0,0.75
CUST_03032,2025-10-01,1,1.0,0.75
CUST_03033,2025-01-01,1,1.0,0.75
CUST_03033,2025-04-01,1,1.0,0.75
CUST_03033,2025-06-01,1,1.0,0.75
CUST_03033,2025-08-01,1,0.0,0.75
CUST_03033,2025-10-01,1,1.0,0.83
CUST_03033,2025-11-01,1,1.0,0.75
CUST_03034,2024-05-01,1,0.0,0.42
CUST_03034,2024-06-01,1,0.0,0.35
CUST_03034,2025-04-01,1,1.0,0.39
CUST_03034,2025-05-01,1,1.0,0.35
CUST_03035,2025-12-01,1,1.0,0.35
CUST_03036,2024-05-01,1,0.0,0.42
CUST_03036,2025-01-01,1,1.0,0.35
CUST_03036,2025-03-01,1,0.0,0.35
CUST_03036,2025-07-01,1,0.0,0.35
CUST_03036,2025-08-01,2,0.0,0.37
CUST_03037,2025-07-01,1,0.0,0.35
CUST_03037,2025-10-01,1,0.0,0.35
CUST_03038,2025-08-01,1,0.0,0.75
CUST_03038,2025-09-01,1,1.0,0.75
CUST_03038,2025-10-01,3,1.0,0.7999999999999999
CUST_03039,2024-08-01,1,1.0,0.39
CUST_03039,2024-09-01,1,0.0,0.35
CUST_03039,2024-12-01,1,1.0,0.35
CUST_03039,2025-02-01,1,0.0,0.35
CUST_03039,2025-10-01,2,0.5,0.37
CUST_03039,2025-11-01,1,0.0,0.35
CUST_03040,2024-12-01,1,0.0,0.35
CUST_03040,2025-02-01,1,0.0,0.35
CUST_03040,2025-05-01,1,1.0,0.39
CUST_03040,2025-10-01,1,0.0,0.35
CUST_03041,2024-08-01,1,0.0,0.39
CUST_03041,2025-08-01,1,1.0,0.35
CUST_03041,2025-12-01,1,0.0,0.35
CUST_03042,2025-06-01,1,0.0,0.42
CUST_03043,2024-12-01,1,0.0,0.35
CUST_03043,2025-01-01,1,1.0,0.39
CUST_03043,2025-06-01,1,1.0,0.35
CUST_03043,2025-12-01,2,0.0,0.39
CUST_03044,2025-01-01,1,1.0,0.35
CUST_03044,2025-07-01,1,0.0,0.35
CUST_03044,2025-08-01,1,1.0,0.35
CUST_03045,2025-07-01,1,0.0,0.75
CUST_03045,2025-10-01,1,1.0,0.83
CUST_03046,2025-04-01,1,0.0,0.55
CUST_03046,2025-12-01,1,0.0,0.55
CUST_03047,2025-05-01,1,0.0,0.55
CUST_03048,2024-09-01,1,1.0,0.55
CUST_03048,2025-04-01,1,0.0,0.55
CUST_03048,2025-05-01,1,1.0,0.66
CUST_03048,2025-07-01,1,0.0,0.55
CUST_03048,2025-10-01,1,1.0,0.55
CUST_03051,2024-05-01,1,1.0,0.61
CUST_03051,2024-08-01,2,0.5,0.55
CUST_03051,2024-09-01,1,1.0,0.61
CUST_03051,2025-09-01,1,1.0,0.55
CUST_03051,2025-10-01,1,1.0,0.61
CUST_03052,2024-09-01,1,1.0,0.61
CUST_03052,2024-10-01,1,1.0,0.55
CUST_03052,2024-12-01,1,0.0,0.55
CUST_03052,2025-01-01,1,0.0,0.55
CUST_03052,2025-05-01,2,0.5,0.5800000000000001
CUST_03052,2025-08-01,2,1.0,0.605
CUST_03053,2024-12-01,1,1.0,0.39
CUST_03053,2025-01-01,1,1.0,0.35
CUST_03053,2025-04-01,1,0.0,0.35
CUST_03053,2025-08-01,1,0.0,0.39
CUST_03053,2025-09-01,1,1.0,0.35
CUST_03054,2024-10-01,1,1.0,0.9
CUST_03054,2025-01-01,1,0.0,0.75
CUST_03054,2025-05-01,1,1.0,0.75
CUST_03055,2025-09-01,1,0.0,0.35
CUST_03055,2025-10-01,1,0.0,0.35
CUST_03056,2025-03-01,1,0.0,0.35
CUST_03056,2025-11-01,1,0.0,0.39
CUST_03056,2025-12-01,1,0.0,0.35
CUST_03057,2025-08-01,1,0.0,0.35
CUST_03058,2024-10-01,1,0.0,0.35
CUST_03059,2024-06-01,1,0.0,0.39
CUST_03059,2024-07-01,1,0.0,0.35
CUST_03059,2025-01-01,1,0.0,0.35
CUST_03060,2025-05-01,1,0.0,0.35
CUST_03060,2025-08-01,1,0.0,0.35
CUST_03060,2025-12-01,1,1.0,0.39
CUST_03061,2025-02-01,2,0.5,0.75
CUST_03061,2025-04-01,1,0.0,0.83
CUST_03061,2025-08-01,1,1.0,0.75
CUST_03061,2025-09-01,1,1.0,0.9
CUST_03061,2025-10-01,1,1.0,0.75
CUST_03063,2025-06-01,1,1.0,0.35
CUST_03067,2025-03-01,1,0.0,0.39
CUST_03067,2025-10-01,1,0.0,0.42
CUST_03068,2024-11-01,1,0.0,0.35
CUST_03068,2025-03-01,1,0.0,0.35
CUST_03068,2025-09-01,1,0.0,0.39
CUST_03068,2025-10-01,1,0.0,0.39
CUST_03070,2025-01-01,1,0.0,0.35
CUST_03070,2025-03-01,1,0.0,0.35
CUST_03070,2025-04-01,1,1.0,0.35
CUST_03070,2025-05-01,1,1.0,0.35
CUST_03071,2025-10-01,1,1.0,0.61
CUST_03071,2025-12-01,1,1.0,0.55
CUST_03072,2025-11-01,1,1.0,0.66
CUST_03074,2024-11-01,1,1.0,0.35
CUST_03074,2025-01-01,1,0.0,0.35
CUST_03074,2025-08-01,1,1.0,0.35
CUST_03075,2024-04-01,1,0.0,0.55
CUST_03075,2024-05-01,1,0.0,0.61
CUST_03075,2024-06-01,1,0.0,0.55
CUST_03075,2024-09-01,1,0.0,0.61
CUST_03075,2025-01-01,1,1.0,0.55
CUST_03075,2025-08-01,1,1.0,0.55
CUST_03075,2025-10-01,1,1.0,0.66
CUST_03076,2025-02-01,1,0.0,0.42
CUST_03076,2025-04-01,1,0.0,0.35
CUST_03076,2025-09-01,1,0.0,0.35
CUST_03078,2025-02-01,2,1.0,0.61
CUST_03078,2025-03-01,1,0.0,0.55
CUST_03078,2025-05-01,1,1.0,0.55
CUST_03078,2025-08-01,1,1.0,0.55
CUST_03078,2025-10-01,1,1.0,0.55
CUST_03078,2025-11-01,2,0.0,0.635
CUST_03078,2025-12-01,1,1.0,0.55
CUST_03080,2024-06-01,1,0.0,0.39
CUST_03080,2024-10-01,1,0.0,0.35
CUST_03080,2024-12-01,1,0.0,0.39
CUST_03080,2025-02-01,1,1.0,0.35
CUST_03080,2025-03-01,1,0.0,0.35
CUST_03080,2025-12-01,1,0.0,0.35
CUST_03081,2025-10-01,2,1.0,0.37
CUST_03081,2025-12-01,1,1.0,0.35
CUST_03082,2024-04-01,1,1.0,0.75
CUST_03082,2024-06-01,1,1.0,0.75
CUST_03082,2025-02-01,2,1.0,0.75
CUST_03082,2025-07-01,2,1.0,0.79
CUST_03082,2025-09-01,1,1.0,0.83
CUST_03082,2025-11-01,2,0.0,0.825
CUST_03082,2025-12-01,2,0.5,0.75
CUST_03083,2024-12-01,1,1.0,0.35
CUST_03083,2025-01-01,1,1.0,0.35
CUST_03083,2025-03-01,1,1.0,0.35
CUST_03083,2025-04-01,1,0.0,0.35
CUST_03083,2025-06-01,1,0.0,0.42
CUST_03083,2025-09-01,1,1.0,0.35
CUST_03083,2025-12-01,1,1.0,0.42
CUST_03084,2025-03-01,1,0.0,0.75
CUST_03084,2025-04-01,1,1.0,0.75
CUST_03084,2025-05-01,1,1.0,0.75
CUST_03084,2025-08-01,1,1.0,0.75
CUST_03084,2025-11-01,1,1.0,0.75
CUST_03085,2025-07-01,1,0.0,0.83
CUST_03085,2025-08-01,1,1.0,0.75
CUST_03085,2025-10-01,1,1.0,0.75
CUST_03085,2025-11-01,1,1.0,0.75
CUST_03085,2025-12-01,2,1.0,0.79
CUST_03086,2024-10-01,1,0.0,0.35
CUST_03086,2025-03-01,1,0.0,0.42
CUST_03086,2025-05-01,1,1.0,0.35
CUST_03086,2025-08-01,1,1.0,0.39
CUST_03086,2025-11-01,1,0.0,0.35
CUST_03087,2025-11-01,1,0.0,0.35
CUST_03089,2025-03-01,1,1.0,0.61
CUST_03089,2025-06-01,2,1.0,0.5800000000000001
CUST_03089,2025-07-01,1,1.0,0.55
CUST_03089,2025-10-01,1,1.0,0.55
CUST_03090,2025-04-01,1,1.0,0.35
CUST_03090,2025-09-01,1,1.0,0.35
CUST_03091,2024-10-01,1,1.0,0.35
CUST_03091,2025-01-01,1,0.0,0.35
CUST_03091,2025-02-01,1,0.0,0.35
CUST_03091,2025-06-01,1,0.0,0.35
CUST_03092,2024-10-01,1,0.0,0.39
CUST_03092,2024-11-01,1,1.0,0.35
CUST_03092,2025-04-01,1,0.0,0.35
CUST_03092,2025-12-01,1,0.0,0.35
CUST_03093,2025-03-01,1,0.0,0.9
CUST_03093,2025-06-01,1,0.0,0.75
CUST_03093,2025-07-01,1,1.0,0.9
CUST_03093,2025-09-01,1,1.0,0.75
CUST_03094,2025-08-01,1,1.0,0.9
CUST_03094,2025-09-01,1,1.0,0.75
CUST_03094,2025-10-01,1,0.0,0.83
CUST_03094,2025-12-01,1,0.0,0.75
CUST_03095,2024-03-01,2,0.5,0.35
CUST_03095,2025-01-01,1,0.0,0.39
CUST_03095,2025-03-01,1,1.0,0.39
CUST_03095,2025-04-01,1,1.0,0.42
CUST_03095,2025-06-01,1,0.0,0.35
CUST_03095,2025-08-01,1,0.0,0.35
CUST_03095,2025-11-01,2,0.0,0.35
CUST_03095,2025-12-01,1,1.0,0.35
CUST_03096,2024-08-01,1,1.0,0.39
CUST_03096,2024-09-01,1,0.0,0.35
CUST_03096,2025-02-01,1,0.0,0.35
CUST_03096,2025-11-01,1,0.0,0.42
CUST_03097,2024-04-01,1,0.0,0.35
CUST_03097,2024-06-01,1,1.0,0.39
CUST_03097,2024-12-01,1,0.0,0.42
CUST_03097,2025-05-01,1,1.0,0.39
CUST_03097,2025-07-01,1,1.0,0.35
CUST_03097,2025-09-01,1,0.0,0.35
CUST_03098,2024-10-01,1,0.0,0.75
CUST_03098,2024-11-01,1,0.0,0.75
CUST_03098,2024-12-01,2,1.0,0.825
CUST_03098,2025-07-01,1,1.0,0.75
CUST_03098,2025-09-01,1,0.0,0.75
CUST_03098,2025-12-01,1,1.0,0.9
CUST_03099,2024-01-01,1,1.0,0.55
CUST_03099,2024-03-01,1,1.0,0.55
CUST_03099,2024-04-01,1,1.0,0.55
CUST_03099,2024-11-01,1,1.0,0.55
CUST_03099,2025-01-01,1,0.0,0.55
CUST_03099,2025-04-01,1,1.0,0.55
CUST_03099,2025-06-01,1,0.0,0.61
CUST_03099,2025-07-01,1,0.0,0.55
CUST_03101,2025-08-01,1,1.0,0.39
CUST_03101,2025-11-01,2,0.5,0.35
CUST_03102,2024-06-01,1,1.0,0.42
CUST_03102,2024-10-01,1,1.0,0.35
CUST_03102,2025-05-01,3,0.0,0.3499999999999999
CUST_03102,2025-06-01,1,0.0,0.39
CUST_03102,2025-09-01,1,1.0,0.35
CUST_03102,2025-10-01,1,0.0,0.35
CUST_03105,2024-11-01,1,0.0,0.61
CUST_03105,2025-02-01,1,1.0,0.55
CUST_03105,2025-03-01,2,0.0,0.5800000000000001
CUST_03105,2025-04-01,1,1.0,0.55
CUST_03106,2025-12-01,1,0.0,0.39
CUST_03107,2025-09-01,1,0.0,0.35
CUST_03107,2025-12-01,2,0.5,0.35
CUST_03108,2025-07-01,1,1.0,0.75
CUST_03109,2025-07-01,1,1.0,0.55
CUST_03109,2025-10-01,2,0.5,0.605
CUST_03109,2025-12-01,1,1.0,0.55
CUST_03110,2024-11-01,1,1.0,0.61
CUST_03110,2025-03-01,1,1.0,0.55
CUST_03110,2025-05-01,1,0.0,0.55
CUST_03110,2025-09-01,1,0.0,0.55
CUST_03110,2025-10-01,2,1.0,0.605
CUST_03110,2025-11-01,2,1.0,0.5800000000000001
CUST_03111,2025-03-01,1,1.0,0.39
CUST_03111,2025-06-01,1,0.0,0.35
CUST_03112,2025-11-01,2,0.5,0.75
CUST_03114,2024-11-01,2,0.0,0.37
CUST_03114,2025-01-01,1,0.0,0.39
CUST_03114,2025-09-01,1,0.0,0.35
CUST_03114,2025-11-01,1,1.0,0.39
CUST_03115,2025-12-01,1,1.0,0.39
CUST_03116,2025-02-01,1,0.0,0.35
CUST_03116,2025-07-01,1,1.0,0.35
CUST_03117,2025-03-01,1,0.0,0.35
CUST_03117,2025-09-01,2,0.5,0.42
CUST_03117,2025-11-01,1,1.0,0.39
CUST_03118,2024-07-01,1,0.0,0.9
CUST_03118,2024-09-01,1,0.0,0.75
CUST_03118,2024-10-01,1,1.0,0.75
CUST_03118,2024-11-01,1,1.0,0.75
CUST_03118,2025-03-01,1,1.0,0.9
CUST_03118,2025-05-01,1,1.0,0.75
CUST_03118,2025-06-01,1,0.0,0.75
CUST_03118,2025-07-01,1,0.0,0.83
CUST_03118,2025-09-01,2,0.5,0.75
CUST_03118,2025-12-01,1,1.0,0.83
CUST_03119,2024-04-01,1,1.0,0.75
CUST_03119,2024-05-01,3,1.0,0.75
CUST_03119,2024-11-01,2,0.5,0.75
CUST_03119,2025-02-01,1,1.0,0.83
CUST_03119,2025-04-01,1,1.0,0.75
CUST_03119,2025-07-01,2,1.0,0.79
CUST_03119,2025-11-01,1,1.0,0.75
CUST_03120,2024-06-01,1,1.0,0.55
CUST_03120,2024-08-01,2,1.0,0.5800000000000001
CUST_03120,2024-11-01,1,1.0,0.66
CUST_03120,2024-12-01,1,1.0,0.55
CUST_03120,2025-03-01,1,0.0,0.55
CUST_03120,2025-05-01,1,0.0,0.55
CUST_03120,2025-08-01,2,1.0,0.66
CUST_03120,2025-09-01,1,0.0,0.55
CUST_03121,2024-11-01,1,0.0,0.39
CUST_03121,2024-12-01,2,0.0,0.385
CUST_03121,2025-01-01,1,1.0,0.42
CUST_03121,2025-09-01,1,1.0,0.39
CUST_03122,2025-03-01,1,0.0,0.35
CUST_03122,2025-07-01,1,0.0,0.39
CUST_03122,2025-08-01,1,0.0,0.35
CUST_03122,2025-09-01,2,0.5,0.385
CUST_03122,2025-12-01,1,0.0,0.35
CUST_03123,2025-07-01,2,1.0,0.79
CUST_03123,2025-11-01,3,0.6666666666666666,0.75
CUST_03124,2024-12-01,1,1.0,0.39
CUST_03124,2025-06-01,2,0.0,0.37
CUST_03124,2025-09-01,1,1.0,0.42
CUST_03124,2025-12-01,1,1.0,0.35
CUST_03126,2024-01-01,1,1.0,0.35
CUST_03126,2024-09-01,1,0.0,0.39
CUST_03126,2025-07-01,2,0.0,0.35
CUST_03126,2025-09-01,1,0.0,0.35
CUST_03127,2025-07-01,3,0.6666666666666666,0.7766666666666667
CUST_03127,2025-08-01,1,1.0,0.75
CUST_03128,2025-04-01,4,0.5,0.395
CUST_03128,2025-06-01,1,0.0,0.35
CUST_03128,2025-08-01,1,1.0,0.42
CUST_03129,2025-02-01,1,0.0,0.35
CUST_03129,2025-05-01,1,1.0,0.42
CUST_03130,2025-06-01,1,0.0,0.55
CUST_03130,2025-07-01,1,1.0,0.61
CUST_03131,2024-11-01,1,1.0,0.39
CUST_03131,2025-01-01,1,0.0,0.35
CUST_03131,2025-02-01,1,0.0,0.35
CUST_03131,2025-07-01,1,0.0,0.39
CUST_03131,2025-09-01,1,0.0,0.35
CUST_03131,2025-11-01,1,0.0,0.35
CUST_03132,2024-06-01,1,1.0,0.39
CUST_03132,2024-08-01,2,0.5,0.37
CUST_03132,2024-09-01,1,0.0,0.42
CUST_03132,2024-10-01,1,0.0,0.35
CUST_03132,2025-06-01,1,0.0,0.35
CUST_03133,2025-07-01,2,0.5,0.35
CUST_03133,2025-08-01,1,0.0,0.42
CUST_03133,2025-12-01,1,1.0,0.42
CUST_03134,2024-10-01,1,0.0,0.55
CUST_03134,2025-01-01,1,1.0,0.55
CUST_03134,2025-06-01,2,0.5,0.55
CUST_03134,2025-11-01,1,0.0,0.55
CUST_03135,2025-07-01,2,0.0,0.55
CUST_03135,2025-09-01,2,0.5,0.5800000000000001
CUST_03136,2025-09-01,1,0.0,0.42
CUST_03136,2025-10-01,1,0.0,0.35
CUST_03136,2025-12-01,1,0.0,0.35
CUST_03138,2024-09-01,1,0.0,0.35
CUST_03138,2025-10-01,1,0.0,0.39
CUST_03138,2025-12-01,1,0.0,0.35
CUST_03139,2025-06-01,2,0.5,0.405
CUST_03139,2025-07-01,1,0.0,0.39
CUST_03139,2025-09-01,1,1.0,0.39
CUST_03141,2025-06-01,2,0.5,0.385
CUST_03142,2024-12-01,1,1.0,0.39
CUST_03142,2025-05-01,1,0.0,0.35
CUST_03143,2025-01-01,1,0.0,0.35
CUST_03143,2025-07-01,1,0.0,0.39
CUST_03143,2025-11-01,1,0.0,0.35
CUST_03143,2025-12-01,1,1.0,0.35
CUST_03144,2025-03-01,1,1.0,0.39
CUST_03144,2025-06-01,1,1.0,0.42
CUST_03144,2025-10-01,1,0.0,0.35
CUST_03145,2024-06-01,2,1.0,0.37
CUST_03146,2025-01-01,2,0.5,0.35
CUST_03148,2025-01-01,1,1.0,0.35
CUST_03148,2025-08-01,1,0.0,0.35
CUST_03148,2025-09-01,1,0.0,0.35
CUST_03149,2024-10-01,2,0.5,0.385
CUST_03149,2025-01-01,1,0.0,0.35
CUST_03149,2025-02-01,1,0.0,0.35
CUST_03149,2025-05-01,1,1.0,0.35
CUST_03149,2025-06-01,1,0.0,0.35
CUST_03149,2025-08-01,1,0.0,0.35
CUST_03150,2024-09-01,1,0.0,0.55
CUST_03151,2025-08-01,1,1.0,0.35
CUST_03151,2025-10-01,2,0.0,0.35
CUST_03151,2025-11-01,1,1.0,0.35
CUST_03152,2025-05-01,1,1.0,0.35
CUST_03152,2025-06-01,1,1.0,0.35
CUST_03152,2025-09-01,2,0.0,0.37
CUST_03153,2025-07-01,1,0.0,0.35
CUST_03153,2025-12-01,1,0.0,0.42
CUST_03154,2024-12-01,1,0.0,0.55
CUST_03154,2025-01-01,1,1.0,0.55
CUST_03154,2025-03-01,1,0.0,0.55
CUST_03154,2025-07-01,2,1.0,0.55
CUST_03154,2025-08-01,1,0.0,0.55
CUST_03154,2025-10-01,2,0.0,0.55
CUST_03155,2024-08-01,1,1.0,0.66
CUST_03155,2024-12-01,1,0.0,0.55
CUST_03155,2025-02-01,1,0.0,0.55
CUST_03155,2025-08-01,1,1.0,0.55
CUST_03155,2025-10-01,1,1.0,0.55
CUST_03155,2025-11-01,1,1.0,0.61
CUST_03156,2025-10-01,1,0.0,0.35
CUST_03157,2024-09-01,1,1.0,0.35
CUST_03157,2024-10-01,1,0.0,0.35
CUST_03157,2025-02-01,2,0.5,0.35
CUST_03157,2025-12-01,1,0.0,0.35
CUST_03158,2025-12-01,1,0.0,0.35
CUST_03159,2024-08-01,1,0.0,0.75
CUST_03159,2024-12-01,3,1.0,0.7999999999999999
CUST_03159,2025-01-01,2,0.0,0.825
CUST_03159,2025-02-01,1,1.0,0.83
CUST_03160,2024-03-01,1,0.0,0.35
CUST_03160,2024-04-01,1,1.0,0.35
CUST_03160,2024-05-01,1,0.0,0.35
CUST_03160,2024-06-01,1,0.0,0.35
CUST_03160,2025-02-01,1,1.0,0.39
CUST_03160,2025-09-01,2,0.0,0.405
CUST_03160,2025-10-01,1,0.0,0.39
CUST_03160,2025-12-01,1,1.0,0.35
CUST_03161,2024-09-01,2,0.5,0.825
CUST_03161,2024-12-01,1,1.0,0.83
CUST_03161,2025-02-01,1,0.0,0.83
CUST_03161,2025-06-01,2,1.0,0.75
CUST_03161,2025-12-01,1,1.0,0.75
CUST_03162,2024-10-01,1,0.0,0.55
CUST_03162,2025-07-01,1,1.0,0.66
CUST_03162,2025-09-01,1,1.0,0.55
CUST_03162,2025-10-01,1,0.0,0.55
CUST_03162,2025-11-01,1,1.0,0.61
CUST_03163,2024-08-01,1,1.0,0.9
CUST_03163,2024-11-01,3,0.6666666666666666,0.7766666666666667
CUST_03163,2025-02-01,2,1.0,0.79
CUST_03163,2025-06-01,1,0.0,0.75
CUST_03163,2025-07-01,2,1.0,0.865
CUST_03164,2025-02-01,1,0.0,0.35
CUST_03164,2025-11-01,1,1.0,0.42
CUST_03165,2024-09-01,3,1.0,0.8033333333333333
CUST_03165,2025-02-01,1,1.0,0.75
CUST_03165,2025-04-01,1,0.0,0.75
CUST_03165,2025-05-01,1,1.0,0.75
CUST_03165,2025-08-01,1,1.0,0.83
CUST_03165,2025-09-01,1,1.0,0.83
CUST_03165,2025-11-01,1,1.0,0.83
CUST_03165,2025-12-01,1,1.0,0.75
CUST_03166,2025-08-01,1,0.0,0.75
CUST_03166,2025-09-01,1,1.0,0.83
CUST_03167,2025-03-01,1,0.0,0.35
CUST_03167,2025-10-01,1,1.0,0.35
CUST_03169,2025-09-01,1,0.0,0.35
CUST_03170,2025-10-01,1,0.0,0.35
CUST_03171,2025-08-01,1,1.0,0.55
CUST_03171,2025-09-01,1,1.0,0.55
CUST_03171,2025-12-01,1,0.0,0.55
CUST_03173,2025-09-01,1,0.0,0.35
CUST_03174,2025-05-01,1,0.0,0.66
CUST_03174,2025-06-01,1,1.0,0.61
CUST_03174,2025-08-01,1,1.0,0.55
CUST_03174,2025-11-01,1,1.0,0.55
CUST_03176,2025-03-01,1,1.0,0.35
CUST_03176,2025-10-01,1,0.0,0.35
CUST_03177,2024-12-01,1,1.0,0.35
CUST_03177,2025-06-01,2,0.5,0.37
CUST_03178,2025-06-01,1,1.0,0.35
CUST_03178,2025-12-01,1,1.0,0.35
CUST_03180,2024-07-01,1,1.0,0.83
CUST_03180,2024-08-01,1,1.0,0.75
CUST_03180,2024-10-01,2,1.0,0.75
CUST_03180,2024-11-01,1,1.0,0.75
CUST_03180,2025-04-01,1,1.0,0.75
CUST_03180,2025-06-01,1,1.0,0.9
CUST_03180,2025-12-01,1,1.0,0.75
CUST_03181,2025-09-01,1,1.0,0.75
CUST_03181,2025-11-01,1,0.0,0.83
CUST_03181,2025-12-01,4,1.0,0.79
CUST_03183,2025-03-01,1,0.0,0.39
CUST_03183,2025-04-01,1,0.0,0.35
CUST_03183,2025-06-01,1,0.0,0.35
CUST_03183,2025-12-01,1,1.0,0.39
CUST_03184,2024-07-01,1,0.0,0.35
CUST_03184,2024-09-01,1,0.0,0.35
CUST_03184,2024-11-01,1,1.0,0.35
CUST_03184,2025-02-01,1,0.0,0.42
CUST_03184,2025-12-01,1,1.0,0.35
CUST_03185,2025-07-01,1,0.0,0.35
CUST_03185,2025-09-01,1,0.0,0.35
CUST_03186,2024-02-01,2,0.0,0.825
CUST_03186,2024-03-01,1,1.0,0.75
CUST_03186,2024-05-01,1,1.0,0.75
CUST_03186,2024-06-01,1,0.0,0.75
CUST_03186,2024-09-01,2,1.0,0.79
CUST_03186,2024-11-01,1,1.0,0.83
CUST_03186,2024-12-01,1,1.0,0.75
CUST_03186,2025-03-01,1,1.0,0.75
CUST_03186,2025-07-01,3,0.6666666666666666,0.7999999999999999
CUST_03186,2025-09-01,1,1.0,0.75
CUST_03186,2025-10-01,1,1.0,0.83
CUST_03187,2025-05-01,1,0.0,0.55
CUST_03187,2025-06-01,1,1.0,0.55
CUST_03187,2025-07-01,1,1.0,0.55
CUST_03190,2025-04-01,1,1.0,0.35
CUST_03191,2025-01-01,1,1.0,0.55
CUST_03191,2025-04-01,1,1.0,0.61
CUST_03191,2025-06-01,1,0.0,0.55
CUST_03191,2025-08-01,1,1.0,0.55
CUST_03191,2025-09-01,1,1.0,0.55
CUST_03192,2024-12-01,3,0.0,0.6066666666666667
CUST_03192,2025-03-01,1,1.0,0.61
CUST_03192,2025-08-01,1,0.0,0.66
CUST_03192,2025-12-01,1,1.0,0.55
CUST_03193,2025-05-01,1,1.0,0.39
CUST_03194,2024-04-01,1,1.0,0.75
CUST_03194,2024-07-01,1,1.0,0.75
CUST_03194,2024-09-01,1,1.0,0.75
CUST_03194,2024-10-01,2,0.0,0.75
CUST_03194,2024-12-01,2,0.5,0.75
CUST_03194,2025-04-01,2,0.5,0.75
CUST_03194,2025-06-01,1,1.0,0.75
CUST_03194,2025-07-01,1,0.0,0.75
CUST_03194,2025-08-01,1,1.0,0.83
CUST_03194,2025-10-01,1,1.0,0.75
CUST_03194,2025-12-01,1,0.0,0.75
CUST_03195,2024-05-01,1,0.0,0.61
CUST_03195,2025-08-01,1,0.0,0.55
CUST_03196,2025-04-01,2,1.0,0.75
CUST_03196,2025-08-01,1,0.0,0.75
CUST_03196,2025-09-01,2,1.0,0.79
CUST_03197,2025-08-01,1,1.0,0.75
CUST_03197,2025-09-01,1,1.0,0.9
CUST_03197,2025-10-01,1,0.0,0.75
CUST_03197,2025-11-01,1,1.0,0.83
CUST_03198,2025-03-01,1,1.0,0.35
CUST_03198,2025-05-01,2,1.0,0.37
CUST_03198,2025-08-01,1,0.0,0.35
CUST_03198,2025-09-01,1,1.0,0.42
CUST_03199,2025-07-01,1,1.0,0.75
CUST_03200,2025-06-01,2,0.0,0.37
CUST_03200,2025-12-01,1,0.0,0.42
CUST_03201,2025-08-01,1,0.0,0.35
CUST_03201,2025-09-01,1,0.0,0.39
CUST_03201,2025-12-01,1,0.0,0.35
CUST_03202,2025-11-01,1,1.0,0.55
CUST_03204,2024-11-01,1,1.0,0.35
CUST_03204,2024-12-01,1,0.0,0.39
CUST_03204,2025-09-01,1,1.0,0.35
CUST_03204,2025-10-01,1,0.0,0.35
CUST_03205,2025-09-01,1,0.0,0.35
CUST_03206,2024-05-01,3,0.3333333333333333,0.3733333333333333
CUST_03206,2024-09-01,1,0.0,0.35
CUST_03206,2024-12-01,1,0.0,0.35
CUST_03206,2025-07-01,2,0.5,0.35
CUST_03206,2025-10-01,1,1.0,0.42
CUST_03207,2025-05-01,1,0.0,0.55
CUST_03207,2025-07-01,1,1.0,0.61
CUST_03207,2025-08-01,1,0.0,0.55
CUST_03208,2025-05-01,1,1.0,0.75
CUST_03208,2025-07-01,1,1.0,0.75
CUST_03208,2025-09-01,1,1.0,0.75
CUST_03209,2025-11-01,1,1.0,0.75
CUST_03209,2025-12-01,1,1.0,0.75
CUST_03210,2024-09-01,1,0.0,0.55
CUST_03210,2024-12-01,1,1.0,0.55
CUST_03210,2025-03-01,1,1.0,0.66
CUST_03210,2025-04-01,1,0.0,0.55
CUST_03210,2025-07-01,1,1.0,0.61
CUST_03210,2025-10-01,1,1.0,0.61
CUST_03210,2025-12-01,1,0.0,0.61
CUST_03211,2024-07-01,1,1.0,0.42
CUST_03211,2025-09-01,1,0.0,0.35
CUST_03215,2025-09-01,1,1.0,0.39
CUST_03215,2025-12-01,1,0.0,0.42
CUST_03216,2025-03-01,1,1.0,0.35
CUST_03216,2025-09-01,1,1.0,0.35
CUST_03217,2024-04-01,1,1.0,0.55
CUST_03217,2024-06-01,2,0.5,0.5800000000000001
CUST_03217,2025-01-01,1,1.0,0.55
CUST_03217,2025-02-01,1,1.0,0.55
CUST_03217,2025-05-01,1,0.0,0.66
CUST_03217,2025-07-01,1,0.0,0.55
CUST_03217,2025-09-01,2,1.0,0.55
CUST_03218,2025-08-01,1,0.0,0.55
CUST_03219,2024-11-01,1,0.0,0.55
CUST_03219,2025-06-01,1,1.0,0.55
CUST_03219,2025-07-01,2,0.5,0.635
CUST_03219,2025-09-01,1,1.0,0.61
CUST_03219,2025-12-01,1,0.0,0.55
CUST_03221,2025-12-01,2,1.0,0.75
CUST_03222,2024-11-01,1,0.0,0.55
CUST_03222,2025-06-01,1,1.0,0.55
CUST_03222,2025-08-01,1,1.0,0.55
CUST_03222,2025-10-01,2,1.0,0.55
CUST_03223,2024-04-01,1,0.0,0.75
CUST_03223,2024-07-01,2,1.0,0.79
CUST_03223,2024-09-01,1,0.0,0.75
CUST_03223,2025-03-01,2,0.5,0.75
CUST_03223,2025-06-01,1,0.0,0.83
CUST_03223,2025-07-01,1,1.0,0.75
CUST_03223,2025-09-01,2,1.0,0.79
CUST_03223,2025-10-01,2,1.0,0.79
CUST_03223,2025-11-01,1,1.0,0.9
CUST_03223,2025-12-01,1,1.0,0.83
CUST_03224,2024-12-01,1,0.0,0.35
CUST_03224,2025-02-01,1,1.0,0.39
CUST_03226,2024-10-01,1,1.0,0.35
CUST_03226,2025-02-01,1,0.0,0.35
CUST_03226,2025-06-01,1,0.0,0.35
CUST_03227,2025-07-01,1,0.0,0.35
CUST_03228,2025-02-01,1,0.0,0.35
CUST_03228,2025-04-01,1,0.0,0.35
CUST_03228,2025-08-01,1,0.0,0.39
CUST_03228,2025-09-01,1,1.0,0.39
CUST_03229,2025-07-01,1,1.0,0.55
CUST_03229,2025-09-01,1,0.0,0.61
CUST_03231,2025-01-01,1,1.0,0.39
CUST_03231,2025-10-01,1,0.0,0.35
CUST_03232,2025-10-01,2,0.5,0.79
CUST_03233,2025-10-01,1,0.0,0.35
CUST_03233,2025-11-01,2,1.0,0.42
CUST_03235,2024-06-01,1,0.0,0.35
CUST_03235,2024-08-01,1,0.0,0.35
CUST_03235,2025-07-01,1,1.0,0.35
CUST_03235,2025-08-01,1,1.0,0.35
CUST_03236,2024-12-01,1,1.0,0.61
CUST_03236,2025-01-01,1,1.0,0.61
CUST_03236,2025-04-01,2,0.5,0.55
CUST_03236,2025-07-01,1,0.0,0.55
CUST_03236,2025-08-01,2,0.0,0.55
CUST_03236,2025-11-01,1,0.0,0.66
CUST_03237,2025-01-01,1,1.0,0.55
CUST_03237,2025-03-01,1,0.0,0.55
CUST_03237,2025-08-01,1,1.0,0.55
CUST_03243,2024-08-01,1,0.0,0.55
CUST_03243,2025-07-01,2,1.0,0.55
CUST_03243,2025-08-01,1,1.0,0.66
CUST_03243,2025-12-01,2,0.0,0.55
CUST_03244,2025-05-01,1,1.0,0.35
CUST_03245,2025-09-01,1,0.0,0.42
CUST_03245,2025-10-01,1,0.0,0.35
CUST_03246,2024-05-01,1,0.0,0.35
CUST_03246,2025-04-01,1,0.0,0.39
CUST_03246,2025-12-01,1,0.0,0.35
CUST_03248,2024-10-01,1,0.0,0.35
CUST_03248,2024-11-01,1,1.0,0.35
CUST_03248,2025-04-01,1,0.0,0.35
CUST_03251,2025-02-01,1,1.0,0.55
CUST_03251,2025-03-01,1,1.0,0.61
CUST_03251,2025-05-01,1,1.0,0.61
CUST_03251,2025-08-01,1,1.0,0.55
CUST_03251,2025-09-01,1,0.0,0.55
CUST_03251,2025-10-01,3,1.0,0.55
CUST_03252,2024-05-01,1,1.0,0.75
CUST_03252,2024-06-01,1,1.0,0.75
CUST_03252,2024-09-01,1,0.0,0.75
CUST_03252,2024-10-01,2,1.0,0.75
CUST_03252,2025-03-01,1,0.0,0.83
CUST_03252,2025-07-01,1,1.0,0.83
CUST_03252,2025-11-01,1,1.0,0.83
CUST_03253,2024-12-01,1,1.0,0.39
CUST_03253,2025-01-01,1,0.0,0.35
CUST_03253,2025-05-01,2,1.0,0.37
CUST_03254,2024-07-01,1,0.0,0.39
CUST_03254,2024-08-01,1,0.0,0.35
CUST_03254,2024-12-01,1,1.0,0.39
CUST_03254,2025-01-01,1,0.0,0.35
CUST_03256,2025-04-01,2,0.5,0.5800000000000001
CUST_03256,2025-06-01,1,0.0,0.55
CUST_03256,2025-10-01,1,1.0,0.55
CUST_03257,2024-09-01,1,0.0,0.35
CUST_03257,2025-08-01,2,0.5,0.35
CUST_03258,2025-08-01,1,0.0,0.55
CUST_03258,2025-11-01,2,1.0,0.5800000000000001
CUST_03259,2025-11-01,2,1.0,0.55
CUST_03259,2025-12-01,1,1.0,0.55
CUST_03260,2025-04-01,1,1.0,0.75
CUST_03260,2025-05-01,1,0.0,0.9
CUST_03260,2025-06-01,1,1.0,0.75
CUST_03260,2025-09-01,2,0.5,0.825
CUST_03261,2024-02-01,1,1.0,0.35
CUST_03261,2024-03-01,1,0.0,0.35
CUST_03261,2024-04-01,1,0.0,0.39
CUST_03261,2024-12-01,1,0.0,0.35
CUST_03261,2025-03-01,2,0.0,0.405
CUST_03261,2025-05-01,1,0.0,0.35
CUST_03262,2025-04-01,1,0.0,0.35
CUST_03262,2025-06-01,1,1.0,0.39
CUST_03262,2025-11-01,1,0.0,0.35
CUST_03263,2025-12-01,1,0.0,0.35
CUST_03264,2025-08-01,1,0.0,0.35
CUST_03264,2025-09-01,1,0.0,0.35
CUST_03264,2025-12-01,1,0.0,0.35
CUST_03265,2025-08-01,1,0.0,0.35
CUST_03265,2025-12-01,1,0.0,0.42
CUST_03266,2025-01-01,1,1.0,0.55
CUST_03266,2025-08-01,1,0.0,0.55
CUST_03266,2025-11-01,2,0.5,0.55
CUST_03267,2025-03-01,1,0.0,0.55
CUST_03267,2025-11-01,2,1.0,0.55
CUST_03267,2025-12-01,1,1.0,0.55
CUST_03268,2025-09-01,1,0.0,0.35
CUST_03269,2024-08-01,1,0.0,0.35
CUST_03269,2024-09-01,1,1.0,0.42
CUST_03269,2024-10-01,1,0.0,0.39
CUST_03269,2025-01-01,1,1.0,0.35
CUST_03269,2025-02-01,1,1.0,0.39
CUST_03269,2025-05-01,1,0.0,0.35
CUST_03269,2025-06-01,1,1.0,0.42
CUST_03269,2025-08-01,1,1.0,0.35
CUST_03270,2025-05-01,1,1.0,0.35
CUST_03270,2025-08-01,1,1.0,0.42
CUST_03272,2025-06-01,1,0.0,0.35
CUST_03272,2025-09-01,1,1.0,0.35
CUST_03272,2025-10-01,2,0.5,0.37
CUST_03272,2025-12-01,1,1.0,0.35
CUST_03273,2025-05-01,1,0.0,0.55
CUST_03273,2025-07-01,1,1.0,0.55
CUST_03273,2025-09-01,1,0.0,0.55
CUST_03273,2025-10-01,1,0.0,0.55
CUST_03273,2025-11-01,1,1.0,0.55
CUST_03274,2025-01-01,2,1.0,0.75
CUST_03274,2025-04-01,1,1.0,0.75
CUST_03274,2025-06-01,1,1.0,0.75
CUST_03274,2025-08-01,1,1.0,0.75
CUST_03274,2025-09-01,2,0.5,0.75
CUST_03274,2025-10-01,2,1.0,0.825
CUST_03274,2025-12-01,1,1.0,0.75
CUST_03275,2025-08-01,2,0.0,0.55
CUST_03276,2025-03-01,1,0.0,0.55
CUST_03276,2025-07-01,1,1.0,0.55
CUST_03276,2025-08-01,1,0.0,0.55
CUST_03278,2024-11-01,1,0.0,0.35
CUST_03279,2025-03-01,1,0.0,0.35
CUST_03280,2025-09-01,1,1.0,0.83
CUST_03280,2025-10-01,2,0.5,0.825
CUST_03281,2025-05-01,1,1.0,0.61
CUST_03281,2025-07-01,1,1.0,0.55
CUST_03281,2025-09-01,1,1.0,0.55
CUST_03282,2025-02-01,1,1.0,0.75
CUST_03282,2025-04-01,2,1.0,0.83
CUST_03283,2025-08-01,1,0.0,0.55
CUST_03283,2025-11-01,1,0.0,0.61
CUST_03283,2025-12-01,2,0.5,0.635
CUST_03284,2024-11-01,1,0.0,0.55
CUST_03284,2025-02-01,1,1.0,0.66
CUST_03284,2025-04-01,1,1.0,0.55
CUST_03284,2025-05-01,1,0.0,0.55
CUST_03284,2025-12-01,1,0.0,0.55
CUST_03285,2024-11-01,1,1.0,0.75
CUST_03285,2025-01-01,1,1.0,0.75
CUST_03285,2025-09-01,1,1.0,0.75
CUST_03285,2025-12-01,1,0.0,0.75
CUST_03287,2024-10-01,2,0.0,0.35
CUST_03289,2025-05-01,1,0.0,0.75
CUST_03289,2025-07-01,1,1.0,0.75
CUST_03289,2025-09-01,1,1.0,0.83
CUST_03289,2025-10-01,1,1.0,0.83
CUST_03289,2025-11-01,2,0.5,0.75
CUST_03289,2025-12-01,2,1.0,0.825
CUST_03290,2025-09-01,1,0.0,0.35
CUST_03292,2025-03-01,1,0.0,0.35
CUST_03294,2024-07-01,1,1.0,0.55
CUST_03294,2025-02-01,1,1.0,0.55
CUST_03294,2025-03-01,1,0.0,0.55
CUST_03294,2025-05-01,1,0.0,0.66
CUST_03294,2025-06-01,1,1.0,0.55
CUST_03294,2025-09-01,1,0.0,0.55
CUST_03295,2025-01-01,1,1.0,0.35
CUST_03295,2025-10-01,1,1.0,0.42
CUST_03295,2025-12-01,1,1.0,0.35
CUST_03296,2024-08-01,1,0.0,0.35
CUST_03296,2024-10-01,1,1.0,0.35
CUST_03296,2024-12-01,1,0.0,0.42
CUST_03296,2025-04-01,1,1.0,0.42
CUST_03296,2025-07-01,1,0.0,0.35
CUST_03296,2025-12-01,1,1.0,0.35
CUST_03297,2025-03-01,2,1.0,0.37
CUST_03297,2025-12-01,1,0.0,0.35
CUST_03298,2024-03-01,1,0.0,0.39
CUST_03298,2024-06-01,1,1.0,0.35
CUST_03298,2024-07-01,1,1.0,0.35
CUST_03298,2024-10-01,1,1.0,0.35
CUST_03298,2025-02-01,1,0.0,0.35
CUST_03298,2025-09-01,1,1.0,0.35
CUST_03298,2025-10-01,1,0.0,0.39
CUST_03298,2025-11-01,1,0.0,0.35
CUST_03299,2025-03-01,2,0.5,0.55
CUST_03299,2025-06-01,1,1.0,0.55
CUST_03299,2025-08-01,1,1.0,0.55
CUST_03300,2025-02-01,1,1.0,0.55
CUST_03300,2025-03-01,1,0.0,0.61
CUST_03300,2025-06-01,1,1.0,0.55
CUST_03300,2025-10-01,1,0.0,0.55
CUST_03300,2025-12-01,1,1.0,0.61
CUST_03301,2024-06-01,1,0.0,0.55
CUST_03301,2024-08-01,1,1.0,0.55
CUST_03301,2024-10-01,1,0.0,0.55
CUST_03301,2024-11-01,1,0.0,0.55
CUST_03301,2025-01-01,1,0.0,0.55
CUST_03301,2025-05-01,1,1.0,0.55
CUST_03301,2025-09-01,1,0.0,0.61
CUST_03302,2024-07-01,1,0.0,0.35
CUST_03302,2024-08-01,1,1.0,0.42
CUST_03302,2024-11-01,1,0.0,0.39
CUST_03302,2025-03-01,1,0.0,0.35
CUST_03303,2024-11-01,1,0.0,0.35
CUST_03303,2025-02-01,1,0.0,0.35
CUST_03303,2025-03-01,1,1.0,0.35
CUST_03303,2025-04-01,1,0.0,0.35
CUST_03303,2025-12-01,1,1.0,0.35
CUST_03305,2025-09-01,1,0.0,0.39
CUST_03306,2025-11-01,1,0.0,0.55
CUST_03307,2024-11-01,1,0.0,0.35
CUST_03307,2025-02-01,1,0.0,0.35
CUST_03307,2025-07-01,1,0.0,0.35
CUST_03307,2025-11-01,2,0.5,0.35
CUST_03308,2025-04-01,1,0.0,0.35
CUST_03308,2025-06-01,2,0.5,0.35
CUST_03310,2024-09-01,1,1.0,0.35
CUST_03310,2024-10-01,1,1.0,0.35
CUST_03310,2024-12-01,1,1.0,0.39
CUST_03310,2025-04-01,1,1.0,0.42
CUST_03310,2025-05-01,2,0.0,0.35
CUST_03310,2025-09-01,1,0.0,0.42
CUST_03311,2024-04-01,1,0.0,0.55
CUST_03311,2024-05-01,1,1.0,0.55
CUST_03311,2024-07-01,1,0.0,0.55
CUST_03311,2024-11-01,2,1.0,0.55
CUST_03311,2025-01-01,1,0.0,0.55
CUST_03311,2025-04-01,1,1.0,0.61
CUST_03311,2025-05-01,1,0.0,0.55
CUST_03311,2025-07-01,1,0.0,0.55
CUST_03311,2025-10-01,1,0.0,0.61
CUST_03312,2025-12-01,1,1.0,0.39
CUST_03313,2024-12-01,1,1.0,0.75
CUST_03313,2025-02-01,2,1.0,0.825
CUST_03313,2025-05-01,1,0.0,0.83
CUST_03313,2025-10-01,1,0.0,0.75
CUST_03314,2024-04-01,1,1.0,0.39
CUST_03314,2024-05-01,1,0.0,0.35
CUST_03314,2025-01-01,1,1.0,0.35
CUST_03314,2025-04-01,1,1.0,0.35
CUST_03314,2025-06-01,1,1.0,0.35
CUST_03316,2024-09-01,1,0.0,0.35
CUST_03316,2025-11-01,1,0.0,0.35
CUST_03317,2024-08-01,1,1.0,0.61
CUST_03317,2025-09-01,1,0.0,0.55
CUST_03317,2025-11-01,1,0.0,0.55
CUST_03318,2025-12-01,2,1.0,0.75
CUST_03319,2024-08-01,1,0.0,0.55
CUST_03319,2024-09-01,2,0.5,0.55
CUST_03319,2024-10-01,1,1.0,0.55
CUST_03319,2025-05-01,1,0.0,0.55
CUST_03320,2025-09-01,1,1.0,0.35
CUST_03320,2025-11-01,2,0.0,0.35
CUST_03321,2025-08-01,1,1.0,0.75
CUST_03321,2025-09-01,1,1.0,0.83
CUST_03322,2024-11-01,2,0.5,0.55
CUST_03322,2025-01-01,1,0.0,0.55
CUST_03322,2025-02-01,2,0.5,0.605
CUST_03322,2025-07-01,1,1.0,0.55
CUST_03322,2025-09-01,1,0.0,0.66
CUST_03323,2025-12-01,1,1.0,0.35
CUST_03324,2025-03-01,1,1.0,0.55
CUST_03324,2025-09-01,1,1.0,0.55
CUST_03324,2025-11-01,2,0.0,0.635
CUST_03326,2024-11-01,1,1.0,0.35
CUST_03326,2025-02-01,1,0.0,0.35
CUST_03326,2025-05-01,1,0.0,0.35
CUST_03326,2025-08-01,1,0.0,0.42
CUST_03327,2025-09-01,1,0.0,0.35
CUST_03328,2025-06-01,3,0.6666666666666666,0.37666666666666665
CUST_03329,2025-12-01,1,1.0,0.35
CUST_03331,2025-06-01,1,1.0,0.35
CUST_03332,2025-02-01,1,0.0,0.35
CUST_03332,2025-05-01,1,0.0,0.35
CUST_03332,2025-09-01,1,1.0,0.39
CUST_03333,2025-08-01,1,1.0,0.35
CUST_03333,2025-10-01,1,0.0,0.35
CUST_03333,2025-12-01,2,0.0,0.385
CUST_03334,2025-10-01,1,0.0,0.35
CUST_03335,2025-02-01,1,1.0,0.55
CUST_03337,2024-06-01,1,0.0,0.9
CUST_03337,2024-12-01,1,0.0,0.75
CUST_03337,2025-03-01,1,1.0,0.75
CUST_03337,2025-04-01,1,0.0,0.75
CUST_03337,2025-11-01,1,1.0,0.75
CUST_03338,2025-05-01,1,0.0,0.55
CUST_03338,2025-06-01,1,0.0,0.55
CUST_03338,2025-11-01,1,1.0,0.61
CUST_03339,2025-03-01,1,1.0,0.39
CUST_03339,2025-10-01,1,0.0,0.39
CUST_03339,2025-12-01,1,1.0,0.35
CUST_03342,2025-04-01,1,1.0,0.39
CUST_03342,2025-07-01,1,0.0,0.39
CUST_03343,2024-04-01,1,0.0,0.42
CUST_03343,2024-07-01,1,1.0,0.35
CUST_03343,2024-08-01,2,1.0,0.385
CUST_03343,2025-05-01,1,0.0,0.35
CUST_03344,2024-05-01,2,0.0,0.35
CUST_03344,2024-08-01,1,0.0,0.35
CUST_03344,2024-10-01,1,1.0,0.35
CUST_03344,2024-11-01,1,0.0,0.39
CUST_03344,2024-12-01,1,0.0,0.42
CUST_03344,2025-01-01,1,0.0,0.35
CUST_03344,2025-12-01,1,1.0,0.35
CUST_03345,2025-06-01,1,1.0,0.9
CUST_03345,2025-09-01,2,1.0,0.79
CUST_03346,2025-07-01,1,0.0,0.35
CUST_03346,2025-12-01,1,0.0,0.39
CUST_03347,2025-08-01,2,0.5,0.825
CUST_03347,2025-10-01,1,1.0,0.75
CUST_03348,2024-07-01,1,1.0,0.9
CUST_03348,2024-10-01,1,1.0,0.75
CUST_03348,2024-11-01,1,1.0,0.75
CUST_03348,2025-01-01,1,1.0,0.9
CUST_03348,2025-02-01,2,1.0,0.79
CUST_03348,2025-03-01,1,1.0,0.75
CUST_03348,2025-05-01,1,1.0,0.83
CUST_03348,2025-06-01,1,1.0,0.75
CUST_03348,2025-08-01,1,1.0,0.75
CUST_03348,2025-09-01,1,1.0,0.75
CUST_03349,2024-10-01,1,1.0,0.83
CUST_03349,2024-12-01,1,1.0,0.83
CUST_03349,2025-01-01,1,1.0,0.75
CUST_03349,2025-05-01,2,1.0,0.75
CUST_03349,2025-08-01,1,0.0,0.75
CUST_03349,2025-09-01,1,1.0,0.75
CUST_03349,2025-10-01,2,1.0,0.865
CUST_03349,2025-11-01,1,0.0,0.83
CUST_03349,2025-12-01,2,1.0,0.79
CUST_03351,2024-08-01,1,1.0,0.75
CUST_03351,2024-09-01,1,0.0,0.83
CUST_03351,2024-10-01,1,1.0,0.9
CUST_03351,2025-04-01,1,1.0,0.83
CUST_03351,2025-05-01,1,1.0,0.75
CUST_03351,2025-06-01,2,0.5,0.75
CUST_03351,2025-07-01,1,0.0,0.83
CUST_03351,2025-10-01,1,1.0,0.75
CUST_03351,2025-11-01,2,1.0,0.79
CUST_03353,2025-10-01,1,0.0,0.42
CUST_03353,2025-11-01,1,1.0,0.39
CUST_03353,2025-12-01,1,0.0,0.42
CUST_03354,2025-07-01,1,1.0,0.35
CUST_03354,2025-10-01,1,0.0,0.39
CUST_03356,2024-08-01,1,0.0,0.75
CUST_03356,2024-11-01,1,1.0,0.75
CUST_03356,2025-02-01,1,1.0,0.75
CUST_03356,2025-04-01,1,1.0,0.75
CUST_03356,2025-06-01,1,1.0,0.75
CUST_03356,2025-07-01,2,0.5,0.79
CUST_03356,2025-09-01,1,1.0,0.9
CUST_03356,2025-10-01,1,1.0,0.75
CUST_03356,2025-11-01,1,1.0,0.9
CUST_03358,2025-07-01,2,0.0,0.35
CUST_03358,2025-08-01,1,1.0,0.35
CUST_03359,2024-06-01,1,1.0,0.55
CUST_03359,2024-07-01,1,1.0,0.55
CUST_03359,2024-09-01,1,1.0,0.55
CUST_03359,2025-05-01,2,0.5,0.605
CUST_03359,2025-10-01,1,0.0,0.55
CUST_03359,2025-11-01,2,0.0,0.605
CUST_03360,2024-08-01,2,0.5,0.5800000000000001
CUST_03360,2024-11-01,1,1.0,0.55
CUST_03360,2025-01-01,1,1.0,0.55
CUST_03360,2025-07-01,2,1.0,0.61
CUST_03362,2025-02-01,2,0.0,0.35
CUST_03362,2025-04-01,1,0.0,0.35
CUST_03362,2025-10-01,1,0.0,0.35
CUST_03363,2025-02-01,2,0.5,0.61
CUST_03363,2025-05-01,1,1.0,0.55
CUST_03363,2025-07-01,1,1.0,0.61
CUST_03363,2025-08-01,1,0.0,0.66
CUST_03363,2025-10-01,1,1.0,0.66
CUST_03364,2024-10-01,1,0.0,0.61
CUST_03364,2025-04-01,1,1.0,0.61
CUST_03367,2024-06-01,1,0.0,0.35
CUST_03367,2024-07-01,1,1.0,0.35
CUST_03367,2024-11-01,1,0.0,0.35
CUST_03368,2024-08-01,1,0.0,0.35
CUST_03368,2024-10-01,1,1.0,0.42
CUST_03368,2025-05-01,1,0.0,0.35
CUST_03368,2025-10-01,1,1.0,0.39
CUST_03369,2025-11-01,1,0.0,0.35
CUST_03370,2025-01-01,1,0.0,0.55
CUST_03370,2025-05-01,1,1.0,0.55
CUST_03370,2025-06-01,1,1.0,0.55
CUST_03371,2025-09-01,1,0.0,0.42
CUST_03372,2024-02-01,1,1.0,0.61
CUST_03372,2024-03-01,1,1.0,0.55
CUST_03372,2024-07-01,2,0.0,0.55
CUST_03372,2024-08-01,1,1.0,0.55
CUST_03372,2024-11-01,1,1.0,0.55
CUST_03372,2025-01-01,2,0.5,0.55
CUST_03372,2025-03-01,1,1.0,0.55
CUST_03372,2025-04-01,1,0.0,0.55
CUST_03372,2025-05-01,1,1.0,0.55
CUST_03372,2025-07-01,1,0.0,0.61
CUST_03372,2025-09-01,1,0.0,0.55
CUST_03372,2025-10-01,1,0.0,0.61
CUST_03372,2025-11-01,1,1.0,0.66
CUST_03372,2025-12-01,1,1.0,0.55
CUST_03374,2025-10-01,1,1.0,0.39
CUST_03375,2025-11-01,2,0.5,0.35
CUST_03376,2025-12-01,2,0.0,0.39
CUST_03377,2024-02-01,1,0.0,0.35
CUST_03377,2024-04-01,1,0.0,0.39
CUST_03377,2025-03-01,1,1.0,0.35
CUST_03377,2025-04-01,1,0.0,0.35
CUST_03377,2025-10-01,1,1.0,0.39
CUST_03378,2025-05-01,1,0.0,0.75
CUST_03379,2024-08-01,2,1.0,0.825
CUST_03379,2024-09-01,1,1.0,0.75
CUST_03379,2024-11-01,1,0.0,0.75
CUST_03379,2025-03-01,2,0.5,0.75
CUST_03379,2025-04-01,1,0.0,0.75
CUST_03379,2025-05-01,1,1.0,0.9
CUST_03379,2025-06-01,1,1.0,0.75
CUST_03379,2025-10-01,2,1.0,0.75
CUST_03380,2024-01-01,1,1.0,0.75
CUST_03380,2024-05-01,2,1.0,0.79
CUST_03380,2024-06-01,1,0.0,0.75
CUST_03380,2024-09-01,2,1.0,0.825
CUST_03380,2024-11-01,1,0.0,0.75
CUST_03380,2024-12-01,1,1.0,0.9
CUST_03380,2025-05-01,4,1.0,0.8075
CUST_03380,2025-06-01,3,0.6666666666666666,0.8033333333333333
CUST_03380,2025-08-01,1,1.0,0.75
CUST_03380,2025-12-01,1,1.0,0.75
CUST_03381,2025-08-01,1,1.0,0.42
CUST_03381,2025-11-01,1,0.0,0.35
CUST_03382,2024-07-01,1,1.0,0.61
CUST_03382,2024-08-01,1,1.0,0.55
CUST_03382,2024-09-01,1,1.0,0.55
CUST_03382,2024-12-01,1,1.0,0.61
CUST_03382,2025-06-01,1,1.0,0.55
CUST_03382,2025-10-01,1,1.0,0.55
CUST_03382,2025-11-01,2,1.0,0.5800000000000001
CUST_03383,2024-07-01,1,1.0,0.55
CUST_03383,2024-08-01,2,1.0,0.55
CUST_03383,2024-09-01,1,1.0,0.55
CUST_03383,2024-10-01,1,1.0,0.55
CUST_03383,2025-01-01,1,0.0,0.55
CUST_03383,2025-05-01,1,0.0,0.55
CUST_03383,2025-06-01,1,1.0,0.66
CUST_03383,2025-08-01,3,0.3333333333333333,0.55
CUST_03384,2025-05-01,1,1.0,0.55
CUST_03384,2025-08-01,2,1.0,0.605
CUST_03385,2025-06-01,1,1.0,0.83
CUST_03385,2025-08-01,1,1.0,0.75
CUST_03385,2025-10-01,1,1.0,0.75
CUST_03385,2025-11-01,1,1.0,0.83
CUST_03385,2025-12-01,1,1.0,0.75
CUST_03386,2024-09-01,1,0.0,0.55
CUST_03386,2025-06-01,1,1.0,0.66
CUST_03386,2025-07-01,1,0.0,0.55
CUST_03386,2025-09-01,1,1.0,0.55
CUST_03388,2025-08-01,1,1.0,0.39
CUST_03390,2024-10-01,1,1.0,0.55
CUST_03390,2025-04-01,1,0.0,0.55
CUST_03390,2025-10-01,1,1.0,0.55
CUST_03390,2025-11-01,1,1.0,0.55
CUST_03391,2025-07-01,1,0.0,0.35
CUST_03391,2025-10-01,1,0.0,0.39
CUST_03391,2025-12-01,1,0.0,0.35
CUST_03394,2025-09-01,1,1.0,0.39
CUST_03394,2025-12-01,1,0.0,0.35
CUST_03395,2025-09-01,2,0.0,0.83
CUST_03396,2025-12-01,1,1.0,0.35
CUST_03397,2024-10-01,1,1.0,0.75
CUST_03397,2024-11-01,1,1.0,0.75
CUST_03397,2025-02-01,1,1.0,0.75
CUST_03397,2025-06-01,1,0.0,0.83
CUST_03397,2025-08-01,1,1.0,0.75
CUST_03397,2025-09-01,1,1.0,0.83
CUST_03397,2025-10-01,2,0.5,0.75
CUST_03397,2025-12-01,1,1.0,0.75
CUST_03398,2025-03-01,1,0.0,0.55
CUST_03398,2025-07-01,1,1.0,0.55
CUST_03398,2025-09-01,1,1.0,0.66
CUST_03398,2025-10-01,1,1.0,0.66
CUST_03398,2025-12-01,2,1.0,0.55
CUST_03400,2025-01-01,1,1.0,0.35
CUST_03400,2025-04-01,1,0.0,0.35
CUST_03400,2025-07-01,1,1.0,0.39
CUST_03400,2025-12-01,1,1.0,0.42
CUST_03401,2025-01-01,1,0.0,0.35
CUST_03401,2025-07-01,1,0.0,0.35
CUST_03402,2025-01-01,1,1.0,0.55
CUST_03402,2025-02-01,1,1.0,0.61
CUST_03402,2025-04-01,1,0.0,0.55
CUST_03402,2025-09-01,2,0.5,0.605
CUST_03402,2025-11-01,1,1.0,0.55
CUST_03403,2024-11-01,2,0.5,0.35
CUST_03403,2025-02-01,1,1.0,0.35
CUST_03403,2025-03-01,1,0.0,0.39
CUST_03404,2024-06-01,2,1.0,0.37
CUST_03404,2024-10-01,1,1.0,0.35
CUST_03404,2024-12-01,1,1.0,0.35
CUST_03404,2025-07-01,2,0.5,0.35
CUST_03405,2024-06-01,2,1.0,0.37
CUST_03406,2025-02-01,1,1.0,0.55
CUST_03406,2025-04-01,1,0.0,0.55
CUST_03406,2025-05-01,1,0.0,0.55
CUST_03406,2025-07-01,1,0.0,0.55
CUST_03406,2025-12-01,1,1.0,0.55
CUST_03407,2025-10-01,1,0.0,0.66
CUST_03407,2025-12-01,2,0.5,0.55
CUST_03408,2024-10-01,1,1.0,0.61
CUST_03408,2025-08-01,1,1.0,0.55
CUST_03408,2025-10-01,1,0.0,0.55
CUST_03410,2025-03-01,1,1.0,0.35
CUST_03410,2025-07-01,1,0.0,0.39
CUST_03410,2025-11-01,1,1.0,0.35
CUST_03411,2025-11-01,1,1.0,0.35
CUST_03412,2025-08-01,1,1.0,0.75
CUST_03412,2025-09-01,1,0.0,0.75
CUST_03415,2025-12-01,1,1.0,0.61
CUST_03416,2025-08-01,1,1.0,0.35
CUST_03417,2024-09-01,1,1.0,0.55
CUST_03417,2024-10-01,2,1.0,0.5800000000000001
CUST_03417,2025-01-01,1,1.0,0.61
CUST_03417,2025-04-01,1,1.0,0.55
CUST_03417,2025-06-01,1,0.0,0.55
CUST_03418,2024-05-01,1,0.0,0.55
CUST_03418,2024-11-01,1,0.0,0.66
CUST_03418,2024-12-01,2,0.5,0.5800000000000001
CUST_03418,2025-02-01,1,0.0,0.55
CUST_03418,2025-04-01,1,1.0,0.55
CUST_03418,2025-08-01,1,1.0,0.55
CUST_03419,2025-03-01,1,1.0,0.39
CUST_03419,2025-05-01,1,1.0,0.35
CUST_03419,2025-12-01,1,1.0,0.39
CUST_03420,2025-11-01,1,0.0,0.35
CUST_03421,2025-01-01,1,0.0,0.55
CUST_03421,2025-07-01,1,1.0,0.61
CUST_03421,2025-08-01,1,1.0,0.55
CUST_03421,2025-09-01,1,0.0,0.61
CUST_03421,2025-10-01,1,1.0,0.55
CUST_03422,2024-03-01,1,1.0,0.55
CUST_03422,2024-07-01,3,0.6666666666666666,0.55
CUST_03422,2024-10-01,1,1.0,0.55
CUST_03422,2025-05-01,1,1.0,0.55
CUST_03422,2025-06-01,1,1.0,0.55
CUST_03422,2025-09-01,1,1.0,0.55
CUST_03423,2025-08-01,2,0.0,0.37
CUST_03423,2025-09-01,1,0.0,0.39
CUST_03424,2025-10-01,1,0.0,0.75
CUST_03424,2025-11-01,2,1.0,0.79
CUST_03424,2025-12-01,1,1.0,0.75
CUST_03426,2025-08-01,1,1.0,0.35
CUST_03427,2024-12-01,1,1.0,0.35
CUST_03429,2025-11-01,1,0.0,0.39
CUST_03430,2024-02-01,3,1.0,0.75
CUST_03430,2024-03-01,1,1.0,0.75
CUST_03430,2024-07-01,2,1.0,0.83
CUST_03430,2024-09-01,1,1.0,0.75
CUST_03430,2024-10-01,1,1.0,0.75
CUST_03430,2025-04-01,1,0.0,0.75
CUST_03430,2025-05-01,1,1.0,0.83
CUST_03430,2025-07-01,1,1.0,0.75
CUST_03430,2025-08-01,1,1.0,0.83
CUST_03430,2025-12-01,1,0.0,0.75
CUST_03431,2024-05-01,1,0.0,0.55
CUST_03431,2024-10-01,1,0.0,0.61
CUST_03431,2024-11-01,2,0.5,0.55
CUST_03431,2025-03-01,1,1.0,0.61
CUST_03431,2025-05-01,2,0.5,0.5800000000000001
CUST_03431,2025-06-01,1,1.0,0.55
CUST_03432,2024-03-01,1,1.0,0.66
CUST_03432,2024-07-01,1,1.0,0.55
CUST_03432,2025-03-01,2,0.0,0.55
CUST_03432,2025-04-01,2,0.5,0.605
CUST_03432,2025-06-01,1,1.0,0.55
CUST_03432,2025-07-01,1,0.0,0.55
CUST_03432,2025-09-01,2,0.5,0.5800000000000001
CUST_03433,2024-11-01,1,1.0,0.55
CUST_03433,2025-05-01,1,1.0,0.55
CUST_03433,2025-12-01,1,0.0,0.61
CUST_03434,2025-10-01,1,0.0,0.42
CUST_03435,2024-03-01,1,1.0,0.55
CUST_03435,2024-04-01,1,1.0,0.61
CUST_03435,2024-08-01,1,0.0,0.61
CUST_03435,2024-11-01,1,0.0,0.55
CUST_03435,2024-12-01,1,1.0,0.61
CUST_03435,2025-02-01,1,0.0,0.55
CUST_03435,2025-03-01,1,1.0,0.55
CUST_03435,2025-07-01,1,0.0,0.61
CUST_03435,2025-09-01,2,0.5,0.55
CUST_03436,2025-10-01,1,1.0,0.35
CUST_03437,2024-02-01,1,1.0,0.55
CUST_03437,2024-03-01,1,0.0,0.55
CUST_03437,2024-10-01,1,1.0,0.55
CUST_03437,2025-06-01,1,1.0,0.55
CUST_03437,2025-08-01,1,0.0,0.61
CUST_03437,2025-10-01,1,1.0,0.61
CUST_03437,2025-11-01,1,1.0,0.55
CUST_03437,2025-12-01,1,1.0,0.55
CUST_03438,2024-04-01,1,0.0,0.55
CUST_03438,2024-05-01,1,1.0,0.55
CUST_03438,2024-06-01,1,0.0,0.55
CUST_03438,2024-09-01,1,1.0,0.55
CUST_03438,2024-10-01,1,0.0,0.55
CUST_03438,2025-03-01,1,0.0,0.55
CUST_03438,2025-05-01,1,0.0,0.55
CUST_03438,2025-06-01,1,1.0,0.55
CUST_03438,2025-11-01,1,1.0,0.61
CUST_03438,2025-12-01,1,0.0,0.55
CUST_03439,2024-10-01,1,1.0,0.55
CUST_03439,2025-03-01,1,1.0,0.55
CUST_03439,2025-05-01,1,1.0,0.55
CUST_03439,2025-08-01,2,0.0,0.5800000000000001
CUST_03439,2025-11-01,1,1.0,0.66
CUST_03441,2024-07-01,1,1.0,0.35
CUST_03441,2024-11-01,1,0.0,0.35
CUST_03441,2025-10-01,1,0.0,0.42
CUST_03442,2024-03-01,1,0.0,0.39
CUST_03442,2024-09-01,1,0.0,0.35
CUST_03442,2025-08-01,1,1.0,0.39
CUST_03442,2025-12-01,1,0.0,0.35
CUST_03443,2025-05-01,1,0.0,0.55
CUST_03445,2025-02-01,1,0.0,0.39
CUST_03445,2025-03-01,2,0.0,0.385
CUST_03445,2025-09-01,1,0.0,0.35
CUST_03445,2025-12-01,1,0.0,0.39
CUST_03446,2025-09-01,1,0.0,0.35
CUST_03448,2025-08-01,1,0.0,0.42
CUST_03448,2025-11-01,1,1.0,0.39
CUST_03448,2025-12-01,1,1.0,0.35
CUST_03449,2025-04-01,1,0.0,0.39
CUST_03450,2025-09-01,1,0.0,0.35
CUST_03452,2025-07-01,1,1.0,0.75
CUST_03452,2025-09-01,1,1.0,0.75
CUST_03452,2025-10-01,1,1.0,0.75
CUST_03452,2025-11-01,1,1.0,0.75
CUST_03453,2025-08-01,1,1.0,0.35
CUST_03455,2024-04-01,1,1.0,0.66
CUST_03455,2024-06-01,1,0.0,0.55
CUST_03455,2024-07-01,1,1.0,0.66
CUST_03455,2025-09-01,1,1.0,0.55
CUST_03455,2025-12-01,2,0.5,0.5800000000000001
CUST_03456,2024-04-01,1,0.0,0.35
CUST_03456,2024-09-01,2,0.5,0.37
CUST_03456,2025-04-01,1,0.0,0.35
CUST_03457,2025-04-01,1,1.0,0.39
CUST_03458,2024-06-01,1,0.0,0.35
CUST_03458,2024-07-01,1,0.0,0.35
CUST_03458,2024-08-01,1,0.0,0.39
CUST_03458,2025-03-01,1,0.0,0.35
CUST_03462,2025-04-01,1,0.0,0.35
CUST_03462,2025-12-01,1,1.0,0.35
CUST_03463,2025-12-01,1,1.0,0.55
CUST_03464,2024-09-01,1,0.0,0.83
CUST_03464,2025-01-01,1,0.0,0.75
CUST_03464,2025-06-01,1,1.0,0.83
CUST_03464,2025-11-01,1,1.0,0.9
CUST_03466,2025-07-01,1,0.0,0.55
CUST_03466,2025-09-01,1,0.0,0.55
CUST_03466,2025-12-01,1,1.0,0.55
CUST_03467,2025-11-01,1,0.0,0.35
CUST_03468,2025-10-01,2,1.0,0.75
CUST_03469,2025-12-01,1,0.0,0.39
CUST_03470,2024-09-01,1,0.0,0.35
CUST_03470,2024-12-01,1,0.0,0.35
CUST_03471,2025-05-01,1,0.0,0.75
CUST_03471,2025-10-01,1,0.0,0.75
CUST_03472,2025-12-01,1,1.0,0.75
CUST_03473,2024-05-01,1,1.0,0.35
CUST_03473,2024-06-01,1,0.0,0.35
CUST_03473,2024-07-01,2,0.0,0.37
CUST_03473,2024-10-01,1,0.0,0.35
CUST_03473,2024-11-01,1,1.0,0.35
CUST_03473,2025-05-01,2,0.0,0.37
CUST_03473,2025-08-01,1,0.0,0.35
CUST_03473,2025-09-01,1,1.0,0.35
CUST_03474,2025-08-01,1,0.0,0.55
CUST_03474,2025-09-01,1,1.0,0.61
CUST_03474,2025-10-01,1,0.0,0.61
CUST_03475,2025-04-01,1,0.0,0.42
CUST_03475,2025-09-01,1,0.0,0.35
CUST_03475,2025-10-01,1,0.0,0.35
CUST_03476,2024-05-01,1,0.0,0.35
CUST_03476,2024-06-01,1,0.0,0.35
CUST_03476,2024-10-01,1,0.0,0.42
CUST_03476,2024-11-01,1,0.0,0.35
CUST_03476,2025-03-01,1,0.0,0.39
CUST_03476,2025-05-01,1,0.0,0.42
CUST_03476,2025-06-01,1,0.0,0.35
CUST_03476,2025-09-01,1,1.0,0.35
CUST_03476,2025-10-01,1,1.0,0.35
CUST_03476,2025-12-01,1,1.0,0.39
CUST_03477,2025-08-01,1,1.0,0.75
CUST_03477,2025-10-01,3,1.0,0.8266666666666667
CUST_03477,2025-11-01,1,0.0,0.75
CUST_03477,2025-12-01,1,1.0,0.9
CUST_03478,2025-02-01,1,0.0,0.55
CUST_03478,2025-05-01,2,0.5,0.61
CUST_03478,2025-09-01,1,0.0,0.61
CUST_03479,2024-10-01,1,0.0,0.75
CUST_03479,2024-11-01,2,0.5,0.75
CUST_03479,2024-12-01,1,1.0,0.83
CUST_03479,2025-02-01,1,1.0,0.75
CUST_03479,2025-07-01,1,1.0,0.75
CUST_03479,2025-12-01,1,1.0,0.83
CUST_03481,2024-06-01,1,1.0,0.42
CUST_03481,2025-08-01,1,1.0,0.35
CUST_03481,2025-11-01,1,0.0,0.35
CUST_03481,2025-12-01,1,0.0,0.35
CUST_03483,2025-08-01,1,1.0,0.42
CUST_03484,2025-11-01,1,1.0,0.55
CUST_03484,2025-12-01,1,1.0,0.55
CUST_03485,2024-08-01,1,0.0,0.39
CUST_03485,2024-09-01,1,0.0,0.35
CUST_03485,2024-11-01,1,1.0,0.35
CUST_03485,2024-12-01,1,0.0,0.35
CUST_03485,2025-04-01,1,0.0,0.35
CUST_03485,2025-09-01,1,1.0,0.35
CUST_03486,2025-10-01,1,1.0,0.35
CUST_03490,2024-06-01,1,1.0,0.61
CUST_03490,2025-05-01,2,1.0,0.605
CUST_03490,2025-06-01,1,1.0,0.55
CUST_03490,2025-08-01,1,1.0,0.55
CUST_03490,2025-09-01,2,0.5,0.605
CUST_03491,2025-11-01,1,0.0,0.42
CUST_03491,2025-12-01,2,0.5,0.42
CUST_03493,2025-06-01,1,1.0,0.35
CUST_03494,2025-08-01,1,1.0,0.55
CUST_03495,2025-12-01,1,0.0,0.35
CUST_03498,2024-08-01,1,1.0,0.35
CUST_03498,2024-09-01,1,0.0,0.35
CUST_03498,2024-10-01,1,0.0,0.39
CUST_03498,2025-09-01,1,0.0,0.35
CUST_03498,2025-12-01,1,1.0,0.35
CUST_03500,2024-04-01,1,1.0,0.75
CUST_03500,2024-05-01,1,1.0,0.75
CUST_03500,2024-11-01,1,1.0,0.9
CUST_03500,2025-03-01,1,1.0,0.75
CUST_03500,2025-04-01,1,1.0,0.75
CUST_03500,2025-06-01,1,1.0,0.75
CUST_03500,2025-10-01,2,1.0,0.79
CUST_03500,2025-12-01,1,1.0,0.75
CUST_03502,2024-10-01,1,0.0,0.35
CUST_03502,2024-11-01,1,0.0,0.35
CUST_03502,2024-12-01,1,1.0,0.35
CUST_03502,2025-08-01,1,1.0,0.35
CUST_03502,2025-10-01,1,1.0,0.39
CUST_03502,2025-12-01,1,1.0,0.39
CUST_03504,2025-03-01,1,0.0,0.55
CUST_03504,2025-04-01,1,1.0,0.55
CUST_03504,2025-05-01,1,0.0,0.55
CUST_03504,2025-10-01,1,0.0,0.55
CUST_03504,2025-11-01,1,1.0,0.55
CUST_03504,2025-12-01,2,0.5,0.55
CUST_03505,2024-06-01,1,0.0,0.35
CUST_03505,2024-09-01,1,1.0,0.35
CUST_03505,2025-01-01,1,0.0,0.35
CUST_03505,2025-04-01,1,1.0,0.35
CUST_03505,2025-05-01,1,1.0,0.35
CUST_03505,2025-07-01,1,1.0,0.35
CUST_03506,2024-08-01,1,1.0,0.75
CUST_03506,2024-09-01,1,1.0,0.75
CUST_03506,2024-12-01,1,1.0,0.75
CUST_03506,2025-01-01,1,1.0,0.75
CUST_03506,2025-03-01,1,1.0,0.75
CUST_03506,2025-07-01,1,1.0,0.83
CUST_03506,2025-08-01,1,1.0,0.9
CUST_03506,2025-09-01,1,1.0,0.75
CUST_03506,2025-10-01,1,1.0,0.75
CUST_03506,2025-12-01,1,1.0,0.75
CUST_03509,2024-08-01,1,1.0,0.55
CUST_03509,2024-09-01,1,1.0,0.55
CUST_03509,2024-12-01,1,1.0,0.55
CUST_03509,2025-01-01,1,1.0,0.55
CUST_03509,2025-02-01,1,1.0,0.61
CUST_03509,2025-03-01,1,0.0,0.55
CUST_03509,2025-04-01,1,1.0,0.55
CUST_03509,2025-07-01,4,0.75,0.5800000000000001
CUST_03511,2025-06-01,1,0.0,0.35
CUST_03511,2025-08-01,2,0.0,0.37
CUST_03512,2025-03-01,1,0.0,0.39
CUST_03514,2025-04-01,1,0.0,0.39
CUST_03514,2025-06-01,1,0.0,0.39
CUST_03514,2025-09-01,1,0.0,0.39
CUST_03514,2025-10-01,1,1.0,0.35
CUST_03514,2025-12-01,2,0.5,0.37
CUST_03515,2024-12-01,3,0.0,0.3633333333333333
CUST_03515,2025-02-01,2,0.5,0.35
CUST_03515,2025-04-01,1,1.0,0.35
CUST_03515,2025-11-01,1,0.0,0.35
CUST_03516,2025-06-01,2,0.5,0.605
CUST_03516,2025-07-01,1,1.0,0.55
CUST_03516,2025-08-01,1,0.0,0.55
CUST_03517,2024-04-01,1,0.0,0.55
CUST_03517,2024-05-01,1,0.0,0.66
CUST_03517,2024-06-01,1,0.0,0.55
CUST_03517,2025-02-01,2,0.5,0.66
CUST_03517,2025-03-01,1,1.0,0.66
CUST_03517,2025-05-01,1,1.0,0.55
CUST_03517,2025-07-01,1,1.0,0.66
CUST_03518,2025-03-01,1,0.0,0.55
CUST_03519,2025-03-01,1,1.0,0.35
CUST_03520,2025-02-01,1,0.0,0.35
CUST_03520,2025-07-01,1,1.0,0.42
CUST_03520,2025-09-01,1,1.0,0.35
CUST_03521,2025-01-01,1,0.0,0.55
CUST_03521,2025-07-01,2,0.5,0.605
CUST_03523,2024-09-01,1,0.0,0.42
CUST_03523,2025-12-01,1,1.0,0.35
CUST_03525,2025-06-01,2,1.0,0.5800000000000001
CUST_03525,2025-10-01,1,0.0,0.55
CUST_03525,2025-12-01,1,1.0,0.61
CUST_03526,2024-04-01,1,0.0,0.55
CUST_03526,2024-07-01,1,1.0,0.61
CUST_03526,2024-08-01,1,1.0,0.55
CUST_03526,2025-01-01,1,0.0,0.55
CUST_03526,2025-03-01,2,1.0,0.605
CUST_03526,2025-12-01,1,0.0,0.55
CUST_03527,2024-09-01,1,1.0,0.66
CUST_03527,2024-10-01,1,0.0,0.55
CUST_03527,2024-11-01,1,0.0,0.55
CUST_03527,2025-11-01,1,1.0,0.61
CUST_03527,2025-12-01,1,0.0,0.55
CUST_03528,2024-09-01,1,0.0,0.55
CUST_03528,2024-11-01,1,0.0,0.55
CUST_03528,2025-03-01,2,0.5,0.5800000000000001
CUST_03528,2025-05-01,1,0.0,0.55
CUST_03528,2025-09-01,2,1.0,0.605
CUST_03528,2025-12-01,2,1.0,0.635
CUST_03529,2024-12-01,1,0.0,0.35
CUST_03529,2025-02-01,1,0.0,0.39
CUST_03530,2025-02-01,1,0.0,0.55
CUST_03530,2025-08-01,1,0.0,0.55
CUST_03530,2025-10-01,1,1.0,0.55
CUST_03530,2025-12-01,1,0.0,0.61
CUST_03531,2025-03-01,1,1.0,0.35
CUST_03531,2025-12-01,1,1.0,0.35
CUST_03532,2024-04-01,2,1.0,0.825
CUST_03532,2024-10-01,1,1.0,0.83
CUST_03532,2024-11-01,2,0.5,0.825
CUST_03532,2025-02-01,1,1.0,0.75
CUST_03532,2025-03-01,1,0.0,0.75
CUST_03532,2025-05-01,2,1.0,0.79
CUST_03532,2025-06-01,1,1.0,0.75
CUST_03532,2025-07-01,1,1.0,0.75
CUST_03532,2025-08-01,2,1.0,0.825
CUST_03532,2025-10-01,3,0.3333333333333333,0.7766666666666667
CUST_03532,2025-12-01,3,0.6666666666666666,0.8533333333333334
CUST_03533,2024-06-01,1,0.0,0.35
CUST_03533,2024-07-01,1,1.0,0.35
CUST_03533,2024-08-01,1,0.0,0.35
CUST_03533,2024-11-01,1,0.0,0.35
CUST_03533,2024-12-01,1,0.0,0.35
CUST_03533,2025-02-01,1,1.0,0.39
CUST_03533,2025-05-01,1,0.0,0.35
CUST_03533,2025-07-01,1,0.0,0.35
CUST_03533,2025-09-01,1,1.0,0.35
CUST_03533,2025-12-01,1,0.0,0.42
CUST_03534,2025-05-01,1,1.0,0.55
CUST_03534,2025-08-01,1,0.0,0.55
CUST_03534,2025-12-01,1,0.0,0.55
CUST_03535,2024-09-01,2,1.0,0.385
CUST_03535,2025-04-01,1,0.0,0.39
CUST_03535,2025-08-01,1,0.0,0.39
CUST_03535,2025-12-01,1,1.0,0.35
CUST_03537,2024-03-01,1,1.0,0.61
CUST_03537,2024-09-01,1,0.0,0.55
CUST_03537,2025-03-01,1,0.0,0.55
CUST_03537,2025-04-01,1,0.0,0.61
CUST_03537,2025-07-01,1,0.0,0.55
CUST_03537,2025-12-01,1,1.0,0.55
CUST_03538,2025-12-01,1,1.0,0.75
CUST_03539,2024-10-01,2,0.0,0.35
CUST_03539,2025-02-01,1,1.0,0.35
CUST_03539,2025-03-01,1,1.0,0.35
CUST_03539,2025-04-01,1,0.0,0.39
CUST_03540,2024-07-01,1,1.0,0.61
CUST_03540,2025-01-01,1,1.0,0.55
CUST_03541,2024-08-01,1,1.0,0.9
CUST_03541,2024-10-01,1,0.0,0.75
CUST_03541,2024-11-01,2,1.0,0.75
CUST_03541,2025-01-01,2,1.0,0.865
CUST_03541,2025-08-01,1,1.0,0.75
CUST_03541,2025-09-01,2,1.0,0.79
CUST_03541,2025-10-01,1,1.0,0.75
CUST_03541,2025-12-01,1,1.0,0.83
CUST_03542,2025-12-01,1,1.0,0.75
CUST_03543,2024-09-01,1,1.0,0.75
CUST_03543,2025-02-01,1,1.0,0.9
CUST_03543,2025-04-01,1,0.0,0.75
CUST_03543,2025-06-01,1,1.0,0.75
CUST_03543,2025-08-01,1,1.0,0.75
CUST_03543,2025-11-01,1,1.0,0.83
CUST_03543,2025-12-01,1,1.0,0.83
CUST_03544,2025-03-01,1,1.0,0.83
CUST_03544,2025-04-01,1,1.0,0.83
CUST_03544,2025-08-01,2,0.5,0.75
CUST_03544,2025-10-01,1,1.0,0.83
CUST_03544,2025-11-01,1,1.0,0.9
CUST_03545,2024-11-01,1,1.0,0.75
CUST_03545,2024-12-01,1,1.0,0.75
CUST_03545,2025-07-01,1,1.0,0.75
CUST_03545,2025-08-01,3,0.6666666666666666,0.7766666666666667
CUST_03546,2024-12-01,1,0.0,0.55
CUST_03546,2025-01-01,1,1.0,0.55
CUST_03546,2025-02-01,1,0.0,0.61
CUST_03546,2025-03-01,1,1.0,0.55
CUST_03546,2025-04-01,1,0.0,0.61
CUST_03546,2025-05-01,2,1.0,0.5800000000000001
CUST_03546,2025-07-01,1,0.0,0.61
CUST_03546,2025-10-01,1,0.0,0.55
CUST_03547,2024-10-01,1,0.0,0.35
CUST_03547,2025-03-01,1,1.0,0.35
CUST_03547,2025-04-01,1,1.0,0.35
CUST_03547,2025-05-01,1,1.0,0.35
CUST_03547,2025-08-01,1,0.0,0.35
CUST_03548,2024-06-01,1,1.0,0.75
CUST_03548,2024-08-01,1,1.0,0.83
CUST_03548,2024-09-01,1,1.0,0.75
CUST_03548,2024-10-01,1,0.0,0.75
CUST_03548,2024-12-01,2,0.5,0.75
CUST_03548,2025-01-01,1,1.0,0.9
CUST_03548,2025-02-01,1,1.0,0.75
CUST_03548,2025-03-01,1,1.0,0.83
CUST_03548,2025-08-01,4,0.75,0.8075
CUST_03548,2025-11-01,1,1.0,0.75
CUST_03550,2025-12-01,1,0.0,0.39
CUST_03551,2024-08-01,1,1.0,0.55
CUST_03551,2025-01-01,1,1.0,0.55
CUST_03551,2025-04-01,1,1.0,0.61
CUST_03551,2025-10-01,1,0.0,0.55
CUST_03551,2025-11-01,1,1.0,0.61
CUST_03551,2025-12-01,1,0.0,0.55
CUST_03552,2025-12-01,1,0.0,0.39
CUST_03553,2025-01-01,1,0.0,0.35
CUST_03553,2025-11-01,1,0.0,0.35
CUST_03554,2025-07-01,1,0.0,0.55
CUST_03554,2025-09-01,1,1.0,0.55
CUST_03554,2025-11-01,1,1.0,0.61
CUST_03556,2025-06-01,1,0.0,0.35
CUST_03557,2024-05-01,1,1.0,0.66
CUST_03557,2024-08-01,1,1.0,0.55
CUST_03557,2024-09-01,1,1.0,0.55
CUST_03557,2024-10-01,1,1.0,0.55
CUST_03557,2024-12-01,1,0.0,0.55
CUST_03557,2025-03-01,1,1.0,0.55
CUST_03557,2025-04-01,1,0.0,0.61
CUST_03557,2025-05-01,1,1.0,0.66
CUST_03557,2025-07-01,1,1.0,0.55
CUST_03559,2025-09-01,1,0.0,0.35
CUST_03559,2025-10-01,1,0.0,0.35
CUST_03560,2024-03-01,1,1.0,0.39
CUST_03560,2024-04-01,1,0.0,0.35
CUST_03560,2024-06-01,1,1.0,0.35
CUST_03560,2024-09-01,1,0.0,0.35
CUST_03560,2024-12-01,1,1.0,0.35
CUST_03560,2025-04-01,1,1.0,0.39
CUST_03560,2025-08-01,1,1.0,0.35
CUST_03560,2025-11-01,1,0.0,0.35
CUST_03561,2024-12-01,1,1.0,0.35
CUST_03561,2025-10-01,1,0.0,0.39
CUST_03561,2025-12-01,1,0.0,0.39
CUST_03562,2025-02-01,1,0.0,0.35
CUST_03563,2024-09-01,1,0.0,0.55
CUST_03563,2025-07-01,1,1.0,0.61
CUST_03563,2025-09-01,1,1.0,0.55
CUST_03563,2025-12-01,1,1.0,0.55
CUST_03564,2025-01-01,1,0.0,0.55
CUST_03564,2025-04-01,1,0.0,0.61
CUST_03564,2025-07-01,1,1.0,0.55
CUST_03565,2025-11-01,1,1.0,0.75
CUST_03566,2024-10-01,1,1.0,0.35
CUST_03566,2025-02-01,1,1.0,0.35
CUST_03566,2025-03-01,1,1.0,0.35
CUST_03566,2025-08-01,1,1.0,0.35
CUST_03567,2024-04-01,1,0.0,0.55
CUST_03567,2024-05-01,1,1.0,0.55
CUST_03567,2024-07-01,1,1.0,0.55
CUST_03567,2024-10-01,1,1.0,0.55
CUST_03567,2024-12-01,1,1.0,0.55
CUST_03567,2025-02-01,1,1.0,0.61
CUST_03567,2025-03-01,1,0.0,0.55
CUST_03567,2025-11-01,1,1.0,0.55
CUST_03569,2025-11-01,2,1.0,0.66
CUST_03570,2025-07-01,1,1.0,0.55
CUST_03571,2025-12-01,1,0.0,0.55
CUST_03572,2024-02-01,1,1.0,0.35
CUST_03572,2024-09-01,1,1.0,0.42
CUST_03572,2025-01-01,1,1.0,0.35
CUST_03572,2025-03-01,1,0.0,0.35
CUST_03572,2025-09-01,1,1.0,0.39
CUST_03573,2024-05-01,1,1.0,0.55
CUST_03573,2025-02-01,1,1.0,0.55
CUST_03573,2025-03-01,1,1.0,0.55
CUST_03573,2025-06-01,2,0.5,0.5800000000000001
CUST_03573,2025-10-01,1,1.0,0.61
CUST_03573,2025-11-01,1,1.0,0.66
CUST_03574,2025-08-01,1,0.0,0.39
CUST_03574,2025-10-01,1,0.0,0.35
CUST_03574,2025-12-01,1,0.0,0.39
CUST_03575,2024-02-01,1,1.0,0.39
CUST_03575,2024-03-01,1,0.0,0.35
CUST_03575,2024-10-01,1,0.0,0.35
CUST_03575,2025-02-01,1,0.0,0.35
CUST_03575,2025-05-01,1,1.0,0.39
CUST_03577,2025-03-01,1,0.0,0.42
CUST_03577,2025-07-01,2,0.5,0.35
CUST_03577,2025-12-01,1,0.0,0.39
CUST_03578,2025-09-01,1,1.0,0.61
CUST_03581,2025-10-01,1,1.0,0.55
CUST_03581,2025-12-01,1,0.0,0.55
CUST_03582,2024-12-01,1,1.0,0.55
CUST_03582,2025-02-01,2,1.0,0.55
CUST_03582,2025-05-01,1,0.0,0.66
CUST_03582,2025-06-01,1,0.0,0.55
CUST_03582,2025-07-01,1,1.0,0.55
CUST_03582,2025-08-01,3,0.6666666666666666,0.5866666666666668
CUST_03582,2025-09-01,1,0.0,0.55
CUST_03582,2025-10-01,1,0.0,0.55
CUST_03582,2025-11-01,1,1.0,0.55
CUST_03583,2025-07-01,1,1.0,0.35
CUST_03583,2025-10-01,1,1.0,0.35
CUST_03584,2025-02-01,1,1.0,0.35
CUST_03584,2025-09-01,2,0.5,0.405
CUST_03584,2025-10-01,1,0.0,0.35
CUST_03585,2024-04-01,1,0.0,0.35
CUST_03585,2024-06-01,1,1.0,0.39
CUST_03585,2024-07-01,1,0.0,0.35
CUST_03585,2025-04-01,1,1.0,0.42
CUST_03585,2025-06-01,1,1.0,0.35
CUST_03585,2025-08-01,1,1.0,0.42
CUST_03585,2025-09-01,1,1.0,0.35
CUST_03586,2025-03-01,1,1.0,0.35
CUST_03587,2025-09-01,1,1.0,0.75
CUST_03588,2025-03-01,1,1.0,0.66
CUST_03588,2025-11-01,1,1.0,0.55
CUST_03589,2025-12-01,2,0.5,0.35
CUST_03590,2024-09-01,1,1.0,0.55
CUST_03590,2024-10-01,1,0.0,0.61
CUST_03590,2024-11-01,1,1.0,0.55
CUST_03590,2025-02-01,1,0.0,0.55
CUST_03590,2025-05-01,1,0.0,0.55
CUST_03590,2025-06-01,1,0.0,0.61
CUST_03590,2025-07-01,2,0.0,0.55
CUST_03590,2025-08-01,1,1.0,0.61
CUST_03590,2025-12-01,1,1.0,0.55
CUST_03592,2025-10-01,1,0.0,0.75
CUST_03592,2025-12-01,2,1.0,0.75
CUST_03593,2025-02-01,1,0.0,0.35
CUST_03593,2025-03-01,1,0.0,0.42
CUST_03593,2025-04-01,2,0.5,0.37
CUST_03593,2025-08-01,1,0.0,0.35
CUST_03594,2024-02-01,1,0.0,0.35
CUST_03594,2024-03-01,1,1.0,0.35
CUST_03594,2024-05-01,1,0.0,0.35
CUST_03594,2024-08-01,2,0.5,0.37
CUST_03594,2024-09-01,1,1.0,0.35
CUST_03594,2025-09-01,2,0.5,0.35
CUST_03596,2024-09-01,1,1.0,0.75
CUST_03596,2024-11-01,3,0.6666666666666666,0.8033333333333333
CUST_03596,2025-01-01,1,1.0,0.75
CUST_03596,2025-10-01,1,1.0,0.75
CUST_03596,2025-12-01,1,1.0,0.9
CUST_03597,2025-09-01,2,1.0,0.55
CUST_03597,2025-10-01,1,0.0,0.55
CUST_03598,2025-04-01,1,1.0,0.75
CUST_03598,2025-06-01,1,1.0,0.75
CUST_03598,2025-09-01,1,1.0,0.75
CUST_03598,2025-12-01,2,0.5,0.79
CUST_03599,2025-02-01,1,0.0,0.35
CUST_03599,2025-04-01,1,1.0,0.39
CUST_03599,2025-05-01,1,1.0,0.39
CUST_03599,2025-07-01,1,0.0,0.35
CUST_03600,2025-03-01,2,1.0,0.37
CUST_03600,2025-06-01,1,1.0,0.39
CUST_03600,2025-09-01,1,0.0,0.35
CUST_03601,2025-06-01,1,1.0,0.35
CUST_03601,2025-07-01,1,1.0,0.39
CUST_03602,2024-04-01,1,1.0,0.55
CUST_03602,2024-05-01,1,0.0,0.55
CUST_03602,2024-12-01,1,1.0,0.55
CUST_03602,2025-05-01,1,1.0,0.55
CUST_03602,2025-08-01,1,0.0,0.55
CUST_03602,2025-09-01,1,0.0,0.55
CUST_03604,2025-07-01,4,0.25,0.5800000000000001
CUST_03605,2025-05-01,1,0.0,0.42
CUST_03605,2025-12-01,2,0.5,0.35
CUST_03606,2025-01-01,1,0.0,0.35
CUST_03606,2025-02-01,1,1.0,0.39
CUST_03607,2024-02-01,1,0.0,0.55
CUST_03607,2024-03-01,1,1.0,0.55
CUST_03607,2024-08-01,1,1.0,0.55
CUST_03607,2025-08-01,1,1.0,0.55
CUST_03607,2025-10-01,1,1.0,0.66
CUST_03608,2025-12-01,1,0.0,0.35
CUST_03609,2025-09-01,1,1.0,0.55
CUST_03610,2025-08-01,1,0.0,0.55
CUST_03610,2025-12-01,1,1.0,0.55
CUST_03611,2025-08-01,1,1.0,0.55
CUST_03611,2025-11-01,1,0.0,0.55
CUST_03612,2025-03-01,2,0.5,0.61
CUST_03612,2025-08-01,1,0.0,0.55
CUST_03613,2025-02-01,1,1.0,0.75
CUST_03613,2025-07-01,1,0.0,0.83
CUST_03613,2025-11-01,2,1.0,0.75
CUST_03613,2025-12-01,1,0.0,0.75
CUST_03615,2024-10-01,1,0.0,0.35
CUST_03615,2025-09-01,1,0.0,0.39
CUST_03615,2025-11-01,1,0.0,0.35
CUST_03615,2025-12-01,1,0.0,0.35
CUST_03617,2025-07-01,1,0.0,0.42
CUST_03617,2025-11-01,1,1.0,0.42
CUST_03618,2024-12-01,1,0.0,0.35
CUST_03618,2025-08-01,2,1.0,0.405
CUST_03618,2025-10-01,1,1.0,0.35
CUST_03618,2025-11-01,1,0.0,0.39
CUST_03621,2024-10-01,1,0.0,0.35
CUST_03621,2025-01-01,1,0.0,0.35
CUST_03621,2025-02-01,1,0.0,0.35
CUST_03621,2025-05-01,1,1.0,0.39
CUST_03621,2025-08-01,1,0.0,0.39
CUST_03621,2025-10-01,1,0.0,0.42
CUST_03621,2025-11-01,1,0.0,0.35
CUST_03621,2025-12-01,1,0.0,0.39
CUST_03623,2025-03-01,1,1.0,0.9
CUST_03623,2025-05-01,2,0.5,0.75
CUST_03623,2025-12-01,2,1.0,0.83
CUST_03624,2025-07-01,1,1.0,0.75
CUST_03626,2024-10-01,1,0.0,0.55
CUST_03626,2025-03-01,1,1.0,0.55
CUST_03626,2025-04-01,1,0.0,0.55
CUST_03626,2025-10-01,1,1.0,0.55
CUST_03627,2024-11-01,1,0.0,0.39
CUST_03628,2025-08-01,1,1.0,0.35
CUST_03629,2025-10-01,1,0.0,0.55
CUST_03629,2025-12-01,1,0.0,0.61
CUST_03630,2025-02-01,1,1.0,0.55
CUST_03630,2025-09-01,1,0.0,0.55
CUST_03631,2025-11-01,1,1.0,0.75
CUST_03631,2025-12-01,1,1.0,0.75
CUST_03632,2024-04-01,1,0.0,0.61
CUST_03632,2024-07-01,1,1.0,0.55
CUST_03632,2024-09-01,1,1.0,0.61
CUST_03632,2025-04-01,1,1.0,0.61
CUST_03632,2025-07-01,2,0.0,0.55
CUST_03632,2025-11-01,1,0.0,0.55
CUST_03633,2025-05-01,1,1.0,0.83
CUST_03633,2025-07-01,1,1.0,0.75
CUST_03633,2025-08-01,1,1.0,0.75
CUST_03634,2025-07-01,1,1.0,0.35
CUST_03635,2025-07-01,1,0.0,0.55
CUST_03635,2025-08-01,1,0.0,0.55
CUST_03635,2025-10-01,1,1.0,0.55
CUST_03636,2024-08-01,1,0.0,0.35
CUST_03636,2025-01-01,1,0.0,0.35
CUST_03636,2025-05-01,2,0.5,0.37
CUST_03636,2025-06-01,1,1.0,0.35
CUST_03638,2025-10-01,1,1.0,0.39
CUST_03639,2024-10-01,1,1.0,0.75
CUST_03639,2024-12-01,1,1.0,0.75
CUST_03639,2025-06-01,1,1.0,0.75
CUST_03639,2025-10-01,2,0.5,0.75
CUST_03641,2025-11-01,1,0.0,0.42
CUST_03642,2025-03-01,1,0.0,0.35
CUST_03642,2025-06-01,1,0.0,0.35
CUST_03642,2025-07-01,2,0.0,0.35
CUST_03642,2025-09-01,1,0.0,0.39
CUST_03643,2024-12-01,1,0.0,0.55
CUST_03643,2025-08-01,1,1.0,0.55
CUST_03643,2025-10-01,2,0.5,0.55
CUST_03643,2025-12-01,1,1.0,0.55
CUST_03644,2024-04-01,2,1.0,0.825
CUST_03644,2024-07-01,2,0.5,0.75
CUST_03644,2024-08-01,1,1.0,0.75
CUST_03644,2025-01-01,1,1.0,0.75
CUST_03644,2025-04-01,1,1.0,0.75
CUST_03644,2025-07-01,2,0.5,0.79
CUST_03644,2025-09-01,1,1.0,0.83
CUST_03645,2024-12-01,1,0.0,0.35
CUST_03645,2025-01-01,1,1.0,0.35
CUST_03645,2025-02-01,1,0.0,0.35
CUST_03647,2024-07-01,1,1.0,0.75
CUST_03647,2024-09-01,1,1.0,0.75
CUST_03647,2024-10-01,2,1.0,0.825
CUST_03647,2025-04-01,1,1.0,0.75
CUST_03647,2025-05-01,1,1.0,0.75
CUST_03647,2025-08-01,1,1.0,0.75
CUST_03647,2025-11-01,1,1.0,0.75
CUST_03648,2024-08-01,1,0.0,0.35
CUST_03648,2025-02-01,1,1.0,0.35
CUST_03648,2025-12-01,1,0.0,0.35
CUST_03649,2024-11-01,1,1.0,0.35
CUST_03651,2024-11-01,2,0.5,0.385
CUST_03651,2025-05-01,1,0.0,0.35
CUST_03651,2025-06-01,1,0.0,0.35
CUST_03652,2024-07-01,1,1.0,0.55
CUST_03652,2025-07-01,1,1.0,0.61
CUST_03652,2025-08-01,1,1.0,0.66
CUST_03652,2025-10-01,1,0.0,0.55
CUST_03652,2025-12-01,1,1.0,0.55
CUST_03653,2025-05-01,1,1.0,0.75
CUST_03653,2025-06-01,1,0.0,0.75
CUST_03653,2025-11-01,1,1.0,0.75
CUST_03656,2024-03-01,1,0.0,0.35
CUST_03656,2024-06-01,1,1.0,0.35
CUST_03656,2024-09-01,2,0.5,0.37
CUST_03656,2025-01-01,1,0.0,0.35
CUST_03656,2025-02-01,1,1.0,0.39
CUST_03656,2025-08-01,1,0.0,0.35
CUST_03657,2025-08-01,1,0.0,0.35
CUST_03658,2024-08-01,1,1.0,0.61
CUST_03658,2024-09-01,1,0.0,0.61
CUST_03658,2025-02-01,1,0.0,0.55
CUST_03658,2025-08-01,1,1.0,0.55
CUST_03658,2025-12-01,1,0.0,0.55
CUST_03659,2024-12-01,3,0.3333333333333333,0.57
CUST_03659,2025-03-01,1,0.0,0.55
CUST_03659,2025-04-01,1,1.0,0.55
CUST_03659,2025-05-01,1,1.0,0.55
CUST_03659,2025-09-01,1,0.0,0.66
CUST_03660,2025-06-01,1,0.0,0.61
CUST_03660,2025-07-01,1,1.0,0.55
CUST_03661,2024-03-01,1,0.0,0.55
CUST_03661,2024-04-01,1,0.0,0.61
CUST_03661,2024-05-01,1,0.0,0.55
CUST_03661,2024-07-01,1,0.0,0.55
CUST_03661,2024-09-01,1,1.0,0.61
CUST_03661,2024-10-01,1,1.0,0.55
CUST_03661,2024-12-01,1,0.0,0.55
CUST_03661,2025-02-01,1,0.0,0.55
CUST_03661,2025-04-01,1,0.0,0.55
CUST_03661,2025-06-01,2,0.0,0.61
CUST_03661,2025-10-01,1,1.0,0.55
CUST_03661,2025-12-01,1,1.0,0.55
CUST_03662,2024-10-01,1,1.0,0.35
CUST_03662,2025-07-01,1,1.0,0.39
CUST_03662,2025-08-01,1,0.0,0.35
CUST_03662,2025-11-01,1,0.0,0.35
CUST_03663,2025-05-01,1,1.0,0.75
CUST_03663,2025-07-01,2,1.0,0.83
CUST_03663,2025-09-01,1,1.0,0.75
CUST_03664,2025-04-01,1,0.0,0.35
CUST_03664,2025-12-01,1,1.0,0.35
CUST_03666,2025-06-01,1,1.0,0.35
CUST_03667,2025-09-01,1,1.0,0.35
CUST_03668,2024-12-01,1,0.0,0.55
CUST_03668,2025-01-01,2,0.5,0.55
CUST_03668,2025-07-01,1,1.0,0.55
CUST_03668,2025-08-01,1,0.0,0.55
CUST_03668,2025-12-01,1,1.0,0.55
CUST_03669,2024-08-01,1,1.0,0.35
CUST_03669,2024-11-01,1,1.0,0.35
CUST_03669,2025-10-01,1,0.0,0.35
CUST_03669,2025-12-01,1,0.0,0.35
CUST_03670,2025-05-01,2,1.0,0.5800000000000001
CUST_03670,2025-08-01,1,1.0,0.66
CUST_03671,2025-06-01,1,0.0,0.35
CUST_03671,2025-07-01,1,0.0,0.35
CUST_03671,2025-12-01,1,0.0,0.35
CUST_03672,2024-09-01,1,1.0,0.55
CUST_03672,2025-02-01,1,1.0,0.55
CUST_03672,2025-06-01,1,0.0,0.55
CUST_03672,2025-09-01,1,1.0,0.55
CUST_03673,2025-12-01,1,0.0,0.39
CUST_03675,2025-12-01,2,1.0,0.55
CUST_03676,2024-04-01,3,0.6666666666666666,0.5866666666666668
CUST_03676,2024-05-01,3,0.6666666666666666,0.57
CUST_03676,2024-11-01,1,1.0,0.66
CUST_03676,2025-05-01,1,0.0,0.55
CUST_03676,2025-09-01,1,0.0,0.55
CUST_03676,2025-11-01,1,0.0,0.55
CUST_03677,2024-04-01,1,1.0,0.35
CUST_03677,2024-12-01,2,1.0,0.405
CUST_03677,2025-01-01,1,0.0,0.35
CUST_03677,2025-02-01,1,1.0,0.42
CUST_03677,2025-10-01,1,0.0,0.35
CUST_03678,2025-05-01,1,0.0,0.39
CUST_03679,2024-11-01,1,1.0,0.39
CUST_03679,2025-05-01,1,0.0,0.39
CUST_03679,2025-11-01,1,0.0,0.35
CUST_03681,2024-05-01,1,1.0,0.35
CUST_03681,2024-07-01,2,1.0,0.385
CUST_03681,2024-10-01,1,0.0,0.35
CUST_03681,2025-02-01,1,0.0,0.35
CUST_03681,2025-03-01,2,0.5,0.37
CUST_03681,2025-05-01,1,0.0,0.35
CUST_03681,2025-12-01,1,1.0,0.39
CUST_03682,2024-10-01,1,0.0,0.35
CUST_03682,2024-12-01,1,1.0,0.35
CUST_03682,2025-02-01,1,0.0,0.35
CUST_03682,2025-03-01,1,1.0,0.39
CUST_03682,2025-04-01,1,0.0,0.35
CUST_03683,2025-09-01,1,0.0,0.35
CUST_03683,2025-11-01,1,0.0,0.35
CUST_03683,2025-12-01,1,0.0,0.39
CUST_03684,2024-11-01,1,1.0,0.35
CUST_03684,2024-12-01,2,0.0,0.35
CUST_03684,2025-10-01,1,1.0,0.42
CUST_03685,2024-06-01,1,0.0,0.61
CUST_03685,2024-08-01,1,0.0,0.55
CUST_03685,2024-09-01,2,0.5,0.55
CUST_03685,2025-01-01,1,0.0,0.55
CUST_03685,2025-02-01,1,1.0,0.55
CUST_03685,2025-06-01,1,0.0,0.55
CUST_03685,2025-07-01,1,1.0,0.55
CUST_03685,2025-09-01,1,1.0,0.55
CUST_03686,2025-12-01,1,0.0,0.35
CUST_03687,2024-09-01,2,1.0,0.605
CUST_03687,2025-01-01,1,1.0,0.55
CUST_03687,2025-03-01,1,1.0,0.61
CUST_03687,2025-06-01,1,1.0,0.55
CUST_03687,2025-09-01,2,1.0,0.5800000000000001
CUST_03687,2025-10-01,1,0.0,0.55
CUST_03687,2025-12-01,1,0.0,0.55
CUST_03688,2025-08-01,1,1.0,0.66
CUST_03688,2025-10-01,1,1.0,0.55
CUST_03689,2025-06-01,1,1.0,0.55
CUST_03689,2025-09-01,2,0.5,0.55
CUST_03690,2025-01-01,1,0.0,0.39
CUST_03690,2025-09-01,1,0.0,0.39
CUST_03691,2025-01-01,1,0.0,0.42
CUST_03691,2025-04-01,1,0.0,0.35
CUST_03691,2025-07-01,2,0.5,0.37
CUST_03692,2025-08-01,1,0.0,0.35
CUST_03692,2025-12-01,1,0.0,0.39
CUST_03693,2025-02-01,1,1.0,0.55
CUST_03693,2025-05-01,1,0.0,0.55
CUST_03693,2025-09-01,1,1.0,0.55
CUST_03693,2025-11-01,1,0.0,0.55
CUST_03694,2025-11-01,1,0.0,0.55
CUST_03695,2025-12-01,1,1.0,0.35
CUST_03696,2024-02-01,1,1.0,0.55
CUST_03696,2024-03-01,1,1.0,0.61
CUST_03696,2024-04-01,1,1.0,0.55
CUST_03696,2024-07-01,1,0.0,0.55
CUST_03696,2025-03-01,2,0.5,0.5800000000000001
CUST_03696,2025-06-01,1,0.0,0.55
CUST_03697,2024-03-01,1,1.0,0.75
CUST_03697,2024-04-01,2,1.0,0.75
CUST_03697,2024-07-01,1,1.0,0.75
CUST_03697,2024-09-01,4,1.0,0.79
CUST_03697,2024-11-01,1,1.0,0.75
CUST_03697,2025-02-01,1,0.0,0.75
CUST_03697,2025-03-01,1,1.0,0.75
CUST_03697,2025-05-01,1,1.0,0.75
CUST_03697,2025-09-01,1,1.0,0.75
CUST_03697,2025-11-01,3,1.0,0.75
CUST_03698,2024-05-01,1,1.0,0.35
CUST_03700,2024-11-01,1,1.0,0.55
CUST_03700,2024-12-01,1,0.0,0.55
CUST_03700,2025-04-01,1,1.0,0.55
CUST_03700,2025-07-01,2,0.0,0.605
CUST_03702,2024-08-01,1,1.0,0.35
CUST_03702,2025-01-01,1,1.0,0.35
CUST_03702,2025-02-01,1,1.0,0.35
CUST_03702,2025-05-01,1,0.0,0.35
CUST_03702,2025-07-01,1,1.0,0.39
CUST_03703,2024-09-01,1,1.0,0.35
CUST_03703,2024-10-01,1,0.0,0.35
CUST_03704,2025-01-01,2,0.5,0.55
CUST_03704,2025-02-01,1,1.0,0.55
CUST_03704,2025-06-01,1,0.0,0.55
CUST_03704,2025-08-01,1,1.0,0.55
CUST_03704,2025-11-01,1,1.0,0.55
CUST_03705,2025-07-01,1,0.0,0.35
CUST_03705,2025-12-01,1,0.0,0.35
CUST_03706,2025-12-01,1,0.0,0.75
CUST_03708,2025-05-01,1,1.0,0.55
CUST_03708,2025-06-01,2,1.0,0.55
CUST_03708,2025-09-01,1,0.0,0.55
CUST_03708,2025-10-01,1,0.0,0.61
CUST_03709,2025-10-01,1,0.0,0.35
CUST_03709,2025-12-01,1,1.0,0.42
CUST_03710,2024-03-01,1,1.0,0.55
CUST_03710,2024-09-01,1,0.0,0.55
CUST_03710,2024-12-01,1,1.0,0.61
CUST_03710,2025-01-01,1,1.0,0.61
CUST_03710,2025-04-01,1,1.0,0.55
CUST_03710,2025-05-01,1,1.0,0.55
CUST_03710,2025-06-01,1,1.0,0.66
CUST_03710,2025-07-01,1,0.0,0.55
CUST_03710,2025-10-01,1,0.0,0.55
CUST_03710,2025-11-01,1,0.0,0.55
CUST_03711,2025-03-01,1,0.0,0.55
CUST_03711,2025-05-01,1,0.0,0.55
CUST_03711,2025-06-01,1,1.0,0.55
CUST_03711,2025-11-01,1,1.0,0.55
CUST_03712,2025-09-01,1,1.0,0.83
CUST_03713,2025-08-01,1,0.0,0.35
CUST_03714,2024-09-01,1,1.0,0.75
CUST_03714,2024-10-01,1,1.0,0.75
CUST_03714,2024-11-01,1,0.0,0.75
CUST_03714,2025-05-01,2,1.0,0.825
CUST_03714,2025-06-01,2,1.0,0.75
CUST_03714,2025-07-01,1,1.0,0.75
CUST_03715,2025-10-01,1,1.0,0.35
CUST_03717,2024-04-01,2,1.0,0.75
CUST_03717,2024-07-01,1,1.0,0.75
CUST_03717,2024-08-01,3,0.6666666666666666,0.8033333333333333
CUST_03717,2024-11-01,1,1.0,0.75
CUST_03717,2025-01-01,1,1.0,0.83
CUST_03717,2025-07-01,2,1.0,0.75
CUST_03717,2025-09-01,2,1.0,0.75
CUST_03717,2025-11-01,1,0.0,0.75
CUST_03717,2025-12-01,2,0.5,0.75
CUST_03718,2025-09-01,1,0.0,0.55
CUST_03719,2024-08-01,1,1.0,0.35
CUST_03719,2024-09-01,1,0.0,0.35
CUST_03719,2025-09-01,1,0.0,0.35
CUST_03720,2024-12-01,1,0.0,0.75
CUST_03720,2025-04-01,1,1.0,0.9
CUST_03720,2025-05-01,2,0.5,0.75
CUST_03720,2025-06-01,2,1.0,0.75
CUST_03721,2025-10-01,1,1.0,0.35
CUST_03721,2025-12-01,1,1.0,0.35
CUST_03722,2025-07-01,1,1.0,0.42
CUST_03722,2025-08-01,2,0.5,0.385
CUST_03724,2025-03-01,1,0.0,0.35
CUST_03724,2025-06-01,1,0.0,0.39
CUST_03724,2025-10-01,1,0.0,0.39
CUST_03725,2025-11-01,1,0.0,0.35
CUST_03726,2025-04-01,1,1.0,0.35
CUST_03726,2025-05-01,1,1.0,0.39
CUST_03727,2025-10-01,1,1.0,0.61
CUST_03727,2025-11-01,1,0.0,0.55
CUST_03728,2024-06-01,1,0.0,0.42
CUST_03728,2024-07-01,1,0.0,0.35
CUST_03728,2024-09-01,1,0.0,0.39
CUST_03728,2024-11-01,1,0.0,0.39
CUST_03728,2025-03-01,1,0.0,0.42
CUST_03728,2025-08-01,1,0.0,0.39
CUST_03728,2025-09-01,1,0.0,0.35
CUST_03728,2025-12-01,1,1.0,0.35
CUST_03730,2024-12-01,1,0.0,0.42
CUST_03730,2025-01-01,1,1.0,0.35
CUST_03731,2025-09-01,1,1.0,0.61
CUST_03732,2025-09-01,1,1.0,0.35
CUST_03734,2024-05-01,1,1.0,0.75
CUST_03734,2025-02-01,1,1.0,0.83
CUST_03734,2025-08-01,1,0.0,0.75
CUST_03734,2025-09-01,1,1.0,0.9
CUST_03736,2024-12-01,2,0.0,0.35
CUST_03736,2025-03-01,1,0.0,0.35
CUST_03736,2025-06-01,1,0.0,0.39
CUST_03736,2025-07-01,2,1.0,0.35
CUST_03736,2025-08-01,1,1.0,0.35
CUST_03737,2025-10-01,1,1.0,0.61
CUST_03738,2024-03-01,1,1.0,0.66
CUST_03738,2024-04-01,1,0.0,0.55
CUST_03738,2024-11-01,1,0.0,0.55
CUST_03738,2025-01-01,1,1.0,0.61
CUST_03738,2025-11-01,1,1.0,0.55
CUST_03739,2025-08-01,1,0.0,0.35
CUST_03739,2025-10-01,1,0.0,0.35
CUST_03740,2024-07-01,1,1.0,0.75
CUST_03740,2024-08-01,1,1.0,0.75
CUST_03740,2024-09-01,3,1.0,0.7999999999999999
CUST_03740,2024-11-01,1,1.0,0.83
CUST_03740,2024-12-01,1,1.0,0.83
CUST_03740,2025-01-01,2,0.5,0.75
CUST_03740,2025-03-01,1,1.0,0.75
CUST_03740,2025-08-01,1,0.0,0.83
CUST_03740,2025-11-01,1,1.0,0.83
CUST_03740,2025-12-01,1,0.0,0.75
CUST_03741,2024-11-01,1,0.0,0.42
CUST_03741,2025-01-01,1,1.0,0.42
CUST_03741,2025-06-01,1,0.0,0.39
CUST_03741,2025-09-01,1,0.0,0.42
CUST_03741,2025-10-01,1,0.0,0.35
CUST_03742,2024-04-01,1,1.0,0.61
CUST_03742,2024-08-01,1,1.0,0.55
CUST_03742,2024-09-01,1,1.0,0.55
CUST_03742,2024-10-01,1,1.0,0.55
CUST_03742,2024-12-01,1,1.0,0.55
CUST_03742,2025-04-01,1,1.0,0.66
CUST_03742,2025-05-01,1,1.0,0.55
CUST_03742,2025-07-01,1,0.0,0.55
CUST_03742,2025-12-01,1,1.0,0.55
CUST_03743,2025-06-01,2,1.0,0.75
CUST_03743,2025-08-01,1,1.0,0.83
CUST_03743,2025-09-01,2,0.5,0.825
CUST_03743,2025-11-01,2,1.0,0.79
CUST_03743,2025-12-01,4,0.75,0.79
CUST_03745,2024-06-01,2,1.0,0.405
CUST_03745,2024-07-01,1,1.0,0.35
CUST_03745,2024-09-01,1,0.0,0.39
CUST_03745,2024-10-01,1,0.0,0.35
CUST_03745,2024-11-01,1,1.0,0.35
CUST_03745,2025-06-01,1,0.0,0.42
CUST_03746,2025-08-01,1,1.0,0.39
CUST_03747,2024-06-01,1,1.0,0.35
CUST_03747,2024-07-01,1,1.0,0.35
CUST_03747,2024-10-01,1,1.0,0.35
CUST_03747,2025-01-01,1,1.0,0.42
CUST_03747,2025-02-01,1,1.0,0.35
CUST_03749,2025-04-01,2,1.0,0.75
CUST_03749,2025-06-01,1,1.0,0.75
CUST_03749,2025-08-01,1,1.0,0.9
CUST_03749,2025-10-01,2,1.0,0.79
CUST_03749,2025-12-01,1,1.0,0.75
CUST_03750,2025-04-01,1,1.0,0.35
CUST_03750,2025-08-01,1,1.0,0.35
CUST_03750,2025-10-01,1,0.0,0.35
CUST_03751,2024-03-01,1,1.0,0.83
CUST_03751,2024-05-01,1,0.0,0.75
CUST_03751,2024-07-01,1,0.0,0.75
CUST_03751,2024-08-01,1,1.0,0.83
CUST_03751,2025-07-01,1,1.0,0.83
CUST_03751,2025-11-01,2,0.5,0.79
CUST_03752,2025-06-01,1,0.0,0.39
CUST_03753,2025-07-01,1,0.0,0.35
CUST_03753,2025-08-01,1,0.0,0.39
CUST_03753,2025-10-01,1,0.0,0.35
CUST_03754,2025-10-01,1,1.0,0.55
CUST_03755,2025-01-01,1,0.0,0.35
CUST_03755,2025-04-01,1,1.0,0.39
CUST_03755,2025-11-01,1,1.0,0.35
CUST_03756,2024-05-01,1,1.0,0.83
CUST_03756,2024-06-01,2,1.0,0.79
CUST_03756,2024-08-01,1,1.0,0.83
CUST_03756,2024-09-01,1,1.0,0.75
CUST_03756,2024-12-01,1,1.0,0.75
CUST_03756,2025-02-01,1,1.0,0.75
CUST_03756,2025-05-01,2,1.0,0.79
CUST_03756,2025-07-01,2,0.0,0.75
CUST_03756,2025-12-01,1,1.0,0.75
CUST_03757,2024-04-01,1,1.0,0.83
CUST_03757,2024-05-01,1,1.0,0.75
CUST_03757,2024-06-01,2,1.0,0.75
CUST_03757,2024-07-01,1,1.0,0.9
CUST_03757,2024-09-01,1,1.0,0.75
CUST_03757,2024-11-01,1,1.0,0.75
CUST_03757,2025-02-01,2,0.5,0.75
CUST_03757,2025-04-01,1,1.0,0.75
CUST_03757,2025-08-01,3,1.0,0.83
CUST_03757,2025-12-01,1,1.0,0.75
CUST_03758,2025-09-01,1,0.0,0.42
CUST_03759,2024-06-01,1,0.0,0.39
CUST_03759,2024-07-01,1,0.0,0.35
CUST_03759,2024-08-01,1,1.0,0.35
CUST_03759,2024-09-01,1,1.0,0.39
CUST_03759,2024-10-01,1,1.0,0.42
CUST_03759,2025-03-01,1,0.0,0.39
CUST_03759,2025-07-01,1,1.0,0.39
CUST_03759,2025-08-01,1,1.0,0.39
CUST_03760,2025-04-01,1,1.0,0.75
CUST_03760,2025-05-01,2,1.0,0.79
CUST_03760,2025-07-01,1,0.0,0.75
CUST_03760,2025-11-01,1,1.0,0.75
CUST_03760,2025-12-01,1,1.0,0.75
CUST_03762,2024-05-01,2,1.0,0.5800000000000001
CUST_03762,2025-01-01,1,0.0,0.55
CUST_03762,2025-02-01,1,1.0,0.55
CUST_03762,2025-05-01,1,1.0,0.55
CUST_03762,2025-08-01,1,1.0,0.55
CUST_03762,2025-10-01,1,1.0,0.61
CUST_03762,2025-11-01,1,1.0,0.55
CUST_03763,2025-05-01,1,0.0,0.35
CUST_03763,2025-06-01,1,0.0,0.39
CUST_03763,2025-08-01,1,1.0,0.35
CUST_03763,2025-11-01,1,0.0,0.35
CUST_03766,2024-07-01,1,1.0,0.55
CUST_03766,2025-03-01,1,1.0,0.55
CUST_03766,2025-05-01,1,0.0,0.55
CUST_03766,2025-12-01,1,1.0,0.61
CUST_03768,2025-06-01,1,1.0,0.55
CUST_03769,2025-03-01,1,0.0,0.35
CUST_03769,2025-05-01,1,1.0,0.35
CUST_03769,2025-06-01,3,0.0,0.3499999999999999
CUST_03770,2025-12-01,1,1.0,0.75
CUST_03771,2024-09-01,1,1.0,0.75
CUST_03771,2024-11-01,1,0.0,0.75
CUST_03771,2025-02-01,2,0.5,0.825
CUST_03771,2025-04-01,1,0.0,0.75
CUST_03771,2025-11-01,1,1.0,0.75
CUST_03772,2025-07-01,1,1.0,0.35
CUST_03772,2025-08-01,1,1.0,0.35
CUST_03773,2024-05-01,1,0.0,0.39
CUST_03773,2024-06-01,1,0.0,0.35
CUST_03773,2024-08-01,1,1.0,0.35
CUST_03773,2025-04-01,1,1.0,0.42
CUST_03773,2025-09-01,1,0.0,0.35
CUST_03774,2025-01-01,1,0.0,0.35
CUST_03774,2025-03-01,1,1.0,0.35
CUST_03774,2025-07-01,1,1.0,0.35
CUST_03774,2025-09-01,1,1.0,0.35
CUST_03775,2025-07-01,1,1.0,0.83
CUST_03775,2025-09-01,2,0.5,0.79
CUST_03776,2025-11-01,1,1.0,0.9
CUST_03777,2025-08-01,1,0.0,0.39
CUST_03777,2025-11-01,1,1.0,0.39
CUST_03778,2024-08-01,1,0.0,0.35
CUST_03778,2025-02-01,1,0.0,0.35
CUST_03778,2025-05-01,1,0.0,0.42
CUST_03778,2025-10-01,1,0.0,0.35
CUST_03778,2025-12-01,1,1.0,0.35
CUST_03779,2024-06-01,1,1.0,0.35
CUST_03779,2024-09-01,1,0.0,0.35
CUST_03779,2024-12-01,1,0.0,0.35
CUST_03779,2025-03-01,1,0.0,0.35
CUST_03779,2025-04-01,1,0.0,0.39
CUST_03779,2025-07-01,1,1.0,0.39
CUST_03780,2024-04-01,2,0.5,0.79
CUST_03780,2024-05-01,1,1.0,0.75
CUST_03780,2024-06-01,1,1.0,0.75
CUST_03780,2024-08-01,1,0.0,0.75
CUST_03780,2024-10-01,2,0.0,0.825
CUST_03780,2025-02-01,1,1.0,0.9
CUST_03780,2025-05-01,4,0.75,0.75
CUST_03780,2025-08-01,1,1.0,0.75
CUST_03781,2025-10-01,1,0.0,0.42
CUST_03782,2025-04-01,1,0.0,0.55
CUST_03782,2025-05-01,1,1.0,0.55
CUST_03783,2025-05-01,1,1.0,0.35
CUST_03783,2025-08-01,1,0.0,0.39
CUST_03783,2025-09-01,1,1.0,0.35
CUST_03783,2025-10-01,1,1.0,0.39
CUST_03784,2024-11-01,1,1.0,0.35
CUST_03784,2024-12-01,1,0.0,0.42
CUST_03784,2025-07-01,1,0.0,0.35
CUST_03785,2025-04-01,1,1.0,0.75
CUST_03785,2025-06-01,1,1.0,0.9
CUST_03785,2025-11-01,1,1.0,0.9
CUST_03786,2025-05-01,1,0.0,0.55
CUST_03786,2025-08-01,1,1.0,0.61
CUST_03786,2025-09-01,1,0.0,0.55
CUST_03787,2024-01-01,1,1.0,0.35
CUST_03787,2024-04-01,1,0.0,0.39
CUST_03787,2024-07-01,1,0.0,0.39
CUST_03787,2024-08-01,1,1.0,0.35
CUST_03787,2025-06-01,1,1.0,0.35
CUST_03788,2024-06-01,1,1.0,0.83
CUST_03788,2024-11-01,1,1.0,0.75
CUST_03788,2025-03-01,2,1.0,0.75
CUST_03788,2025-04-01,3,0.3333333333333333,0.7999999999999999
CUST_03788,2025-05-01,1,1.0,0.75
CUST_03788,2025-09-01,1,0.0,0.75
CUST_03789,2024-08-01,1,0.0,0.35
CUST_03789,2025-01-01,1,0.0,0.35
CUST_03789,2025-05-01,1,0.0,0.35
CUST_03789,2025-08-01,1,0.0,0.35
CUST_03789,2025-09-01,1,1.0,0.35
CUST_03789,2025-10-01,1,1.0,0.42
CUST_03790,2025-05-01,1,0.0,0.35
CUST_03791,2024-03-01,1,1.0,0.35
CUST_03791,2024-07-01,1,0.0,0.35
CUST_03791,2024-08-01,1,0.0,0.35
CUST_03791,2025-11-01,2,0.5,0.35
CUST_03793,2025-03-01,1,1.0,0.35
CUST_03793,2025-05-01,1,0.0,0.35
CUST_03793,2025-09-01,1,0.0,0.35
CUST_03794,2024-12-01,1,1.0,0.55
CUST_03794,2025-10-01,1,1.0,0.61
CUST_03797,2025-10-01,1,0.0,0.55
CUST_03798,2025-10-01,1,0.0,0.35
CUST_03798,2025-12-01,1,0.0,0.42
CUST_03799,2024-03-01,1,0.0,0.39
CUST_03799,2024-06-01,1,0.0,0.35
CUST_03799,2024-07-01,1,1.0,0.39
CUST_03799,2025-03-01,1,1.0,0.35
CUST_03799,2025-06-01,1,0.0,0.39
CUST_03800,2024-09-01,1,0.0,0.42
CUST_03800,2024-11-01,1,0.0,0.42
CUST_03800,2025-06-01,1,0.0,0.35
CUST_03800,2025-09-01,1,0.0,0.42
CUST_03801,2024-07-01,1,1.0,0.83
CUST_03801,2024-10-01,1,1.0,0.83
CUST_03801,2024-12-01,1,1.0,0.75
CUST_03801,2025-01-01,2,0.5,0.79
CUST_03801,2025-06-01,1,1.0,0.9
CUST_03801,2025-08-01,1,1.0,0.75
CUST_03801,2025-12-01,1,1.0,0.75
CUST_03802,2025-08-01,1,0.0,0.35
CUST_03803,2025-08-01,1,1.0,0.39
CUST_03803,2025-09-01,1,0.0,0.35
CUST_03805,2024-09-01,1,0.0,0.35
CUST_03805,2025-03-01,2,1.0,0.37
CUST_03805,2025-06-01,1,0.0,0.35
CUST_03805,2025-10-01,1,0.0,0.35
CUST_03806,2025-07-01,2,0.5,0.35
CUST_03806,2025-11-01,1,0.0,0.35
CUST_03806,2025-12-01,2,0.5,0.37
CUST_03807,2024-07-01,1,0.0,0.42
CUST_03807,2024-09-01,1,1.0,0.39
CUST_03807,2024-10-01,1,1.0,0.35
CUST_03807,2025-07-01,1,0.0,0.35
CUST_03807,2025-09-01,1,0.0,0.35
CUST_03807,2025-12-01,1,0.0,0.42
CUST_03808,2025-07-01,1,1.0,0.55
CUST_03808,2025-08-01,1,0.0,0.55
CUST_03809,2024-11-01,1,1.0,0.35
CUST_03809,2025-04-01,1,0.0,0.35
CUST_03809,2025-10-01,1,1.0,0.35
CUST_03810,2024-07-01,1,1.0,0.39
CUST_03810,2025-02-01,1,0.0,0.35
CUST_03810,2025-07-01,1,0.0,0.39
CUST_03810,2025-09-01,2,1.0,0.37
CUST_03811,2025-05-01,2,1.0,0.79
CUST_03811,2025-06-01,1,1.0,0.75
CUST_03811,2025-07-01,1,1.0,0.75
CUST_03811,2025-10-01,1,1.0,0.75
CUST_03811,2025-11-01,1,1.0,0.75
CUST_03812,2025-03-01,1,1.0,0.39
CUST_03812,2025-08-01,1,0.0,0.42
CUST_03812,2025-10-01,1,0.0,0.35
CUST_03813,2024-08-01,1,0.0,0.55
CUST_03813,2025-01-01,1,1.0,0.55
CUST_03813,2025-04-01,1,1.0,0.61
CUST_03813,2025-05-01,1,1.0,0.55
CUST_03815,2025-03-01,1,0.0,0.35
CUST_03816,2025-08-01,1,0.0,0.61
CUST_03816,2025-10-01,1,0.0,0.55
CUST_03817,2024-10-01,1,1.0,0.75
CUST_03817,2024-11-01,2,0.5,0.865
CUST_03817,2024-12-01,1,1.0,0.75
CUST_03817,2025-06-01,1,0.0,0.83
CUST_03817,2025-09-01,1,1.0,0.75
CUST_03817,2025-11-01,1,1.0,0.75
CUST_03818,2025-11-01,1,0.0,0.35
CUST_03819,2025-09-01,1,1.0,0.75
CUST_03819,2025-10-01,3,1.0,0.75
CUST_03819,2025-11-01,2,0.5,0.75
CUST_03821,2024-04-01,1,1.0,0.35
CUST_03821,2025-10-01,1,1.0,0.39
CUST_03821,2025-12-01,1,0.0,0.35
CUST_03822,2025-10-01,1,1.0,0.55
CUST_03822,2025-11-01,1,1.0,0.66
CUST_03823,2024-05-01,1,0.0,0.35
CUST_03823,2024-10-01,1,0.0,0.39
CUST_03823,2025-09-01,1,0.0,0.35
CUST_03825,2024-10-01,1,0.0,0.75
CUST_03825,2024-11-01,1,1.0,0.83
CUST_03825,2024-12-01,1,1.0,0.75
CUST_03825,2025-10-01,2,0.5,0.75
CUST_03825,2025-12-01,1,1.0,0.75
CUST_03829,2025-08-01,1,1.0,0.35
CUST_03829,2025-10-01,1,1.0,0.39
CUST_03829,2025-11-01,1,0.0,0.42
CUST_03830,2024-12-01,1,0.0,0.75
CUST_03830,2025-01-01,1,1.0,0.75
CUST_03830,2025-03-01,1,0.0,0.75
CUST_03830,2025-04-01,1,0.0,0.75
CUST_03830,2025-07-01,1,1.0,0.83
CUST_03830,2025-08-01,3,1.0,0.75
CUST_03830,2025-09-01,2,1.0,0.865
CUST_03830,2025-11-01,1,1.0,0.75
CUST_03830,2025-12-01,2,1.0,0.75
CUST_03831,2025-09-01,1,1.0,0.55
CUST_03831,2025-10-01,1,1.0,0.55
CUST_03831,2025-11-01,1,1.0,0.55
CUST_03832,2025-12-01,1,1.0,0.39
CUST_03833,2024-07-01,2,1.0,0.37
CUST_03833,2025-01-01,1,0.0,0.42
CUST_03833,2025-07-01,1,0.0,0.35
CUST_03834,2024-11-01,2,0.0,0.35
CUST_03835,2024-03-01,1,0.0,0.35
CUST_03835,2024-06-01,1,1.0,0.35
CUST_03835,2025-04-01,1,1.0,0.35
CUST_03835,2025-06-01,1,1.0,0.39
CUST_03835,2025-08-01,2,0.5,0.35
CUST_03836,2024-10-01,1,0.0,0.39
CUST_03836,2025-01-01,1,1.0,0.35
CUST_03836,2025-04-01,1,1.0,0.39
CUST_03836,2025-05-01,1,0.0,0.42
CUST_03836,2025-10-01,2,0.5,0.385
CUST_03837,2024-03-01,1,0.0,0.75
CUST_03837,2024-05-01,1,1.0,0.83
CUST_03837,2025-04-01,1,1.0,0.75
CUST_03837,2025-05-01,2,0.5,0.825
CUST_03837,2025-08-01,1,1.0,0.75
CUST_03837,2025-11-01,1,1.0,0.9
CUST_03838,2024-11-01,1,1.0,0.9
CUST_03838,2025-02-01,1,1.0,0.75
CUST_03838,2025-05-01,1,0.0,0.83
CUST_03838,2025-06-01,1,1.0,0.75
CUST_03838,2025-07-01,1,1.0,0.75
CUST_03838,2025-08-01,1,1.0,0.9
CUST_03838,2025-09-01,1,1.0,0.9
CUST_03838,2025-11-01,1,1.0,0.75
CUST_03839,2025-12-01,1,0.0,0.35
CUST_03840,2024-02-01,2,1.0,0.55
CUST_03840,2024-04-01,1,1.0,0.55
CUST_03840,2024-06-01,2,0.5,0.55
CUST_03840,2024-10-01,1,0.0,0.55
CUST_03840,2025-04-01,1,1.0,0.55
CUST_03840,2025-06-01,1,0.0,0.55
CUST_03840,2025-08-01,1,1.0,0.55
CUST_03841,2024-05-01,1,0.0,0.35
CUST_03841,2024-06-01,1,0.0,0.35
CUST_03841,2024-07-01,1,0.0,0.42
CUST_03841,2024-11-01,1,0.0,0.35
CUST_03841,2024-12-01,1,0.0,0.39
CUST_03841,2025-02-01,1,0.0,0.35
CUST_03841,2025-08-01,1,0.0,0.35
CUST_03841,2025-10-01,1,0.0,0.35
CUST_03843,2025-09-01,1,0.0,0.35
CUST_03843,2025-11-01,1,1.0,0.35
CUST_03843,2025-12-01,2,0.0,0.35
CUST_03844,2025-08-01,1,1.0,0.83
CUST_03845,2024-02-01,2,0.0,0.605
CUST_03845,2024-04-01,1,1.0,0.55
CUST_03845,2024-07-01,1,1.0,0.61
CUST_03845,2024-10-01,2,0.5,0.605
CUST_03845,2025-03-01,2,0.5,0.5800000000000001
CUST_03845,2025-05-01,1,1.0,0.61
CUST_03845,2025-06-01,1,1.0,0.55
CUST_03845,2025-10-01,1,1.0,0.55
CUST_03845,2025-11-01,1,1.0,0.55
CUST_03846,2025-08-01,2,0.5,0.55
CUST_03846,2025-10-01,1,0.0,0.55
CUST_03847,2025-06-01,1,0.0,0.35
CUST_03847,2025-12-01,1,1.0,0.35
CUST_03848,2025-02-01,1,1.0,0.55
CUST_03849,2025-09-01,1,0.0,0.35
CUST_03850,2025-09-01,1,0.0,0.35
CUST_03851,2025-03-01,1,0.0,0.66
CUST_03851,2025-06-01,1,0.0,0.55
CUST_03852,2024-06-01,1,0.0,0.39
CUST_03852,2025-02-01,1,0.0,0.35
CUST_03852,2025-06-01,1,0.0,0.39
CUST_03852,2025-07-01,1,0.0,0.35
CUST_03853,2025-05-01,1,0.0,0.42
CUST_03853,2025-07-01,1,0.0,0.35
CUST_03853,2025-08-01,1,0.0,0.35
CUST_03854,2025-05-01,1,0.0,0.35
CUST_03854,2025-12-01,1,1.0,0.39
CUST_03855,2025-02-01,1,0.0,0.35
CUST_03855,2025-05-01,1,0.0,0.35
CUST_03856,2025-07-01,1,0.0,0.83
CUST_03856,2025-11-01,1,1.0,0.83
CUST_03856,2025-12-01,1,0.0,0.9
CUST_03857,2025-04-01,1,1.0,0.83
CUST_03858,2025-01-01,1,1.0,0.35
CUST_03858,2025-11-01,1,0.0,0.35
CUST_03859,2024-12-01,1,0.0,0.35
CUST_03859,2025-03-01,1,1.0,0.42
CUST_03859,2025-11-01,1,0.0,0.35
CUST_03860,2025-02-01,1,0.0,0.55
CUST_03860,2025-03-01,1,1.0,0.55
CUST_03860,2025-05-01,1,0.0,0.55
CUST_03860,2025-06-01,1,1.0,0.55
CUST_03860,2025-07-01,1,0.0,0.55
CUST_03860,2025-08-01,1,1.0,0.55
CUST_03860,2025-10-01,1,0.0,0.61
CUST_03861,2025-11-01,1,0.0,0.35
CUST_03862,2025-07-01,1,0.0,0.39
CUST_03862,2025-08-01,1,0.0,0.35
CUST_03862,2025-12-01,1,0.0,0.35
CUST_03863,2025-04-01,1,0.0,0.35
CUST_03864,2025-04-01,1,1.0,0.35
CUST_03864,2025-09-01,1,0.0,0.35
CUST_03866,2025-02-01,2,0.5,0.37
CUST_03866,2025-08-01,1,0.0,0.39
CUST_03866,2025-10-01,1,0.0,0.35
CUST_03866,2025-12-01,1,1.0,0.35
CUST_03867,2025-01-01,1,0.0,0.39
CUST_03867,2025-06-01,1,0.0,0.35
CUST_03871,2025-08-01,1,0.0,0.35
CUST_03871,2025-09-01,1,1.0,0.35
CUST_03872,2024-11-01,1,0.0,0.39
CUST_03873,2025-04-01,1,1.0,0.39
CUST_03873,2025-05-01,1,0.0,0.42
CUST_03874,2024-04-01,1,1.0,0.83
CUST_03874,2024-06-01,3,0.6666666666666666,0.7766666666666667
CUST_03874,2024-10-01,1,1.0,0.75
CUST_03874,2024-12-01,2,0.5,0.79
CUST_03874,2025-04-01,1,0.0,0.75
CUST_03874,2025-05-01,3,0.3333333333333333,0.75
CUST_03874,2025-12-01,2,1.0,0.79
CUST_03875,2025-02-01,1,0.0,0.55
CUST_03875,2025-04-01,1,1.0,0.61
CUST_03875,2025-05-01,1,1.0,0.55
CUST_03875,2025-06-01,1,1.0,0.55
CUST_03875,2025-08-01,1,1.0,0.66
CUST_03876,2025-10-01,1,1.0,0.75
CUST_03876,2025-11-01,1,1.0,0.83
CUST_03877,2024-05-01,1,0.0,0.35
CUST_03877,2024-12-01,2,0.0,0.35
CUST_03877,2025-04-01,1,1.0,0.39
CUST_03878,2024-09-01,1,0.0,0.55
CUST_03878,2025-05-01,1,1.0,0.55
CUST_03878,2025-06-01,1,0.0,0.66
CUST_03878,2025-11-01,2,0.5,0.5800000000000001
CUST_03879,2025-03-01,1,1.0,0.35
CUST_03879,2025-05-01,1,1.0,0.35
CUST_03881,2025-12-01,1,1.0,0.75
CUST_03882,2025-04-01,1,0.0,0.35
CUST_03882,2025-11-01,1,1.0,0.35
CUST_03883,2024-11-01,1,1.0,0.66
CUST_03883,2025-04-01,2,0.5,0.55
CUST_03883,2025-06-01,1,0.0,0.61
CUST_03883,2025-08-01,1,1.0,0.55
CUST_03883,2025-09-01,2,0.0,0.55
CUST_03883,2025-10-01,1,1.0,0.55
CUST_03883,2025-12-01,1,1.0,0.55
CUST_03884,2025-04-01,1,1.0,0.42
CUST_03884,2025-08-01,1,1.0,0.35
CUST_03885,2024-12-01,1,0.0,0.61
CUST_03886,2025-03-01,2,0.0,0.5800000000000001
CUST_03886,2025-06-01,1,1.0,0.61
CUST_03886,2025-08-01,1,1.0,0.61
CUST_03886,2025-09-01,1,0.0,0.55
CUST_03887,2024-09-01,1,1.0,0.39
CUST_03887,2024-10-01,1,0.0,0.35
CUST_03887,2025-02-01,1,0.0,0.42
CUST_03888,2025-12-01,1,0.0,0.35
CUST_03889,2025-04-01,1,1.0,0.35
CUST_03889,2025-05-01,1,0.0,0.35
CUST_03889,2025-08-01,1,1.0,0.35
CUST_03889,2025-10-01,1,0.0,0.39
CUST_03889,2025-11-01,1,1.0,0.35
CUST_03890,2025-07-01,1,1.0,0.35
CUST_03890,2025-08-01,1,0.0,0.35
CUST_03890,2025-11-01,1,0.0,0.35
CUST_03891,2025-11-01,1,1.0,0.35
CUST_03892,2024-11-01,1,1.0,0.55
CUST_03892,2025-01-01,1,0.0,0.61
CUST_03892,2025-03-01,1,1.0,0.61
CUST_03896,2025-06-01,1,1.0,0.66
CUST_03896,2025-10-01,1,1.0,0.55
CUST_03897,2025-12-01,1,1.0,0.35
CUST_03898,2025-09-01,1,0.0,0.35
CUST_03899,2025-01-01,2,0.5,0.385
CUST_03899,2025-05-01,1,0.0,0.39
CUST_03899,2025-11-01,1,1.0,0.39
CUST_03900,2025-11-01,1,1.0,0.55
CUST_03900,2025-12-01,1,1.0,0.55
CUST_03901,2025-02-01,1,1.0,0.35
CUST_03901,2025-04-01,1,0.0,0.35
CUST_03902,2025-07-01,1,0.0,0.35
CUST_03902,2025-09-01,1,1.0,0.35
CUST_03902,2025-11-01,1,0.0,0.35
CUST_03903,2024-11-01,1,1.0,0.35
CUST_03903,2025-02-01,1,1.0,0.35
CUST_03903,2025-06-01,1,0.0,0.35
CUST_03904,2024-06-01,1,1.0,0.35
CUST_03904,2024-11-01,1,0.0,0.35
CUST_03904,2024-12-01,1,1.0,0.35
CUST_03904,2025-04-01,1,0.0,0.35
CUST_03905,2025-08-01,1,1.0,0.42
CUST_03905,2025-11-01,1,0.0,0.39
CUST_03906,2025-10-01,1,1.0,0.35
CUST_03906,2025-12-01,1,0.0,0.35
CUST_03908,2025-10-01,1,0.0,0.35
CUST_03909,2024-05-01,1,0.0,0.55
CUST_03909,2024-06-01,1,1.0,0.61
CUST_03909,2024-11-01,2,1.0,0.5800000000000001
CUST_03909,2024-12-01,2,1.0,0.5800000000000001
CUST_03909,2025-01-01,1,1.0,0.61
CUST_03909,2025-07-01,1,1.0,0.55
CUST_03909,2025-08-01,1,1.0,0.61
CUST_03909,2025-10-01,1,0.0,0.61
CUST_03909,2025-12-01,1,0.0,0.55
CUST_03910,2025-05-01,1,0.0,0.35
CUST_03911,2024-04-01,1,1.0,0.39
CUST_03911,2024-11-01,1,1.0,0.39
CUST_03911,2025-05-01,1,0.0,0.35
CUST_03911,2025-06-01,1,1.0,0.35
CUST_03911,2025-08-01,1,1.0,0.35
CUST_03911,2025-12-01,1,0.0,0.35
CUST_03913,2024-09-01,1,0.0,0.39
CUST_03913,2024-10-01,1,0.0,0.39
CUST_03913,2025-02-01,1,0.0,0.35
CUST_03913,2025-03-01,2,0.0,0.35
CUST_03913,2025-05-01,1,0.0,0.35
CUST_03913,2025-08-01,1,1.0,0.35
CUST_03913,2025-09-01,1,1.0,0.35
CUST_03913,2025-12-01,1,0.0,0.39
CUST_03914,2025-05-01,1,0.0,0.35
CUST_03914,2025-11-01,1,0.0,0.35
CUST_03915,2024-10-01,1,0.0,0.35
CUST_03915,2025-08-01,1,1.0,0.35
CUST_03915,2025-12-01,1,0.0,0.35
CUST_03916,2025-06-01,1,1.0,0.35
CUST_03916,2025-10-01,1,0.0,0.35
CUST_03916,2025-12-01,1,0.0,0.35
CUST_03918,2024-12-01,1,0.0,0.35
CUST_03918,2025-10-01,1,1.0,0.39
CUST_03919,2024-04-01,1,1.0,0.61
CUST_03919,2024-08-01,1,0.0,0.61
CUST_03919,2024-11-01,2,0.5,0.635
CUST_03919,2024-12-01,1,1.0,0.55
CUST_03919,2025-03-01,1,0.0,0.55
CUST_03919,2025-05-01,2,0.5,0.55
CUST_03919,2025-09-01,1,0.0,0.55
CUST_03919,2025-10-01,1,1.0,0.55
CUST_03921,2024-09-01,1,0.0,0.35
CUST_03921,2024-10-01,1,1.0,0.42
CUST_03921,2024-11-01,1,1.0,0.35
CUST_03921,2024-12-01,1,0.0,0.35
CUST_03921,2025-01-01,1,1.0,0.42
CUST_03921,2025-02-01,1,1.0,0.39
CUST_03921,2025-05-01,1,0.0,0.39
CUST_03921,2025-07-01,1,0.0,0.35
CUST_03921,2025-08-01,2,0.0,0.35
CUST_03921,2025-10-01,1,0.0,0.35
CUST_03922,2024-10-01,1,0.0,0.39
CUST_03922,2024-11-01,2,0.5,0.37
CUST_03922,2025-04-01,1,1.0,0.35
CUST_03922,2025-07-01,1,0.0,0.39
CUST_03922,2025-09-01,1,1.0,0.42
CUST_03922,2025-11-01,1,0.0,0.35
CUST_03925,2024-02-01,1,0.0,0.55
CUST_03925,2024-05-01,1,1.0,0.55
CUST_03925,2024-06-01,1,0.0,0.55
CUST_03925,2024-10-01,2,0.0,0.55
CUST_03925,2025-01-01,1,0.0,0.55
CUST_03925,2025-10-01,2,0.5,0.5800000000000001
CUST_03925,2025-11-01,1,1.0,0.55
CUST_03926,2025-06-01,1,0.0,0.75
CUST_03926,2025-08-01,1,1.0,0.9
CUST_03926,2025-09-01,1,0.0,0.75
CUST_03927,2025-10-01,1,0.0,0.35
CUST_03927,2025-12-01,1,1.0,0.35
CUST_03928,2025-09-01,1,0.0,0.75
CUST_03928,2025-11-01,1,1.0,0.75
CUST_03928,2025-12-01,1,0.0,0.75
CUST_03929,2024-10-01,1,1.0,0.75
CUST_03929,2024-11-01,1,1.0,0.75
CUST_03929,2024-12-01,3,1.0,0.75
CUST_03929,2025-01-01,1,1.0,0.9
CUST_03929,2025-02-01,1,1.0,0.75
CUST_03929,2025-03-01,1,0.0,0.75
CUST_03929,2025-04-01,1,1.0,0.83
CUST_03929,2025-07-01,2,0.5,0.79
CUST_03929,2025-10-01,1,1.0,0.75
CUST_03930,2025-12-01,1,0.0,0.35
CUST_03931,2025-11-01,1,1.0,0.55
CUST_03932,2024-04-01,1,0.0,0.35
CUST_03932,2024-09-01,1,0.0,0.42
CUST_03932,2024-11-01,1,1.0,0.39
CUST_03932,2025-10-01,1,1.0,0.35
CUST_03932,2025-11-01,1,0.0,0.35
CUST_03935,2024-10-01,1,0.0,0.35
CUST_03935,2024-12-01,1,0.0,0.35
CUST_03935,2025-09-01,1,1.0,0.35
CUST_03935,2025-11-01,3,0.3333333333333333,0.3633333333333333
CUST_03936,2025-10-01,1,0.0,0.55
CUST_03937,2025-04-01,1,1.0,0.55
CUST_03937,2025-07-01,1,1.0,0.55
CUST_03938,2025-10-01,1,1.0,0.61
CUST_03939,2024-02-01,1,0.0,0.61
CUST_03939,2024-12-01,1,0.0,0.55
CUST_03939,2025-01-01,1,0.0,0.61
CUST_03939,2025-12-01,1,1.0,0.55
CUST_03940,2025-04-01,1,1.0,0.66
CUST_03941,2024-07-01,1,0.0,0.42
CUST_03941,2025-10-01,1,0.0,0.39
CUST_03941,2025-11-01,1,1.0,0.39
CUST_03941,2025-12-01,1,1.0,0.39
CUST_03942,2025-02-01,1,0.0,0.35
CUST_03942,2025-08-01,1,0.0,0.35
CUST_03942,2025-09-01,2,0.5,0.37
CUST_03944,2024-05-01,1,0.0,0.35
CUST_03944,2024-07-01,1,1.0,0.35
CUST_03944,2025-05-01,2,0.0,0.405
CUST_03944,2025-06-01,1,1.0,0.35
CUST_03945,2024-05-01,1,0.0,0.75
CUST_03945,2024-06-01,1,0.0,0.75
CUST_03945,2024-09-01,1,0.0,0.75
CUST_03945,2025-02-01,1,1.0,0.83
CUST_03945,2025-03-01,2,1.0,0.825
CUST_03945,2025-06-01,2,0.5,0.75
CUST_03945,2025-07-01,1,1.0,0.75
CUST_03945,2025-09-01,1,1.0,0.75
CUST_03946,2025-07-01,1,1.0,0.55
CUST_03947,2025-06-01,1,0.0,0.55
CUST_03947,2025-09-01,1,0.0,0.55
CUST_03947,2025-11-01,1,1.0,0.55
CUST_03948,2025-05-01,2,0.0,0.35
CUST_03948,2025-09-01,1,0.0,0.35
CUST_03948,2025-12-01,1,1.0,0.39
CUST_03949,2025-03-01,2,0.5,0.37
CUST_03949,2025-04-01,1,0.0,0.35
CUST_03949,2025-07-01,1,0.0,0.42
CUST_03949,2025-08-01,1,0.0,0.35
CUST_03949,2025-12-01,1,0.0,0.39
CUST_03950,2024-07-01,1,1.0,0.39
CUST_03950,2024-08-01,1,0.0,0.39
CUST_03950,2024-09-01,2,0.5,0.35
CUST_03950,2025-08-01,1,0.0,0.35
CUST_03950,2025-10-01,1,1.0,0.39
CUST_03950,2025-12-01,1,0.0,0.39
CUST_03951,2024-09-01,1,0.0,0.35
CUST_03951,2025-04-01,2,0.0,0.35
CUST_03952,2025-11-01,1,1.0,0.35
CUST_03953,2024-07-01,1,0.0,0.35
CUST_03953,2025-07-01,1,0.0,0.35
CUST_03953,2025-12-01,1,1.0,0.35
CUST_03954,2024-09-01,1,1.0,0.75
CUST_03954,2024-10-01,1,1.0,0.75
CUST_03954,2024-11-01,2,0.5,0.79
CUST_03954,2025-01-01,1,0.0,0.75
CUST_03954,2025-02-01,1,1.0,0.75
CUST_03954,2025-03-01,1,1.0,0.75
CUST_03954,2025-07-01,1,1.0,0.83
CUST_03955,2025-09-01,1,1.0,0.35
CUST_03956,2024-04-01,1,0.0,0.66
CUST_03956,2024-06-01,2,1.0,0.55
CUST_03956,2024-08-01,3,0.6666666666666666,0.57
CUST_03956,2024-09-01,3,0.6666666666666666,0.57
CUST_03956,2024-10-01,1,1.0,0.61
CUST_03956,2025-02-01,1,0.0,0.55
CUST_03956,2025-04-01,1,1.0,0.55
CUST_03956,2025-09-01,1,0.0,0.55
CUST_03956,2025-10-01,1,1.0,0.55
CUST_03956,2025-12-01,2,1.0,0.5800000000000001
CUST_03957,2025-04-01,1,1.0,0.55
CUST_03957,2025-05-01,1,0.0,0.61
CUST_03957,2025-06-01,2,1.0,0.55
CUST_03957,2025-08-01,1,1.0,0.55
CUST_03957,2025-09-01,1,1.0,0.55
CUST_03958,2024-03-01,1,0.0,0.61
CUST_03958,2024-09-01,1,1.0,0.55
CUST_03958,2024-10-01,1,1.0,0.61
CUST_03958,2025-01-01,1,0.0,0.61
CUST_03958,2025-03-01,1,0.0,0.55
CUST_03958,2025-06-01,1,1.0,0.55
CUST_03958,2025-07-01,1,1.0,0.66
CUST_03959,2025-08-01,1,0.0,0.35
CUST_03959,2025-09-01,1,0.0,0.35
CUST_03960,2025-10-01,1,1.0,0.35
CUST_03960,2025-11-01,2,0.0,0.35
CUST_03960,2025-12-01,1,0.0,0.35
CUST_03961,2024-08-01,1,0.0,0.55
CUST_03961,2024-09-01,1,1.0,0.61
CUST_03961,2025-02-01,1,0.0,0.55
CUST_03961,2025-12-01,1,1.0,0.55
CUST_03962,2025-02-01,1,0.0,0.39
CUST_03962,2025-03-01,1,1.0,0.35
CUST_03962,2025-11-01,1,1.0,0.35
CUST_03964,2024-08-01,2,1.0,0.605
CUST_03964,2025-01-01,1,0.0,0.55
CUST_03965,2025-04-01,2,0.5,0.385
CUST_03965,2025-05-01,1,0.0,0.35
CUST_03965,2025-06-01,1,1.0,0.35
CUST_03965,2025-08-01,2,1.0,0.37
CUST_03967,2025-08-01,2,0.5,0.79
CUST_03967,2025-11-01,1,1.0,0.75
CUST_03968,2025-05-01,1,0.0,0.35
CUST_03968,2025-06-01,1,1.0,0.35
CUST_03969,2025-06-01,1,1.0,0.39
CUST_03969,2025-07-01,1,1.0,0.35
CUST_03970,2025-12-01,1,0.0,0.55
CUST_03971,2025-09-01,1,1.0,0.55
CUST_03972,2024-12-01,1,1.0,0.35
CUST_03972,2025-02-01,1,0.0,0.35
CUST_03972,2025-03-01,1,1.0,0.39
CUST_03972,2025-11-01,1,1.0,0.39
CUST_03973,2024-06-01,1,0.0,0.55
CUST_03973,2024-07-01,1,0.0,0.61
CUST_03973,2024-10-01,2,0.0,0.55
CUST_03973,2025-02-01,1,1.0,0.55
CUST_03973,2025-07-01,1,1.0,0.66
CUST_03973,2025-09-01,1,0.0,0.61
CUST_03973,2025-12-01,1,1.0,0.61
CUST_03974,2025-02-01,1,0.0,0.35
CUST_03974,2025-06-01,1,0.0,0.42
CUST_03974,2025-08-01,1,0.0,0.35
CUST_03974,2025-11-01,1,0.0,0.35
CUST_03975,2025-05-01,1,0.0,0.35
CUST_03976,2025-02-01,2,0.0,0.35
CUST_03976,2025-05-01,1,0.0,0.35
CUST_03976,2025-08-01,1,0.0,0.35
CUST_03976,2025-09-01,1,0.0,0.35
CUST_03977,2025-07-01,2,0.0,0.55
CUST_03977,2025-08-01,1,1.0,0.66
CUST_03977,2025-12-01,1,1.0,0.55
CUST_03978,2024-04-01,1,0.0,0.39
CUST_03978,2025-12-01,2,0.5,0.37
CUST_03980,2025-02-01,2,1.0,0.825
CUST_03980,2025-03-01,1,1.0,0.75
CUST_03980,2025-05-01,1,1.0,0.75
CUST_03980,2025-07-01,1,1.0,0.75
CUST_03980,2025-09-01,1,1.0,0.75
CUST_03981,2025-03-01,1,0.0,0.42
CUST_03981,2025-11-01,1,0.0,0.35
CUST_03983,2025-06-01,1,1.0,0.75
CUST_03983,2025-07-01,1,1.0,0.75
CUST_03983,2025-11-01,1,0.0,0.83
CUST_03984,2025-05-01,1,0.0,0.55
CUST_03984,2025-10-01,1,0.0,0.55
CUST_03985,2025-02-01,1,1.0,0.35
CUST_03985,2025-03-01,1,1.0,0.35
CUST_03985,2025-06-01,1,0.0,0.35
CUST_03986,2024-10-01,2,1.0,0.385
CUST_03986,2025-02-01,1,1.0,0.39
CUST_03986,2025-05-01,2,0.5,0.35
CUST_03987,2025-09-01,1,0.0,0.55
CUST_03987,2025-11-01,1,0.0,0.55
CUST_03987,2025-12-01,1,1.0,0.55
CUST_03988,2024-06-01,1,0.0,0.35
CUST_03988,2024-08-01,1,1.0,0.35
CUST_03988,2024-09-01,1,1.0,0.35
CUST_03988,2025-04-01,1,0.0,0.35
CUST_03989,2024-10-01,1,0.0,0.42
CUST_03989,2024-11-01,1,0.0,0.39
CUST_03989,2025-05-01,2,0.5,0.385
CUST_03989,2025-08-01,1,0.0,0.42
CUST_03989,2025-10-01,1,1.0,0.35
CUST_03990,2024-08-01,1,1.0,0.75
CUST_03990,2025-01-01,1,0.0,0.75
CUST_03990,2025-04-01,2,1.0,0.79
CUST_03990,2025-11-01,2,1.0,0.75
CUST_03991,2025-07-01,1,0.0,0.39
CUST_03992,2025-11-01,1,1.0,0.75
CUST_03993,2024-12-01,2,0.0,0.35
CUST_03993,2025-08-01,1,0.0,0.35
CUST_03994,2025-07-01,1,0.0,0.35
CUST_03994,2025-09-01,2,0.5,0.35
CUST_03994,2025-11-01,3,0.3333333333333333,0.3499999999999999
CUST_03994,2025-12-01,1,0.0,0.35
CUST_03995,2025-01-01,1,0.0,0.35
CUST_03995,2025-02-01,1,1.0,0.35
CUST_03996,2025-11-01,1,1.0,0.55
CUST_03996,2025-12-01,1,1.0,0.66
CUST_03997,2025-04-01,1,1.0,0.55
CUST_03997,2025-06-01,1,0.0,0.55
CUST_03998,2024-01-01,1,1.0,0.9
CUST_03998,2024-03-01,1,1.0,0.75
CUST_03998,2024-04-01,1,1.0,0.83
CUST_03998,2024-05-01,3,1.0,0.75
CUST_03998,2024-06-01,1,1.0,0.9
CUST_03998,2024-08-01,2,1.0,0.825
CUST_03998,2024-09-01,1,1.0,0.83
CUST_03998,2024-12-01,2,0.5,0.825
CUST_03998,2025-02-01,1,1.0,0.75
CUST_03998,2025-06-01,1,1.0,0.75
CUST_03998,2025-07-01,5,0.8,0.75
CUST_03998,2025-11-01,1,1.0,0.75
CUST_03998,2025-12-01,1,1.0,0.9
CUST_03999,2024-11-01,1,1.0,0.35
CUST_03999,2025-06-01,1,0.0,0.42
CUST_03999,2025-11-01,1,0.0,0.35
CUST_04000,2025-07-01,1,0.0,0.55
CUST_04000,2025-08-01,1,1.0,0.55
CUST_04000,2025-09-01,1,1.0,0.61
CUST_04000,2025-10-01,1,1.0,0.61
CUST_04000,2025-12-01,2,0.5,0.605
CUST_04001,2025-08-01,1,0.0,0.55
CUST_04002,2024-10-01,1,1.0,0.83
CUST_04002,2024-12-01,3,1.0,0.7766666666666667
CUST_04002,2025-01-01,2,0.5,0.75
CUST_04002,2025-02-01,1,1.0,0.83
CUST_04002,2025-03-01,1,1.0,0.75
CUST_04002,2025-05-01,1,1.0,0.75
CUST_04002,2025-09-01,2,0.5,0.79
CUST_04002,2025-10-01,1,0.0,0.75
CUST_04003,2025-10-01,1,1.0,0.39
CUST_04003,2025-12-01,1,1.0,0.35
CUST_04004,2025-05-01,1,0.0,0.39
CUST_04004,2025-07-01,1,0.0,0.35
CUST_04004,2025-11-01,1,0.0,0.35
CUST_04005,2025-12-01,1,0.0,0.35
CUST_04006,2025-02-01,1,1.0,0.35
CUST_04006,2025-03-01,1,0.0,0.39
CUST_04006,2025-04-01,1,0.0,0.35
CUST_04006,2025-10-01,1,0.0,0.35
CUST_04008,2025-08-01,1,0.0,0.35
CUST_04008,2025-11-01,2,0.5,0.39
CUST_04009,2024-02-01,1,1.0,0.35
CUST_04009,2024-10-01,1,0.0,0.42
CUST_04009,2025-01-01,1,0.0,0.39
CUST_04009,2025-06-01,1,0.0,0.35
CUST_04009,2025-09-01,1,0.0,0.39
CUST_04009,2025-10-01,1,1.0,0.39
CUST_04010,2024-10-01,1,0.0,0.35
CUST_04010,2025-02-01,1,0.0,0.39
CUST_04010,2025-09-01,2,0.5,0.35
CUST_04011,2025-09-01,1,1.0,0.35
CUST_04011,2025-10-01,1,0.0,0.35
CUST_04011,2025-12-01,1,0.0,0.35
CUST_04013,2025-05-01,1,1.0,0.55
CUST_04013,2025-06-01,1,0.0,0.55
CUST_04013,2025-08-01,1,1.0,0.55
CUST_04014,2025-03-01,1,0.0,0.61
CUST_04014,2025-05-01,1,0.0,0.66
CUST_04014,2025-07-01,1,0.0,0.55
CUST_04014,2025-08-01,1,1.0,0.66
CUST_04014,2025-09-01,1,1.0,0.55
CUST_04014,2025-10-01,2,0.5,0.55
CUST_04014,2025-11-01,1,1.0,0.61
CUST_04014,2025-12-01,1,1.0,0.55
CUST_04015,2025-01-01,1,0.0,0.35
CUST_04015,2025-02-01,1,0.0,0.35
CUST_04015,2025-07-01,1,0.0,0.35
CUST_04015,2025-12-01,1,1.0,0.35
CUST_04017,2025-05-01,1,0.0,0.35
CUST_04017,2025-12-01,1,0.0,0.39
CUST_04018,2024-12-01,1,0.0,0.75
CUST_04018,2025-02-01,2,1.0,0.79
CUST_04018,2025-07-01,2,1.0,0.79
CUST_04018,2025-09-01,1,1.0,0.75
CUST_04018,2025-10-01,1,1.0,0.75
CUST_04018,2025-11-01,1,1.0,0.75
CUST_04020,2025-08-01,1,1.0,0.39
CUST_04022,2025-08-01,2,0.5,0.37
CUST_04023,2025-03-01,2,1.0,0.825
CUST_04023,2025-05-01,1,1.0,0.75
CUST_04023,2025-07-01,1,1.0,0.75
CUST_04023,2025-12-01,1,0.0,0.75
CUST_04024,2024-09-01,1,1.0,0.61
CUST_04024,2024-11-01,1,0.0,0.55
CUST_04024,2025-06-01,1,0.0,0.55
CUST_04024,2025-07-01,1,1.0,0.55
CUST_04025,2025-11-01,1,1.0,0.35
CUST_04026,2024-04-01,1,1.0,0.75
CUST_04026,2024-09-01,1,1.0,0.75
CUST_04026,2024-10-01,1,1.0,0.75
CUST_04026,2024-12-01,1,1.0,0.75
CUST_04026,2025-04-01,2,0.5,0.75
CUST_04026,2025-05-01,1,1.0,0.75
CUST_04026,2025-06-01,1,1.0,0.83
CUST_04026,2025-08-01,1,1.0,0.9
CUST_04026,2025-09-01,2,0.5,0.825
CUST_04026,2025-11-01,1,0.0,0.75
CUST_04027,2024-11-01,1,1.0,0.42
CUST_04027,2025-03-01,1,1.0,0.39
CUST_04027,2025-06-01,1,0.0,0.35
CUST_04028,2025-09-01,1,1.0,0.61
CUST_04029,2024-06-01,1,1.0,0.83
CUST_04029,2024-08-01,1,0.0,0.83
CUST_04029,2025-02-01,2,1.0,0.75
CUST_04029,2025-05-01,1,1.0,0.83
CUST_04029,2025-07-01,2,0.5,0.75
CUST_04029,2025-09-01,1,0.0,0.75
CUST_04029,2025-12-01,1,1.0,0.75
CUST_04030,2025-11-01,1,0.0,0.35
CUST_04030,2025-12-01,1,1.0,0.35
CUST_04031,2025-12-01,1,0.0,0.35
CUST_04032,2024-06-01,1,1.0,0.35
CUST_04032,2024-09-01,1,0.0,0.35
CUST_04032,2024-12-01,1,0.0,0.39
CUST_04032,2025-04-01,1,1.0,0.39
CUST_04032,2025-08-01,1,0.0,0.35
CUST_04032,2025-09-01,1,0.0,0.39
CUST_04032,2025-10-01,1,0.0,0.35
CUST_04032,2025-11-01,2,1.0,0.37
CUST_04033,2025-12-01,1,0.0,0.35
CUST_04034,2024-09-01,1,1.0,0.55
CUST_04034,2025-03-01,2,0.5,0.55
CUST_04034,2025-06-01,1,0.0,0.55
CUST_04034,2025-09-01,2,1.0,0.55
CUST_04035,2025-05-01,1,0.0,0.35
CUST_04035,2025-10-01,1,0.0,0.39
CUST_04036,2025-06-01,1,1.0,0.39
CUST_04036,2025-08-01,2,0.5,0.35
CUST_04036,2025-11-01,1,1.0,0.35
CUST_04037,2025-05-01,1,1.0,0.35
CUST_04037,2025-06-01,2,0.0,0.35
CUST_04038,2025-07-01,1,1.0,0.35
CUST_04038,2025-08-01,1,0.0,0.35
CUST_04039,2025-10-01,1,0.0,0.35
CUST_04040,2025-11-01,1,0.0,0.35
CUST_04040,2025-12-01,1,0.0,0.35
CUST_04041,2024-09-01,1,1.0,0.35
CUST_04041,2025-02-01,1,0.0,0.35
CUST_04041,2025-12-01,1,1.0,0.35
CUST_04042,2025-05-01,1,1.0,0.35
CUST_04042,2025-11-01,1,0.0,0.35
CUST_04043,2025-10-01,1,1.0,0.55
CUST_04043,2025-12-01,1,0.0,0.61
CUST_04044,2025-02-01,1,0.0,0.55
CUST_04044,2025-04-01,1,1.0,0.55
CUST_04044,2025-07-01,1,1.0,0.55
CUST_04044,2025-08-01,1,0.0,0.66
CUST_04044,2025-10-01,1,0.0,0.55
CUST_04045,2024-03-01,1,0.0,0.55
CUST_04045,2024-06-01,1,1.0,0.61
CUST_04045,2024-08-01,1,1.0,0.55
CUST_04045,2025-05-01,1,1.0,0.61
CUST_04045,2025-08-01,1,1.0,0.55
CUST_04045,2025-12-01,1,1.0,0.55
CUST_04046,2025-06-01,1,0.0,0.39
CUST_04046,2025-10-01,1,0.0,0.39
CUST_04047,2024-12-01,1,1.0,0.55
CUST_04047,2025-08-01,1,0.0,0.61
CUST_04047,2025-12-01,1,1.0,0.66
CUST_04048,2025-06-01,1,0.0,0.35
CUST_04048,2025-08-01,2,0.5,0.37
CUST_04049,2025-10-01,1,0.0,0.42
CUST_04050,2025-11-01,1,1.0,0.55
CUST_04050,2025-12-01,1,1.0,0.55
CUST_04051,2024-06-01,2,0.0,0.39
CUST_04051,2025-04-01,1,0.0,0.35
CUST_04052,2024-12-01,1,0.0,0.61
CUST_04052,2025-05-01,1,1.0,0.55
CUST_04052,2025-11-01,1,0.0,0.55
CUST_04053,2025-09-01,1,0.0,0.35
CUST_04053,2025-12-01,1,0.0,0.35
CUST_04054,2024-08-01,1,0.0,0.55
CUST_04054,2024-09-01,1,1.0,0.61
CUST_04054,2024-12-01,1,0.0,0.61
CUST_04054,2025-05-01,1,1.0,0.61
CUST_04054,2025-09-01,2,1.0,0.605
CUST_04055,2024-12-01,1,1.0,0.61
CUST_04055,2025-03-01,1,0.0,0.55
CUST_04055,2025-07-01,1,1.0,0.55
CUST_04055,2025-12-01,1,0.0,0.61
CUST_04056,2025-04-01,1,0.0,0.39
CUST_04057,2024-10-01,1,0.0,0.35
CUST_04057,2025-08-01,1,0.0,0.35
CUST_04058,2025-08-01,1,1.0,0.35
CUST_04059,2024-12-01,1,0.0,0.61
CUST_04059,2025-03-01,2,0.5,0.55
CUST_04059,2025-07-01,1,0.0,0.55
CUST_04059,2025-11-01,1,1.0,0.55
CUST_04061,2024-03-01,1,1.0,0.75
CUST_04061,2024-06-01,2,1.0,0.79
CUST_04061,2024-09-01,1,0.0,0.9
CUST_04061,2024-12-01,1,1.0,0.75
CUST_04061,2025-01-01,1,0.0,0.75
CUST_04061,2025-02-01,1,0.0,0.75
CUST_04061,2025-03-01,1,1.0,0.75
CUST_04061,2025-05-01,1,1.0,0.9
CUST_04061,2025-07-01,1,1.0,0.75
CUST_04062,2024-11-01,1,0.0,0.35
CUST_04062,2024-12-01,1,1.0,0.35
CUST_04062,2025-03-01,2,0.0,0.35
CUST_04062,2025-09-01,1,0.0,0.42
CUST_04066,2025-01-01,1,0.0,0.42
CUST_04066,2025-04-01,1,0.0,0.35
CUST_04066,2025-07-01,1,0.0,0.35
CUST_04066,2025-09-01,1,0.0,0.35
CUST_04067,2025-12-01,1,1.0,0.39
CUST_04068,2024-07-01,1,1.0,0.75
CUST_04068,2024-12-01,1,1.0,0.75
CUST_04068,2025-01-01,1,0.0,0.75
CUST_04068,2025-02-01,1,0.0,0.75
CUST_04068,2025-06-01,2,1.0,0.75
CUST_04068,2025-08-01,1,1.0,0.75
CUST_04068,2025-11-01,1,1.0,0.75
CUST_04069,2024-12-01,1,0.0,0.35
CUST_04069,2025-02-01,1,0.0,0.42
CUST_04069,2025-06-01,1,0.0,0.39
CUST_04069,2025-09-01,1,0.0,0.35
CUST_04070,2025-04-01,1,1.0,0.55
CUST_04070,2025-11-01,1,0.0,0.55
CUST_04070,2025-12-01,1,0.0,0.55
CUST_04071,2024-05-01,1,1.0,0.75
CUST_04071,2024-07-01,2,0.5,0.75
CUST_04071,2025-01-01,1,1.0,0.75
CUST_04071,2025-02-01,2,1.0,0.75
CUST_04071,2025-05-01,2,1.0,0.75
CUST_04071,2025-06-01,1,0.0,0.75
CUST_04071,2025-11-01,1,1.0,0.75
CUST_04072,2025-09-01,2,1.0,0.35
CUST_04073,2025-01-01,1,1.0,0.75
CUST_04073,2025-02-01,1,0.0,0.75
CUST_04073,2025-03-01,1,1.0,0.75
CUST_04073,2025-09-01,1,1.0,0.75
CUST_04074,2025-03-01,1,0.0,0.39
CUST_04074,2025-04-01,2,0.5,0.385
CUST_04075,2025-06-01,2,0.5,0.37
CUST_04075,2025-07-01,1,0.0,0.35
CUST_04075,2025-08-01,1,0.0,0.39
CUST_04075,2025-12-01,1,1.0,0.35
CUST_04076,2024-09-01,1,1.0,0.35
CUST_04076,2024-12-01,1,1.0,0.35
CUST_04076,2025-05-01,1,0.0,0.42
CUST_04076,2025-07-01,1,1.0,0.39
CUST_04077,2024-06-01,1,0.0,0.75
CUST_04077,2024-08-01,2,0.5,0.9
CUST_04077,2024-10-01,1,1.0,0.75
CUST_04077,2024-11-01,3,0.6666666666666666,0.8266666666666667
CUST_04077,2025-01-01,3,1.0,0.8033333333333333
CUST_04077,2025-02-01,1,1.0,0.75
CUST_04077,2025-04-01,2,0.5,0.79
CUST_04077,2025-10-01,1,0.0,0.75
CUST_04077,2025-12-01,1,1.0,0.75
CUST_04078,2025-01-01,1,1.0,0.42
CUST_04079,2024-09-01,1,1.0,0.66
CUST_04079,2024-12-01,1,0.0,0.61
CUST_04079,2025-02-01,1,1.0,0.55
CUST_04079,2025-07-01,1,1.0,0.55
CUST_04079,2025-10-01,1,0.0,0.61
CUST_04079,2025-11-01,1,1.0,0.55
CUST_04079,2025-12-01,1,0.0,0.61
CUST_04080,2024-07-01,2,0.5,0.75
CUST_04080,2024-08-01,1,1.0,0.75
CUST_04080,2024-10-01,1,0.0,0.75
CUST_04080,2024-11-01,1,1.0,0.9
CUST_04080,2024-12-01,2,0.5,0.75
CUST_04080,2025-03-01,3,0.6666666666666666,0.7766666666666667
CUST_04080,2025-07-01,1,1.0,0.83
CUST_04080,2025-12-01,1,1.0,0.83
CUST_04081,2025-02-01,1,0.0,0.42
CUST_04081,2025-07-01,2,0.0,0.37
CUST_04081,2025-09-01,1,0.0,0.35
CUST_04081,2025-12-01,1,0.0,0.42
CUST_04082,2025-11-01,1,1.0,0.35
CUST_04084,2025-03-01,1,0.0,0.35
CUST_04086,2025-10-01,1,1.0,0.55
CUST_04087,2024-03-01,1,1.0,0.35
CUST_04087,2024-07-01,1,0.0,0.35
CUST_04087,2024-09-01,1,0.0,0.39
CUST_04087,2024-10-01,1,0.0,0.35
CUST_04087,2025-01-01,1,0.0,0.35
CUST_04087,2025-02-01,1,1.0,0.35
CUST_04087,2025-03-01,1,1.0,0.42
CUST_04088,2025-09-01,2,0.0,0.37
CUST_04088,2025-11-01,1,0.0,0.39
CUST_04089,2025-01-01,1,1.0,0.55
CUST_04089,2025-04-01,1,1.0,0.55
CUST_04089,2025-12-01,2,1.0,0.5800000000000001
CUST_04090,2024-02-01,1,0.0,0.35
CUST_04090,2024-06-01,1,0.0,0.35
CUST_04091,2025-01-01,1,1.0,0.42
CUST_04091,2025-10-01,1,0.0,0.35
CUST_04091,2025-11-01,1,1.0,0.35
CUST_04093,2024-09-01,1,1.0,0.61
CUST_04093,2025-09-01,1,1.0,0.61
CUST_04093,2025-10-01,1,1.0,0.55
CUST_04093,2025-11-01,1,1.0,0.55
CUST_04094,2025-12-01,1,0.0,0.55
CUST_04095,2024-05-01,1,1.0,0.35
CUST_04095,2024-08-01,1,0.0,0.35
CUST_04095,2024-11-01,1,0.0,0.35
CUST_04095,2025-02-01,1,0.0,0.35
CUST_04095,2025-04-01,1,0.0,0.35
CUST_04095,2025-09-01,1,1.0,0.35
CUST_04095,2025-10-01,1,1.0,0.35
CUST_04096,2024-05-01,1,0.0,0.35
CUST_04096,2024-10-01,1,0.0,0.35
CUST_04096,2025-03-01,1,1.0,0.35
CUST_04096,2025-07-01,1,0.0,0.35
CUST_04096,2025-11-01,2,1.0,0.35
CUST_04097,2024-10-01,2,0.0,0.37
CUST_04097,2024-11-01,1,0.0,0.35
CUST_04097,2025-04-01,1,1.0,0.35
CUST_04097,2025-07-01,1,0.0,0.35
CUST_04097,2025-10-01,1,0.0,0.39
CUST_04097,2025-12-01,1,0.0,0.35
CUST_04098,2025-02-01,1,1.0,0.35
CUST_04098,2025-07-01,1,1.0,0.35
CUST_04098,2025-10-01,1,1.0,0.35
CUST_04098,2025-12-01,1,0.0,0.42
CUST_04099,2025-04-01,1,1.0,0.55
CUST_04099,2025-12-01,1,0.0,0.55
CUST_04101,2025-10-01,1,1.0,0.35
CUST_04101,2025-12-01,1,0.0,0.42
CUST_04103,2025-03-01,1,0.0,0.61
CUST_04103,2025-05-01,1,0.0,0.66
CUST_04104,2025-05-01,1,0.0,0.35
CUST_04105,2025-09-01,1,1.0,0.42
CUST_04105,2025-10-01,1,1.0,0.35
CUST_04105,2025-11-01,1,0.0,0.35
CUST_04107,2025-12-01,2,0.5,0.605
CUST_04108,2025-10-01,1,1.0,0.39
CUST_04110,2024-03-01,1,1.0,0.9
CUST_04110,2024-04-01,1,1.0,0.75
CUST_04110,2024-07-01,2,0.5,0.825
CUST_04110,2024-08-01,2,1.0,0.825
CUST_04110,2024-09-01,2,1.0,0.825
CUST_04110,2024-10-01,1,1.0,0.75
CUST_04110,2025-02-01,1,1.0,0.75
CUST_04110,2025-04-01,1,1.0,0.75
CUST_04110,2025-05-01,1,1.0,0.75
CUST_04110,2025-06-01,1,1.0,0.75
CUST_04110,2025-09-01,1,1.0,0.83
CUST_04111,2024-04-01,1,1.0,0.35
CUST_04111,2024-06-01,1,1.0,0.39
CUST_04111,2025-06-01,1,0.0,0.35
CUST_04111,2025-08-01,1,1.0,0.39
CUST_04112,2025-04-01,1,1.0,0.35
CUST_04112,2025-10-01,1,1.0,0.35
CUST_04112,2025-11-01,1,1.0,0.39
CUST_04113,2024-10-01,1,0.0,0.61
CUST_04113,2024-12-01,1,0.0,0.55
CUST_04113,2025-02-01,1,1.0,0.55
CUST_04113,2025-03-01,2,1.0,0.5800000000000001
CUST_04113,2025-08-01,1,0.0,0.61
CUST_04114,2024-06-01,1,0.0,0.55
CUST_04114,2024-08-01,2,0.0,0.605
CUST_04114,2025-02-01,1,1.0,0.61
CUST_04114,2025-03-01,3,0.3333333333333333,0.55
CUST_04114,2025-06-01,1,1.0,0.66
CUST_04114,2025-08-01,1,1.0,0.61
CUST_04114,2025-09-01,1,1.0,0.55
CUST_04114,2025-11-01,2,0.0,0.605
CUST_04115,2025-06-01,1,0.0,0.35
CUST_04116,2024-08-01,1,0.0,0.35
CUST_04116,2025-11-01,1,0.0,0.35
CUST_04117,2025-03-01,1,1.0,0.75
CUST_04117,2025-07-01,2,0.5,0.79
CUST_04117,2025-08-01,3,0.6666666666666666,0.7999999999999999
CUST_04117,2025-11-01,1,1.0,0.75
CUST_04118,2025-09-01,1,0.0,0.39
CUST_04119,2025-07-01,1,1.0,0.55
CUST_04119,2025-08-01,1,0.0,0.55
CUST_04119,2025-09-01,1,0.0,0.55
CUST_04119,2025-10-01,1,1.0,0.61
CUST_04120,2025-12-01,2,0.5,0.35
CUST_04121,2024-02-01,1,1.0,0.39
CUST_04121,2024-04-01,1,0.0,0.35
CUST_04121,2024-12-01,1,1.0,0.39
CUST_04121,2025-01-01,2,1.0,0.37
CUST_04121,2025-03-01,1,1.0,0.39
CUST_04121,2025-04-01,1,0.0,0.39
CUST_04121,2025-05-01,2,1.0,0.35
CUST_04121,2025-06-01,2,0.5,0.385
CUST_04121,2025-07-01,1,1.0,0.35
CUST_04122,2025-03-01,1,1.0,0.55
CUST_04122,2025-05-01,1,0.0,0.55
CUST_04122,2025-11-01,1,1.0,0.55
CUST_04123,2025-11-01,1,0.0,0.83
CUST_04123,2025-12-01,1,1.0,0.75
CUST_04125,2024-05-01,1,1.0,0.83
CUST_04125,2024-06-01,2,1.0,0.75
CUST_04125,2024-11-01,1,0.0,0.75
CUST_04125,2025-05-01,1,0.0,0.75
CUST_04125,2025-08-01,1,1.0,0.75
CUST_04125,2025-09-01,1,0.0,0.75
CUST_04125,2025-11-01,2,1.0,0.75
CUST_04125,2025-12-01,1,0.0,0.75
CUST_04126,2024-06-01,1,1.0,0.75
CUST_04126,2024-08-01,1,1.0,0.75
CUST_04126,2024-10-01,1,0.0,0.75
CUST_04126,2024-11-01,2,0.5,0.75
CUST_04126,2024-12-01,1,1.0,0.75
CUST_04126,2025-01-01,1,0.0,0.75
CUST_04126,2025-03-01,1,1.0,0.75
CUST_04126,2025-11-01,1,1.0,0.83
CUST_04126,2025-12-01,2,1.0,0.75
CUST_04127,2025-08-01,1,1.0,0.35
CUST_04128,2025-09-01,1,0.0,0.55
CUST_04128,2025-12-01,1,1.0,0.55
CUST_04129,2025-12-01,1,0.0,0.75
CUST_04130,2025-02-01,1,0.0,0.55
CUST_04130,2025-03-01,1,1.0,0.55
CUST_04130,2025-06-01,1,0.0,0.66
CUST_04130,2025-12-01,1,0.0,0.61
CUST_04131,2024-04-01,1,1.0,0.75
CUST_04131,2024-05-01,2,1.0,0.75
CUST_04131,2024-08-01,1,1.0,0.75
CUST_04131,2024-09-01,1,0.0,0.75
CUST_04131,2024-10-01,1,0.0,0.75
CUST_04131,2024-11-01,2,0.5,0.825
CUST_04131,2025-05-01,1,0.0,0.75
CUST_04131,2025-07-01,2,0.5,0.825
CUST_04131,2025-09-01,1,1.0,0.9
CUST_04132,2025-10-01,1,1.0,0.61
CUST_04133,2025-02-01,1,1.0,0.55
CUST_04133,2025-04-01,1,0.0,0.55
CUST_04133,2025-06-01,1,1.0,0.55
CUST_04133,2025-07-01,1,0.0,0.66
CUST_04133,2025-08-01,1,1.0,0.55
CUST_04134,2024-05-01,1,1.0,0.75
CUST_04134,2024-08-01,1,1.0,0.9
CUST_04134,2024-10-01,1,1.0,0.75
CUST_04134,2025-01-01,1,1.0,0.83
CUST_04134,2025-06-01,1,0.0,0.75
CUST_04134,2025-09-01,1,0.0,0.75
CUST_04134,2025-10-01,2,0.5,0.79
CUST_04134,2025-11-01,1,1.0,0.75
CUST_04134,2025-12-01,1,1.0,0.75
CUST_04135,2025-07-01,1,1.0,0.55
CUST_04136,2025-04-01,2,0.5,0.35
CUST_04136,2025-11-01,1,0.0,0.35
CUST_04137,2024-12-01,1,0.0,0.35
CUST_04137,2025-07-01,2,0.5,0.35
CUST_04138,2024-05-01,1,0.0,0.75
CUST_04138,2024-06-01,1,1.0,0.83
CUST_04138,2025-01-01,1,0.0,0.75
CUST_04138,2025-04-01,1,1.0,0.75
CUST_04138,2025-06-01,2,1.0,0.79
CUST_04138,2025-12-01,1,1.0,0.75
CUST_04139,2025-10-01,2,0.0,0.75
CUST_04139,2025-11-01,1,1.0,0.75
CUST_04139,2025-12-01,2,1.0,0.825
CUST_04141,2025-05-01,1,1.0,0.55
CUST_04141,2025-06-01,1,0.0,0.61
CUST_04141,2025-07-01,1,0.0,0.61
CUST_04141,2025-10-01,1,0.0,0.55
CUST_04142,2025-06-01,2,0.5,0.825
CUST_04142,2025-10-01,1,1.0,0.75
CUST_04144,2024-09-01,1,1.0,0.55
CUST_04144,2025-05-01,1,1.0,0.61
CUST_04145,2025-01-01,1,0.0,0.35
CUST_04145,2025-02-01,1,0.0,0.39
CUST_04146,2024-12-01,1,1.0,0.66
CUST_04146,2025-03-01,1,0.0,0.61
CUST_04146,2025-06-01,1,1.0,0.61
CUST_04146,2025-07-01,1,1.0,0.55
CUST_04146,2025-08-01,1,0.0,0.55
CUST_04147,2025-01-01,1,0.0,0.61
CUST_04147,2025-03-01,1,1.0,0.55
CUST_04147,2025-04-01,1,0.0,0.55
CUST_04147,2025-05-01,1,1.0,0.55
CUST_04147,2025-06-01,1,0.0,0.61
CUST_04147,2025-07-01,2,0.5,0.61
CUST_04147,2025-09-01,1,0.0,0.66
CUST_04147,2025-11-01,1,0.0,0.55
CUST_04148,2024-06-01,1,0.0,0.35
CUST_04148,2024-11-01,1,0.0,0.39
CUST_04148,2025-01-01,1,0.0,0.35
CUST_04149,2024-05-01,1,0.0,0.35
CUST_04149,2024-06-01,1,0.0,0.35
CUST_04149,2024-10-01,1,1.0,0.35
CUST_04151,2024-10-01,1,0.0,0.55
CUST_04151,2024-12-01,1,1.0,0.55
CUST_04151,2025-01-01,1,1.0,0.66
CUST_04151,2025-08-01,1,1.0,0.61
CUST_04151,2025-09-01,1,1.0,0.55
CUST_04152,2024-11-01,2,1.0,0.55
CUST_04152,2025-03-01,1,1.0,0.55
CUST_04152,2025-04-01,1,1.0,0.66
CUST_04152,2025-06-01,1,0.0,0.61
CUST_04152,2025-08-01,1,1.0,0.61
CUST_04152,2025-10-01,1,1.0,0.61
CUST_04153,2024-04-01,1,1.0,0.61
CUST_04153,2024-11-01,2,0.0,0.605
CUST_04153,2024-12-01,1,1.0,0.55
CUST_04153,2025-03-01,1,1.0,0.66
CUST_04153,2025-06-01,1,0.0,0.55
CUST_04154,2025-06-01,1,0.0,0.35
CUST_04155,2025-10-01,1,1.0,0.35
CUST_04156,2025-09-01,1,0.0,0.35
CUST_04157,2024-08-01,1,0.0,0.35
CUST_04157,2025-09-01,2,0.5,0.37
CUST_04157,2025-10-01,1,0.0,0.39
CUST_04158,2025-02-01,1,0.0,0.35
CUST_04158,2025-09-01,1,1.0,0.35
CUST_04159,2024-10-01,1,0.0,0.55
CUST_04159,2024-12-01,1,1.0,0.55
CUST_04159,2025-03-01,1,1.0,0.55
CUST_04159,2025-07-01,1,0.0,0.55
CUST_04159,2025-09-01,1,0.0,0.55
CUST_04159,2025-11-01,1,1.0,0.55
CUST_04160,2025-06-01,1,1.0,0.75
CUST_04160,2025-07-01,1,1.0,0.75
CUST_04161,2025-05-01,1,0.0,0.75
CUST_04161,2025-06-01,1,1.0,0.75
CUST_04163,2025-02-01,1,1.0,0.35
CUST_04163,2025-09-01,1,0.0,0.35
CUST_04164,2025-11-01,1,1.0,0.35
CUST_04165,2025-09-01,1,0.0,0.35
CUST_04165,2025-10-01,2,0.0,0.37
CUST_04166,2025-03-01,1,1.0,0.35
CUST_04166,2025-06-01,1,0.0,0.42
CUST_04166,2025-07-01,1,1.0,0.42
CUST_04166,2025-11-01,1,0.0,0.35
CUST_04167,2025-09-01,1,0.0,0.39
CUST_04167,2025-10-01,1,1.0,0.42
CUST_04168,2024-10-01,1,1.0,0.55
CUST_04168,2024-11-01,1,0.0,0.55
CUST_04168,2024-12-01,1,1.0,0.55
CUST_04168,2025-05-01,2,0.5,0.55
CUST_04168,2025-06-01,1,0.0,0.61
CUST_04168,2025-07-01,2,0.5,0.55
CUST_04168,2025-08-01,1,1.0,0.55
CUST_04168,2025-09-01,1,0.0,0.61
CUST_04168,2025-10-01,1,0.0,0.55
CUST_04169,2024-04-01,1,1.0,0.75
CUST_04169,2024-06-01,1,1.0,0.75
CUST_04169,2024-08-01,1,1.0,0.83
CUST_04169,2024-10-01,2,1.0,0.75
CUST_04169,2024-11-01,1,1.0,0.75
CUST_04169,2024-12-01,1,1.0,0.75
CUST_04169,2025-07-01,1,1.0,0.75
CUST_04169,2025-08-01,1,1.0,0.75
CUST_04169,2025-09-01,1,1.0,0.9
CUST_04170,2024-08-01,1,1.0,0.75
CUST_04170,2024-10-01,3,0.6666666666666666,0.7999999999999999
CUST_04170,2024-11-01,1,1.0,0.9
CUST_04170,2025-03-01,1,1.0,0.75
CUST_04170,2025-04-01,1,1.0,0.75
CUST_04170,2025-06-01,1,1.0,0.75
CUST_04170,2025-07-01,2,1.0,0.825
CUST_04170,2025-09-01,1,1.0,0.75
CUST_04170,2025-12-01,1,1.0,0.75
CUST_04171,2025-10-01,1,0.0,0.35
CUST_04173,2025-12-01,1,1.0,0.35
CUST_04174,2024-10-01,1,0.0,0.35
CUST_04174,2025-12-01,1,0.0,0.39
CUST_04175,2025-08-01,1,0.0,0.35
CUST_04175,2025-09-01,1,0.0,0.35
CUST_04176,2025-11-01,1,1.0,0.55
CUST_04177,2025-05-01,1,0.0,0.55
CUST_04177,2025-07-01,1,1.0,0.55
CUST_04177,2025-08-01,1,0.0,0.55
CUST_04177,2025-09-01,2,1.0,0.55
CUST_04180,2025-05-01,1,0.0,0.39
CUST_04180,2025-06-01,1,0.0,0.42
CUST_04180,2025-08-01,2,0.0,0.35
CUST_04180,2025-09-01,2,0.0,0.385
CUST_04182,2024-09-01,1,1.0,0.39
CUST_04182,2024-11-01,1,0.0,0.35
CUST_04182,2025-05-01,1,1.0,0.42
CUST_04182,2025-06-01,1,1.0,0.35
CUST_04182,2025-11-01,1,1.0,0.35
CUST_04183,2025-03-01,1,0.0,0.35
CUST_04183,2025-08-01,1,0.0,0.35
CUST_04184,2024-12-01,1,0.0,0.35
CUST_04184,2025-03-01,1,0.0,0.35
CUST_04184,2025-10-01,1,1.0,0.39
CUST_04184,2025-11-01,1,0.0,0.42
CUST_04185,2025-01-01,1,0.0,0.35
CUST_04185,2025-09-01,1,0.0,0.35
CUST_04185,2025-10-01,1,0.0,0.42
CUST_04186,2024-09-01,1,1.0,0.75
CUST_04186,2025-02-01,1,1.0,0.75
CUST_04186,2025-05-01,1,1.0,0.83
CUST_04186,2025-09-01,1,1.0,0.75
CUST_04186,2025-10-01,1,1.0,0.75
CUST_04187,2024-06-01,1,1.0,0.75
CUST_04187,2024-09-01,1,1.0,0.75
CUST_04187,2025-01-01,1,1.0,0.75
CUST_04187,2025-03-01,1,1.0,0.75
CUST_04187,2025-08-01,1,0.0,0.75
CUST_04187,2025-12-01,1,1.0,0.75
CUST_04188,2024-10-01,1,0.0,0.35
CUST_04188,2024-12-01,1,0.0,0.35
CUST_04188,2025-05-01,1,0.0,0.35
CUST_04188,2025-08-01,1,1.0,0.35
CUST_04188,2025-09-01,2,0.5,0.385
CUST_04188,2025-11-01,1,0.0,0.35
CUST_04189,2024-12-01,1,0.0,0.39
CUST_04189,2025-08-01,1,0.0,0.39
CUST_04189,2025-09-01,1,1.0,0.42
CUST_04189,2025-11-01,1,1.0,0.35
CUST_04191,2024-10-01,1,1.0,0.39
CUST_04191,2024-11-01,1,0.0,0.35
CUST_04191,2024-12-01,1,0.0,0.35
CUST_04191,2025-05-01,1,0.0,0.35
CUST_04191,2025-11-01,2,0.5,0.35
CUST_04193,2025-04-01,1,0.0,0.35
CUST_04193,2025-08-01,1,1.0,0.35
CUST_04194,2024-08-01,1,0.0,0.42
CUST_04194,2025-01-01,1,0.0,0.35
CUST_04195,2025-10-01,1,0.0,0.39
CUST_04196,2025-03-01,1,0.0,0.35
CUST_04196,2025-07-01,1,0.0,0.35
CUST_04196,2025-10-01,2,1.0,0.35
CUST_04197,2024-09-01,1,0.0,0.66
CUST_04197,2024-10-01,1,1.0,0.55
CUST_04197,2024-11-01,2,0.0,0.605
CUST_04197,2024-12-01,1,1.0,0.55
CUST_04197,2025-07-01,1,0.0,0.66
CUST_04197,2025-10-01,1,0.0,0.55
CUST_04197,2025-11-01,1,1.0,0.55
CUST_04198,2025-08-01,2,0.5,0.5800000000000001
CUST_04198,2025-09-01,1,1.0,0.55
CUST_04199,2025-03-01,1,0.0,0.55
CUST_04199,2025-05-01,1,1.0,0.55
CUST_04199,2025-07-01,1,1.0,0.55
CUST_04199,2025-12-01,1,1.0,0.55
CUST_04200,2024-12-01,1,1.0,0.35
CUST_04200,2025-02-01,1,0.0,0.39
CUST_04200,2025-12-01,1,1.0,0.42
CUST_04201,2025-03-01,1,1.0,0.35
CUST_04201,2025-04-01,1,0.0,0.39
CUST_04201,2025-08-01,1,1.0,0.39
CUST_04201,2025-12-01,1,0.0,0.35
CUST_04202,2024-12-01,1,1.0,0.35
CUST_04202,2025-10-01,1,1.0,0.42
CUST_04204,2025-07-01,2,0.5,0.75
CUST_04204,2025-11-01,2,1.0,0.75
CUST_04204,2025-12-01,2,1.0,0.825
CUST_04205,2025-08-01,1,0.0,0.35
CUST_04205,2025-11-01,2,0.0,0.35
CUST_04206,2024-09-01,1,0.0,0.35
CUST_04206,2024-12-01,2,0.0,0.35
CUST_04206,2025-01-01,1,0.0,0.35
CUST_04206,2025-04-01,1,1.0,0.35
CUST_04206,2025-11-01,1,1.0,0.35
CUST_04207,2024-10-01,1,1.0,0.35
CUST_04207,2025-12-01,1,1.0,0.35
CUST_04208,2025-10-01,1,1.0,0.35
CUST_04209,2025-08-01,2,0.5,0.55
CUST_04209,2025-10-01,2,0.0,0.55
CUST_04210,2025-01-01,1,0.0,0.35
CUST_04210,2025-06-01,1,1.0,0.39
CUST_04210,2025-10-01,1,0.0,0.35
CUST_04210,2025-12-01,1,1.0,0.35
CUST_04211,2025-02-01,2,0.5,0.35
CUST_04211,2025-12-01,1,1.0,0.35
CUST_04212,2025-07-01,1,1.0,0.35
CUST_04212,2025-09-01,1,0.0,0.35
CUST_04212,2025-12-01,1,1.0,0.35
CUST_04213,2024-10-01,1,0.0,0.66
CUST_04213,2024-11-01,1,1.0,0.55
CUST_04213,2025-01-01,1,1.0,0.55
CUST_04213,2025-03-01,1,1.0,0.66
CUST_04213,2025-04-01,1,1.0,0.55
CUST_04213,2025-05-01,1,0.0,0.55
CUST_04213,2025-09-01,1,0.0,0.61
CUST_04213,2025-11-01,1,1.0,0.55
CUST_04214,2024-10-01,1,0.0,0.35
CUST_04214,2025-04-01,1,1.0,0.35
CUST_04214,2025-07-01,1,0.0,0.35
CUST_04214,2025-10-01,1,1.0,0.39
CUST_04214,2025-12-01,1,0.0,0.35
CUST_04215,2025-04-01,2,0.5,0.55
CUST_04216,2025-09-01,1,1.0,0.55
CUST_04216,2025-10-01,1,0.0,0.55
CUST_04216,2025-12-01,1,1.0,0.55
CUST_04217,2024-04-01,1,1.0,0.39
CUST_04217,2024-10-01,2,0.0,0.385
CUST_04217,2025-08-01,1,0.0,0.39
CUST_04218,2025-09-01,2,1.0,0.79
CUST_04218,2025-10-01,1,1.0,0.9
CUST_04218,2025-11-01,1,1.0,0.83
CUST_04219,2024-01-01,1,0.0,0.35
CUST_04219,2024-02-01,1,0.0,0.35
CUST_04219,2024-05-01,1,0.0,0.35
CUST_04219,2024-07-01,1,0.0,0.35
CUST_04219,2025-11-01,1,0.0,0.42
CUST_04219,2025-12-01,1,0.0,0.35
CUST_04220,2024-06-01,1,1.0,0.39
CUST_04220,2025-02-01,3,0.3333333333333333,0.3499999999999999
CUST_04220,2025-07-01,1,0.0,0.35
CUST_04221,2025-10-01,1,0.0,0.35
CUST_04221,2025-11-01,1,0.0,0.39
CUST_04222,2024-06-01,2,0.5,0.55
CUST_04222,2024-09-01,1,0.0,0.55
CUST_04222,2025-05-01,2,0.5,0.55
CUST_04222,2025-06-01,1,1.0,0.55
CUST_04222,2025-07-01,2,1.0,0.605
CUST_04223,2025-07-01,1,1.0,0.35
CUST_04224,2025-04-01,1,1.0,0.35
CUST_04224,2025-06-01,1,0.0,0.35
CUST_04225,2024-09-01,1,1.0,0.75
CUST_04225,2024-10-01,1,1.0,0.75
CUST_04225,2025-05-01,2,1.0,0.75
CUST_04225,2025-07-01,1,1.0,0.75
CUST_04225,2025-08-01,1,1.0,0.83
CUST_04225,2025-10-01,1,1.0,0.75
CUST_04225,2025-11-01,1,1.0,0.75
CUST_04226,2025-04-01,2,1.0,0.75
CUST_04226,2025-07-01,1,1.0,0.75
CUST_04226,2025-10-01,1,1.0,0.75
CUST_04226,2025-11-01,2,0.5,0.79
CUST_04226,2025-12-01,1,0.0,0.83
CUST_04227,2025-07-01,1,0.0,0.35
CUST_04227,2025-08-01,1,1.0,0.39
CUST_04227,2025-09-01,2,0.5,0.35
CUST_04228,2024-12-01,1,1.0,0.75
CUST_04228,2025-02-01,1,1.0,0.75
CUST_04228,2025-03-01,1,1.0,0.83
CUST_04228,2025-04-01,1,0.0,0.75
CUST_04228,2025-07-01,1,1.0,0.83
CUST_04228,2025-09-01,1,1.0,0.75
CUST_04228,2025-11-01,2,1.0,0.865
CUST_04228,2025-12-01,1,1.0,0.9
CUST_04229,2025-03-01,1,1.0,0.75
CUST_04229,2025-04-01,2,0.5,0.79
CUST_04229,2025-06-01,1,1.0,0.83
CUST_04229,2025-11-01,1,1.0,0.75
CUST_04231,2024-10-01,1,0.0,0.35
CUST_04231,2025-03-01,1,0.0,0.35
CUST_04231,2025-10-01,1,0.0,0.39
CUST_04233,2025-08-01,1,1.0,0.55
CUST_04233,2025-09-01,1,1.0,0.55
CUST_04234,2024-10-01,1,0.0,0.35
CUST_04234,2025-02-01,1,0.0,0.35
CUST_04234,2025-07-01,1,0.0,0.35
CUST_04234,2025-08-01,1,1.0,0.39
CUST_04235,2025-02-01,1,1.0,0.35
CUST_04235,2025-07-01,1,0.0,0.35
CUST_04236,2025-09-01,2,0.0,0.37
CUST_04237,2025-01-01,1,0.0,0.55
CUST_04237,2025-09-01,1,0.0,0.61
CUST_04238,2025-06-01,1,0.0,0.35
CUST_04241,2024-01-01,1,0.0,0.35
CUST_04241,2024-03-01,1,1.0,0.35
CUST_04241,2024-05-01,1,0.0,0.35
CUST_04241,2024-06-01,1,0.0,0.35
CUST_04241,2024-07-01,1,0.0,0.35
CUST_04241,2024-09-01,1,1.0,0.42
CUST_04241,2024-12-01,1,1.0,0.35
CUST_04241,2025-06-01,1,1.0,0.35
CUST_04242,2024-07-01,1,0.0,0.66
CUST_04242,2024-10-01,1,0.0,0.55
CUST_04242,2024-11-01,1,0.0,0.55
CUST_04242,2024-12-01,1,0.0,0.66
CUST_04242,2025-02-01,1,1.0,0.55
CUST_04242,2025-09-01,2,1.0,0.61
CUST_04242,2025-10-01,1,1.0,0.66
CUST_04243,2025-01-01,1,0.0,0.39
CUST_04243,2025-02-01,1,0.0,0.39
CUST_04243,2025-07-01,2,0.5,0.35
CUST_04243,2025-12-01,1,0.0,0.35
CUST_04244,2025-04-01,1,1.0,0.55
CUST_04244,2025-05-01,1,1.0,0.55
CUST_04244,2025-11-01,1,1.0,0.61
CUST_04245,2025-01-01,1,1.0,0.55
CUST_04247,2024-06-01,1,0.0,0.35
CUST_04247,2024-07-01,1,0.0,0.35
CUST_04248,2024-12-01,1,0.0,0.39
CUST_04248,2025-03-01,1,0.0,0.35
CUST_04249,2025-03-01,1,0.0,0.39
CUST_04249,2025-07-01,1,1.0,0.35
CUST_04249,2025-10-01,1,0.0,0.35
CUST_04250,2024-12-01,1,1.0,0.9
CUST_04250,2025-04-01,1,1.0,0.9
CUST_04250,2025-06-01,1,0.0,0.75
CUST_04250,2025-09-01,1,1.0,0.9
CUST_04250,2025-10-01,2,0.5,0.75
CUST_04250,2025-11-01,2,1.0,0.75
CUST_04250,2025-12-01,1,1.0,0.75
CUST_04251,2025-08-01,1,0.0,0.35
CUST_04252,2025-11-01,1,0.0,0.61
CUST_04253,2025-12-01,1,0.0,0.35
CUST_04254,2025-11-01,1,0.0,0.35
CUST_04255,2025-03-01,1,0.0,0.35
CUST_04256,2025-11-01,1,0.0,0.55
CUST_04257,2025-01-01,1,0.0,0.55
CUST_04257,2025-02-01,1,1.0,0.55
CUST_04258,2025-01-01,1,1.0,0.39
CUST_04258,2025-07-01,1,0.0,0.42
CUST_04258,2025-10-01,1,0.0,0.35
CUST_04258,2025-12-01,1,1.0,0.35
CUST_04259,2024-04-01,1,1.0,0.61
CUST_04259,2024-07-01,1,1.0,0.55
CUST_04259,2024-12-01,1,1.0,0.66
CUST_04259,2025-01-01,1,1.0,0.66
CUST_04259,2025-09-01,1,1.0,0.61
CUST_04261,2024-06-01,2,0.5,0.75
CUST_04261,2024-10-01,1,1.0,0.9
CUST_04261,2024-11-01,1,1.0,0.75
CUST_04261,2024-12-01,1,1.0,0.75
CUST_04261,2025-06-01,1,0.0,0.75
CUST_04261,2025-10-01,2,1.0,0.75
CUST_04261,2025-11-01,1,1.0,0.9
CUST_04261,2025-12-01,1,1.0,0.75
CUST_04262,2025-05-01,2,0.5,0.5800000000000001
CUST_04262,2025-07-01,1,0.0,0.55
CUST_04262,2025-12-01,1,1.0,0.55
CUST_04265,2025-02-01,1,0.0,0.35
CUST_04265,2025-10-01,1,1.0,0.39
CUST_04266,2025-07-01,1,0.0,0.39
CUST_04266,2025-12-01,1,0.0,0.35
CUST_04267,2025-06-01,1,0.0,0.42
CUST_04268,2024-07-01,1,1.0,0.39
CUST_04268,2025-08-01,1,0.0,0.35
CUST_04268,2025-09-01,1,0.0,0.39
CUST_04270,2025-06-01,1,1.0,0.75
CUST_04270,2025-08-01,2,1.0,0.75
CUST_04270,2025-10-01,1,0.0,0.75
CUST_04271,2024-04-01,1,0.0,0.35
CUST_04271,2024-08-01,1,0.0,0.35
CUST_04271,2024-10-01,1,0.0,0.35
CUST_04271,2024-11-01,1,1.0,0.42
CUST_04271,2025-03-01,1,1.0,0.35
CUST_04271,2025-06-01,1,0.0,0.39
CUST_04271,2025-07-01,2,0.0,0.35
CUST_04271,2025-08-01,2,0.5,0.37
CUST_04271,2025-10-01,1,1.0,0.39
CUST_04272,2024-10-01,1,1.0,0.75
CUST_04272,2024-12-01,1,0.0,0.75
CUST_04272,2025-04-01,1,1.0,0.83
CUST_04272,2025-06-01,1,1.0,0.75
CUST_04272,2025-07-01,1,1.0,0.9
CUST_04272,2025-08-01,1,1.0,0.75
CUST_04272,2025-10-01,1,1.0,0.75
CUST_04272,2025-12-01,3,1.0,0.75
CUST_04273,2025-10-01,1,0.0,0.55
CUST_04274,2024-10-01,1,1.0,0.83
CUST_04274,2024-11-01,1,1.0,0.75
CUST_04274,2025-05-01,1,1.0,0.9
CUST_04274,2025-06-01,1,0.0,0.75
CUST_04274,2025-08-01,1,1.0,0.75
CUST_04274,2025-09-01,1,1.0,0.75
CUST_04275,2025-02-01,2,1.0,0.825
CUST_04275,2025-04-01,1,0.0,0.75
CUST_04275,2025-05-01,1,1.0,0.75
CUST_04275,2025-06-01,1,1.0,0.9
CUST_04275,2025-08-01,1,1.0,0.75
CUST_04277,2025-09-01,2,0.5,0.35
CUST_04277,2025-10-01,1,0.0,0.39
CUST_04278,2024-03-01,1,0.0,0.35
CUST_04278,2024-04-01,1,0.0,0.35
CUST_04278,2024-12-01,1,1.0,0.39
CUST_04278,2025-10-01,1,1.0,0.35
CUST_04278,2025-11-01,1,0.0,0.35
CUST_04279,2024-05-01,1,0.0,0.9
CUST_04279,2024-08-01,3,0.6666666666666666,0.7999999999999999
CUST_04279,2024-09-01,2,1.0,0.9
CUST_04279,2024-11-01,2,1.0,0.75
CUST_04279,2024-12-01,2,0.5,0.75
CUST_04279,2025-01-01,1,0.0,0.75
CUST_04279,2025-02-01,2,1.0,0.825
CUST_04279,2025-03-01,1,0.0,0.75
CUST_04279,2025-06-01,1,0.0,0.75
CUST_04279,2025-09-01,1,1.0,0.75
CUST_04279,2025-11-01,1,1.0,0.75
CUST_04279,2025-12-01,2,0.5,0.825
CUST_04280,2024-10-01,1,1.0,0.55
CUST_04280,2024-11-01,1,1.0,0.61
CUST_04280,2024-12-01,1,0.0,0.55
CUST_04280,2025-02-01,1,1.0,0.55
CUST_04280,2025-03-01,1,1.0,0.61
CUST_04280,2025-04-01,1,1.0,0.55
CUST_04280,2025-10-01,1,0.0,0.55
CUST_04281,2024-08-01,1,0.0,0.35
CUST_04281,2025-03-01,1,1.0,0.42
CUST_04281,2025-04-01,1,0.0,0.35
CUST_04281,2025-05-01,1,1.0,0.35
CUST_04281,2025-07-01,1,1.0,0.39
CUST_04281,2025-12-01,1,0.0,0.35
CUST_04282,2024-08-01,1,1.0,0.35
CUST_04282,2024-11-01,1,1.0,0.35
CUST_04282,2025-03-01,1,0.0,0.39
CUST_04283,2024-10-01,1,0.0,0.39
CUST_04283,2024-11-01,1,0.0,0.35
CUST_04283,2025-07-01,1,1.0,0.35
CUST_04284,2025-02-01,1,1.0,0.55
CUST_04284,2025-06-01,1,0.0,0.55
CUST_04284,2025-09-01,1,0.0,0.61
CUST_04285,2025-02-01,1,1.0,0.39
CUST_04286,2024-04-01,1,1.0,0.75
CUST_04286,2024-08-01,1,1.0,0.75
CUST_04286,2024-09-01,3,1.0,0.75
CUST_04286,2024-10-01,3,0.6666666666666666,0.75
CUST_04286,2024-11-01,1,1.0,0.75
CUST_04286,2025-12-01,1,1.0,0.75
CUST_04287,2025-08-01,1,1.0,0.39
CUST_04287,2025-11-01,1,1.0,0.35
CUST_04288,2025-03-01,1,1.0,0.35
CUST_04288,2025-04-01,1,0.0,0.39
CUST_04288,2025-11-01,1,1.0,0.39
CUST_04289,2025-12-01,1,0.0,0.35
CUST_04290,2024-11-01,1,1.0,0.42
CUST_04290,2025-02-01,1,0.0,0.35
CUST_04290,2025-11-01,1,1.0,0.35
CUST_04291,2025-10-01,1,0.0,0.35
CUST_04291,2025-12-01,1,1.0,0.35
CUST_04292,2025-08-01,1,0.0,0.42
CUST_04293,2025-10-01,1,0.0,0.35
CUST_04294,2025-08-01,1,0.0,0.35
CUST_04294,2025-12-01,1,0.0,0.35
CUST_04295,2025-03-01,1,1.0,0.35
CUST_04295,2025-11-01,1,1.0,0.35
CUST_04296,2025-07-01,1,0.0,0.39
CUST_04297,2024-12-01,1,0.0,0.39
CUST_04297,2025-07-01,1,0.0,0.35
CUST_04297,2025-10-01,1,1.0,0.35
CUST_04297,2025-11-01,1,0.0,0.35
CUST_04298,2025-09-01,1,1.0,0.35
CUST_04299,2025-12-01,1,0.0,0.35
CUST_04300,2024-02-01,1,0.0,0.75
CUST_04300,2024-03-01,1,0.0,0.75
CUST_04300,2024-04-01,3,1.0,0.7766666666666667
CUST_04300,2024-05-01,1,1.0,0.75
CUST_04300,2024-06-01,1,1.0,0.75
CUST_04300,2024-08-01,1,1.0,0.75
CUST_04300,2024-11-01,1,1.0,0.75
CUST_04300,2025-04-01,1,1.0,0.75
CUST_04300,2025-06-01,2,0.5,0.75
CUST_04300,2025-07-01,1,1.0,0.75
CUST_04300,2025-11-01,1,1.0,0.9
CUST_04300,2025-12-01,1,0.0,0.75
CUST_04301,2025-03-01,1,0.0,0.35
CUST_04301,2025-06-01,2,0.5,0.385
CUST_04301,2025-11-01,1,1.0,0.35
CUST_04302,2025-01-01,1,1.0,0.75
CUST_04302,2025-02-01,1,1.0,0.75
CUST_04302,2025-10-01,1,1.0,0.75
CUST_04302,2025-12-01,2,1.0,0.79
CUST_04303,2024-12-01,2,0.5,0.35
CUST_04303,2025-03-01,1,0.0,0.42
CUST_04303,2025-07-01,1,1.0,0.39
CUST_04303,2025-11-01,1,1.0,0.35
CUST_04303,2025-12-01,1,0.0,0.35
CUST_04304,2024-11-01,1,0.0,0.35
CUST_04304,2025-10-01,1,0.0,0.35
CUST_04305,2024-04-01,1,1.0,0.55
CUST_04305,2024-06-01,1,0.0,0.55
CUST_04305,2024-08-01,1,1.0,0.61
CUST_04305,2025-03-01,1,1.0,0.55
CUST_04305,2025-04-01,1,1.0,0.66
CUST_04305,2025-07-01,1,1.0,0.55
CUST_04305,2025-08-01,1,1.0,0.61
CUST_04305,2025-10-01,1,0.0,0.55
CUST_04306,2025-06-01,1,0.0,0.83
CUST_04306,2025-07-01,1,1.0,0.75
CUST_04306,2025-09-01,1,1.0,0.83
CUST_04306,2025-10-01,1,1.0,0.75
CUST_04306,2025-12-01,1,0.0,0.75
CUST_04307,2024-04-01,1,1.0,0.75
CUST_04307,2024-07-01,1,1.0,0.9
CUST_04307,2024-08-01,2,0.5,0.75
CUST_04307,2024-09-01,1,1.0,0.83
CUST_04307,2024-10-01,1,1.0,0.75
CUST_04307,2025-01-01,1,1.0,0.75
CUST_04307,2025-09-01,1,1.0,0.75
CUST_04307,2025-11-01,1,1.0,0.9
CUST_04309,2025-04-01,1,1.0,0.42
CUST_04309,2025-06-01,1,1.0,0.39
CUST_04309,2025-07-01,1,0.0,0.39
CUST_04309,2025-09-01,2,1.0,0.385
CUST_04310,2025-05-01,1,1.0,0.39
CUST_04310,2025-06-01,1,0.0,0.35
CUST_04310,2025-10-01,1,0.0,0.35
CUST_04311,2024-08-01,2,0.5,0.35
CUST_04311,2024-09-01,1,0.0,0.35
CUST_04311,2024-10-01,1,1.0,0.39
CUST_04311,2024-12-01,1,0.0,0.35
CUST_04311,2025-01-01,1,0.0,0.39
CUST_04311,2025-12-01,1,0.0,0.35
CUST_04312,2025-01-01,1,0.0,0.39
CUST_04312,2025-12-01,1,1.0,0.39
CUST_04313,2024-11-01,1,0.0,0.75
CUST_04313,2025-03-01,1,1.0,0.83
CUST_04313,2025-04-01,1,1.0,0.75
CUST_04313,2025-07-01,1,1.0,0.75
CUST_04313,2025-11-01,2,1.0,0.75
CUST_04315,2024-04-01,1,0.0,0.35
CUST_04315,2024-06-01,1,0.0,0.35
CUST_04315,2025-06-01,1,1.0,0.42
CUST_04315,2025-08-01,1,0.0,0.35
CUST_04316,2024-09-01,1,0.0,0.35
CUST_04316,2025-03-01,1,0.0,0.35
CUST_04316,2025-09-01,1,1.0,0.35
CUST_04318,2025-03-01,1,1.0,0.83
CUST_04318,2025-06-01,2,1.0,0.79
CUST_04318,2025-08-01,1,0.0,0.75
CUST_04318,2025-10-01,1,1.0,0.75
CUST_04319,2024-12-01,1,1.0,0.35
CUST_04319,2025-08-01,1,0.0,0.35
CUST_04320,2024-11-01,1,0.0,0.55
CUST_04320,2025-03-01,1,1.0,0.55
CUST_04320,2025-05-01,2,0.5,0.5800000000000001
CUST_04320,2025-07-01,2,0.5,0.55
CUST_04320,2025-11-01,1,1.0,0.66
CUST_04322,2025-06-01,1,0.0,0.35
CUST_04322,2025-11-01,1,1.0,0.39
CUST_04323,2024-08-01,1,1.0,0.35
CUST_04323,2025-06-01,1,1.0,0.35
CUST_04323,2025-09-01,1,0.0,0.35
CUST_04324,2025-05-01,1,0.0,0.39
CUST_04324,2025-11-01,1,1.0,0.39
CUST_04325,2024-07-01,1,1.0,0.83
CUST_04325,2024-10-01,1,1.0,0.75
CUST_04325,2024-11-01,1,1.0,0.83
CUST_04325,2025-03-01,1,1.0,0.75
CUST_04325,2025-04-01,1,1.0,0.9
CUST_04325,2025-05-01,2,0.5,0.79
CUST_04325,2025-10-01,1,1.0,0.75
CUST_04325,2025-11-01,1,1.0,0.75
CUST_04325,2025-12-01,2,1.0,0.79
CUST_04326,2024-05-01,2,0.0,0.385
CUST_04326,2025-11-01,1,0.0,0.39
CUST_04326,2025-12-01,1,1.0,0.35
CUST_04327,2024-12-01,1,0.0,0.35
CUST_04327,2025-04-01,2,0.0,0.385
CUST_04327,2025-08-01,2,0.0,0.35
CUST_04327,2025-09-01,1,1.0,0.42
CUST_04327,2025-10-01,1,1.0,0.35
CUST_04328,2025-10-01,1,0.0,0.35
CUST_04329,2024-10-01,1,0.0,0.35
CUST_04330,2025-10-01,1,0.0,0.75
CUST_04331,2024-07-01,1,0.0,0.35
CUST_04331,2024-08-01,1,0.0,0.35
CUST_04331,2025-01-01,1,1.0,0.35
CUST_04331,2025-06-01,1,1.0,0.35
CUST_04331,2025-09-01,1,1.0,0.35
CUST_04331,2025-11-01,1,1.0,0.35
CUST_04332,2025-10-01,2,1.0,0.79
CUST_04333,2025-08-01,1,0.0,0.35
CUST_04334,2025-05-01,1,1.0,0.35
CUST_04334,2025-08-01,1,0.0,0.35
CUST_04334,2025-09-01,1,1.0,0.39
CUST_04334,2025-11-01,1,0.0,0.35
CUST_04335,2025-04-01,1,1.0,0.35
CUST_04335,2025-05-01,2,0.5,0.35
CUST_04335,2025-10-01,1,0.0,0.39
CUST_04335,2025-12-01,1,1.0,0.35
CUST_04336,2025-08-01,1,1.0,0.55
CUST_04336,2025-10-01,2,0.5,0.5800000000000001
CUST_04337,2024-06-01,1,1.0,0.75
CUST_04337,2024-07-01,1,0.0,0.83
CUST_04337,2024-08-01,1,1.0,0.75
CUST_04337,2024-09-01,1,1.0,0.75
CUST_04337,2025-02-01,1,1.0,0.83
CUST_04337,2025-04-01,1,1.0,0.75
CUST_04337,2025-11-01,1,1.0,0.75
CUST_04338,2025-04-01,1,0.0,0.35
CUST_04339,2024-09-01,1,0.0,0.35
CUST_04339,2024-11-01,1,0.0,0.35
CUST_04339,2025-10-01,1,1.0,0.35
CUST_04340,2025-07-01,1,1.0,0.61
CUST_04340,2025-12-01,1,1.0,0.55
CUST_04341,2024-09-01,1,1.0,0.55
CUST_04341,2024-12-01,1,1.0,0.61
CUST_04341,2025-01-01,1,0.0,0.61
CUST_04341,2025-04-01,1,1.0,0.66
CUST_04341,2025-09-01,2,0.0,0.5800000000000001
CUST_04342,2025-03-01,1,1.0,0.55
CUST_04342,2025-04-01,1,1.0,0.66
CUST_04342,2025-05-01,1,1.0,0.61
CUST_04342,2025-07-01,1,1.0,0.55
CUST_04342,2025-10-01,1,1.0,0.66
CUST_04342,2025-11-01,2,0.5,0.5800000000000001
CUST_04343,2025-01-01,1,1.0,0.55
CUST_04343,2025-06-01,3,0.3333333333333333,0.55
CUST_04343,2025-07-01,2,0.5,0.55
CUST_04343,2025-08-01,1,1.0,0.55
CUST_04344,2025-05-01,1,0.0,0.35
CUST_04344,2025-09-01,1,0.0,0.39
CUST_04344,2025-12-01,1,1.0,0.42
CUST_04345,2025-05-01,1,0.0,0.75
CUST_04345,2025-09-01,1,1.0,0.83
CUST_04345,2025-12-01,1,1.0,0.83
CUST_04346,2024-10-01,2,1.0,0.55
CUST_04346,2024-12-01,1,1.0,0.66
CUST_04346,2025-02-01,1,0.0,0.66
CUST_04346,2025-03-01,1,1.0,0.55
CUST_04346,2025-04-01,1,1.0,0.61
CUST_04346,2025-06-01,1,1.0,0.55
CUST_04346,2025-07-01,1,0.0,0.66
CUST_04346,2025-08-01,1,0.0,0.55
CUST_04346,2025-10-01,1,1.0,0.61
CUST_04347,2025-03-01,2,1.0,0.75
CUST_04347,2025-05-01,1,0.0,0.75
CUST_04347,2025-12-01,1,1.0,0.75
CUST_04348,2025-03-01,1,0.0,0.75
CUST_04348,2025-07-01,1,1.0,0.83
CUST_04348,2025-09-01,1,1.0,0.83
CUST_04350,2024-10-01,1,1.0,0.35
CUST_04350,2025-03-01,1,1.0,0.42
CUST_04350,2025-10-01,1,0.0,0.35
CUST_04351,2024-09-01,1,0.0,0.35
CUST_04351,2024-11-01,1,0.0,0.39
CUST_04351,2025-04-01,1,1.0,0.35
CUST_04351,2025-12-01,1,1.0,0.35
CUST_04352,2025-12-01,1,0.0,0.35
CUST_04353,2025-05-01,3,0.3333333333333333,0.55
CUST_04353,2025-11-01,1,0.0,0.66
CUST_04354,2025-05-01,1,0.0,0.35
CUST_04355,2025-09-01,1,0.0,0.35
CUST_04356,2025-07-01,1,0.0,0.35
CUST_04356,2025-09-01,1,0.0,0.35
CUST_04358,2025-07-01,1,1.0,0.66
CUST_04358,2025-09-01,1,1.0,0.55
CUST_04359,2024-07-01,1,1.0,0.61
CUST_04359,2024-10-01,1,1.0,0.55
CUST_04359,2025-05-01,1,1.0,0.55
CUST_04359,2025-09-01,1,0.0,0.66
CUST_04359,2025-11-01,1,1.0,0.55
CUST_04359,2025-12-01,2,0.5,0.605
CUST_04360,2025-12-01,1,1.0,0.75
CUST_04361,2025-10-01,1,0.0,0.35
CUST_04361,2025-12-01,1,0.0,0.42
CUST_04362,2025-03-01,1,1.0,0.66
CUST_04362,2025-04-01,1,0.0,0.55
CUST_04362,2025-07-01,2,1.0,0.605
CUST_04362,2025-09-01,1,1.0,0.55
CUST_04362,2025-10-01,1,0.0,0.55
CUST_04362,2025-11-01,2,1.0,0.55
CUST_04362,2025-12-01,1,1.0,0.55
CUST_04363,2025-04-01,1,0.0,0.35
CUST_04363,2025-05-01,1,1.0,0.35
CUST_04363,2025-10-01,1,1.0,0.35
CUST_04365,2025-11-01,1,1.0,0.75
CUST_04365,2025-12-01,1,1.0,0.83
CUST_04366,2025-05-01,1,0.0,0.35
CUST_04366,2025-10-01,1,0.0,0.35
CUST_04367,2025-06-01,1,1.0,0.39
CUST_04367,2025-09-01,1,0.0,0.35
CUST_04368,2024-12-01,1,0.0,0.42
CUST_04368,2025-05-01,1,1.0,0.39
CUST_04368,2025-08-01,3,0.3333333333333333,0.38666666666666666
CUST_04368,2025-11-01,1,0.0,0.35
CUST_04369,2024-05-01,1,1.0,0.35
CUST_04369,2024-10-01,2,0.0,0.35
CUST_04369,2025-04-01,1,0.0,0.35
CUST_04369,2025-07-01,1,0.0,0.35
CUST_04370,2025-04-01,1,0.0,0.39
CUST_04371,2024-09-01,1,0.0,0.35
CUST_04371,2025-01-01,1,0.0,0.35
CUST_04371,2025-02-01,1,0.0,0.35
CUST_04371,2025-06-01,1,0.0,0.35
CUST_04371,2025-12-01,1,1.0,0.35
CUST_04372,2025-06-01,1,0.0,0.66
CUST_04372,2025-08-01,1,0.0,0.55
CUST_04373,2025-08-01,1,0.0,0.55
CUST_04374,2025-07-01,1,0.0,0.55
CUST_04374,2025-12-01,1,0.0,0.61
CUST_04376,2024-11-01,2,0.5,0.55
CUST_04376,2025-02-01,1,1.0,0.55
CUST_04376,2025-03-01,1,1.0,0.55
CUST_04376,2025-05-01,1,1.0,0.55
CUST_04376,2025-11-01,2,0.0,0.635
CUST_04377,2024-10-01,1,1.0,0.39
CUST_04377,2024-11-01,1,0.0,0.35
CUST_04377,2025-02-01,1,1.0,0.35
CUST_04377,2025-03-01,1,1.0,0.35
CUST_04378,2025-11-01,1,0.0,0.35
CUST_04379,2024-11-01,1,1.0,0.39
CUST_04379,2025-02-01,1,0.0,0.42
CUST_04379,2025-11-01,1,0.0,0.35
CUST_04379,2025-12-01,1,0.0,0.35
CUST_04380,2025-04-01,1,0.0,0.55
CUST_04380,2025-05-01,1,0.0,0.55
CUST_04380,2025-09-01,1,0.0,0.55
CUST_04381,2024-04-01,1,1.0,0.35
CUST_04381,2025-11-01,1,1.0,0.35
CUST_04382,2025-07-01,1,0.0,0.35
CUST_04382,2025-09-01,1,0.0,0.35
CUST_04382,2025-12-01,1,1.0,0.35
CUST_04383,2025-11-01,1,1.0,0.83
CUST_04383,2025-12-01,1,1.0,0.75
CUST_04384,2024-06-01,1,0.0,0.39
CUST_04384,2024-12-01,1,1.0,0.35
CUST_04384,2025-02-01,1,0.0,0.35
CUST_04384,2025-04-01,1,0.0,0.35
CUST_04385,2024-08-01,2,0.0,0.37
CUST_04385,2024-09-01,1,1.0,0.35
CUST_04385,2024-12-01,2,0.0,0.35
CUST_04385,2025-09-01,1,0.0,0.35
CUST_04386,2025-12-01,1,1.0,0.35
CUST_04387,2024-12-01,1,0.0,0.35
CUST_04387,2025-03-01,1,0.0,0.35
CUST_04387,2025-08-01,1,0.0,0.35
CUST_04387,2025-10-01,1,1.0,0.35
CUST_04388,2025-12-01,1,1.0,0.75
CUST_04389,2024-12-01,1,1.0,0.55
CUST_04389,2025-02-01,1,1.0,0.66
CUST_04389,2025-03-01,1,1.0,0.55
CUST_04389,2025-04-01,1,0.0,0.61
CUST_04389,2025-05-01,3,0.6666666666666666,0.59
CUST_04389,2025-07-01,1,1.0,0.66
CUST_04389,2025-11-01,1,0.0,0.55
CUST_04390,2025-06-01,1,0.0,0.35
CUST_04391,2024-03-01,1,0.0,0.35
CUST_04391,2024-05-01,2,0.5,0.39
CUST_04391,2024-12-01,1,1.0,0.39
CUST_04391,2025-02-01,2,0.0,0.385
CUST_04391,2025-12-01,2,0.0,0.35
CUST_04392,2025-09-01,1,0.0,0.42
CUST_04392,2025-12-01,1,0.0,0.42
CUST_04393,2025-06-01,1,1.0,0.35
CUST_04393,2025-07-01,1,1.0,0.35
CUST_04394,2025-12-01,1,0.0,0.35
CUST_04395,2025-05-01,1,0.0,0.55
CUST_04395,2025-07-01,1,1.0,0.61
CUST_04395,2025-09-01,1,0.0,0.55
CUST_04395,2025-10-01,1,0.0,0.55
CUST_04395,2025-11-01,1,1.0,0.61
CUST_04396,2025-07-01,1,1.0,0.55
CUST_04396,2025-08-01,2,0.0,0.55
CUST_04396,2025-12-01,1,1.0,0.55
CUST_04397,2025-07-01,1,0.0,0.35
CUST_04397,2025-08-01,1,1.0,0.35
CUST_04397,2025-11-01,2,0.0,0.35
CUST_04397,2025-12-01,1,0.0,0.35
CUST_04398,2024-12-01,1,1.0,0.75
CUST_04398,2025-01-01,1,1.0,0.75
CUST_04398,2025-02-01,1,1.0,0.75
CUST_04398,2025-03-01,1,1.0,0.75
CUST_04398,2025-04-01,1,1.0,0.83
CUST_04398,2025-06-01,1,0.0,0.83
CUST_04398,2025-07-01,1,1.0,0.75
CUST_04400,2024-09-01,1,0.0,0.35
CUST_04400,2025-07-01,2,0.0,0.35
CUST_04401,2025-04-01,1,1.0,0.35
CUST_04401,2025-06-01,1,0.0,0.35
CUST_04401,2025-07-01,1,1.0,0.35
CUST_04401,2025-11-01,1,0.0,0.35
CUST_04402,2025-07-01,2,1.0,0.35
CUST_04402,2025-10-01,1,0.0,0.35
CUST_04403,2025-01-01,1,0.0,0.35
CUST_04403,2025-03-01,1,1.0,0.35
CUST_04403,2025-04-01,1,1.0,0.35
CUST_04403,2025-06-01,1,0.0,0.39
CUST_04403,2025-09-01,1,1.0,0.35
CUST_04404,2025-02-01,1,0.0,0.35
CUST_04404,2025-07-01,2,0.5,0.405
CUST_04405,2025-05-01,1,1.0,0.9
CUST_04405,2025-08-01,1,1.0,0.75
CUST_04405,2025-11-01,1,1.0,0.83
CUST_04407,2025-10-01,1,0.0,0.55
CUST_04407,2025-11-01,1,1.0,0.61
CUST_04408,2024-06-01,2,0.5,0.75
CUST_04408,2024-07-01,1,0.0,0.75
CUST_04408,2024-10-01,1,0.0,0.75
CUST_04408,2024-12-01,2,1.0,0.75
CUST_04408,2025-03-01,3,1.0,0.7999999999999999
CUST_04408,2025-05-01,2,1.0,0.79
CUST_04408,2025-07-01,3,0.6666666666666666,0.75
CUST_04408,2025-08-01,2,0.5,0.79
CUST_04408,2025-09-01,2,1.0,0.825
CUST_04408,2025-12-01,1,1.0,0.83
CUST_04409,2025-04-01,1,0.0,0.42
CUST_04409,2025-06-01,2,0.0,0.385
CUST_04409,2025-09-01,1,0.0,0.35
CUST_04410,2025-09-01,1,1.0,0.35
CUST_04411,2025-04-01,1,0.0,0.35
CUST_04411,2025-05-01,1,0.0,0.35
CUST_04411,2025-12-01,1,1.0,0.39
CUST_04412,2025-10-01,1,1.0,0.39
CUST_04412,2025-11-01,1,1.0,0.35
CUST_04413,2025-12-01,2,0.0,0.55
CUST_04415,2024-07-01,1,1.0,0.55
CUST_04415,2025-03-01,1,1.0,0.61
CUST_04415,2025-06-01,1,1.0,0.55
CUST_04415,2025-10-01,1,0.0,0.55
CUST_04415,2025-11-01,1,0.0,0.55
CUST_04416,2024-10-01,1,0.0,0.42
CUST_04416,2025-01-01,1,0.0,0.39
CUST_04416,2025-05-01,1,1.0,0.39
CUST_04416,2025-11-01,1,1.0,0.35
CUST_04417,2024-04-01,1,0.0,0.35
CUST_04417,2024-12-01,1,0.0,0.39
CUST_04417,2025-12-01,1,0.0,0.35
CUST_04418,2025-01-01,1,0.0,0.35
CUST_04418,2025-04-01,1,1.0,0.35
CUST_04418,2025-09-01,1,0.0,0.35
CUST_04418,2025-10-01,1,1.0,0.42
CUST_04418,2025-11-01,1,0.0,0.39
CUST_04419,2024-11-01,2,1.0,0.55
CUST_04419,2025-02-01,1,1.0,0.55
CUST_04419,2025-10-01,1,0.0,0.55
CUST_04419,2025-12-01,1,1.0,0.55
CUST_04420,2025-09-01,1,1.0,0.55
CUST_04420,2025-11-01,1,1.0,0.55
CUST_04421,2024-09-01,1,0.0,0.35
CUST_04421,2024-11-01,1,0.0,0.35
CUST_04421,2025-07-01,1,0.0,0.42
CUST_04422,2025-05-01,1,0.0,0.35
CUST_04422,2025-08-01,1,0.0,0.35
CUST_04422,2025-09-01,1,0.0,0.39
CUST_04424,2025-05-01,1,0.0,0.35
CUST_04424,2025-09-01,1,0.0,0.35
CUST_04424,2025-10-01,1,1.0,0.42
CUST_04426,2024-02-01,1,1.0,0.55
CUST_04426,2024-07-01,2,0.0,0.5800000000000001
CUST_04426,2024-10-01,2,0.5,0.55
CUST_04426,2025-02-01,1,1.0,0.61
CUST_04426,2025-03-01,1,0.0,0.61
CUST_04426,2025-04-01,1,1.0,0.61
CUST_04426,2025-05-01,1,1.0,0.55
CUST_04426,2025-09-01,2,0.5,0.5800000000000001
CUST_04426,2025-10-01,2,0.5,0.55
CUST_04427,2025-01-01,1,1.0,0.35
CUST_04427,2025-02-01,1,1.0,0.42
CUST_04427,2025-05-01,1,0.0,0.35
CUST_04428,2025-11-01,1,1.0,0.75
CUST_04428,2025-12-01,1,0.0,0.83
CUST_04429,2025-11-01,1,0.0,0.35
CUST_04430,2025-03-01,1,0.0,0.35
CUST_04431,2024-11-01,1,1.0,0.35
CUST_04431,2025-03-01,1,0.0,0.35
CUST_04431,2025-11-01,1,0.0,0.39
CUST_04432,2025-05-01,1,0.0,0.39
CUST_04433,2025-05-01,2,1.0,0.83
CUST_04433,2025-09-01,1,1.0,0.75
CUST_04433,2025-11-01,2,0.5,0.825
CUST_04434,2024-07-01,1,1.0,0.75
CUST_04434,2025-03-01,2,1.0,0.79
CUST_04434,2025-07-01,1,1.0,0.75
CUST_04434,2025-09-01,2,0.5,0.79
CUST_04434,2025-11-01,2,1.0,0.79
CUST_04435,2024-12-01,1,0.0,0.42
CUST_04435,2025-06-01,1,1.0,0.35
CUST_04436,2025-11-01,1,1.0,0.42
CUST_04437,2025-08-01,1,1.0,0.35
CUST_04437,2025-09-01,1,1.0,0.35
CUST_04438,2025-02-01,1,0.0,0.35
CUST_04438,2025-12-01,1,0.0,0.35
CUST_04439,2025-04-01,1,0.0,0.61
CUST_04439,2025-05-01,1,1.0,0.61
CUST_04439,2025-07-01,1,0.0,0.55
CUST_04441,2025-10-01,1,1.0,0.35
CUST_04441,2025-11-01,1,1.0,0.39
CUST_04441,2025-12-01,1,1.0,0.39
CUST_04442,2024-02-01,1,1.0,0.55
CUST_04442,2024-04-01,1,0.0,0.66
CUST_04442,2024-10-01,1,0.0,0.61
CUST_04442,2025-06-01,1,1.0,0.55
CUST_04442,2025-07-01,1,0.0,0.55
CUST_04442,2025-08-01,1,1.0,0.55
CUST_04443,2025-01-01,3,0.6666666666666666,0.55
CUST_04443,2025-05-01,1,1.0,0.55
CUST_04443,2025-06-01,1,0.0,0.55
CUST_04443,2025-07-01,2,1.0,0.55
CUST_04444,2024-12-01,1,0.0,0.61
CUST_04444,2025-04-01,1,1.0,0.61
CUST_04444,2025-07-01,1,0.0,0.55
CUST_04444,2025-08-01,1,1.0,0.55
CUST_04444,2025-09-01,1,1.0,0.55
CUST_04444,2025-11-01,1,1.0,0.55
CUST_04445,2024-03-01,1,0.0,0.55
CUST_04445,2024-04-01,1,1.0,0.55
CUST_04445,2024-06-01,1,1.0,0.55
CUST_04445,2024-09-01,1,1.0,0.66
CUST_04445,2024-11-01,1,0.0,0.61
CUST_04445,2025-11-01,1,1.0,0.61
CUST_04446,2025-11-01,1,0.0,0.35
CUST_04446,2025-12-01,1,1.0,0.35
CUST_04447,2024-10-01,1,1.0,0.66
CUST_04447,2025-01-01,1,0.0,0.61
CUST_04447,2025-05-01,1,1.0,0.61
CUST_04447,2025-08-01,2,1.0,0.635
CUST_04447,2025-12-01,1,1.0,0.66
CUST_04448,2024-08-01,2,1.0,0.75
CUST_04448,2024-12-01,1,1.0,0.83
CUST_04448,2025-05-01,1,1.0,0.75
CUST_04448,2025-06-01,1,1.0,0.75
CUST_04448,2025-07-01,1,1.0,0.75
CUST_04449,2025-09-01,1,0.0,0.75
CUST_04450,2024-10-01,1,0.0,0.39
CUST_04450,2024-11-01,1,1.0,0.39
CUST_04450,2025-05-01,1,1.0,0.35
CUST_04450,2025-10-01,1,1.0,0.42
CUST_04451,2025-12-01,1,0.0,0.35
CUST_04452,2025-07-01,1,0.0,0.35
CUST_04452,2025-10-01,1,0.0,0.35
CUST_04453,2025-04-01,1,0.0,0.35
CUST_04453,2025-07-01,1,0.0,0.39
CUST_04453,2025-10-01,1,1.0,0.39
CUST_04454,2025-12-01,2,1.0,0.61
CUST_04455,2025-09-01,1,0.0,0.35
CUST_04456,2025-07-01,1,0.0,0.35
CUST_04457,2025-01-01,1,1.0,0.55
CUST_04457,2025-05-01,1,1.0,0.55
CUST_04457,2025-07-01,1,1.0,0.61
CUST_04458,2024-02-01,1,0.0,0.42
CUST_04458,2024-07-01,1,0.0,0.35
CUST_04459,2025-07-01,1,0.0,0.35
CUST_04460,2024-11-01,1,0.0,0.55
CUST_04460,2025-05-01,1,1.0,0.55
CUST_04460,2025-09-01,1,0.0,0.55
CUST_04460,2025-10-01,1,1.0,0.61
CUST_04460,2025-11-01,1,0.0,0.55
CUST_04461,2025-09-01,1,1.0,0.35
CUST_04461,2025-11-01,1,0.0,0.35
CUST_04462,2024-09-01,2,0.5,0.55
CUST_04462,2024-12-01,2,1.0,0.5800000000000001
CUST_04462,2025-06-01,1,0.0,0.55
CUST_04462,2025-08-01,1,0.0,0.61
CUST_04462,2025-10-01,1,0.0,0.55
CUST_04462,2025-12-01,2,0.5,0.55
CUST_04463,2024-03-01,1,0.0,0.39
CUST_04463,2024-05-01,2,0.5,0.35
CUST_04463,2024-07-01,1,0.0,0.35
CUST_04463,2025-01-01,1,0.0,0.39
CUST_04463,2025-02-01,1,0.0,0.35
CUST_04463,2025-08-01,1,0.0,0.35
CUST_04464,2025-10-01,1,0.0,0.35
CUST_04465,2025-10-01,1,0.0,0.35
CUST_04466,2024-08-01,3,0.3333333333333333,0.41
CUST_04466,2024-09-01,1,0.0,0.39
CUST_04466,2025-11-01,1,1.0,0.35
CUST_04467,2025-01-01,1,0.0,0.35
CUST_04468,2025-01-01,2,0.0,0.35
CUST_04468,2025-06-01,1,1.0,0.35
CUST_04470,2025-02-01,1,1.0,0.35
CUST_04470,2025-03-01,1,0.0,0.35
CUST_04470,2025-04-01,1,1.0,0.35
CUST_04470,2025-08-01,1,1.0,0.35
CUST_04471,2025-10-01,1,0.0,0.35
CUST_04472,2024-06-01,1,0.0,0.75
CUST_04472,2024-11-01,1,0.0,0.75
CUST_04472,2024-12-01,1,1.0,0.75
CUST_04472,2025-01-01,1,1.0,0.83
CUST_04472,2025-03-01,1,0.0,0.83
CUST_04472,2025-05-01,1,1.0,0.75
CUST_04472,2025-06-01,1,1.0,0.75
CUST_04472,2025-07-01,1,1.0,0.75
CUST_04472,2025-09-01,1,1.0,0.83
CUST_04474,2024-03-01,1,1.0,0.39
CUST_04474,2025-02-01,1,1.0,0.42
CUST_04474,2025-04-01,1,0.0,0.35
CUST_04474,2025-06-01,1,0.0,0.39
CUST_04474,2025-09-01,1,0.0,0.35
CUST_04474,2025-11-01,1,0.0,0.39
CUST_04475,2024-12-01,1,0.0,0.35
CUST_04475,2025-07-01,1,1.0,0.42
CUST_04477,2024-12-01,1,1.0,0.35
CUST_04477,2025-01-01,1,0.0,0.39
CUST_04477,2025-05-01,1,0.0,0.35
CUST_04477,2025-06-01,1,0.0,0.35
CUST_04477,2025-08-01,1,1.0,0.35
CUST_04478,2025-12-01,1,0.0,0.83
CUST_04479,2024-12-01,1,0.0,0.35
CUST_04479,2025-04-01,1,1.0,0.35
CUST_04480,2025-09-01,2,0.0,0.37
CUST_04480,2025-10-01,1,0.0,0.35
CUST_04481,2025-05-01,1,0.0,0.55
CUST_04481,2025-08-01,1,0.0,0.61
CUST_04481,2025-09-01,1,0.0,0.55
CUST_04481,2025-10-01,2,0.0,0.605
CUST_04482,2024-11-01,1,1.0,0.83
CUST_04482,2025-02-01,1,1.0,0.75
CUST_04482,2025-04-01,1,1.0,0.75
CUST_04482,2025-08-01,1,1.0,0.83
CUST_04482,2025-10-01,1,1.0,0.75
CUST_04483,2025-12-01,1,1.0,0.9
CUST_04485,2025-10-01,1,0.0,0.35
CUST_04486,2025-04-01,1,0.0,0.61
CUST_04489,2025-09-01,2,0.5,0.35
CUST_04489,2025-11-01,2,0.5,0.385
CUST_04489,2025-12-01,1,1.0,0.35
CUST_04491,2025-01-01,1,1.0,0.75
CUST_04491,2025-05-01,1,1.0,0.75
CUST_04491,2025-11-01,1,1.0,0.75
CUST_04491,2025-12-01,1,1.0,0.9
CUST_04492,2025-03-01,1,1.0,0.55
CUST_04492,2025-05-01,3,0.6666666666666666,0.59
CUST_04492,2025-08-01,1,1.0,0.61
CUST_04493,2025-08-01,1,0.0,0.39
CUST_04494,2025-03-01,1,1.0,0.55
CUST_04494,2025-09-01,1,1.0,0.61
CUST_04495,2024-10-01,1,0.0,0.35
CUST_04495,2025-11-01,1,1.0,0.42
CUST_04496,2025-06-01,1,0.0,0.35
CUST_04496,2025-07-01,1,0.0,0.39
CUST_04496,2025-12-01,1,0.0,0.42
CUST_04498,2025-08-01,1,0.0,0.35
CUST_04499,2024-05-01,1,0.0,0.35
CUST_04499,2024-06-01,1,0.0,0.39
CUST_04499,2025-02-01,1,0.0,0.35
CUST_04499,2025-06-01,1,0.0,0.35
CUST_04499,2025-11-01,1,0.0,0.35
CUST_04501,2024-12-01,1,0.0,0.75
CUST_04501,2025-03-01,1,0.0,0.83
CUST_04501,2025-08-01,1,1.0,0.83
CUST_04501,2025-09-01,1,1.0,0.75
CUST_04501,2025-11-01,1,1.0,0.75
CUST_04502,2025-07-01,1,0.0,0.75
CUST_04502,2025-10-01,1,1.0,0.75
CUST_04503,2025-12-01,3,0.6666666666666666,0.8266666666666667
CUST_04504,2024-10-01,1,1.0,0.61
CUST_04504,2024-11-01,3,1.0,0.59
CUST_04504,2025-03-01,1,0.0,0.61
CUST_04504,2025-07-01,1,1.0,0.55
CUST_04504,2025-11-01,1,1.0,0.55
CUST_04506,2025-08-01,1,1.0,0.75
CUST_04506,2025-10-01,1,0.0,0.9
CUST_04506,2025-12-01,1,0.0,0.75
CUST_04507,2024-12-01,3,1.0,0.8266666666666667
CUST_04507,2025-05-01,1,1.0,0.9
CUST_04507,2025-08-01,1,1.0,0.75
CUST_04507,2025-09-01,1,0.0,0.75
CUST_04507,2025-11-01,2,0.5,0.79
CUST_04508,2025-07-01,1,1.0,0.39
CUST_04508,2025-09-01,1,0.0,0.42
CUST_04508,2025-11-01,1,1.0,0.39
CUST_04508,2025-12-01,1,1.0,0.35
CUST_04509,2025-06-01,1,0.0,0.35
CUST_04509,2025-09-01,1,0.0,0.39
CUST_04510,2024-12-01,1,1.0,0.55
CUST_04510,2025-02-01,1,1.0,0.55
CUST_04510,2025-09-01,1,0.0,0.55
CUST_04510,2025-12-01,1,1.0,0.55
CUST_04511,2025-04-01,1,0.0,0.75
CUST_04511,2025-07-01,1,1.0,0.9
CUST_04511,2025-08-01,2,1.0,0.75
CUST_04511,2025-10-01,1,1.0,0.75
CUST_04512,2025-03-01,1,1.0,0.39
CUST_04512,2025-04-01,1,0.0,0.35
CUST_04513,2025-02-01,1,0.0,0.75
CUST_04513,2025-04-01,1,0.0,0.75
CUST_04513,2025-07-01,1,1.0,0.75
CUST_04513,2025-08-01,3,0.0,0.7766666666666667
CUST_04513,2025-09-01,1,1.0,0.83
CUST_04513,2025-11-01,1,1.0,0.75
CUST_04514,2024-10-01,1,1.0,0.35
CUST_04514,2025-04-01,1,0.0,0.35
CUST_04514,2025-08-01,1,1.0,0.35
CUST_04515,2025-01-01,1,1.0,0.75
CUST_04515,2025-04-01,1,1.0,0.75
CUST_04515,2025-05-01,1,1.0,0.75
CUST_04515,2025-06-01,1,0.0,0.75
CUST_04515,2025-08-01,1,1.0,0.75
CUST_04515,2025-09-01,1,1.0,0.83
CUST_04515,2025-11-01,1,1.0,0.9
CUST_04515,2025-12-01,1,1.0,0.83
CUST_04516,2025-08-01,2,0.5,0.35
CUST_04517,2025-02-01,1,1.0,0.35
CUST_04517,2025-05-01,1,0.0,0.35
CUST_04517,2025-10-01,2,0.0,0.385
CUST_04517,2025-12-01,1,0.0,0.39
CUST_04518,2025-03-01,1,1.0,0.35
CUST_04518,2025-09-01,1,1.0,0.35
CUST_04520,2024-09-01,1,0.0,0.35
CUST_04520,2024-11-01,1,0.0,0.35
CUST_04520,2025-01-01,1,0.0,0.35
CUST_04520,2025-05-01,1,1.0,0.35
CUST_04520,2025-10-01,1,0.0,0.35
CUST_04520,2025-11-01,1,0.0,0.35
CUST_04521,2024-12-01,1,0.0,0.42
CUST_04521,2025-04-01,1,1.0,0.35
CUST_04521,2025-09-01,1,0.0,0.39
CUST_04521,2025-11-01,1,1.0,0.35
CUST_04522,2024-02-01,1,0.0,0.35
CUST_04522,2024-09-01,1,0.0,0.35
CUST_04522,2024-10-01,1,0.0,0.35
CUST_04522,2025-11-01,1,0.0,0.42
CUST_04523,2025-09-01,1,0.0,0.55
CUST_04523,2025-10-01,1,0.0,0.61
CUST_04524,2024-07-01,1,0.0,0.55
CUST_04524,2024-10-01,1,0.0,0.55
CUST_04524,2024-11-01,1,1.0,0.55
CUST_04524,2025-06-01,1,1.0,0.55
CUST_04524,2025-10-01,1,0.0,0.55
CUST_04526,2024-11-01,1,1.0,0.61
CUST_04526,2024-12-01,1,0.0,0.61
CUST_04526,2025-02-01,1,0.0,0.61
CUST_04526,2025-04-01,1,1.0,0.66
CUST_04526,2025-05-01,1,1.0,0.55
CUST_04526,2025-10-01,1,0.0,0.55
CUST_04526,2025-12-01,2,1.0,0.55
CUST_04527,2024-03-01,1,0.0,0.35
CUST_04527,2024-05-01,1,1.0,0.39
CUST_04527,2024-09-01,1,0.0,0.35
CUST_04527,2024-10-01,1,0.0,0.42
CUST_04527,2025-03-01,1,1.0,0.35
CUST_04528,2024-07-01,1,0.0,0.35
CUST_04528,2025-12-01,1,1.0,0.35
CUST_04529,2024-09-01,1,1.0,0.35
CUST_04529,2024-10-01,1,0.0,0.39
CUST_04529,2025-07-01,1,0.0,0.39
CUST_04530,2025-01-01,2,1.0,0.83
CUST_04530,2025-03-01,1,1.0,0.75
CUST_04530,2025-07-01,1,1.0,0.75
CUST_04530,2025-10-01,1,1.0,0.83
CUST_04531,2024-06-01,1,0.0,0.35
CUST_04531,2024-09-01,1,0.0,0.35
CUST_04531,2024-10-01,1,1.0,0.39
CUST_04531,2025-03-01,1,0.0,0.39
CUST_04531,2025-12-01,2,1.0,0.35
CUST_04532,2024-06-01,1,0.0,0.55
CUST_04532,2024-09-01,1,0.0,0.66
CUST_04532,2024-10-01,2,0.0,0.55
CUST_04532,2025-02-01,1,0.0,0.55
CUST_04532,2025-03-01,2,0.5,0.55
CUST_04532,2025-04-01,1,1.0,0.55
CUST_04532,2025-06-01,1,0.0,0.61
CUST_04532,2025-08-01,2,0.5,0.55
CUST_04533,2024-06-01,1,1.0,0.55
CUST_04533,2024-11-01,1,0.0,0.66
CUST_04533,2025-04-01,1,1.0,0.55
CUST_04533,2025-06-01,1,1.0,0.55
CUST_04533,2025-12-01,1,0.0,0.61
CUST_04534,2025-01-01,1,1.0,0.35
CUST_04535,2025-11-01,1,1.0,0.35
CUST_04536,2024-07-01,1,1.0,0.75
CUST_04536,2025-02-01,1,1.0,0.83
CUST_04536,2025-04-01,1,0.0,0.75
CUST_04536,2025-10-01,3,1.0,0.75
CUST_04537,2025-09-01,1,1.0,0.39
CUST_04539,2025-08-01,1,1.0,0.75
CUST_04539,2025-09-01,1,1.0,0.75
CUST_04539,2025-12-01,2,0.5,0.75
CUST_04540,2025-12-01,1,0.0,0.39
CUST_04541,2025-05-01,1,0.0,0.66
CUST_04541,2025-06-01,1,1.0,0.55
CUST_04541,2025-08-01,1,0.0,0.55
CUST_04542,2024-10-01,2,0.5,0.83
CUST_04542,2025-03-01,1,0.0,0.75
CUST_04542,2025-04-01,1,1.0,0.75
CUST_04542,2025-05-01,1,1.0,0.83
CUST_04542,2025-06-01,1,0.0,0.75
CUST_04542,2025-11-01,1,0.0,0.75
CUST_04542,2025-12-01,1,1.0,0.75
CUST_04544,2024-11-01,2,1.0,0.75
CUST_04544,2025-03-01,2,0.5,0.825
CUST_04544,2025-06-01,1,0.0,0.75
CUST_04544,2025-07-01,1,1.0,0.75
CUST_04544,2025-09-01,3,0.6666666666666666,0.75
CUST_04544,2025-12-01,1,1.0,0.83
CUST_04545,2025-11-01,2,0.5,0.635
CUST_04547,2024-06-01,1,0.0,0.75
CUST_04547,2024-07-01,1,1.0,0.9
CUST_04547,2024-12-01,1,1.0,0.83
CUST_04547,2025-02-01,1,0.0,0.75
CUST_04547,2025-03-01,2,1.0,0.9
CUST_04548,2025-05-01,1,0.0,0.55
CUST_04548,2025-08-01,1,1.0,0.61
CUST_04548,2025-09-01,2,0.0,0.55
CUST_04548,2025-11-01,1,0.0,0.55
CUST_04548,2025-12-01,1,1.0,0.55
CUST_04550,2024-07-01,1,0.0,0.75
CUST_04550,2024-12-01,1,1.0,0.83
CUST_04550,2025-03-01,1,0.0,0.75
CUST_04550,2025-10-01,1,0.0,0.75
CUST_04550,2025-11-01,1,1.0,0.9
CUST_04550,2025-12-01,1,1.0,0.9
CUST_04551,2024-10-01,1,1.0,0.35
CUST_04551,2024-12-01,1,0.0,0.35
CUST_04551,2025-04-01,1,0.0,0.39
CUST_04554,2025-12-01,3,0.6666666666666666,0.7766666666666667
CUST_04555,2025-03-01,1,0.0,0.55
CUST_04555,2025-09-01,1,1.0,0.55
CUST_04556,2025-07-01,1,0.0,0.35
CUST_04556,2025-08-01,1,1.0,0.35
CUST_04556,2025-11-01,1,0.0,0.35
CUST_04558,2025-07-01,1,0.0,0.42
CUST_04561,2025-09-01,2,0.5,0.37
CUST_04562,2025-03-01,1,1.0,0.35
CUST_04562,2025-06-01,1,0.0,0.35
CUST_04562,2025-07-01,1,0.0,0.35
CUST_04562,2025-08-01,1,0.0,0.39
CUST_04562,2025-09-01,1,0.0,0.39
CUST_04562,2025-11-01,1,0.0,0.35
CUST_04563,2025-05-01,1,0.0,0.42
CUST_04563,2025-10-01,1,0.0,0.35
CUST_04564,2025-09-01,1,1.0,0.55
CUST_04565,2025-09-01,1,1.0,0.55
CUST_04566,2024-04-01,1,1.0,0.35
CUST_04566,2024-06-01,1,0.0,0.35
CUST_04566,2024-07-01,1,0.0,0.35
CUST_04566,2025-06-01,1,0.0,0.35
CUST_04568,2024-12-01,1,1.0,0.35
CUST_04568,2025-02-01,1,1.0,0.35
CUST_04568,2025-07-01,1,1.0,0.35
CUST_04569,2025-09-01,1,0.0,0.55
CUST_04571,2025-11-01,1,1.0,0.35
CUST_04572,2025-05-01,1,0.0,0.55
CUST_04572,2025-08-01,1,1.0,0.55
CUST_04573,2025-05-01,1,0.0,0.35
CUST_04573,2025-08-01,1,0.0,0.35
CUST_04573,2025-11-01,1,1.0,0.39
CUST_04574,2025-04-01,2,0.5,0.55
CUST_04574,2025-06-01,1,1.0,0.55
CUST_04574,2025-09-01,1,0.0,0.55
CUST_04574,2025-10-01,1,1.0,0.66
CUST_04574,2025-12-01,1,1.0,0.61
CUST_04575,2024-06-01,1,0.0,0.55
CUST_04575,2025-01-01,1,1.0,0.55
CUST_04575,2025-07-01,1,1.0,0.55
CUST_04575,2025-10-01,1,0.0,0.55
CUST_04575,2025-11-01,1,0.0,0.55
CUST_04575,2025-12-01,2,0.0,0.635
CUST_04576,2024-09-01,1,0.0,0.35
CUST_04576,2024-10-01,1,0.0,0.39
CUST_04577,2024-11-01,1,1.0,0.75
CUST_04577,2024-12-01,2,1.0,0.75
CUST_04577,2025-02-01,1,1.0,0.83
CUST_04577,2025-07-01,1,1.0,0.75
CUST_04578,2024-05-01,1,0.0,0.35
CUST_04578,2024-12-01,1,0.0,0.39
CUST_04578,2025-03-01,1,0.0,0.39
CUST_04578,2025-05-01,2,0.0,0.35
CUST_04578,2025-08-01,1,0.0,0.35
CUST_04578,2025-10-01,1,1.0,0.35
CUST_04579,2025-05-01,1,1.0,0.83
CUST_04579,2025-08-01,1,0.0,0.75
CUST_04579,2025-10-01,1,1.0,0.75
CUST_04579,2025-11-01,1,1.0,0.9
CUST_04579,2025-12-01,1,1.0,0.75
CUST_04580,2025-01-01,1,0.0,0.39
CUST_04580,2025-10-01,1,0.0,0.42
CUST_04580,2025-11-01,1,0.0,0.35
CUST_04581,2025-07-01,1,0.0,0.39
CUST_04582,2025-12-01,2,0.5,0.825
CUST_04583,2024-12-01,1,0.0,0.35
CUST_04583,2025-01-01,1,1.0,0.42
CUST_04583,2025-04-01,1,0.0,0.35
CUST_04584,2024-07-01,1,1.0,0.35
CUST_04584,2024-09-01,1,0.0,0.35
CUST_04586,2024-04-01,1,0.0,0.55
CUST_04586,2025-03-01,1,0.0,0.55
CUST_04586,2025-10-01,1,1.0,0.55
CUST_04587,2024-03-01,1,0.0,0.35
CUST_04587,2024-08-01,1,0.0,0.35
CUST_04587,2025-07-01,1,0.0,0.35
CUST_04588,2024-10-01,1,0.0,0.35
CUST_04588,2024-12-01,1,1.0,0.35
CUST_04589,2024-07-01,1,1.0,0.55
CUST_04589,2024-11-01,1,1.0,0.55
CUST_04589,2025-02-01,1,1.0,0.55
CUST_04589,2025-04-01,1,0.0,0.55
CUST_04589,2025-08-01,2,0.5,0.55
CUST_04589,2025-09-01,1,0.0,0.55
CUST_04589,2025-11-01,2,0.5,0.55
CUST_04589,2025-12-01,1,0.0,0.55
CUST_04590,2025-01-01,1,1.0,0.66
CUST_04590,2025-07-01,1,0.0,0.55
CUST_04590,2025-10-01,1,1.0,0.61
CUST_04590,2025-12-01,1,1.0,0.66
CUST_04591,2024-08-01,1,0.0,0.35
CUST_04591,2025-02-01,1,1.0,0.39
CUST_04593,2024-10-01,1,0.0,0.39
CUST_04593,2025-03-01,1,1.0,0.35
CUST_04593,2025-12-01,1,0.0,0.35
CUST_04595,2024-11-01,1,0.0,0.35
CUST_04595,2025-03-01,1,1.0,0.35
CUST_04596,2025-04-01,1,1.0,0.61
CUST_04596,2025-07-01,2,0.5,0.55
CUST_04596,2025-11-01,1,0.0,0.66
CUST_04596,2025-12-01,1,1.0,0.55
CUST_04597,2024-12-01,1,1.0,0.39
CUST_04597,2025-01-01,1,1.0,0.39
CUST_04597,2025-08-01,1,1.0,0.35
CUST_04598,2025-08-01,1,1.0,0.39
CUST_04599,2025-07-01,1,1.0,0.39
CUST_04599,2025-10-01,1,1.0,0.35
CUST_04599,2025-12-01,1,1.0,0.35
CUST_04600,2025-08-01,1,0.0,0.35
CUST_04600,2025-09-01,1,0.0,0.35
CUST_04601,2025-08-01,1,0.0,0.39
CUST_04601,2025-10-01,1,1.0,0.39
CUST_04602,2025-07-01,1,0.0,0.61
CUST_04602,2025-08-01,1,0.0,0.55
CUST_04602,2025-12-01,1,1.0,0.61
CUST_04603,2024-06-01,1,0.0,0.39
CUST_04603,2025-10-01,1,0.0,0.39
CUST_04605,2025-01-01,1,1.0,0.83
CUST_04605,2025-03-01,1,1.0,0.83
CUST_04605,2025-04-01,1,1.0,0.83
CUST_04605,2025-06-01,1,1.0,0.75
CUST_04605,2025-07-01,2,1.0,0.75
CUST_04605,2025-08-01,1,1.0,0.75
CUST_04605,2025-09-01,1,0.0,0.75
CUST_04605,2025-11-01,2,1.0,0.75
CUST_04606,2024-06-01,1,0.0,0.61
CUST_04606,2024-08-01,1,1.0,0.55
CUST_04606,2024-11-01,1,0.0,0.55
CUST_04606,2025-03-01,1,1.0,0.55
CUST_04606,2025-04-01,1,1.0,0.55
CUST_04606,2025-07-01,1,1.0,0.55
CUST_04606,2025-10-01,1,0.0,0.55
CUST_04607,2024-06-01,1,1.0,0.35
CUST_04607,2025-04-01,1,1.0,0.35
CUST_04607,2025-08-01,1,0.0,0.35
CUST_04607,2025-09-01,1,0.0,0.35
CUST_04608,2025-09-01,1,0.0,0.35
CUST_04609,2025-07-01,1,0.0,0.55
CUST_04610,2025-07-01,1,1.0,0.35
CUST_04610,2025-11-01,1,0.0,0.35
CUST_04611,2024-09-01,1,0.0,0.55
CUST_04611,2025-01-01,1,1.0,0.55
CUST_04611,2025-02-01,1,1.0,0.61
CUST_04611,2025-07-01,1,1.0,0.55
CUST_04611,2025-08-01,1,0.0,0.55
CUST_04611,2025-11-01,1,1.0,0.61
CUST_04611,2025-12-01,1,1.0,0.55
CUST_04612,2025-03-01,1,1.0,0.55
CUST_04612,2025-05-01,1,0.0,0.55
CUST_04612,2025-07-01,2,0.5,0.5800000000000001
CUST_04612,2025-09-01,1,1.0,0.55
CUST_04613,2025-12-01,1,0.0,0.35
CUST_04614,2024-09-01,1,0.0,0.55
CUST_04614,2024-11-01,1,1.0,0.55
CUST_04614,2024-12-01,1,1.0,0.55
CUST_04614,2025-02-01,1,0.0,0.61
CUST_04615,2025-08-01,2,0.5,0.55
CUST_04617,2025-05-01,1,0.0,0.35
CUST_04617,2025-06-01,1,0.0,0.35
CUST_04619,2025-12-01,1,0.0,0.42
CUST_04620,2025-11-01,1,0.0,0.39
CUST_04621,2025-04-01,1,1.0,0.35
CUST_04621,2025-11-01,1,0.0,0.35
CUST_04622,2024-05-01,1,0.0,0.39
CUST_04622,2024-06-01,1,1.0,0.35
CUST_04622,2024-11-01,1,0.0,0.35
CUST_04622,2025-05-01,1,1.0,0.39
CUST_04622,2025-10-01,1,0.0,0.35
CUST_04622,2025-11-01,1,1.0,0.39
CUST_04623,2025-03-01,2,0.5,0.39
CUST_04623,2025-07-01,2,0.5,0.35
CUST_04624,2025-11-01,1,1.0,0.35
CUST_04625,2025-01-01,1,0.0,0.55
CUST_04625,2025-02-01,1,0.0,0.55
CUST_04625,2025-09-01,1,1.0,0.61
CUST_04625,2025-10-01,1,1.0,0.66
CUST_04625,2025-11-01,1,0.0,0.61
CUST_04625,2025-12-01,1,1.0,0.61
CUST_04626,2025-04-01,1,1.0,0.83
CUST_04626,2025-06-01,1,1.0,0.83
CUST_04626,2025-08-01,1,1.0,0.83
CUST_04626,2025-10-01,2,0.5,0.79
CUST_04626,2025-11-01,1,1.0,0.75
CUST_04626,2025-12-01,1,1.0,0.9
CUST_04627,2024-10-01,1,0.0,0.35
CUST_04627,2025-11-01,1,0.0,0.35
CUST_04628,2025-01-01,1,0.0,0.35
CUST_04628,2025-12-01,1,1.0,0.35
CUST_04629,2025-10-01,2,1.0,0.75
CUST_04629,2025-12-01,1,1.0,0.75
CUST_04630,2024-09-01,3,0.6666666666666666,0.3733333333333333
CUST_04630,2024-10-01,1,0.0,0.35
CUST_04630,2025-01-01,1,1.0,0.39
CUST_04630,2025-02-01,2,0.5,0.35
CUST_04630,2025-06-01,1,0.0,0.35
CUST_04630,2025-07-01,1,0.0,0.35
CUST_04630,2025-08-01,1,0.0,0.35
CUST_04630,2025-10-01,1,1.0,0.42
CUST_04630,2025-11-01,1,0.0,0.42
CUST_04631,2025-02-01,1,1.0,0.55
CUST_04631,2025-11-01,1,1.0,0.61
CUST_04632,2025-12-01,1,0.0,0.39
CUST_04633,2025-08-01,1,0.0,0.35
CUST_04634,2025-01-01,1,0.0,0.42
CUST_04634,2025-09-01,1,0.0,0.35
CUST_04635,2025-11-01,1,0.0,0.35
CUST_04635,2025-12-01,1,0.0,0.35
CUST_04636,2025-06-01,1,0.0,0.35
CUST_04636,2025-12-01,1,1.0,0.35
CUST_04637,2025-05-01,1,0.0,0.35
CUST_04637,2025-08-01,1,0.0,0.35
CUST_04637,2025-09-01,1,0.0,0.35
CUST_04637,2025-10-01,1,0.0,0.39
CUST_04640,2025-09-01,2,1.0,0.75
CUST_04640,2025-11-01,1,1.0,0.75
CUST_04641,2024-10-01,1,0.0,0.39
CUST_04641,2024-11-01,2,0.0,0.35
CUST_04641,2025-05-01,1,0.0,0.35
CUST_04641,2025-07-01,1,1.0,0.39
CUST_04641,2025-08-01,1,0.0,0.35
CUST_04642,2024-11-01,1,0.0,0.35
CUST_04642,2025-04-01,1,0.0,0.35
CUST_04642,2025-10-01,1,0.0,0.35
CUST_04642,2025-12-01,1,1.0,0.35
CUST_04643,2024-09-01,1,0.0,0.42
CUST_04643,2025-05-01,1,1.0,0.35
CUST_04643,2025-11-01,1,0.0,0.35
CUST_04644,2025-04-01,1,0.0,0.35
CUST_04645,2024-07-01,1,0.0,0.35
CUST_04645,2025-03-01,1,0.0,0.35
CUST_04645,2025-09-01,1,0.0,0.35
CUST_04646,2025-06-01,1,1.0,0.35
CUST_04646,2025-12-01,1,0.0,0.35
CUST_04647,2025-03-01,1,0.0,0.55
CUST_04647,2025-09-01,1,0.0,0.61
CUST_04647,2025-10-01,1,1.0,0.66
CUST_04647,2025-12-01,1,0.0,0.66
CUST_04648,2025-12-01,1,1.0,0.35
CUST_04649,2024-08-01,1,1.0,0.35
CUST_04649,2024-10-01,2,0.5,0.35
CUST_04650,2024-07-01,1,0.0,0.55
CUST_04650,2024-10-01,1,1.0,0.61
CUST_04650,2025-02-01,1,1.0,0.66
CUST_04650,2025-07-01,2,0.0,0.605
CUST_04650,2025-10-01,2,1.0,0.5800000000000001
CUST_04651,2025-07-01,2,0.5,0.35
CUST_04651,2025-08-01,1,0.0,0.35
CUST_04652,2025-05-01,1,1.0,0.75
CUST_04652,2025-06-01,1,1.0,0.75
CUST_04652,2025-08-01,1,1.0,0.75
CUST_04652,2025-09-01,1,1.0,0.83
CUST_04652,2025-10-01,1,1.0,0.75
CUST_04653,2024-02-01,2,0.5,0.55
CUST_04653,2024-04-01,1,1.0,0.55
CUST_04653,2024-07-01,1,1.0,0.61
CUST_04653,2024-08-01,1,1.0,0.61
CUST_04653,2024-11-01,1,1.0,0.55
CUST_04653,2025-03-01,1,1.0,0.55
CUST_04653,2025-07-01,1,0.0,0.61
CUST_04654,2025-04-01,1,0.0,0.35
CUST_04654,2025-07-01,1,0.0,0.35
CUST_04654,2025-08-01,1,1.0,0.35
CUST_04654,2025-09-01,1,1.0,0.42
CUST_04655,2025-01-01,1,0.0,0.35
CUST_04655,2025-08-01,1,0.0,0.35
CUST_04656,2025-11-01,1,1.0,0.83
CUST_04656,2025-12-01,1,1.0,0.83
CUST_04657,2024-06-01,1,0.0,0.35
CUST_04657,2024-09-01,1,0.0,0.35
CUST_04657,2025-12-01,1,1.0,0.35
CUST_04658,2025-02-01,1,1.0,0.75
CUST_04658,2025-05-01,2,0.5,0.75
CUST_04658,2025-07-01,1,1.0,0.75
CUST_04658,2025-08-01,1,0.0,0.9
CUST_04658,2025-09-01,1,1.0,0.75
CUST_04658,2025-12-01,1,1.0,0.75
CUST_04659,2025-08-01,1,0.0,0.35
CUST_04660,2025-08-01,1,1.0,0.55
CUST_04660,2025-10-01,1,1.0,0.55
CUST_04661,2025-12-01,1,1.0,0.75
CUST_04663,2025-10-01,1,0.0,0.39
CUST_04664,2025-05-01,1,0.0,0.35
CUST_04664,2025-09-01,1,0.0,0.35
CUST_04665,2025-09-01,1,0.0,0.75
CUST_04665,2025-11-01,1,1.0,0.83
CUST_04665,2025-12-01,1,1.0,0.75
CUST_04666,2025-03-01,1,1.0,0.35
CUST_04666,2025-05-01,2,0.5,0.35
CUST_04667,2025-05-01,2,1.0,0.35
CUST_04667,2025-07-01,1,1.0,0.35
CUST_04667,2025-08-01,1,0.0,0.39
CUST_04667,2025-10-01,1,0.0,0.35
CUST_04667,2025-11-01,1,1.0,0.35
CUST_04668,2025-09-01,1,0.0,0.35
CUST_04669,2024-11-01,1,1.0,0.75
CUST_04669,2024-12-01,3,0.6666666666666666,0.7766666666666667
CUST_04669,2025-01-01,3,1.0,0.7766666666666667
CUST_04669,2025-02-01,1,1.0,0.75
CUST_04669,2025-04-01,2,1.0,0.75
CUST_04669,2025-10-01,2,0.0,0.75
CUST_04670,2025-03-01,1,1.0,0.35
CUST_04670,2025-08-01,1,0.0,0.35
CUST_04670,2025-09-01,1,0.0,0.35
CUST_04671,2025-09-01,1,0.0,0.35
CUST_04674,2024-09-01,1,1.0,0.75
CUST_04674,2024-11-01,1,1.0,0.75
CUST_04674,2024-12-01,1,1.0,0.75
CUST_04674,2025-01-01,1,1.0,0.9
CUST_04674,2025-03-01,1,1.0,0.9
CUST_04674,2025-08-01,1,1.0,0.75
CUST_04674,2025-09-01,1,1.0,0.83
CUST_04675,2024-08-01,2,0.5,0.35
CUST_04675,2025-10-01,2,0.0,0.35
CUST_04675,2025-11-01,1,0.0,0.35
CUST_04676,2025-08-01,1,1.0,0.61
CUST_04676,2025-09-01,1,0.0,0.55
CUST_04677,2025-09-01,1,0.0,0.35
CUST_04677,2025-11-01,1,0.0,0.35
CUST_04678,2025-02-01,1,0.0,0.35
CUST_04678,2025-04-01,1,1.0,0.35
CUST_04679,2025-11-01,1,0.0,0.35
CUST_04680,2025-07-01,1,1.0,0.39
CUST_04680,2025-09-01,1,0.0,0.42
CUST_04681,2024-11-01,1,0.0,0.55
CUST_04681,2025-04-01,1,0.0,0.55
CUST_04681,2025-05-01,1,1.0,0.61
CUST_04681,2025-06-01,1,0.0,0.55
CUST_04682,2025-06-01,1,0.0,0.55
CUST_04682,2025-10-01,3,1.0,0.6066666666666667
CUST_04683,2024-11-01,1,1.0,0.55
CUST_04683,2024-12-01,1,1.0,0.55
CUST_04683,2025-02-01,1,1.0,0.61
CUST_04683,2025-03-01,1,0.0,0.55
CUST_04683,2025-10-01,2,0.5,0.55
CUST_04683,2025-12-01,1,0.0,0.61
CUST_04684,2025-11-01,1,0.0,0.39
CUST_04685,2024-05-01,1,1.0,0.42
CUST_04685,2024-06-01,1,0.0,0.35
CUST_04685,2025-03-01,1,1.0,0.35
CUST_04685,2025-04-01,1,0.0,0.35
CUST_04685,2025-05-01,1,0.0,0.35
CUST_04685,2025-06-01,1,1.0,0.35
CUST_04685,2025-09-01,2,0.0,0.37
CUST_04686,2025-03-01,1,1.0,0.35
CUST_04686,2025-07-01,1,0.0,0.42
CUST_04686,2025-08-01,1,0.0,0.39
CUST_04686,2025-12-01,1,1.0,0.35
CUST_04688,2025-10-01,1,1.0,0.66
CUST_04689,2024-12-01,1,0.0,0.83
CUST_04689,2025-01-01,1,1.0,0.83
CUST_04689,2025-02-01,1,1.0,0.9
CUST_04689,2025-03-01,2,1.0,0.79
CUST_04689,2025-09-01,1,1.0,0.75
CUST_04689,2025-10-01,1,0.0,0.75
CUST_04689,2025-11-01,2,0.5,0.75
CUST_04691,2025-08-01,1,1.0,0.35
CUST_04691,2025-09-01,1,0.0,0.35
CUST_04691,2025-11-01,1,1.0,0.35
CUST_04692,2024-06-01,1,0.0,0.35
CUST_04692,2024-10-01,2,0.0,0.35
CUST_04692,2025-05-01,1,0.0,0.35
CUST_04692,2025-08-01,1,1.0,0.39
CUST_04692,2025-10-01,1,0.0,0.35
CUST_04693,2025-05-01,1,1.0,0.35
CUST_04693,2025-09-01,2,0.5,0.39
CUST_04694,2024-09-01,1,0.0,0.42
CUST_04694,2025-03-01,1,1.0,0.35
CUST_04694,2025-05-01,2,0.0,0.35
CUST_04695,2024-10-01,1,0.0,0.35
CUST_04695,2025-06-01,1,0.0,0.35
CUST_04695,2025-12-01,1,0.0,0.35
CUST_04696,2025-03-01,1,1.0,0.61
CUST_04696,2025-04-01,1,1.0,0.61
CUST_04696,2025-05-01,1,1.0,0.66
CUST_04696,2025-06-01,1,0.0,0.61
CUST_04696,2025-08-01,1,1.0,0.55
CUST_04696,2025-10-01,1,0.0,0.55
CUST_04696,2025-12-01,1,1.0,0.61
CUST_04697,2024-04-01,1,1.0,0.55
CUST_04697,2024-12-01,2,0.0,0.5800000000000001
CUST_04697,2025-01-01,1,0.0,0.66
CUST_04697,2025-04-01,1,1.0,0.55
CUST_04697,2025-05-01,1,1.0,0.55
CUST_04697,2025-09-01,1,1.0,0.61
CUST_04697,2025-12-01,2,0.5,0.635
CUST_04698,2025-02-01,1,1.0,0.83
CUST_04698,2025-03-01,1,1.0,0.75
CUST_04698,2025-04-01,1,1.0,0.75
CUST_04698,2025-05-01,1,1.0,0.75
CUST_04698,2025-10-01,1,1.0,0.75
CUST_04699,2025-03-01,1,1.0,0.39
CUST_04699,2025-05-01,1,1.0,0.35
CUST_04699,2025-11-01,1,0.0,0.35
CUST_04699,2025-12-01,1,0.0,0.35
CUST_04700,2025-06-01,1,1.0,0.35
CUST_04700,2025-10-01,1,0.0,0.35
CUST_04701,2025-08-01,1,0.0,0.39
CUST_04702,2025-01-01,1,1.0,0.75
CUST_04702,2025-02-01,1,0.0,0.83
CUST_04702,2025-04-01,1,1.0,0.75
CUST_04702,2025-05-01,1,1.0,0.75
CUST_04702,2025-06-01,2,0.0,0.825
CUST_04702,2025-07-01,2,1.0,0.79
CUST_04702,2025-09-01,1,0.0,0.75
CUST_04702,2025-11-01,2,1.0,0.75
CUST_04703,2024-02-01,1,0.0,0.55
CUST_04703,2024-05-01,2,1.0,0.5800000000000001
CUST_04703,2024-12-01,1,0.0,0.66
CUST_04703,2025-02-01,2,0.0,0.635
CUST_04703,2025-07-01,1,1.0,0.61
CUST_04703,2025-08-01,1,1.0,0.55
CUST_04704,2025-01-01,1,0.0,0.35
CUST_04704,2025-05-01,1,0.0,0.35
CUST_04705,2025-06-01,1,1.0,0.66
CUST_04705,2025-07-01,1,0.0,0.61
CUST_04705,2025-09-01,1,1.0,0.61
CUST_04706,2024-07-01,1,0.0,0.35
CUST_04706,2024-09-01,1,1.0,0.39
CUST_04706,2024-10-01,1,0.0,0.35
CUST_04706,2024-11-01,1,1.0,0.35
CUST_04706,2024-12-01,1,1.0,0.35
CUST_04706,2025-07-01,1,1.0,0.42
CUST_04706,2025-12-01,1,0.0,0.35
CUST_04707,2025-09-01,1,0.0,0.35
CUST_04708,2024-11-01,1,0.0,0.55
CUST_04708,2024-12-01,1,1.0,0.55
CUST_04708,2025-03-01,1,1.0,0.55
CUST_04708,2025-04-01,1,1.0,0.55
CUST_04709,2025-05-01,1,0.0,0.35
CUST_04709,2025-09-01,1,0.0,0.35
CUST_04710,2025-06-01,1,0.0,0.35
CUST_04711,2025-12-01,1,0.0,0.35
CUST_04712,2024-11-01,1,1.0,0.35
CUST_04712,2024-12-01,1,0.0,0.35
CUST_04712,2025-04-01,1,0.0,0.35
CUST_04712,2025-05-01,1,0.0,0.35
CUST_04712,2025-08-01,1,1.0,0.35
CUST_04712,2025-11-01,3,0.3333333333333333,0.3633333333333333
CUST_04714,2024-04-01,2,0.5,0.35
CUST_04714,2024-06-01,1,1.0,0.35
CUST_04714,2024-09-01,1,0.0,0.35
CUST_04714,2025-07-01,1,1.0,0.35
CUST_04715,2025-11-01,3,0.6666666666666666,0.3633333333333333
CUST_04715,2025-12-01,1,0.0,0.42
CUST_04716,2024-04-01,1,1.0,0.39
CUST_04716,2024-05-01,1,0.0,0.39
CUST_04716,2025-01-01,1,1.0,0.35
CUST_04716,2025-05-01,1,1.0,0.35
CUST_04716,2025-09-01,1,0.0,0.35
CUST_04717,2025-12-01,2,0.0,0.35
CUST_04718,2025-10-01,1,0.0,0.35
CUST_04719,2025-12-01,1,0.0,0.39
CUST_04720,2025-05-01,1,1.0,0.55
CUST_04720,2025-06-01,1,1.0,0.55
CUST_04720,2025-07-01,1,1.0,0.55
CUST_04720,2025-12-01,1,0.0,0.55
CUST_04722,2024-10-01,1,0.0,0.35
CUST_04722,2025-05-01,2,0.0,0.385
CUST_04722,2025-08-01,1,0.0,0.35
CUST_04722,2025-10-01,1,1.0,0.42
CUST_04723,2024-11-01,1,0.0,0.35
CUST_04723,2025-03-01,1,1.0,0.35
CUST_04723,2025-10-01,2,0.0,0.35
CUST_04724,2025-03-01,2,0.5,0.35
CUST_04724,2025-04-01,1,0.0,0.35
CUST_04724,2025-05-01,1,1.0,0.39
CUST_04724,2025-08-01,1,1.0,0.35
CUST_04725,2024-08-01,1,1.0,0.75
CUST_04725,2024-09-01,1,1.0,0.75
CUST_04725,2024-12-01,2,0.5,0.825
CUST_04725,2025-01-01,1,1.0,0.75
CUST_04725,2025-02-01,1,1.0,0.75
CUST_04725,2025-08-01,1,0.0,0.75
CUST_04725,2025-11-01,1,1.0,0.75
CUST_04725,2025-12-01,1,1.0,0.75
CUST_04726,2025-03-01,1,1.0,0.55
CUST_04726,2025-04-01,1,0.0,0.66
CUST_04726,2025-08-01,1,1.0,0.61
CUST_04726,2025-09-01,1,1.0,0.55
CUST_04727,2025-12-01,1,1.0,0.55
CUST_04728,2024-12-01,1,1.0,0.61
CUST_04728,2025-01-01,1,1.0,0.55
CUST_04728,2025-02-01,1,1.0,0.66
CUST_04728,2025-12-01,1,1.0,0.61
CUST_04729,2025-01-01,1,0.0,0.39
CUST_04729,2025-03-01,1,1.0,0.39
CUST_04729,2025-07-01,1,0.0,0.35
CUST_04730,2024-12-01,1,1.0,0.42
CUST_04730,2025-06-01,1,1.0,0.35
CUST_04730,2025-11-01,2,0.0,0.35
CUST_04731,2025-08-01,1,0.0,0.39
CUST_04731,2025-11-01,1,0.0,0.39
CUST_04732,2025-02-01,1,1.0,0.61
CUST_04732,2025-03-01,1,1.0,0.55
CUST_04732,2025-11-01,1,1.0,0.55
CUST_04732,2025-12-01,1,1.0,0.61
CUST_04733,2025-11-01,1,1.0,0.35
CUST_04734,2025-07-01,1,0.0,0.55
CUST_04735,2025-08-01,1,0.0,0.55
CUST_04736,2025-02-01,1,0.0,0.35
CUST_04736,2025-06-01,1,0.0,0.35
CUST_04736,2025-11-01,1,0.0,0.35
CUST_04737,2024-04-01,1,1.0,0.55
CUST_04737,2024-07-01,1,0.0,0.61
CUST_04737,2024-12-01,1,1.0,0.55
CUST_04737,2025-07-01,1,0.0,0.61
CUST_04737,2025-10-01,1,0.0,0.55
CUST_04738,2025-02-01,1,0.0,0.55
CUST_04738,2025-03-01,1,0.0,0.55
CUST_04738,2025-10-01,2,0.0,0.55
CUST_04738,2025-11-01,1,0.0,0.55
CUST_04738,2025-12-01,1,0.0,0.55
CUST_04739,2024-10-01,1,0.0,0.35
CUST_04739,2024-11-01,1,0.0,0.42
CUST_04739,2024-12-01,1,0.0,0.35
CUST_04739,2025-01-01,1,1.0,0.42
CUST_04739,2025-02-01,1,0.0,0.35
CUST_04739,2025-09-01,1,0.0,0.35
CUST_04739,2025-11-01,1,0.0,0.35
CUST_04740,2025-06-01,1,0.0,0.61
CUST_04740,2025-07-01,1,1.0,0.55
CUST_04740,2025-08-01,1,0.0,0.55
CUST_04741,2025-10-01,1,1.0,0.75
CUST_04741,2025-12-01,1,0.0,0.83
CUST_04742,2025-04-01,1,0.0,0.35
CUST_04742,2025-11-01,1,1.0,0.35
CUST_04743,2024-07-01,1,0.0,0.75
CUST_04743,2024-08-01,1,1.0,0.75
CUST_04743,2024-10-01,2,1.0,0.79
CUST_04743,2024-12-01,1,1.0,0.83
CUST_04743,2025-03-01,1,1.0,0.83
CUST_04743,2025-04-01,1,1.0,0.83
CUST_04743,2025-07-01,1,1.0,0.83
CUST_04744,2024-08-01,1,1.0,0.35
CUST_04746,2025-01-01,2,0.5,0.385
CUST_04746,2025-05-01,2,0.5,0.35
CUST_04747,2025-05-01,1,0.0,0.35
CUST_04747,2025-06-01,1,0.0,0.35
CUST_04747,2025-07-01,1,0.0,0.35
CUST_04747,2025-09-01,1,0.0,0.35
CUST_04748,2025-06-01,1,1.0,0.35
CUST_04748,2025-10-01,1,1.0,0.35
CUST_04749,2025-11-01,1,1.0,0.75
CUST_04750,2024-02-01,1,1.0,0.35
CUST_04750,2024-11-01,1,0.0,0.39
CUST_04750,2025-04-01,2,0.5,0.35
CUST_04750,2025-06-01,1,1.0,0.39
CUST_04750,2025-10-01,1,1.0,0.35
CUST_04750,2025-11-01,1,0.0,0.39
CUST_04751,2024-08-01,1,0.0,0.35
CUST_04751,2025-02-01,1,1.0,0.35
CUST_04751,2025-04-01,1,1.0,0.42
CUST_04751,2025-06-01,2,0.0,0.37
CUST_04751,2025-08-01,3,0.3333333333333333,0.37666666666666665
CUST_04751,2025-11-01,1,1.0,0.35
CUST_04752,2024-07-01,2,0.5,0.385
CUST_04752,2025-03-01,1,1.0,0.35
CUST_04752,2025-04-01,1,1.0,0.35
CUST_04752,2025-09-01,1,0.0,0.35
CUST_04753,2024-09-01,1,1.0,0.66
CUST_04753,2024-10-01,2,1.0,0.605
CUST_04754,2025-12-01,1,0.0,0.35
CUST_04755,2025-11-01,1,1.0,0.35
CUST_04756,2024-12-01,2,0.5,0.35
CUST_04756,2025-02-01,1,0.0,0.35
CUST_04756,2025-03-01,2,0.0,0.405
CUST_04756,2025-07-01,1,0.0,0.35
CUST_04757,2024-12-01,1,0.0,0.42
CUST_04757,2025-02-01,1,1.0,0.39
CUST_04757,2025-03-01,1,1.0,0.35
CUST_04757,2025-09-01,3,0.3333333333333333,0.3499999999999999
CUST_04757,2025-10-01,1,0.0,0.35
CUST_04758,2025-12-01,1,0.0,0.39
CUST_04759,2025-05-01,1,0.0,0.35
CUST_04759,2025-08-01,1,1.0,0.35
CUST_04760,2024-03-01,1,0.0,0.55
CUST_04760,2024-07-01,1,0.0,0.55
CUST_04760,2024-08-01,1,0.0,0.66
CUST_04760,2025-05-01,1,1.0,0.61
CUST_04760,2025-06-01,1,1.0,0.55
CUST_04760,2025-12-01,1,0.0,0.61
CUST_04761,2024-06-01,1,1.0,0.75
CUST_04761,2024-08-01,1,1.0,0.9
CUST_04761,2024-10-01,1,1.0,0.9
CUST_04761,2025-03-01,1,1.0,0.75
CUST_04761,2025-04-01,2,1.0,0.75
CUST_04761,2025-05-01,1,0.0,0.75
CUST_04761,2025-06-01,1,0.0,0.83
CUST_04761,2025-07-01,1,0.0,0.75
CUST_04761,2025-10-01,1,1.0,0.83
CUST_04761,2025-11-01,1,1.0,0.83
CUST_04761,2025-12-01,2,0.5,0.75
CUST_04762,2025-01-01,1,1.0,0.35
CUST_04762,2025-09-01,1,1.0,0.35
CUST_04762,2025-12-01,1,0.0,0.39
CUST_04763,2025-01-01,1,1.0,0.55
CUST_04763,2025-02-01,1,0.0,0.66
CUST_04763,2025-03-01,1,1.0,0.61
CUST_04763,2025-05-01,1,0.0,0.66
CUST_04763,2025-07-01,1,1.0,0.61
CUST_04763,2025-09-01,1,1.0,0.55
CUST_04764,2024-11-01,1,1.0,0.61
CUST_04764,2024-12-01,1,1.0,0.55
CUST_04764,2025-04-01,1,1.0,0.61
CUST_04764,2025-07-01,1,0.0,0.55
CUST_04764,2025-08-01,3,0.6666666666666666,0.57
CUST_04764,2025-09-01,1,1.0,0.55
CUST_04765,2025-05-01,1,0.0,0.39
CUST_04765,2025-06-01,1,0.0,0.39
CUST_04767,2025-03-01,1,1.0,0.66
CUST_04767,2025-10-01,1,1.0,0.61
CUST_04768,2024-11-01,2,1.0,0.75
CUST_04768,2025-03-01,1,1.0,0.75
CUST_04768,2025-06-01,1,1.0,0.83
CUST_04768,2025-08-01,1,1.0,0.75
CUST_04768,2025-12-01,1,1.0,0.75
CUST_04769,2024-07-01,1,1.0,0.55
CUST_04769,2025-05-01,2,0.0,0.5800000000000001
CUST_04769,2025-09-01,1,1.0,0.61
CUST_04769,2025-10-01,1,0.0,0.61
CUST_04769,2025-12-01,2,1.0,0.5800000000000001
CUST_04771,2024-12-01,1,1.0,0.35
CUST_04771,2025-06-01,1,1.0,0.35
CUST_04772,2025-09-01,2,0.5,0.75
CUST_04772,2025-12-01,3,1.0,0.8266666666666667
CUST_04773,2025-12-01,1,0.0,0.35
CUST_04774,2025-01-01,1,1.0,0.42
CUST_04774,2025-03-01,1,0.0,0.35
CUST_04774,2025-06-01,1,1.0,0.39
CUST_04774,2025-07-01,1,0.0,0.35
CUST_04774,2025-09-01,1,0.0,0.39
CUST_04774,2025-11-01,1,0.0,0.35
CUST_04774,2025-12-01,1,0.0,0.39
CUST_04775,2025-09-01,2,0.5,0.37
CUST_04776,2025-04-01,2,1.0,0.5800000000000001
CUST_04776,2025-09-01,1,0.0,0.61
CUST_04776,2025-12-01,1,0.0,0.55
CUST_04778,2025-10-01,1,1.0,0.75
CUST_04778,2025-11-01,1,1.0,0.9
CUST_04778,2025-12-01,1,0.0,0.75
CUST_04779,2024-10-01,1,1.0,0.39
CUST_04779,2025-03-01,1,0.0,0.35
CUST_04779,2025-08-01,1,0.0,0.35
CUST_04779,2025-12-01,1,1.0,0.35
CUST_04780,2024-01-01,1,0.0,0.42
CUST_04780,2024-07-01,1,0.0,0.35
CUST_04780,2024-10-01,1,0.0,0.35
CUST_04780,2025-01-01,1,0.0,0.35
CUST_04781,2024-02-01,1,0.0,0.35
CUST_04781,2025-03-01,1,0.0,0.39
CUST_04781,2025-08-01,1,0.0,0.35
CUST_04781,2025-09-01,1,0.0,0.35
CUST_04781,2025-11-01,1,0.0,0.35
CUST_04782,2025-12-01,1,1.0,0.66
CUST_04784,2025-10-01,1,1.0,0.35
CUST_04785,2025-02-01,1,0.0,0.35
CUST_04785,2025-08-01,2,0.5,0.35
CUST_04785,2025-10-01,1,1.0,0.42
CUST_04785,2025-12-01,1,1.0,0.39
CUST_04786,2024-06-01,1,1.0,0.55
CUST_04786,2024-08-01,1,0.0,0.55
CUST_04786,2024-09-01,1,1.0,0.66
CUST_04786,2024-10-01,1,1.0,0.61
CUST_04786,2025-03-01,2,0.5,0.55
CUST_04786,2025-04-01,1,1.0,0.55
CUST_04786,2025-07-01,1,0.0,0.55
CUST_04787,2025-04-01,1,1.0,0.75
CUST_04787,2025-06-01,2,0.5,0.79
CUST_04787,2025-07-01,1,0.0,0.75
CUST_04787,2025-09-01,1,1.0,0.75
CUST_04787,2025-11-01,1,1.0,0.75
CUST_04787,2025-12-01,1,1.0,0.83
CUST_04788,2025-05-01,1,0.0,0.75
CUST_04788,2025-06-01,1,1.0,0.75
CUST_04788,2025-07-01,1,0.0,0.83
CUST_04788,2025-08-01,1,1.0,0.75
CUST_04788,2025-09-01,2,1.0,0.83
CUST_04788,2025-11-01,1,1.0,0.75
CUST_04788,2025-12-01,1,1.0,0.75
CUST_04789,2025-09-01,1,0.0,0.55
CUST_04790,2025-08-01,1,1.0,0.39
CUST_04790,2025-10-01,1,0.0,0.35
CUST_04791,2025-10-01,1,0.0,0.35
CUST_04791,2025-12-01,1,1.0,0.35
CUST_04792,2025-04-01,1,0.0,0.35
CUST_04792,2025-06-01,1,1.0,0.42
CUST_04792,2025-07-01,1,0.0,0.39
CUST_04793,2025-09-01,1,0.0,0.35
CUST_04794,2025-01-01,1,0.0,0.35
CUST_04794,2025-04-01,1,1.0,0.39
CUST_04794,2025-06-01,1,1.0,0.39
CUST_04795,2025-03-01,1,0.0,0.66
CUST_04795,2025-05-01,2,1.0,0.55
CUST_04795,2025-06-01,2,0.0,0.55
CUST_04795,2025-08-01,1,1.0,0.61
CUST_04796,2024-12-01,1,0.0,0.35
CUST_04796,2025-06-01,1,0.0,0.35
CUST_04797,2025-09-01,1,0.0,0.35
CUST_04797,2025-12-01,2,0.0,0.35
CUST_04798,2025-02-01,1,1.0,0.39
CUST_04798,2025-03-01,1,0.0,0.39
CUST_04798,2025-05-01,1,0.0,0.35
CUST_04798,2025-07-01,1,0.0,0.35
CUST_04798,2025-08-01,2,0.0,0.35
CUST_04798,2025-09-01,1,0.0,0.39
CUST_04799,2025-04-01,1,0.0,0.35
CUST_04799,2025-08-01,2,0.0,0.385
CUST_04799,2025-10-01,1,0.0,0.35
CUST_04800,2025-11-01,1,1.0,0.35
CUST_04801,2024-04-01,1,0.0,0.75
CUST_04801,2024-10-01,2,1.0,0.75
CUST_04801,2024-11-01,1,1.0,0.83
CUST_04801,2025-05-01,1,1.0,0.75
CUST_04801,2025-06-01,1,1.0,0.75
CUST_04801,2025-10-01,2,1.0,0.75
CUST_04801,2025-11-01,1,1.0,0.75
CUST_04801,2025-12-01,1,1.0,0.75
CUST_04802,2025-10-01,1,1.0,0.35
CUST_04803,2025-06-01,1,0.0,0.35
CUST_04803,2025-12-01,1,1.0,0.42
CUST_04804,2025-10-01,1,0.0,0.55
CUST_04804,2025-11-01,2,0.5,0.605
CUST_04806,2024-09-01,1,0.0,0.35
CUST_04806,2025-04-01,1,0.0,0.35
CUST_04806,2025-09-01,1,0.0,0.42
CUST_04806,2025-12-01,1,0.0,0.35
CUST_04807,2025-12-01,2,0.5,0.35
CUST_04808,2024-05-01,1,0.0,0.35
CUST_04808,2024-07-01,1,0.0,0.42
CUST_04808,2024-12-01,2,0.5,0.385
CUST_04808,2025-11-01,1,0.0,0.35
CUST_04809,2025-05-01,1,1.0,0.35
CUST_04810,2024-07-01,1,0.0,0.35
CUST_04810,2024-12-01,1,1.0,0.35
CUST_04811,2025-09-01,1,0.0,0.55
CUST_04811,2025-10-01,1,1.0,0.55
CUST_04812,2025-10-01,1,0.0,0.35
CUST_04813,2025-11-01,1,1.0,0.35
CUST_04814,2025-03-01,1,0.0,0.35
CUST_04814,2025-06-01,1,0.0,0.35
CUST_04814,2025-08-01,1,0.0,0.35
CUST_04815,2025-05-01,1,0.0,0.42
CUST_04815,2025-10-01,1,1.0,0.42
CUST_04818,2024-04-01,1,0.0,0.75
CUST_04818,2024-05-01,1,1.0,0.83
CUST_04818,2024-07-01,2,0.0,0.75
CUST_04818,2024-08-01,2,0.5,0.75
CUST_04818,2024-10-01,1,1.0,0.75
CUST_04818,2024-12-01,2,1.0,0.75
CUST_04818,2025-03-01,2,1.0,0.825
CUST_04818,2025-05-01,1,0.0,0.75
CUST_04818,2025-10-01,2,1.0,0.75
CUST_04819,2024-06-01,1,1.0,0.83
CUST_04819,2024-10-01,2,1.0,0.83
CUST_04819,2024-11-01,1,0.0,0.75
CUST_04819,2025-02-01,1,1.0,0.83
CUST_04819,2025-04-01,1,1.0,0.9
CUST_04819,2025-10-01,2,1.0,0.79
CUST_04820,2024-10-01,1,1.0,0.55
CUST_04820,2025-01-01,1,1.0,0.55
CUST_04820,2025-03-01,1,0.0,0.55
CUST_04820,2025-04-01,2,0.0,0.5800000000000001
CUST_04820,2025-08-01,1,1.0,0.61
CUST_04820,2025-12-01,1,1.0,0.61
CUST_04821,2024-11-01,1,0.0,0.35
CUST_04821,2025-07-01,1,0.0,0.39
CUST_04821,2025-08-01,1,0.0,0.35
CUST_04821,2025-11-01,1,0.0,0.35
CUST_04823,2024-06-01,1,1.0,0.83
CUST_04823,2024-07-01,3,1.0,0.83
CUST_04823,2024-09-01,1,1.0,0.75
CUST_04823,2024-10-01,1,1.0,0.75
CUST_04823,2024-12-01,1,1.0,0.75
CUST_04823,2025-01-01,1,0.0,0.75
CUST_04823,2025-07-01,1,1.0,0.75
CUST_04824,2024-10-01,2,1.0,0.635
CUST_04824,2024-12-01,1,1.0,0.55
CUST_04824,2025-01-01,1,1.0,0.55
CUST_04824,2025-04-01,1,0.0,0.66
CUST_04824,2025-06-01,1,1.0,0.55
CUST_04825,2024-02-01,1,0.0,0.61
CUST_04825,2024-09-01,1,0.0,0.61
CUST_04825,2024-10-01,1,1.0,0.55
CUST_04825,2025-06-01,1,0.0,0.66
CUST_04825,2025-07-01,1,0.0,0.55
CUST_04825,2025-12-01,1,0.0,0.55
CUST_04826,2025-05-01,1,1.0,0.35
CUST_04826,2025-08-01,2,0.0,0.37
CUST_04827,2025-07-01,1,0.0,0.42
CUST_04827,2025-08-01,1,1.0,0.35
CUST_04827,2025-10-01,1,0.0,0.35
CUST_04828,2025-11-01,1,1.0,0.75
CUST_04828,2025-12-01,1,1.0,0.75
CUST_04829,2025-10-01,2,0.0,0.37
CUST_04829,2025-12-01,1,1.0,0.35
CUST_04830,2025-10-01,1,1.0,0.55
CUST_04831,2025-07-01,1,1.0,0.39
CUST_04831,2025-10-01,1,0.0,0.35
CUST_04831,2025-11-01,1,1.0,0.35
CUST_04832,2025-01-01,1,0.0,0.35
CUST_04832,2025-03-01,1,0.0,0.35
CUST_04832,2025-04-01,1,0.0,0.35
CUST_04832,2025-05-01,1,1.0,0.39
CUST_04832,2025-07-01,1,0.0,0.35
CUST_04835,2025-06-01,1,0.0,0.35
CUST_04837,2025-09-01,1,0.0,0.75
CUST_04837,2025-12-01,1,1.0,0.75
CUST_04838,2024-10-01,1,1.0,0.35
CUST_04838,2025-01-01,1,1.0,0.35
CUST_04838,2025-06-01,1,0.0,0.35
CUST_04839,2024-11-01,1,0.0,0.55
CUST_04839,2025-02-01,1,1.0,0.55
CUST_04839,2025-03-01,1,1.0,0.55
CUST_04840,2025-03-01,1,1.0,0.75
CUST_04840,2025-04-01,1,1.0,0.75
CUST_04840,2025-05-01,1,0.0,0.75
CUST_04840,2025-07-01,1,0.0,0.75
CUST_04840,2025-08-01,1,1.0,0.83
CUST_04841,2025-11-01,2,1.0,0.35
CUST_04842,2025-03-01,1,1.0,0.55
CUST_04842,2025-04-01,2,1.0,0.55
CUST_04842,2025-06-01,1,0.0,0.55
CUST_04842,2025-11-01,1,0.0,0.55
CUST_04844,2024-03-01,1,1.0,0.35
CUST_04844,2024-04-01,1,0.0,0.42
CUST_04844,2025-06-01,1,0.0,0.35
CUST_04844,2025-10-01,1,1.0,0.35
CUST_04845,2025-11-01,1,1.0,0.75
CUST_04845,2025-12-01,1,1.0,0.75
CUST_04846,2024-06-01,1,0.0,0.35
CUST_04846,2024-07-01,1,1.0,0.39
CUST_04846,2024-11-01,1,0.0,0.35
CUST_04846,2025-01-01,1,1.0,0.35
CUST_04846,2025-02-01,1,0.0,0.35
CUST_04846,2025-05-01,1,1.0,0.42
CUST_04846,2025-06-01,1,1.0,0.35
CUST_04847,2025-08-01,1,1.0,0.35
CUST_04847,2025-11-01,1,0.0,0.42
CUST_04849,2024-04-01,1,1.0,0.55
CUST_04849,2024-12-01,2,0.5,0.605
CUST_04849,2025-01-01,1,0.0,0.55
CUST_04849,2025-02-01,1,0.0,0.61
CUST_04850,2025-10-01,3,0.3333333333333333,0.5866666666666668
CUST_04851,2024-08-01,1,0.0,0.35
CUST_04851,2024-09-01,1,1.0,0.35
CUST_04851,2024-11-01,1,0.0,0.39
CUST_04851,2025-03-01,1,0.0,0.39
CUST_04851,2025-04-01,1,0.0,0.35
CUST_04851,2025-06-01,1,1.0,0.39
CUST_04852,2024-07-01,1,1.0,0.75
CUST_04852,2025-02-01,1,0.0,0.75
CUST_04852,2025-06-01,1,0.0,0.75
CUST_04852,2025-10-01,3,1.0,0.8266666666666667
CUST_04852,2025-12-01,1,1.0,0.83
CUST_04853,2025-09-01,2,1.0,0.79
CUST_04853,2025-10-01,1,1.0,0.75
CUST_04853,2025-11-01,1,1.0,0.83
CUST_04854,2024-08-01,2,0.5,0.5800000000000001
CUST_04854,2024-11-01,1,0.0,0.55
CUST_04854,2025-03-01,1,0.0,0.55
CUST_04854,2025-07-01,1,1.0,0.55
CUST_04854,2025-09-01,1,1.0,0.61
CUST_04855,2025-08-01,1,0.0,0.55
CUST_04855,2025-10-01,1,1.0,0.55
CUST_04855,2025-11-01,1,1.0,0.55
CUST_04856,2024-03-01,1,1.0,0.35
CUST_04856,2024-10-01,1,0.0,0.35
CUST_04856,2025-01-01,1,1.0,0.35
CUST_04856,2025-04-01,2,0.5,0.35
CUST_04856,2025-05-01,3,0.3333333333333333,0.39999999999999997
CUST_04856,2025-09-01,1,0.0,0.42
CUST_04857,2025-08-01,1,1.0,0.35
CUST_04857,2025-12-01,1,0.0,0.35
CUST_04858,2025-01-01,1,0.0,0.35
CUST_04858,2025-05-01,1,1.0,0.39
CUST_04858,2025-12-01,1,0.0,0.35
CUST_04859,2025-03-01,1,1.0,0.35
CUST_04859,2025-08-01,1,0.0,0.39
CUST_04860,2025-11-01,1,0.0,0.39
CUST_04861,2025-01-01,1,0.0,0.35
CUST_04861,2025-02-01,1,1.0,0.39
CUST_04862,2025-01-01,1,0.0,0.39
CUST_04862,2025-09-01,1,0.0,0.35
CUST_04863,2024-10-01,1,1.0,0.75
CUST_04863,2024-11-01,2,1.0,0.75
CUST_04863,2025-04-01,1,0.0,0.75
CUST_04863,2025-08-01,2,1.0,0.83
CUST_04863,2025-10-01,2,1.0,0.75
CUST_04864,2024-09-01,1,0.0,0.35
CUST_04864,2025-05-01,2,0.5,0.39
CUST_04864,2025-08-01,1,0.0,0.35
CUST_04864,2025-12-01,1,0.0,0.35
CUST_04865,2024-05-01,1,0.0,0.35
CUST_04865,2024-08-01,1,0.0,0.35
CUST_04865,2024-09-01,1,1.0,0.35
CUST_04865,2025-07-01,1,0.0,0.39
CUST_04866,2024-08-01,1,1.0,0.61
CUST_04866,2024-11-01,2,1.0,0.55
CUST_04866,2025-01-01,1,0.0,0.55
CUST_04866,2025-02-01,1,0.0,0.55
CUST_04866,2025-03-01,2,1.0,0.55
CUST_04866,2025-04-01,2,0.5,0.55
CUST_04866,2025-05-01,1,0.0,0.66
CUST_04866,2025-06-01,1,1.0,0.55
CUST_04866,2025-07-01,1,1.0,0.55
CUST_04866,2025-09-01,1,1.0,0.66
CUST_04866,2025-10-01,1,0.0,0.61
CUST_04867,2025-07-01,1,1.0,0.55
CUST_04867,2025-12-01,1,1.0,0.55
CUST_04868,2025-12-01,1,0.0,0.35
CUST_04869,2024-12-01,1,0.0,0.35
CUST_04869,2025-06-01,1,0.0,0.39
CUST_04870,2024-12-01,3,0.3333333333333333,0.3499999999999999
CUST_04870,2025-07-01,1,1.0,0.42
CUST_04871,2025-07-01,2,1.0,0.79
CUST_04871,2025-08-01,1,1.0,0.75
CUST_04871,2025-10-01,1,1.0,0.75
CUST_04871,2025-12-01,1,0.0,0.75
CUST_04872,2025-11-01,1,1.0,0.55
CUST_04873,2024-05-01,1,1.0,0.42
CUST_04873,2024-06-01,1,0.0,0.35
CUST_04873,2024-07-01,1,0.0,0.35
CUST_04873,2024-12-01,1,0.0,0.35
CUST_04873,2025-10-01,1,0.0,0.39
CUST_04873,2025-11-01,1,0.0,0.35
CUST_04874,2025-02-01,1,1.0,0.35
CUST_04874,2025-03-01,1,1.0,0.35
CUST_04874,2025-10-01,1,0.0,0.35
CUST_04874,2025-12-01,1,1.0,0.35
CUST_04876,2025-01-01,1,0.0,0.42
CUST_04876,2025-04-01,1,1.0,0.42
CUST_04876,2025-05-01,1,0.0,0.35
CUST_04876,2025-06-01,1,1.0,0.35
CUST_04876,2025-07-01,1,0.0,0.35
CUST_04877,2024-10-01,2,0.5,0.55
CUST_04877,2025-01-01,1,0.0,0.55
CUST_04877,2025-03-01,2,0.0,0.605
CUST_04877,2025-09-01,1,1.0,0.61
CUST_04877,2025-12-01,1,0.0,0.55
CUST_04878,2024-07-01,1,0.0,0.39
CUST_04878,2025-03-01,1,1.0,0.35
CUST_04878,2025-11-01,1,1.0,0.39
CUST_04878,2025-12-01,1,1.0,0.42
CUST_04879,2025-05-01,2,0.0,0.35
CUST_04879,2025-10-01,1,0.0,0.42
CUST_04880,2024-08-01,1,1.0,0.35
CUST_04880,2024-10-01,1,1.0,0.42
CUST_04881,2024-10-01,1,1.0,0.42
CUST_04881,2024-12-01,1,1.0,0.35
CUST_04881,2025-07-01,1,0.0,0.39
CUST_04881,2025-08-01,1,0.0,0.35
CUST_04882,2024-08-01,1,0.0,0.55
CUST_04882,2024-09-01,1,1.0,0.55
CUST_04882,2024-10-01,2,0.5,0.5800000000000001
CUST_04882,2025-02-01,2,0.0,0.55
CUST_04882,2025-03-01,1,0.0,0.55
CUST_04882,2025-05-01,1,0.0,0.55
CUST_04882,2025-10-01,2,0.5,0.55
CUST_04882,2025-11-01,1,1.0,0.55
CUST_04884,2024-11-01,1,0.0,0.35
CUST_04884,2025-08-01,1,0.0,0.35
CUST_04884,2025-12-01,1,0.0,0.39
CUST_04885,2024-02-01,1,1.0,0.75
CUST_04885,2024-03-01,1,1.0,0.9
CUST_04885,2024-04-01,1,1.0,0.75
CUST_04885,2024-07-01,1,0.0,0.83
CUST_04885,2024-11-01,2,0.5,0.75
CUST_04885,2024-12-01,1,0.0,0.75
CUST_04885,2025-09-01,1,1.0,0.83
CUST_04886,2024-04-01,1,0.0,0.55
CUST_04886,2025-01-01,2,1.0,0.605
CUST_04886,2025-04-01,1,1.0,0.55
CUST_04886,2025-08-01,2,0.0,0.55
CUST_04886,2025-10-01,1,1.0,0.61
CUST_04886,2025-12-01,1,0.0,0.55
CUST_04887,2025-01-01,1,1.0,0.61
CUST_04887,2025-02-01,1,1.0,0.55
CUST_04887,2025-09-01,1,1.0,0.61
CUST_04887,2025-10-01,1,1.0,0.55
CUST_04887,2025-11-01,1,0.0,0.55
CUST_04887,2025-12-01,1,1.0,0.61
CUST_04888,2025-04-01,1,1.0,0.75
CUST_04888,2025-07-01,1,0.0,0.75
CUST_04888,2025-09-01,2,1.0,0.825
CUST_04888,2025-10-01,1,1.0,0.75
CUST_04888,2025-12-01,1,1.0,0.75
CUST_04889,2025-09-01,1,0.0,0.55
CUST_04889,2025-10-01,2,0.5,0.55
CUST_04889,2025-12-01,2,1.0,0.605
CUST_04890,2025-10-01,1,0.0,0.55
CUST_04890,2025-12-01,1,0.0,0.55
CUST_04891,2025-06-01,1,0.0,0.42
CUST_04891,2025-12-01,1,1.0,0.35
CUST_04892,2025-09-01,1,1.0,0.39
CUST_04892,2025-11-01,1,1.0,0.39
CUST_04893,2024-11-01,1,0.0,0.61
CUST_04893,2024-12-01,1,1.0,0.55
CUST_04893,2025-03-01,1,1.0,0.55
CUST_04893,2025-05-01,1,0.0,0.55
CUST_04893,2025-07-01,1,1.0,0.61
CUST_04893,2025-12-01,1,1.0,0.55
CUST_04894,2024-04-01,2,0.5,0.75
CUST_04894,2024-07-01,1,1.0,0.75
CUST_04894,2024-08-01,1,1.0,0.75
CUST_04894,2024-09-01,1,1.0,0.75
CUST_04894,2024-10-01,1,1.0,0.75
CUST_04894,2025-01-01,1,1.0,0.83
CUST_04894,2025-07-01,2,0.5,0.75
CUST_04894,2025-10-01,1,1.0,0.75
CUST_04894,2025-11-01,3,0.6666666666666666,0.7999999999999999
CUST_04894,2025-12-01,1,1.0,0.75
CUST_04895,2025-07-01,1,0.0,0.39
CUST_04895,2025-10-01,1,1.0,0.39
CUST_04895,2025-12-01,1,1.0,0.35
CUST_04896,2024-08-01,2,0.0,0.35
CUST_04896,2024-12-01,1,0.0,0.35
CUST_04896,2025-02-01,1,1.0,0.35
CUST_04896,2025-11-01,1,1.0,0.35
CUST_04897,2024-06-01,2,0.0,0.42
CUST_04897,2025-03-01,1,1.0,0.35
CUST_04897,2025-05-01,1,0.0,0.35
CUST_04897,2025-06-01,1,0.0,0.35
CUST_04897,2025-11-01,1,1.0,0.35
CUST_04898,2025-07-01,1,0.0,0.35
CUST_04900,2024-11-01,1,1.0,0.35
CUST_04900,2025-06-01,1,0.0,0.35
CUST_04901,2025-06-01,1,0.0,0.55
CUST_04901,2025-10-01,1,1.0,0.55
CUST_04902,2025-05-01,2,0.5,0.37
CUST_04902,2025-08-01,1,0.0,0.35
CUST_04902,2025-12-01,1,0.0,0.35
CUST_04903,2025-04-01,1,1.0,0.35
CUST_04903,2025-05-01,1,1.0,0.35
CUST_04904,2025-10-01,1,1.0,0.55
CUST_04905,2024-07-01,1,1.0,0.61
CUST_04905,2024-08-01,1,0.0,0.55
CUST_04905,2024-09-01,1,0.0,0.66
CUST_04905,2025-06-01,1,1.0,0.55
CUST_04906,2025-07-01,1,0.0,0.35
CUST_04906,2025-09-01,1,0.0,0.39
CUST_04907,2025-04-01,1,1.0,0.35
CUST_04907,2025-09-01,1,1.0,0.42
CUST_04908,2024-05-01,2,1.0,0.55
CUST_04908,2024-08-01,1,1.0,0.55
CUST_04908,2025-03-01,1,0.0,0.55
CUST_04908,2025-05-01,1,1.0,0.55
CUST_04908,2025-08-01,1,1.0,0.55
CUST_04908,2025-09-01,1,0.0,0.55
CUST_04909,2024-05-01,1,0.0,0.75
CUST_04909,2024-06-01,2,0.5,0.75
CUST_04909,2024-07-01,1,1.0,0.75
CUST_04909,2024-12-01,1,1.0,0.75
CUST_04909,2025-10-01,1,1.0,0.75
CUST_04911,2024-10-01,1,1.0,0.35
CUST_04911,2025-02-01,1,0.0,0.35
CUST_04912,2025-09-01,2,1.0,0.37
CUST_04912,2025-12-01,1,0.0,0.35
CUST_04913,2024-10-01,1,0.0,0.35
CUST_04913,2024-12-01,1,1.0,0.35
CUST_04913,2025-01-01,1,0.0,0.35
CUST_04914,2024-08-01,1,1.0,0.75
CUST_04914,2024-10-01,1,1.0,0.75
CUST_04914,2024-12-01,1,0.0,0.75
CUST_04914,2025-01-01,1,1.0,0.75
CUST_04914,2025-02-01,2,1.0,0.75
CUST_04914,2025-06-01,2,1.0,0.75
CUST_04914,2025-07-01,1,0.0,0.75
CUST_04914,2025-08-01,1,1.0,0.75
CUST_04914,2025-10-01,1,1.0,0.75
CUST_04914,2025-12-01,1,0.0,0.75
CUST_04915,2024-10-01,1,0.0,0.42
CUST_04915,2025-01-01,1,0.0,0.35
CUST_04915,2025-06-01,1,0.0,0.39
CUST_04916,2025-05-01,1,1.0,0.55
CUST_04916,2025-09-01,1,0.0,0.55
CUST_04916,2025-11-01,1,0.0,0.55
CUST_04917,2025-12-01,1,0.0,0.35
CUST_04919,2025-10-01,1,0.0,0.75
CUST_04919,2025-11-01,1,1.0,0.75
CUST_04920,2024-03-01,1,0.0,0.35
CUST_04920,2025-02-01,1,1.0,0.35
CUST_04920,2025-04-01,1,0.0,0.35
CUST_04920,2025-06-01,1,1.0,0.35
CUST_04920,2025-11-01,1,0.0,0.35
CUST_04921,2024-04-01,1,1.0,0.55
CUST_04921,2024-08-01,2,1.0,0.605
CUST_04921,2024-10-01,2,0.5,0.5800000000000001
CUST_04921,2025-10-01,2,0.0,0.55
CUST_04922,2024-07-01,1,1.0,0.39
CUST_04922,2025-01-01,2,0.5,0.35
CUST_04923,2025-12-01,1,0.0,0.35
CUST_04924,2024-12-01,2,0.0,0.35
CUST_04924,2025-08-01,1,1.0,0.35
CUST_04924,2025-12-01,1,0.0,0.35
CUST_04925,2025-08-01,2,0.0,0.37
CUST_04926,2025-02-01,1,0.0,0.35
CUST_04926,2025-08-01,2,0.5,0.35
CUST_04929,2024-05-01,1,1.0,0.42
CUST_04929,2024-06-01,1,0.0,0.39
CUST_04929,2024-07-01,1,0.0,0.39
CUST_04929,2024-12-01,1,0.0,0.39
CUST_04929,2025-12-01,1,1.0,0.35
CUST_04930,2024-02-01,1,1.0,0.75
CUST_04930,2024-05-01,3,1.0,0.7766666666666667
CUST_04930,2025-03-01,2,1.0,0.865
CUST_04930,2025-05-01,1,1.0,0.75
CUST_04930,2025-06-01,1,1.0,0.75
CUST_04931,2025-09-01,1,0.0,0.66
CUST_04931,2025-10-01,1,0.0,0.55
CUST_04931,2025-12-01,1,1.0,0.61
CUST_04932,2024-10-01,1,0.0,0.35
CUST_04932,2025-01-01,2,0.5,0.37
CUST_04934,2025-05-01,1,1.0,0.61
CUST_04934,2025-08-01,1,0.0,0.55
CUST_04934,2025-11-01,1,1.0,0.61
CUST_04935,2024-02-01,1,0.0,0.75
CUST_04935,2024-03-01,1,0.0,0.83
CUST_04935,2024-04-01,1,1.0,0.9
CUST_04935,2024-11-01,1,1.0,0.9
CUST_04935,2025-01-01,2,0.5,0.825
CUST_04935,2025-08-01,1,0.0,0.83
CUST_04935,2025-10-01,1,1.0,0.75
CUST_04936,2024-04-01,1,1.0,0.42
CUST_04936,2024-06-01,2,1.0,0.37
CUST_04936,2024-12-01,1,0.0,0.35
CUST_04936,2025-01-01,2,0.0,0.37
CUST_04936,2025-03-01,1,1.0,0.35
CUST_04936,2025-11-01,1,0.0,0.35
CUST_04936,2025-12-01,1,0.0,0.35
CUST_04937,2024-08-01,1,1.0,0.35
CUST_04937,2024-11-01,1,0.0,0.35
CUST_04937,2025-07-01,1,1.0,0.39
CUST_04937,2025-12-01,1,1.0,0.35
CUST_04938,2024-10-01,1,0.0,0.35
CUST_04938,2025-01-01,1,0.0,0.39
CUST_04938,2025-06-01,1,1.0,0.35
CUST_04938,2025-07-01,1,0.0,0.39
CUST_04939,2024-06-01,1,1.0,0.55
CUST_04939,2024-10-01,2,0.5,0.55
CUST_04939,2025-01-01,1,0.0,0.55
CUST_04939,2025-02-01,1,1.0,0.61
CUST_04939,2025-05-01,1,0.0,0.55
CUST_04939,2025-06-01,1,1.0,0.61
CUST_04939,2025-08-01,1,1.0,0.55
CUST_04940,2024-09-01,1,0.0,0.75
CUST_04940,2024-10-01,2,1.0,0.825
CUST_04940,2025-01-01,1,1.0,0.75
CUST_04940,2025-04-01,1,1.0,0.75
CUST_04940,2025-05-01,3,1.0,0.75
CUST_04940,2025-08-01,1,1.0,0.75
CUST_04940,2025-09-01,1,1.0,0.9
CUST_04940,2025-11-01,1,1.0,0.75
CUST_04940,2025-12-01,1,1.0,0.75
CUST_04941,2025-02-01,1,1.0,0.35
CUST_04941,2025-10-01,1,0.0,0.35
CUST_04942,2025-07-01,1,0.0,0.55
CUST_04942,2025-08-01,1,1.0,0.55
CUST_04942,2025-10-01,2,0.5,0.5800000000000001
CUST_04942,2025-11-01,1,1.0,0.55
CUST_04943,2025-06-01,1,1.0,0.35
CUST_04943,2025-10-01,1,1.0,0.35
CUST_04944,2025-04-01,1,1.0,0.35
CUST_04944,2025-05-01,1,1.0,0.42
CUST_04944,2025-08-01,1,1.0,0.35
CUST_04945,2025-03-01,2,1.0,0.55
CUST_04945,2025-04-01,1,1.0,0.55
CUST_04945,2025-05-01,1,1.0,0.61
CUST_04945,2025-06-01,1,1.0,0.61
CUST_04945,2025-07-01,1,1.0,0.55
CUST_04945,2025-10-01,1,1.0,0.55
CUST_04946,2025-04-01,3,1.0,0.75
CUST_04946,2025-10-01,1,1.0,0.75
CUST_04946,2025-11-01,1,1.0,0.9
CUST_04946,2025-12-01,2,1.0,0.75
CUST_04947,2024-06-01,1,0.0,0.55
CUST_04947,2025-01-01,2,0.5,0.55
CUST_04947,2025-02-01,1,1.0,0.55
CUST_04947,2025-09-01,1,0.0,0.55
CUST_04947,2025-11-01,1,1.0,0.61
CUST_04948,2025-05-01,1,0.0,0.75
CUST_04948,2025-09-01,1,1.0,0.75
CUST_04948,2025-11-01,3,0.6666666666666666,0.75
CUST_04948,2025-12-01,1,1.0,0.83
CUST_04951,2025-09-01,1,1.0,0.39
CUST_04951,2025-12-01,1,0.0,0.35
CUST_04952,2025-05-01,1,0.0,0.55
CUST_04952,2025-08-01,1,0.0,0.55
CUST_04953,2025-02-01,1,0.0,0.75
CUST_04953,2025-03-01,1,1.0,0.75
CUST_04953,2025-04-01,2,0.5,0.75
CUST_04953,2025-05-01,1,1.0,0.75
CUST_04953,2025-09-01,1,1.0,0.75
CUST_04955,2024-10-01,1,0.0,0.35
CUST_04955,2025-11-01,1,0.0,0.42
CUST_04956,2025-09-01,1,1.0,0.35
CUST_04956,2025-12-01,1,0.0,0.35
CUST_04958,2025-01-01,1,1.0,0.55
CUST_04958,2025-02-01,1,1.0,0.61
CUST_04958,2025-06-01,1,0.0,0.55
CUST_04959,2025-02-01,1,0.0,0.55
CUST_04959,2025-03-01,1,0.0,0.55
CUST_04959,2025-07-01,1,1.0,0.61
CUST_04959,2025-10-01,2,1.0,0.605
CUST_04960,2025-06-01,1,0.0,0.39
CUST_04960,2025-08-01,1,0.0,0.35
CUST_04961,2024-04-01,1,1.0,0.75
CUST_04961,2024-06-01,1,1.0,0.9
CUST_04961,2024-08-01,1,1.0,0.75
CUST_04961,2024-09-01,1,1.0,0.75
CUST_04961,2024-10-01,1,1.0,0.75
CUST_04961,2024-11-01,1,1.0,0.75
CUST_04961,2024-12-01,1,1.0,0.75
CUST_04961,2025-03-01,1,1.0,0.9
CUST_04961,2025-11-01,1,1.0,0.75
CUST_04962,2025-10-01,1,0.0,0.55
CUST_04963,2025-06-01,1,1.0,0.75
CUST_04965,2025-08-01,2,0.0,0.5800000000000001
CUST_04966,2025-05-01,1,1.0,0.39
CUST_04966,2025-08-01,1,1.0,0.35
CUST_04966,2025-11-01,1,0.0,0.39
CUST_04967,2025-04-01,1,1.0,0.55
CUST_04967,2025-06-01,1,0.0,0.55
CUST_04967,2025-09-01,1,1.0,0.55
CUST_04967,2025-10-01,1,0.0,0.55
CUST_04969,2024-04-01,1,0.0,0.35
CUST_04969,2024-09-01,1,1.0,0.35
CUST_04969,2025-01-01,1,0.0,0.35
CUST_04969,2025-03-01,1,0.0,0.35
CUST_04969,2025-05-01,2,0.0,0.37
CUST_04969,2025-06-01,1,0.0,0.35
CUST_04969,2025-08-01,2,0.5,0.37
CUST_04969,2025-09-01,1,1.0,0.35
CUST_04970,2025-12-01,1,0.0,0.42
CUST_04971,2025-12-01,1,1.0,0.39
CUST_04972,2024-10-01,1,1.0,0.35
CUST_04972,2025-11-01,1,0.0,0.35
CUST_04972,2025-12-01,1,1.0,0.35
CUST_04974,2024-07-01,1,1.0,0.35
CUST_04974,2025-03-01,1,1.0,0.35
CUST_04974,2025-10-01,2,1.0,0.37
CUST_04975,2025-03-01,1,0.0,0.35
CUST_04975,2025-09-01,1,0.0,0.35
CUST_04975,2025-10-01,2,0.5,0.385
CUST_04977,2024-09-01,1,1.0,0.35
CUST_04977,2024-11-01,1,1.0,0.39
CUST_04977,2025-06-01,1,0.0,0.39
CUST_04977,2025-08-01,1,0.0,0.35
CUST_04979,2025-04-01,1,1.0,0.83
CUST_04979,2025-06-01,2,1.0,0.79
CUST_04979,2025-07-01,1,1.0,0.75
CUST_04979,2025-09-01,1,1.0,0.75
CUST_04980,2025-06-01,1,0.0,0.75
CUST_04980,2025-07-01,1,1.0,0.75
CUST_04980,2025-09-01,1,0.0,0.75
CUST_04980,2025-10-01,1,1.0,0.75
CUST_04980,2025-12-01,1,1.0,0.75
CUST_04981,2025-12-01,1,0.0,0.39
CUST_04982,2024-10-01,1,0.0,0.35
CUST_04982,2024-11-01,1,1.0,0.39
CUST_04982,2025-01-01,1,1.0,0.35
CUST_04982,2025-04-01,1,0.0,0.35
CUST_04982,2025-05-01,1,1.0,0.39
CUST_04983,2025-12-01,1,0.0,0.35
CUST_04984,2025-06-01,1,0.0,0.35
CUST_04986,2024-06-01,1,1.0,0.35
CUST_04986,2024-09-01,1,1.0,0.35
CUST_04986,2024-11-01,1,0.0,0.35
CUST_04986,2025-12-01,1,0.0,0.39
CUST_04987,2025-03-01,1,1.0,0.35
CUST_04987,2025-07-01,1,0.0,0.35
CUST_04988,2024-11-01,1,1.0,0.35
CUST_04988,2025-07-01,1,0.0,0.35
CUST_04988,2025-10-01,1,0.0,0.35
CUST_04989,2024-05-01,1,0.0,0.35
CUST_04989,2024-12-01,1,0.0,0.35
CUST_04989,2025-09-01,1,0.0,0.39
CUST_04991,2024-09-01,1,0.0,0.55
CUST_04991,2024-11-01,1,0.0,0.55
CUST_04991,2025-02-01,1,0.0,0.55
CUST_04991,2025-06-01,2,0.5,0.5800000000000001
CUST_04991,2025-07-01,1,1.0,0.61
CUST_04993,2025-08-01,1,0.0,0.35
CUST_04994,2024-06-01,1,1.0,0.55
CUST_04994,2024-09-01,1,0.0,0.55
CUST_04994,2024-11-01,1,0.0,0.61
CUST_04994,2025-03-01,1,0.0,0.55
CUST_04994,2025-07-01,1,0.0,0.55
CUST_04994,2025-08-01,1,0.0,0.55
CUST_04995,2025-10-01,1,1.0,0.75
CUST_04995,2025-12-01,1,0.0,0.75
CUST_04996,2025-08-01,1,0.0,0.55
CUST_04997,2024-07-01,1,1.0,0.35
CUST_04997,2024-10-01,1,1.0,0.39
CUST_04997,2025-06-01,1,1.0,0.35
CUST_04998,2025-01-01,2,0.5,0.37
CUST_04998,2025-12-01,1,1.0,0.42
CUST_04999,2025-03-01,1,1.0,0.35
CUST_04999,2025-10-01,1,0.0,0.35
CUST_04999,2025-11-01,1,0.0,0.35
